[
    {
        "end_time": "0:00:01.400000",
        "speaker_tag": 1,
        "start_time": "0:00:01",
        "word": "tell"
    },
    {
        "end_time": "0:00:01.600000",
        "speaker_tag": 1,
        "start_time": "0:00:01.400000",
        "word": "me"
    },
    {
        "end_time": "0:00:01.700000",
        "speaker_tag": 1,
        "start_time": "0:00:01.600000",
        "word": "about"
    },
    {
        "end_time": "0:00:02",
        "speaker_tag": 1,
        "start_time": "0:00:01.700000",
        "word": "a"
    },
    {
        "end_time": "0:00:02.300000",
        "speaker_tag": 1,
        "start_time": "0:00:02",
        "word": "trip"
    },
    {
        "end_time": "0:00:02.400000",
        "speaker_tag": 1,
        "start_time": "0:00:02.300000",
        "word": "or"
    },
    {
        "end_time": "0:00:02.500000",
        "speaker_tag": 1,
        "start_time": "0:00:02.400000",
        "word": "vacation"
    },
    {
        "end_time": "0:00:03.200000",
        "speaker_tag": 1,
        "start_time": "0:00:02.500000",
        "word": "that"
    },
    {
        "end_time": "0:00:03.300000",
        "speaker_tag": 1,
        "start_time": "0:00:03.200000",
        "word": "you"
    },
    {
        "end_time": "0:00:03.500000",
        "speaker_tag": 1,
        "start_time": "0:00:03.300000",
        "word": "have"
    },
    {
        "end_time": "0:00:03.700000",
        "speaker_tag": 1,
        "start_time": "0:00:03.500000",
        "word": "taken"
    },
    {
        "end_time": "0:00:05",
        "speaker_tag": 1,
        "start_time": "0:00:04.700000",
        "word": "you"
    },
    {
        "end_time": "0:00:05.200000",
        "speaker_tag": 1,
        "start_time": "0:00:05",
        "word": "can"
    },
    {
        "end_time": "0:00:05.500000",
        "speaker_tag": 1,
        "start_time": "0:00:05.200000",
        "word": "provide"
    },
    {
        "end_time": "0:00:05.600000",
        "speaker_tag": 1,
        "start_time": "0:00:05.500000",
        "word": "as"
    },
    {
        "end_time": "0:00:05.900000",
        "speaker_tag": 1,
        "start_time": "0:00:05.600000",
        "word": "many"
    },
    {
        "end_time": "0:00:06.100000",
        "speaker_tag": 1,
        "start_time": "0:00:05.900000",
        "word": "details"
    },
    {
        "end_time": "0:00:06.400000",
        "speaker_tag": 1,
        "start_time": "0:00:06.100000",
        "word": "as"
    },
    {
        "end_time": "0:00:07.300000",
        "speaker_tag": 1,
        "start_time": "0:00:06.400000",
        "word": "necessary"
    },
    {
        "end_time": "0:00:07.900000",
        "speaker_tag": 1,
        "start_time": "0:00:07.300000",
        "word": "you"
    },
    {
        "end_time": "0:00:08",
        "speaker_tag": 1,
        "start_time": "0:00:07.900000",
        "word": "have"
    },
    {
        "end_time": "0:00:08.300000",
        "speaker_tag": 1,
        "start_time": "0:00:08",
        "word": "5"
    },
    {
        "end_time": "0:00:08.400000",
        "speaker_tag": 1,
        "start_time": "0:00:08.300000",
        "word": "minutes"
    },
    {
        "end_time": "0:00:10.600000",
        "speaker_tag": 1,
        "start_time": "0:00:10.500000",
        "word": "I"
    },
    {
        "end_time": "0:00:10.900000",
        "speaker_tag": 1,
        "start_time": "0:00:10.600000",
        "word": "want"
    },
    {
        "end_time": "0:00:11",
        "speaker_tag": 1,
        "start_time": "0:00:10.900000",
        "word": "to"
    },
    {
        "end_time": "0:00:11.700000",
        "speaker_tag": 1,
        "start_time": "0:00:11",
        "word": "Austin"
    },
    {
        "end_time": "0:00:12.400000",
        "speaker_tag": 1,
        "start_time": "0:00:11.700000",
        "word": "before"
    },
    {
        "end_time": "0:00:12.600000",
        "speaker_tag": 1,
        "start_time": "0:00:12.400000",
        "word": "the"
    },
    {
        "end_time": "0:00:13",
        "speaker_tag": 1,
        "start_time": "0:00:12.600000",
        "word": "semester"
    },
    {
        "end_time": "0:00:13.700000",
        "speaker_tag": 1,
        "start_time": "0:00:13",
        "word": "started"
    },
    {
        "end_time": "0:00:14.200000",
        "speaker_tag": 1,
        "start_time": "0:00:13.700000",
        "word": "I"
    },
    {
        "end_time": "0:00:14.700000",
        "speaker_tag": 1,
        "start_time": "0:00:14.200000",
        "word": "went"
    },
    {
        "end_time": "0:00:15.200000",
        "speaker_tag": 1,
        "start_time": "0:00:14.700000",
        "word": "to"
    },
    {
        "end_time": "0:00:15.600000",
        "speaker_tag": 1,
        "start_time": "0:00:15.200000",
        "word": "with"
    },
    {
        "end_time": "0:00:16.600000",
        "speaker_tag": 1,
        "start_time": "0:00:15.600000",
        "word": "my"
    },
    {
        "end_time": "0:00:17.200000",
        "speaker_tag": 1,
        "start_time": "0:00:16.600000",
        "word": "friends"
    },
    {
        "end_time": "0:00:17.400000",
        "speaker_tag": 1,
        "start_time": "0:00:17.200000",
        "word": "we"
    },
    {
        "end_time": "0:00:17.700000",
        "speaker_tag": 1,
        "start_time": "0:00:17.400000",
        "word": "road"
    },
    {
        "end_time": "0:00:18",
        "speaker_tag": 1,
        "start_time": "0:00:17.700000",
        "word": "trip"
    },
    {
        "end_time": "0:00:18.200000",
        "speaker_tag": 1,
        "start_time": "0:00:18",
        "word": "together"
    },
    {
        "end_time": "0:00:19.500000",
        "speaker_tag": 1,
        "start_time": "0:00:18.200000",
        "word": "it"
    },
    {
        "end_time": "0:00:19.700000",
        "speaker_tag": 1,
        "start_time": "0:00:19.500000",
        "word": "was"
    },
    {
        "end_time": "0:00:20.100000",
        "speaker_tag": 1,
        "start_time": "0:00:19.700000",
        "word": "an"
    },
    {
        "end_time": "0:00:20.500000",
        "speaker_tag": 1,
        "start_time": "0:00:20.100000",
        "word": "Impulse"
    },
    {
        "end_time": "0:00:21.200000",
        "speaker_tag": 1,
        "start_time": "0:00:20.500000",
        "word": "decision"
    },
    {
        "end_time": "0:00:21.300000",
        "speaker_tag": 1,
        "start_time": "0:00:21.200000",
        "word": "we"
    },
    {
        "end_time": "0:00:21.800000",
        "speaker_tag": 1,
        "start_time": "0:00:21.300000",
        "word": "decided"
    },
    {
        "end_time": "0:00:22.700000",
        "speaker_tag": 1,
        "start_time": "0:00:21.800000",
        "word": "two"
    },
    {
        "end_time": "0:00:22.900000",
        "speaker_tag": 1,
        "start_time": "0:00:22.700000",
        "word": "days"
    },
    {
        "end_time": "0:00:23.300000",
        "speaker_tag": 1,
        "start_time": "0:00:22.900000",
        "word": "before"
    },
    {
        "end_time": "0:00:23.400000",
        "speaker_tag": 1,
        "start_time": "0:00:23.300000",
        "word": "we"
    },
    {
        "end_time": "0:00:23.500000",
        "speaker_tag": 1,
        "start_time": "0:00:23.400000",
        "word": "will"
    },
    {
        "end_time": "0:00:23.700000",
        "speaker_tag": 1,
        "start_time": "0:00:23.500000",
        "word": "go"
    },
    {
        "end_time": "0:00:25.500000",
        "speaker_tag": 1,
        "start_time": "0:00:23.700000",
        "word": "and"
    },
    {
        "end_time": "0:00:26.600000",
        "speaker_tag": 1,
        "start_time": "0:00:25.500000",
        "word": "we"
    },
    {
        "end_time": "0:00:27.200000",
        "speaker_tag": 1,
        "start_time": "0:00:26.600000",
        "word": "left"
    },
    {
        "end_time": "0:00:27.300000",
        "speaker_tag": 1,
        "start_time": "0:00:27.200000",
        "word": "the"
    },
    {
        "end_time": "0:00:27.500000",
        "speaker_tag": 1,
        "start_time": "0:00:27.300000",
        "word": "hotel"
    },
    {
        "end_time": "0:00:28.800000",
        "speaker_tag": 1,
        "start_time": "0:00:27.500000",
        "word": "stayed"
    },
    {
        "end_time": "0:00:29.200000",
        "speaker_tag": 1,
        "start_time": "0:00:28.800000",
        "word": "the"
    },
    {
        "end_time": "0:00:29.200000",
        "speaker_tag": 1,
        "start_time": "0:00:29.200000",
        "word": "night"
    },
    {
        "end_time": "0:00:29.700000",
        "speaker_tag": 1,
        "start_time": "0:00:29.200000",
        "word": "there"
    },
    {
        "end_time": "0:00:32.300000",
        "speaker_tag": 1,
        "start_time": "0:00:31.400000",
        "word": "what's"
    },
    {
        "end_time": "0:00:32.400000",
        "speaker_tag": 1,
        "start_time": "0:00:32.300000",
        "word": "a"
    },
    {
        "end_time": "0:00:32.800000",
        "speaker_tag": 1,
        "start_time": "0:00:32.400000",
        "word": "couple"
    },
    {
        "end_time": "0:00:32.900000",
        "speaker_tag": 1,
        "start_time": "0:00:32.800000",
        "word": "of"
    },
    {
        "end_time": "0:00:33.100000",
        "speaker_tag": 1,
        "start_time": "0:00:32.900000",
        "word": "spots"
    },
    {
        "end_time": "0:00:33.300000",
        "speaker_tag": 1,
        "start_time": "0:00:33.100000",
        "word": "that"
    },
    {
        "end_time": "0:00:33.500000",
        "speaker_tag": 1,
        "start_time": "0:00:33.300000",
        "word": "we"
    },
    {
        "end_time": "0:00:33.600000",
        "speaker_tag": 1,
        "start_time": "0:00:33.500000",
        "word": "said"
    },
    {
        "end_time": "0:00:33.800000",
        "speaker_tag": 1,
        "start_time": "0:00:33.600000",
        "word": "we"
    },
    {
        "end_time": "0:00:33.900000",
        "speaker_tag": 1,
        "start_time": "0:00:33.800000",
        "word": "would"
    },
    {
        "end_time": "0:00:34.100000",
        "speaker_tag": 1,
        "start_time": "0:00:33.900000",
        "word": "go"
    },
    {
        "end_time": "0:00:34.200000",
        "speaker_tag": 1,
        "start_time": "0:00:34.100000",
        "word": "to"
    },
    {
        "end_time": "0:00:36.300000",
        "speaker_tag": 1,
        "start_time": "0:00:34.200000",
        "word": "Toppers"
    },
    {
        "end_time": "0:00:37.500000",
        "speaker_tag": 2,
        "start_time": "0:00:36.300000",
        "word": "with"
    },
    {
        "end_time": "0:00:39.800000",
        "speaker_tag": 2,
        "start_time": "0:00:37.500000",
        "word": "682"
    },
    {
        "end_time": "0:00:44.600000",
        "speaker_tag": 1,
        "start_time": "0:00:39.800000",
        "word": "on"
    },
    {
        "end_time": "0:00:44.700000",
        "speaker_tag": 1,
        "start_time": "0:00:44.600000",
        "word": "the"
    },
    {
        "end_time": "0:00:44.800000",
        "speaker_tag": 1,
        "start_time": "0:00:44.700000",
        "word": "way"
    },
    {
        "end_time": "0:00:45.100000",
        "speaker_tag": 1,
        "start_time": "0:00:44.800000",
        "word": "there"
    },
    {
        "end_time": "0:00:45.300000",
        "speaker_tag": 1,
        "start_time": "0:00:45.100000",
        "word": "we"
    },
    {
        "end_time": "0:00:45.700000",
        "speaker_tag": 1,
        "start_time": "0:00:45.300000",
        "word": "stopped"
    },
    {
        "end_time": "0:00:45.900000",
        "speaker_tag": 1,
        "start_time": "0:00:45.700000",
        "word": "and"
    },
    {
        "end_time": "0:00:46.100000",
        "speaker_tag": 1,
        "start_time": "0:00:45.900000",
        "word": "got"
    },
    {
        "end_time": "0:00:47.200000",
        "speaker_tag": 1,
        "start_time": "0:00:46.100000",
        "word": "donuts"
    },
    {
        "end_time": "0:00:48.500000",
        "speaker_tag": 1,
        "start_time": "0:00:47.200000",
        "word": "Round"
    },
    {
        "end_time": "0:00:48.600000",
        "speaker_tag": 1,
        "start_time": "0:00:48.500000",
        "word": "Rock"
    },
    {
        "end_time": "0:00:49.500000",
        "speaker_tag": 1,
        "start_time": "0:00:48.600000",
        "word": "cuz"
    },
    {
        "end_time": "0:00:49.600000",
        "speaker_tag": 1,
        "start_time": "0:00:49.500000",
        "word": "we"
    },
    {
        "end_time": "0:00:49.700000",
        "speaker_tag": 1,
        "start_time": "0:00:49.600000",
        "word": "have"
    },
    {
        "end_time": "0:00:49.900000",
        "speaker_tag": 1,
        "start_time": "0:00:49.700000",
        "word": "these"
    },
    {
        "end_time": "0:00:50.200000",
        "speaker_tag": 1,
        "start_time": "0:00:49.900000",
        "word": "like"
    },
    {
        "end_time": "0:00:50.500000",
        "speaker_tag": 1,
        "start_time": "0:00:50.200000",
        "word": "huge"
    },
    {
        "end_time": "0:00:52",
        "speaker_tag": 1,
        "start_time": "0:00:50.500000",
        "word": "5-pound"
    },
    {
        "end_time": "0:00:52.500000",
        "speaker_tag": 1,
        "start_time": "0:00:52",
        "word": "donuts"
    },
    {
        "end_time": "0:00:52.700000",
        "speaker_tag": 1,
        "start_time": "0:00:52.500000",
        "word": "I"
    },
    {
        "end_time": "0:00:53.100000",
        "speaker_tag": 1,
        "start_time": "0:00:52.700000",
        "word": "think"
    },
    {
        "end_time": "0:00:54.200000",
        "speaker_tag": 1,
        "start_time": "0:00:53.100000",
        "word": "humongous"
    },
    {
        "end_time": "0:00:55.300000",
        "speaker_tag": 1,
        "start_time": "0:00:54.200000",
        "word": "and"
    },
    {
        "end_time": "0:00:56",
        "speaker_tag": 1,
        "start_time": "0:00:55.300000",
        "word": "then"
    },
    {
        "end_time": "0:00:56.600000",
        "speaker_tag": 1,
        "start_time": "0:00:56",
        "word": "got"
    },
    {
        "end_time": "0:00:56.900000",
        "speaker_tag": 1,
        "start_time": "0:00:56.600000",
        "word": "there"
    },
    {
        "end_time": "0:00:57.100000",
        "speaker_tag": 1,
        "start_time": "0:00:56.900000",
        "word": "we"
    },
    {
        "end_time": "0:00:57.200000",
        "speaker_tag": 1,
        "start_time": "0:00:57.100000",
        "word": "got"
    },
    {
        "end_time": "0:00:57.600000",
        "speaker_tag": 1,
        "start_time": "0:00:57.200000",
        "word": "super"
    },
    {
        "end_time": "0:00:58",
        "speaker_tag": 1,
        "start_time": "0:00:57.600000",
        "word": "tired"
    },
    {
        "end_time": "0:00:58.100000",
        "speaker_tag": 1,
        "start_time": "0:00:58",
        "word": "just"
    },
    {
        "end_time": "0:00:59.400000",
        "speaker_tag": 1,
        "start_time": "0:00:58.100000",
        "word": "woke"
    },
    {
        "end_time": "0:00:59.500000",
        "speaker_tag": 1,
        "start_time": "0:00:59.400000",
        "word": "up"
    },
    {
        "end_time": "0:00:59.900000",
        "speaker_tag": 1,
        "start_time": "0:00:59.500000",
        "word": "early"
    },
    {
        "end_time": "0:01:00.400000",
        "speaker_tag": 1,
        "start_time": "0:00:59.900000",
        "word": "so"
    },
    {
        "end_time": "0:01:00.600000",
        "speaker_tag": 1,
        "start_time": "0:01:00.400000",
        "word": "we"
    },
    {
        "end_time": "0:01:01.100000",
        "speaker_tag": 1,
        "start_time": "0:01:00.600000",
        "word": "napped"
    },
    {
        "end_time": "0:01:01.500000",
        "speaker_tag": 1,
        "start_time": "0:01:01.100000",
        "word": "and"
    },
    {
        "end_time": "0:01:01.800000",
        "speaker_tag": 1,
        "start_time": "0:01:01.500000",
        "word": "then"
    },
    {
        "end_time": "0:01:01.900000",
        "speaker_tag": 1,
        "start_time": "0:01:01.800000",
        "word": "we"
    },
    {
        "end_time": "0:01:02.100000",
        "speaker_tag": 1,
        "start_time": "0:01:01.900000",
        "word": "went"
    },
    {
        "end_time": "0:01:02.200000",
        "speaker_tag": 1,
        "start_time": "0:01:02.100000",
        "word": "and"
    },
    {
        "end_time": "0:01:02.600000",
        "speaker_tag": 1,
        "start_time": "0:01:02.200000",
        "word": "got"
    },
    {
        "end_time": "0:01:03.400000",
        "speaker_tag": 1,
        "start_time": "0:01:02.600000",
        "word": "hopdoddy's"
    },
    {
        "end_time": "0:01:04",
        "speaker_tag": 1,
        "start_time": "0:01:03.400000",
        "word": "Burgers"
    },
    {
        "end_time": "0:01:05.200000",
        "speaker_tag": 2,
        "start_time": "0:01:04",
        "word": "then"
    },
    {
        "end_time": "0:01:05.400000",
        "speaker_tag": 2,
        "start_time": "0:01:05.200000",
        "word": "we"
    },
    {
        "end_time": "0:01:05.500000",
        "speaker_tag": 2,
        "start_time": "0:01:05.400000",
        "word": "went"
    },
    {
        "end_time": "0:01:06.100000",
        "speaker_tag": 2,
        "start_time": "0:01:05.500000",
        "word": "out"
    },
    {
        "end_time": "0:01:06.300000",
        "speaker_tag": 2,
        "start_time": "0:01:06.100000",
        "word": "to"
    },
    {
        "end_time": "0:01:07",
        "speaker_tag": 2,
        "start_time": "0:01:06.300000",
        "word": "6"
    },
    {
        "end_time": "0:01:10.500000",
        "speaker_tag": 1,
        "start_time": "0:01:09.800000",
        "word": "met"
    },
    {
        "end_time": "0:01:10.600000",
        "speaker_tag": 1,
        "start_time": "0:01:10.500000",
        "word": "some"
    },
    {
        "end_time": "0:01:10.800000",
        "speaker_tag": 1,
        "start_time": "0:01:10.600000",
        "word": "interesting"
    },
    {
        "end_time": "0:01:11.300000",
        "speaker_tag": 1,
        "start_time": "0:01:10.800000",
        "word": "people"
    },
    {
        "end_time": "0:01:12.500000",
        "speaker_tag": 1,
        "start_time": "0:01:11.300000",
        "word": "on"
    },
    {
        "end_time": "0:01:12.700000",
        "speaker_tag": 1,
        "start_time": "0:01:12.500000",
        "word": "the"
    },
    {
        "end_time": "0:01:14.400000",
        "speaker_tag": 1,
        "start_time": "0:01:12.700000",
        "word": "next"
    },
    {
        "end_time": "0:01:14.600000",
        "speaker_tag": 1,
        "start_time": "0:01:14.400000",
        "word": "day"
    },
    {
        "end_time": "0:01:15.100000",
        "speaker_tag": 1,
        "start_time": "0:01:14.600000",
        "word": "we"
    },
    {
        "end_time": "0:01:15.300000",
        "speaker_tag": 1,
        "start_time": "0:01:15.100000",
        "word": "woke"
    },
    {
        "end_time": "0:01:15.500000",
        "speaker_tag": 1,
        "start_time": "0:01:15.300000",
        "word": "up"
    },
    {
        "end_time": "0:01:15.700000",
        "speaker_tag": 1,
        "start_time": "0:01:15.500000",
        "word": "we"
    },
    {
        "end_time": "0:01:15.900000",
        "speaker_tag": 1,
        "start_time": "0:01:15.700000",
        "word": "said"
    },
    {
        "end_time": "0:01:16",
        "speaker_tag": 1,
        "start_time": "0:01:15.900000",
        "word": "we"
    },
    {
        "end_time": "0:01:16.300000",
        "speaker_tag": 1,
        "start_time": "0:01:16",
        "word": "would"
    },
    {
        "end_time": "0:01:17.100000",
        "speaker_tag": 1,
        "start_time": "0:01:16.300000",
        "word": "hide"
    },
    {
        "end_time": "0:01:17.700000",
        "speaker_tag": 1,
        "start_time": "0:01:17.100000",
        "word": "and"
    },
    {
        "end_time": "0:01:17.900000",
        "speaker_tag": 1,
        "start_time": "0:01:17.700000",
        "word": "like"
    },
    {
        "end_time": "0:01:18",
        "speaker_tag": 1,
        "start_time": "0:01:17.900000",
        "word": "see"
    },
    {
        "end_time": "0:01:18.200000",
        "speaker_tag": 1,
        "start_time": "0:01:18",
        "word": "the"
    },
    {
        "end_time": "0:01:18.500000",
        "speaker_tag": 1,
        "start_time": "0:01:18.200000",
        "word": "sunrise"
    },
    {
        "end_time": "0:01:18.900000",
        "speaker_tag": 1,
        "start_time": "0:01:18.500000",
        "word": "but"
    },
    {
        "end_time": "0:01:19.100000",
        "speaker_tag": 1,
        "start_time": "0:01:18.900000",
        "word": "no"
    },
    {
        "end_time": "0:01:19.300000",
        "speaker_tag": 1,
        "start_time": "0:01:19.100000",
        "word": "one"
    },
    {
        "end_time": "0:01:19.400000",
        "speaker_tag": 1,
        "start_time": "0:01:19.300000",
        "word": "woke"
    },
    {
        "end_time": "0:01:19.500000",
        "speaker_tag": 1,
        "start_time": "0:01:19.400000",
        "word": "up"
    },
    {
        "end_time": "0:01:19.700000",
        "speaker_tag": 1,
        "start_time": "0:01:19.500000",
        "word": "in"
    },
    {
        "end_time": "0:01:19.900000",
        "speaker_tag": 1,
        "start_time": "0:01:19.700000",
        "word": "time"
    },
    {
        "end_time": "0:01:20.100000",
        "speaker_tag": 1,
        "start_time": "0:01:19.900000",
        "word": "for"
    },
    {
        "end_time": "0:01:20.400000",
        "speaker_tag": 1,
        "start_time": "0:01:20.100000",
        "word": "that"
    },
    {
        "end_time": "0:01:20.500000",
        "speaker_tag": 1,
        "start_time": "0:01:20.400000",
        "word": "and"
    },
    {
        "end_time": "0:01:20.600000",
        "speaker_tag": 1,
        "start_time": "0:01:20.500000",
        "word": "it"
    },
    {
        "end_time": "0:01:20.700000",
        "speaker_tag": 1,
        "start_time": "0:01:20.600000",
        "word": "was"
    },
    {
        "end_time": "0:01:20.900000",
        "speaker_tag": 1,
        "start_time": "0:01:20.700000",
        "word": "really"
    },
    {
        "end_time": "0:01:21.200000",
        "speaker_tag": 1,
        "start_time": "0:01:20.900000",
        "word": "cold"
    },
    {
        "end_time": "0:01:22.400000",
        "speaker_tag": 2,
        "start_time": "0:01:21.200000",
        "word": "and"
    },
    {
        "end_time": "0:01:22.600000",
        "speaker_tag": 2,
        "start_time": "0:01:22.400000",
        "word": "then"
    },
    {
        "end_time": "0:01:24.500000",
        "speaker_tag": 1,
        "start_time": "0:01:22.600000",
        "word": "we"
    },
    {
        "end_time": "0:01:24.700000",
        "speaker_tag": 1,
        "start_time": "0:01:24.500000",
        "word": "ended"
    },
    {
        "end_time": "0:01:24.900000",
        "speaker_tag": 1,
        "start_time": "0:01:24.700000",
        "word": "up"
    },
    {
        "end_time": "0:01:25",
        "speaker_tag": 1,
        "start_time": "0:01:24.900000",
        "word": "just"
    },
    {
        "end_time": "0:01:25.600000",
        "speaker_tag": 1,
        "start_time": "0:01:25",
        "word": "driving"
    },
    {
        "end_time": "0:01:25.800000",
        "speaker_tag": 1,
        "start_time": "0:01:25.600000",
        "word": "back"
    },
    {
        "end_time": "0:01:27.600000",
        "speaker_tag": 2,
        "start_time": "0:01:25.800000",
        "word": "but"
    },
    {
        "end_time": "0:01:29.100000",
        "speaker_tag": 1,
        "start_time": "0:01:28.700000",
        "word": "that"
    },
    {
        "end_time": "0:01:29.400000",
        "speaker_tag": 1,
        "start_time": "0:01:29.100000",
        "word": "was"
    },
    {
        "end_time": "0:01:30",
        "speaker_tag": 1,
        "start_time": "0:01:29.400000",
        "word": "practically"
    },
    {
        "end_time": "0:01:30.100000",
        "speaker_tag": 1,
        "start_time": "0:01:30",
        "word": "the"
    },
    {
        "end_time": "0:01:30.500000",
        "speaker_tag": 1,
        "start_time": "0:01:30.100000",
        "word": "trip"
    },
    {
        "end_time": "0:01:30.700000",
        "speaker_tag": 1,
        "start_time": "0:01:30.500000",
        "word": "was"
    },
    {
        "end_time": "0:01:30.900000",
        "speaker_tag": 1,
        "start_time": "0:01:30.700000",
        "word": "really"
    },
    {
        "end_time": "0:01:31.200000",
        "speaker_tag": 2,
        "start_time": "0:01:30.900000",
        "word": "fun."
    },
    {
        "end_time": "0:01:48.200000",
        "speaker_tag": 2,
        "start_time": "0:01:47.700000",
        "word": "All"
    },
    {
        "end_time": "0:01:48.500000",
        "speaker_tag": 2,
        "start_time": "0:01:48.200000",
        "word": "right"
    },
    {
        "end_time": "0:01:50.100000",
        "speaker_tag": 2,
        "start_time": "0:01:49.300000",
        "word": "nuts"
    },
    {
        "end_time": "0:01:50.700000",
        "speaker_tag": 2,
        "start_time": "0:01:50.100000",
        "word": "please"
    },
    {
        "end_time": "0:01:51.200000",
        "speaker_tag": 1,
        "start_time": "0:01:50.700000",
        "word": "explain"
    },
    {
        "end_time": "0:01:51.400000",
        "speaker_tag": 1,
        "start_time": "0:01:51.200000",
        "word": "how"
    },
    {
        "end_time": "0:01:51.500000",
        "speaker_tag": 1,
        "start_time": "0:01:51.400000",
        "word": "you"
    },
    {
        "end_time": "0:01:51.600000",
        "speaker_tag": 1,
        "start_time": "0:01:51.500000",
        "word": "would"
    },
    {
        "end_time": "0:01:51.800000",
        "speaker_tag": 1,
        "start_time": "0:01:51.600000",
        "word": "make"
    },
    {
        "end_time": "0:01:52",
        "speaker_tag": 1,
        "start_time": "0:01:51.800000",
        "word": "the"
    },
    {
        "end_time": "0:01:52.300000",
        "speaker_tag": 1,
        "start_time": "0:01:52",
        "word": "following"
    },
    {
        "end_time": "0:01:52.800000",
        "speaker_tag": 1,
        "start_time": "0:01:52.300000",
        "word": "meal"
    },
    {
        "end_time": "0:01:53.900000",
        "speaker_tag": 2,
        "start_time": "0:01:52.800000",
        "word": "step-by-step"
    },
    {
        "end_time": "0:01:54.800000",
        "speaker_tag": 2,
        "start_time": "0:01:53.900000",
        "word": "a"
    },
    {
        "end_time": "0:01:55.100000",
        "speaker_tag": 2,
        "start_time": "0:01:54.800000",
        "word": "cup"
    },
    {
        "end_time": "0:01:55.200000",
        "speaker_tag": 2,
        "start_time": "0:01:55.100000",
        "word": "of"
    },
    {
        "end_time": "0:01:55.500000",
        "speaker_tag": 2,
        "start_time": "0:01:55.200000",
        "word": "coffee"
    },
    {
        "end_time": "0:01:56.900000",
        "speaker_tag": 2,
        "start_time": "0:01:55.500000",
        "word": "scrambled"
    },
    {
        "end_time": "0:01:57.300000",
        "speaker_tag": 2,
        "start_time": "0:01:56.900000",
        "word": "eggs"
    },
    {
        "end_time": "0:01:57.700000",
        "speaker_tag": 2,
        "start_time": "0:01:57.300000",
        "word": "and"
    },
    {
        "end_time": "0:01:57.800000",
        "speaker_tag": 2,
        "start_time": "0:01:57.700000",
        "word": "a"
    },
    {
        "end_time": "0:01:58",
        "speaker_tag": 2,
        "start_time": "0:01:57.800000",
        "word": "bowl"
    },
    {
        "end_time": "0:01:58",
        "speaker_tag": 2,
        "start_time": "0:01:58",
        "word": "of"
    },
    {
        "end_time": "0:01:58.500000",
        "speaker_tag": 2,
        "start_time": "0:01:58",
        "word": "fruit"
    },
    {
        "end_time": "0:01:59.600000",
        "speaker_tag": 1,
        "start_time": "0:01:58.500000",
        "word": "pretend"
    },
    {
        "end_time": "0:01:59.700000",
        "speaker_tag": 1,
        "start_time": "0:01:59.600000",
        "word": "I"
    },
    {
        "end_time": "0:01:59.800000",
        "speaker_tag": 1,
        "start_time": "0:01:59.700000",
        "word": "do"
    },
    {
        "end_time": "0:02:00.100000",
        "speaker_tag": 1,
        "start_time": "0:01:59.800000",
        "word": "not"
    },
    {
        "end_time": "0:02:00.200000",
        "speaker_tag": 1,
        "start_time": "0:02:00.100000",
        "word": "know"
    },
    {
        "end_time": "0:02:00.400000",
        "speaker_tag": 1,
        "start_time": "0:02:00.200000",
        "word": "how"
    },
    {
        "end_time": "0:02:00.500000",
        "speaker_tag": 1,
        "start_time": "0:02:00.400000",
        "word": "to"
    },
    {
        "end_time": "0:02:00.700000",
        "speaker_tag": 1,
        "start_time": "0:02:00.500000",
        "word": "make"
    },
    {
        "end_time": "0:02:00.900000",
        "speaker_tag": 1,
        "start_time": "0:02:00.700000",
        "word": "the"
    },
    {
        "end_time": "0:02:01.200000",
        "speaker_tag": 1,
        "start_time": "0:02:00.900000",
        "word": "meal"
    },
    {
        "end_time": "0:02:01.500000",
        "speaker_tag": 1,
        "start_time": "0:02:01.200000",
        "word": "that"
    },
    {
        "end_time": "0:02:02",
        "speaker_tag": 1,
        "start_time": "0:02:01.500000",
        "word": "provide"
    },
    {
        "end_time": "0:02:02.600000",
        "speaker_tag": 2,
        "start_time": "0:02:02",
        "word": "details"
    },
    {
        "end_time": "0:02:03.600000",
        "speaker_tag": 2,
        "start_time": "0:02:02.600000",
        "word": "you"
    },
    {
        "end_time": "0:02:03.800000",
        "speaker_tag": 2,
        "start_time": "0:02:03.600000",
        "word": "have"
    },
    {
        "end_time": "0:02:04.100000",
        "speaker_tag": 2,
        "start_time": "0:02:03.800000",
        "word": "5"
    },
    {
        "end_time": "0:02:04.200000",
        "speaker_tag": 2,
        "start_time": "0:02:04.100000",
        "word": "minutes"
    },
    {
        "end_time": "0:02:04.600000",
        "speaker_tag": 2,
        "start_time": "0:02:04.200000",
        "word": "to"
    },
    {
        "end_time": "0:02:04.900000",
        "speaker_tag": 2,
        "start_time": "0:02:04.600000",
        "word": "explain"
    },
    {
        "end_time": "0:02:09",
        "speaker_tag": 2,
        "start_time": "0:02:08.500000",
        "word": "scrambled"
    },
    {
        "end_time": "0:02:09.300000",
        "speaker_tag": 2,
        "start_time": "0:02:09",
        "word": "eggs"
    },
    {
        "end_time": "0:02:11.400000",
        "speaker_tag": 2,
        "start_time": "0:02:10.800000",
        "word": "copies"
    },
    {
        "end_time": "0:02:15.200000",
        "speaker_tag": 1,
        "start_time": "0:02:14.700000",
        "word": "like"
    },
    {
        "end_time": "0:02:15.200000",
        "speaker_tag": 1,
        "start_time": "0:02:15.200000",
        "word": "a"
    },
    {
        "end_time": "0:02:15.500000",
        "speaker_tag": 1,
        "start_time": "0:02:15.200000",
        "word": "cup"
    },
    {
        "end_time": "0:02:15.500000",
        "speaker_tag": 1,
        "start_time": "0:02:15.500000",
        "word": "of"
    },
    {
        "end_time": "0:02:15.700000",
        "speaker_tag": 1,
        "start_time": "0:02:15.500000",
        "word": "coffee"
    },
    {
        "end_time": "0:02:16.700000",
        "speaker_tag": 1,
        "start_time": "0:02:15.700000",
        "word": "you"
    },
    {
        "end_time": "0:02:16.700000",
        "speaker_tag": 1,
        "start_time": "0:02:16.700000",
        "word": "can"
    },
    {
        "end_time": "0:02:17.100000",
        "speaker_tag": 1,
        "start_time": "0:02:16.700000",
        "word": "make"
    },
    {
        "end_time": "0:02:17.500000",
        "speaker_tag": 1,
        "start_time": "0:02:17.100000",
        "word": "it"
    },
    {
        "end_time": "0:02:17.900000",
        "speaker_tag": 1,
        "start_time": "0:02:17.500000",
        "word": "in"
    },
    {
        "end_time": "0:02:18.200000",
        "speaker_tag": 1,
        "start_time": "0:02:17.900000",
        "word": "multiple"
    },
    {
        "end_time": "0:02:18.600000",
        "speaker_tag": 1,
        "start_time": "0:02:18.200000",
        "word": "different"
    },
    {
        "end_time": "0:02:19.300000",
        "speaker_tag": 1,
        "start_time": "0:02:18.600000",
        "word": "ways"
    },
    {
        "end_time": "0:02:21.600000",
        "speaker_tag": 2,
        "start_time": "0:02:19.300000",
        "word": "with"
    },
    {
        "end_time": "0:02:22",
        "speaker_tag": 1,
        "start_time": "0:02:21.600000",
        "word": "coffee"
    },
    {
        "end_time": "0:02:22.100000",
        "speaker_tag": 1,
        "start_time": "0:02:22",
        "word": "you"
    },
    {
        "end_time": "0:02:22.200000",
        "speaker_tag": 1,
        "start_time": "0:02:22.100000",
        "word": "can"
    },
    {
        "end_time": "0:02:22.500000",
        "speaker_tag": 1,
        "start_time": "0:02:22.200000",
        "word": "use"
    },
    {
        "end_time": "0:02:22.500000",
        "speaker_tag": 1,
        "start_time": "0:02:22.500000",
        "word": "a"
    },
    {
        "end_time": "0:02:22.800000",
        "speaker_tag": 1,
        "start_time": "0:02:22.500000",
        "word": "Keurig"
    },
    {
        "end_time": "0:02:23",
        "speaker_tag": 1,
        "start_time": "0:02:22.800000",
        "word": "machine"
    },
    {
        "end_time": "0:02:24.600000",
        "speaker_tag": 2,
        "start_time": "0:02:23",
        "word": "so"
    },
    {
        "end_time": "0:02:24.700000",
        "speaker_tag": 2,
        "start_time": "0:02:24.600000",
        "word": "if"
    },
    {
        "end_time": "0:02:24.900000",
        "speaker_tag": 2,
        "start_time": "0:02:24.700000",
        "word": "you"
    },
    {
        "end_time": "0:02:25.400000",
        "speaker_tag": 2,
        "start_time": "0:02:24.900000",
        "word": "have"
    },
    {
        "end_time": "0:02:27.200000",
        "speaker_tag": 1,
        "start_time": "0:02:26.700000",
        "word": "those"
    },
    {
        "end_time": "0:02:27.800000",
        "speaker_tag": 1,
        "start_time": "0:02:27.200000",
        "word": "pots"
    },
    {
        "end_time": "0:02:27.900000",
        "speaker_tag": 1,
        "start_time": "0:02:27.800000",
        "word": "that"
    },
    {
        "end_time": "0:02:28.300000",
        "speaker_tag": 1,
        "start_time": "0:02:27.900000",
        "word": "have"
    },
    {
        "end_time": "0:02:28.700000",
        "speaker_tag": 1,
        "start_time": "0:02:28.300000",
        "word": "coffee"
    },
    {
        "end_time": "0:02:28.900000",
        "speaker_tag": 1,
        "start_time": "0:02:28.700000",
        "word": "filters"
    },
    {
        "end_time": "0:02:29.600000",
        "speaker_tag": 1,
        "start_time": "0:02:28.900000",
        "word": "or"
    },
    {
        "end_time": "0:02:29.800000",
        "speaker_tag": 1,
        "start_time": "0:02:29.600000",
        "word": "the"
    },
    {
        "end_time": "0:02:30.200000",
        "speaker_tag": 1,
        "start_time": "0:02:29.800000",
        "word": "coffee"
    },
    {
        "end_time": "0:02:30.400000",
        "speaker_tag": 1,
        "start_time": "0:02:30.200000",
        "word": "in"
    },
    {
        "end_time": "0:02:30.600000",
        "speaker_tag": 1,
        "start_time": "0:02:30.400000",
        "word": "it"
    },
    {
        "end_time": "0:02:30.700000",
        "speaker_tag": 1,
        "start_time": "0:02:30.600000",
        "word": "you"
    },
    {
        "end_time": "0:02:30.900000",
        "speaker_tag": 1,
        "start_time": "0:02:30.700000",
        "word": "can"
    },
    {
        "end_time": "0:02:31.400000",
        "speaker_tag": 1,
        "start_time": "0:02:30.900000",
        "word": "automatically"
    },
    {
        "end_time": "0:02:31.800000",
        "speaker_tag": 1,
        "start_time": "0:02:31.400000",
        "word": "adjust"
    },
    {
        "end_time": "0:02:32.700000",
        "speaker_tag": 1,
        "start_time": "0:02:31.800000",
        "word": "for"
    },
    {
        "end_time": "0:02:32.900000",
        "speaker_tag": 1,
        "start_time": "0:02:32.700000",
        "word": "the"
    },
    {
        "end_time": "0:02:33.300000",
        "speaker_tag": 1,
        "start_time": "0:02:32.900000",
        "word": "water"
    },
    {
        "end_time": "0:02:33.400000",
        "speaker_tag": 1,
        "start_time": "0:02:33.300000",
        "word": "and"
    },
    {
        "end_time": "0:02:33.900000",
        "speaker_tag": 1,
        "start_time": "0:02:33.400000",
        "word": "put"
    },
    {
        "end_time": "0:02:34",
        "speaker_tag": 1,
        "start_time": "0:02:33.900000",
        "word": "the"
    },
    {
        "end_time": "0:02:34.200000",
        "speaker_tag": 1,
        "start_time": "0:02:34",
        "word": "pot"
    },
    {
        "end_time": "0:02:34.500000",
        "speaker_tag": 1,
        "start_time": "0:02:34.200000",
        "word": "in"
    },
    {
        "end_time": "0:02:35.500000",
        "speaker_tag": 1,
        "start_time": "0:02:34.500000",
        "word": "close"
    },
    {
        "end_time": "0:02:35.900000",
        "speaker_tag": 1,
        "start_time": "0:02:35.500000",
        "word": "it"
    },
    {
        "end_time": "0:02:36.400000",
        "speaker_tag": 1,
        "start_time": "0:02:35.900000",
        "word": "get"
    },
    {
        "end_time": "0:02:36.500000",
        "speaker_tag": 1,
        "start_time": "0:02:36.400000",
        "word": "it"
    },
    {
        "end_time": "0:02:36.700000",
        "speaker_tag": 1,
        "start_time": "0:02:36.500000",
        "word": "out"
    },
    {
        "end_time": "0:02:36.700000",
        "speaker_tag": 1,
        "start_time": "0:02:36.700000",
        "word": "of"
    },
    {
        "end_time": "0:02:37.100000",
        "speaker_tag": 1,
        "start_time": "0:02:36.700000",
        "word": "water"
    },
    {
        "end_time": "0:02:38.400000",
        "speaker_tag": 2,
        "start_time": "0:02:37.100000",
        "word": "and"
    },
    {
        "end_time": "0:02:39",
        "speaker_tag": 2,
        "start_time": "0:02:38.400000",
        "word": "it"
    },
    {
        "end_time": "0:02:39.200000",
        "speaker_tag": 2,
        "start_time": "0:02:39",
        "word": "all"
    },
    {
        "end_time": "0:02:39.600000",
        "speaker_tag": 2,
        "start_time": "0:02:39.200000",
        "word": "or"
    },
    {
        "end_time": "0:02:39.700000",
        "speaker_tag": 2,
        "start_time": "0:02:39.600000",
        "word": "no"
    },
    {
        "end_time": "0:02:41.200000",
        "speaker_tag": 2,
        "start_time": "0:02:39.700000",
        "word": "and"
    },
    {
        "end_time": "0:02:41.300000",
        "speaker_tag": 2,
        "start_time": "0:02:41.200000",
        "word": "it"
    },
    {
        "end_time": "0:02:42",
        "speaker_tag": 2,
        "start_time": "0:02:41.300000",
        "word": "automatically"
    },
    {
        "end_time": "0:02:43.800000",
        "speaker_tag": 1,
        "start_time": "0:02:43.400000",
        "word": "do"
    },
    {
        "end_time": "0:02:44.300000",
        "speaker_tag": 1,
        "start_time": "0:02:43.800000",
        "word": "carrot"
    },
    {
        "end_time": "0:02:45",
        "speaker_tag": 1,
        "start_time": "0:02:44.300000",
        "word": "and"
    },
    {
        "end_time": "0:02:46",
        "speaker_tag": 1,
        "start_time": "0:02:45",
        "word": "make"
    },
    {
        "end_time": "0:02:46.100000",
        "speaker_tag": 1,
        "start_time": "0:02:46",
        "word": "a"
    },
    {
        "end_time": "0:02:46.400000",
        "speaker_tag": 1,
        "start_time": "0:02:46.100000",
        "word": "coffee"
    },
    {
        "end_time": "0:02:46.600000",
        "speaker_tag": 1,
        "start_time": "0:02:46.400000",
        "word": "for"
    },
    {
        "end_time": "0:02:46.900000",
        "speaker_tag": 1,
        "start_time": "0:02:46.600000",
        "word": "you"
    },
    {
        "end_time": "0:02:48.100000",
        "speaker_tag": 2,
        "start_time": "0:02:46.900000",
        "word": "if"
    },
    {
        "end_time": "0:02:48.500000",
        "speaker_tag": 2,
        "start_time": "0:02:48.100000",
        "word": "not"
    },
    {
        "end_time": "0:02:48.900000",
        "speaker_tag": 2,
        "start_time": "0:02:48.500000",
        "word": "you"
    },
    {
        "end_time": "0:02:49.100000",
        "speaker_tag": 2,
        "start_time": "0:02:48.900000",
        "word": "can"
    },
    {
        "end_time": "0:02:50.100000",
        "speaker_tag": 2,
        "start_time": "0:02:49.100000",
        "word": "make"
    },
    {
        "end_time": "0:02:50.200000",
        "speaker_tag": 2,
        "start_time": "0:02:50.100000",
        "word": "it"
    },
    {
        "end_time": "0:02:50.300000",
        "speaker_tag": 2,
        "start_time": "0:02:50.200000",
        "word": "in"
    },
    {
        "end_time": "0:02:50.400000",
        "speaker_tag": 2,
        "start_time": "0:02:50.300000",
        "word": "a"
    },
    {
        "end_time": "0:02:50.900000",
        "speaker_tag": 2,
        "start_time": "0:02:50.400000",
        "word": "pot"
    },
    {
        "end_time": "0:02:52.900000",
        "speaker_tag": 2,
        "start_time": "0:02:52",
        "word": "and"
    },
    {
        "end_time": "0:02:53.800000",
        "speaker_tag": 2,
        "start_time": "0:02:52.900000",
        "word": "this"
    },
    {
        "end_time": "0:02:54",
        "speaker_tag": 2,
        "start_time": "0:02:53.800000",
        "word": "is"
    },
    {
        "end_time": "0:02:54.100000",
        "speaker_tag": 2,
        "start_time": "0:02:54",
        "word": "like"
    },
    {
        "end_time": "0:02:55",
        "speaker_tag": 2,
        "start_time": "0:02:54.100000",
        "word": "a"
    },
    {
        "end_time": "0:02:55.400000",
        "speaker_tag": 2,
        "start_time": "0:02:55",
        "word": "different"
    },
    {
        "end_time": "0:02:55.800000",
        "speaker_tag": 2,
        "start_time": "0:02:55.400000",
        "word": "than"
    },
    {
        "end_time": "0:02:56.600000",
        "speaker_tag": 1,
        "start_time": "0:02:55.800000",
        "word": "the"
    },
    {
        "end_time": "0:02:56.800000",
        "speaker_tag": 1,
        "start_time": "0:02:56.600000",
        "word": "way"
    },
    {
        "end_time": "0:02:57",
        "speaker_tag": 1,
        "start_time": "0:02:56.800000",
        "word": "I"
    },
    {
        "end_time": "0:02:57.400000",
        "speaker_tag": 1,
        "start_time": "0:02:57",
        "word": "grew"
    },
    {
        "end_time": "0:02:57.400000",
        "speaker_tag": 1,
        "start_time": "0:02:57.400000",
        "word": "up"
    },
    {
        "end_time": "0:02:57.800000",
        "speaker_tag": 1,
        "start_time": "0:02:57.400000",
        "word": "making"
    },
    {
        "end_time": "0:02:57.900000",
        "speaker_tag": 1,
        "start_time": "0:02:57.800000",
        "word": "it"
    },
    {
        "end_time": "0:02:58.900000",
        "speaker_tag": 1,
        "start_time": "0:02:57.900000",
        "word": "with"
    },
    {
        "end_time": "0:02:59.400000",
        "speaker_tag": 1,
        "start_time": "0:02:58.900000",
        "word": "milk"
    },
    {
        "end_time": "0:03:00.300000",
        "speaker_tag": 1,
        "start_time": "0:02:59.400000",
        "word": "and"
    },
    {
        "end_time": "0:03:00.600000",
        "speaker_tag": 1,
        "start_time": "0:03:00.300000",
        "word": "then"
    },
    {
        "end_time": "0:03:00.900000",
        "speaker_tag": 1,
        "start_time": "0:03:00.600000",
        "word": "the"
    },
    {
        "end_time": "0:03:01.400000",
        "speaker_tag": 1,
        "start_time": "0:03:00.900000",
        "word": "coffee"
    },
    {
        "end_time": "0:03:02.300000",
        "speaker_tag": 1,
        "start_time": "0:03:01.400000",
        "word": "and"
    },
    {
        "end_time": "0:03:02.400000",
        "speaker_tag": 1,
        "start_time": "0:03:02.300000",
        "word": "you"
    },
    {
        "end_time": "0:03:02.700000",
        "speaker_tag": 1,
        "start_time": "0:03:02.400000",
        "word": "cook"
    },
    {
        "end_time": "0:03:02.800000",
        "speaker_tag": 1,
        "start_time": "0:03:02.700000",
        "word": "it"
    },
    {
        "end_time": "0:03:03.600000",
        "speaker_tag": 1,
        "start_time": "0:03:02.800000",
        "word": "until"
    },
    {
        "end_time": "0:03:03.800000",
        "speaker_tag": 1,
        "start_time": "0:03:03.600000",
        "word": "it's"
    },
    {
        "end_time": "0:03:04.200000",
        "speaker_tag": 1,
        "start_time": "0:03:03.800000",
        "word": "ready"
    },
    {
        "end_time": "0:03:05",
        "speaker_tag": 1,
        "start_time": "0:03:04.200000",
        "word": "when"
    },
    {
        "end_time": "0:03:05.100000",
        "speaker_tag": 1,
        "start_time": "0:03:05",
        "word": "you"
    },
    {
        "end_time": "0:03:05.300000",
        "speaker_tag": 1,
        "start_time": "0:03:05.100000",
        "word": "done"
    },
    {
        "end_time": "0:03:05.400000",
        "speaker_tag": 1,
        "start_time": "0:03:05.300000",
        "word": "the"
    },
    {
        "end_time": "0:03:05.700000",
        "speaker_tag": 1,
        "start_time": "0:03:05.400000",
        "word": "sugar"
    },
    {
        "end_time": "0:03:06.200000",
        "speaker_tag": 1,
        "start_time": "0:03:05.700000",
        "word": "and"
    },
    {
        "end_time": "0:03:06.300000",
        "speaker_tag": 1,
        "start_time": "0:03:06.200000",
        "word": "all"
    },
    {
        "end_time": "0:03:06.600000",
        "speaker_tag": 1,
        "start_time": "0:03:06.300000",
        "word": "that"
    },
    {
        "end_time": "0:03:06.700000",
        "speaker_tag": 1,
        "start_time": "0:03:06.600000",
        "word": "and"
    },
    {
        "end_time": "0:03:06.800000",
        "speaker_tag": 1,
        "start_time": "0:03:06.700000",
        "word": "that's"
    },
    {
        "end_time": "0:03:06.900000",
        "speaker_tag": 1,
        "start_time": "0:03:06.800000",
        "word": "a"
    },
    {
        "end_time": "0:03:07.100000",
        "speaker_tag": 1,
        "start_time": "0:03:06.900000",
        "word": "cup"
    },
    {
        "end_time": "0:03:07.200000",
        "speaker_tag": 1,
        "start_time": "0:03:07.100000",
        "word": "of"
    },
    {
        "end_time": "0:03:07.400000",
        "speaker_tag": 1,
        "start_time": "0:03:07.200000",
        "word": "coffee"
    },
    {
        "end_time": "0:03:09.200000",
        "speaker_tag": 1,
        "start_time": "0:03:08.600000",
        "word": "bowl"
    },
    {
        "end_time": "0:03:09.300000",
        "speaker_tag": 1,
        "start_time": "0:03:09.200000",
        "word": "of"
    },
    {
        "end_time": "0:03:09.500000",
        "speaker_tag": 1,
        "start_time": "0:03:09.300000",
        "word": "fruit"
    },
    {
        "end_time": "0:03:11.400000",
        "speaker_tag": 1,
        "start_time": "0:03:09.500000",
        "word": "you"
    },
    {
        "end_time": "0:03:11.600000",
        "speaker_tag": 1,
        "start_time": "0:03:11.400000",
        "word": "would"
    },
    {
        "end_time": "0:03:12.300000",
        "speaker_tag": 1,
        "start_time": "0:03:11.600000",
        "word": "grab"
    },
    {
        "end_time": "0:03:13.700000",
        "speaker_tag": 1,
        "start_time": "0:03:12.300000",
        "word": "any"
    },
    {
        "end_time": "0:03:13.800000",
        "speaker_tag": 1,
        "start_time": "0:03:13.700000",
        "word": "kind"
    },
    {
        "end_time": "0:03:13.900000",
        "speaker_tag": 1,
        "start_time": "0:03:13.800000",
        "word": "of"
    },
    {
        "end_time": "0:03:14.100000",
        "speaker_tag": 1,
        "start_time": "0:03:13.900000",
        "word": "fruit"
    },
    {
        "end_time": "0:03:14.200000",
        "speaker_tag": 1,
        "start_time": "0:03:14.100000",
        "word": "you"
    },
    {
        "end_time": "0:03:14.300000",
        "speaker_tag": 1,
        "start_time": "0:03:14.200000",
        "word": "want"
    },
    {
        "end_time": "0:03:15.500000",
        "speaker_tag": 1,
        "start_time": "0:03:14.300000",
        "word": "bananas"
    },
    {
        "end_time": "0:03:15.800000",
        "speaker_tag": 1,
        "start_time": "0:03:15.500000",
        "word": "strawberries"
    },
    {
        "end_time": "0:03:20.200000",
        "speaker_tag": 1,
        "start_time": "0:03:18.600000",
        "word": "Apple's"
    },
    {
        "end_time": "0:03:21",
        "speaker_tag": 1,
        "start_time": "0:03:20.200000",
        "word": "anything"
    },
    {
        "end_time": "0:03:21.300000",
        "speaker_tag": 1,
        "start_time": "0:03:21",
        "word": "and"
    },
    {
        "end_time": "0:03:21.400000",
        "speaker_tag": 1,
        "start_time": "0:03:21.300000",
        "word": "you"
    },
    {
        "end_time": "0:03:21.600000",
        "speaker_tag": 1,
        "start_time": "0:03:21.400000",
        "word": "just"
    },
    {
        "end_time": "0:03:21.900000",
        "speaker_tag": 1,
        "start_time": "0:03:21.600000",
        "word": "cut"
    },
    {
        "end_time": "0:03:22",
        "speaker_tag": 1,
        "start_time": "0:03:21.900000",
        "word": "it"
    },
    {
        "end_time": "0:03:22.200000",
        "speaker_tag": 1,
        "start_time": "0:03:22",
        "word": "up"
    },
    {
        "end_time": "0:03:22.500000",
        "speaker_tag": 1,
        "start_time": "0:03:22.200000",
        "word": "with"
    },
    {
        "end_time": "0:03:22.600000",
        "speaker_tag": 1,
        "start_time": "0:03:22.500000",
        "word": "a"
    },
    {
        "end_time": "0:03:22.900000",
        "speaker_tag": 1,
        "start_time": "0:03:22.600000",
        "word": "knife"
    },
    {
        "end_time": "0:03:23.400000",
        "speaker_tag": 1,
        "start_time": "0:03:22.900000",
        "word": "on"
    },
    {
        "end_time": "0:03:23.600000",
        "speaker_tag": 1,
        "start_time": "0:03:23.400000",
        "word": "a"
    },
    {
        "end_time": "0:03:24",
        "speaker_tag": 1,
        "start_time": "0:03:23.600000",
        "word": "cutting"
    },
    {
        "end_time": "0:03:24.100000",
        "speaker_tag": 1,
        "start_time": "0:03:24",
        "word": "board"
    },
    {
        "end_time": "0:03:25.400000",
        "speaker_tag": 1,
        "start_time": "0:03:24.100000",
        "word": "and"
    },
    {
        "end_time": "0:03:25.800000",
        "speaker_tag": 1,
        "start_time": "0:03:25.400000",
        "word": "you"
    },
    {
        "end_time": "0:03:26.100000",
        "speaker_tag": 1,
        "start_time": "0:03:25.800000",
        "word": "would"
    },
    {
        "end_time": "0:03:26.400000",
        "speaker_tag": 1,
        "start_time": "0:03:26.100000",
        "word": "mix"
    },
    {
        "end_time": "0:03:26.600000",
        "speaker_tag": 1,
        "start_time": "0:03:26.400000",
        "word": "it"
    },
    {
        "end_time": "0:03:26.700000",
        "speaker_tag": 1,
        "start_time": "0:03:26.600000",
        "word": "all"
    },
    {
        "end_time": "0:03:26.900000",
        "speaker_tag": 1,
        "start_time": "0:03:26.700000",
        "word": "together"
    },
    {
        "end_time": "0:03:27.600000",
        "speaker_tag": 1,
        "start_time": "0:03:26.900000",
        "word": "you"
    },
    {
        "end_time": "0:03:27.900000",
        "speaker_tag": 1,
        "start_time": "0:03:27.600000",
        "word": "can"
    },
    {
        "end_time": "0:03:28.300000",
        "speaker_tag": 1,
        "start_time": "0:03:27.900000",
        "word": "add"
    },
    {
        "end_time": "0:03:28.600000",
        "speaker_tag": 1,
        "start_time": "0:03:28.300000",
        "word": "sugar"
    },
    {
        "end_time": "0:03:28.900000",
        "speaker_tag": 1,
        "start_time": "0:03:28.600000",
        "word": "you"
    },
    {
        "end_time": "0:03:29.100000",
        "speaker_tag": 1,
        "start_time": "0:03:28.900000",
        "word": "cannot"
    },
    {
        "end_time": "0:03:29.600000",
        "speaker_tag": 1,
        "start_time": "0:03:29.100000",
        "word": "honey"
    },
    {
        "end_time": "0:03:31.100000",
        "speaker_tag": 1,
        "start_time": "0:03:29.600000",
        "word": "her"
    },
    {
        "end_time": "0:03:32.300000",
        "speaker_tag": 1,
        "start_time": "0:03:31.100000",
        "word": "more"
    },
    {
        "end_time": "0:03:32.900000",
        "speaker_tag": 1,
        "start_time": "0:03:32.300000",
        "word": "tastiness"
    },
    {
        "end_time": "0:03:33.400000",
        "speaker_tag": 1,
        "start_time": "0:03:32.900000",
        "word": "to"
    },
    {
        "end_time": "0:03:33.700000",
        "speaker_tag": 1,
        "start_time": "0:03:33.400000",
        "word": "it"
    },
    {
        "end_time": "0:03:34.500000",
        "speaker_tag": 1,
        "start_time": "0:03:33.700000",
        "word": "and"
    },
    {
        "end_time": "0:03:35",
        "speaker_tag": 1,
        "start_time": "0:03:34.500000",
        "word": "that's"
    },
    {
        "end_time": "0:03:35.200000",
        "speaker_tag": 1,
        "start_time": "0:03:35",
        "word": "your"
    },
    {
        "end_time": "0:03:35.500000",
        "speaker_tag": 1,
        "start_time": "0:03:35.200000",
        "word": "bowl"
    },
    {
        "end_time": "0:03:35.600000",
        "speaker_tag": 1,
        "start_time": "0:03:35.500000",
        "word": "of"
    },
    {
        "end_time": "0:03:36.100000",
        "speaker_tag": 1,
        "start_time": "0:03:35.600000",
        "word": "fruit"
    },
    {
        "end_time": "0:03:37.200000",
        "speaker_tag": 1,
        "start_time": "0:03:36.100000",
        "word": "scrambled"
    },
    {
        "end_time": "0:03:37.400000",
        "speaker_tag": 1,
        "start_time": "0:03:37.200000",
        "word": "eggs"
    },
    {
        "end_time": "0:03:37.600000",
        "speaker_tag": 1,
        "start_time": "0:03:37.400000",
        "word": "can"
    },
    {
        "end_time": "0:03:37.800000",
        "speaker_tag": 1,
        "start_time": "0:03:37.600000",
        "word": "get"
    },
    {
        "end_time": "0:03:38.200000",
        "speaker_tag": 2,
        "start_time": "0:03:37.800000",
        "word": "tricky"
    },
    {
        "end_time": "0:03:39.100000",
        "speaker_tag": 2,
        "start_time": "0:03:38.200000",
        "word": "because"
    },
    {
        "end_time": "0:03:40.400000",
        "speaker_tag": 1,
        "start_time": "0:03:39.100000",
        "word": "you"
    },
    {
        "end_time": "0:03:40.500000",
        "speaker_tag": 1,
        "start_time": "0:03:40.400000",
        "word": "don't"
    },
    {
        "end_time": "0:03:41.300000",
        "speaker_tag": 1,
        "start_time": "0:03:40.500000",
        "word": "like"
    },
    {
        "end_time": "0:03:42.500000",
        "speaker_tag": 1,
        "start_time": "0:03:41.300000",
        "word": "sometimes"
    },
    {
        "end_time": "0:03:42.600000",
        "speaker_tag": 1,
        "start_time": "0:03:42.500000",
        "word": "you"
    },
    {
        "end_time": "0:03:42.800000",
        "speaker_tag": 1,
        "start_time": "0:03:42.600000",
        "word": "don't"
    },
    {
        "end_time": "0:03:43.800000",
        "speaker_tag": 1,
        "start_time": "0:03:42.800000",
        "word": "mix"
    },
    {
        "end_time": "0:03:43.900000",
        "speaker_tag": 1,
        "start_time": "0:03:43.800000",
        "word": "it"
    },
    {
        "end_time": "0:03:44.100000",
        "speaker_tag": 1,
        "start_time": "0:03:43.900000",
        "word": "the"
    },
    {
        "end_time": "0:03:44.300000",
        "speaker_tag": 1,
        "start_time": "0:03:44.100000",
        "word": "right"
    },
    {
        "end_time": "0:03:44.400000",
        "speaker_tag": 1,
        "start_time": "0:03:44.300000",
        "word": "way"
    },
    {
        "end_time": "0:03:44.700000",
        "speaker_tag": 1,
        "start_time": "0:03:44.400000",
        "word": "and"
    },
    {
        "end_time": "0:03:45",
        "speaker_tag": 1,
        "start_time": "0:03:44.700000",
        "word": "there's"
    },
    {
        "end_time": "0:03:45.300000",
        "speaker_tag": 1,
        "start_time": "0:03:45",
        "word": "different"
    },
    {
        "end_time": "0:03:45.700000",
        "speaker_tag": 1,
        "start_time": "0:03:45.300000",
        "word": "forms"
    },
    {
        "end_time": "0:03:45.800000",
        "speaker_tag": 1,
        "start_time": "0:03:45.700000",
        "word": "of"
    },
    {
        "end_time": "0:03:46.100000",
        "speaker_tag": 1,
        "start_time": "0:03:45.800000",
        "word": "it"
    },
    {
        "end_time": "0:03:46.400000",
        "speaker_tag": 1,
        "start_time": "0:03:46.100000",
        "word": "so"
    },
    {
        "end_time": "0:03:46.900000",
        "speaker_tag": 1,
        "start_time": "0:03:46.400000",
        "word": "scrambled"
    },
    {
        "end_time": "0:03:47.300000",
        "speaker_tag": 1,
        "start_time": "0:03:46.900000",
        "word": "eggs"
    },
    {
        "end_time": "0:03:47.600000",
        "speaker_tag": 1,
        "start_time": "0:03:47.300000",
        "word": "with"
    },
    {
        "end_time": "0:03:48.600000",
        "speaker_tag": 1,
        "start_time": "0:03:47.600000",
        "word": "their"
    },
    {
        "end_time": "0:03:48.700000",
        "speaker_tag": 1,
        "start_time": "0:03:48.600000",
        "word": "on"
    },
    {
        "end_time": "0:03:49",
        "speaker_tag": 1,
        "start_time": "0:03:48.700000",
        "word": "some"
    },
    {
        "end_time": "0:03:49.600000",
        "speaker_tag": 1,
        "start_time": "0:03:49",
        "word": "oil"
    },
    {
        "end_time": "0:03:51",
        "speaker_tag": 1,
        "start_time": "0:03:50.600000",
        "word": "what"
    },
    {
        "end_time": "0:03:51.200000",
        "speaker_tag": 1,
        "start_time": "0:03:51",
        "word": "that"
    },
    {
        "end_time": "0:03:51.500000",
        "speaker_tag": 1,
        "start_time": "0:03:51.200000",
        "word": "heat"
    },
    {
        "end_time": "0:03:51.600000",
        "speaker_tag": 1,
        "start_time": "0:03:51.500000",
        "word": "up"
    },
    {
        "end_time": "0:03:52.200000",
        "speaker_tag": 1,
        "start_time": "0:03:51.600000",
        "word": "or"
    },
    {
        "end_time": "0:03:52.300000",
        "speaker_tag": 1,
        "start_time": "0:03:52.200000",
        "word": "you"
    },
    {
        "end_time": "0:03:52.400000",
        "speaker_tag": 1,
        "start_time": "0:03:52.300000",
        "word": "can"
    },
    {
        "end_time": "0:03:52.700000",
        "speaker_tag": 1,
        "start_time": "0:03:52.400000",
        "word": "do"
    },
    {
        "end_time": "0:03:52.900000",
        "speaker_tag": 1,
        "start_time": "0:03:52.700000",
        "word": "better"
    },
    {
        "end_time": "0:03:54.600000",
        "speaker_tag": 1,
        "start_time": "0:03:52.900000",
        "word": "and"
    },
    {
        "end_time": "0:03:55",
        "speaker_tag": 1,
        "start_time": "0:03:54.600000",
        "word": "you"
    },
    {
        "end_time": "0:03:55.200000",
        "speaker_tag": 1,
        "start_time": "0:03:55",
        "word": "feel"
    },
    {
        "end_time": "0:03:55.200000",
        "speaker_tag": 1,
        "start_time": "0:03:55.200000",
        "word": "that"
    },
    {
        "end_time": "0:03:55.500000",
        "speaker_tag": 1,
        "start_time": "0:03:55.200000",
        "word": "I"
    },
    {
        "end_time": "0:03:55.900000",
        "speaker_tag": 1,
        "start_time": "0:03:55.500000",
        "word": "said"
    },
    {
        "end_time": "0:03:56.100000",
        "speaker_tag": 1,
        "start_time": "0:03:55.900000",
        "word": "I"
    },
    {
        "end_time": "0:03:56.500000",
        "speaker_tag": 1,
        "start_time": "0:03:56.100000",
        "word": "usually"
    },
    {
        "end_time": "0:03:56.700000",
        "speaker_tag": 1,
        "start_time": "0:03:56.500000",
        "word": "do"
    },
    {
        "end_time": "0:03:56.900000",
        "speaker_tag": 1,
        "start_time": "0:03:56.700000",
        "word": "too"
    },
    {
        "end_time": "0:04:01.100000",
        "speaker_tag": 2,
        "start_time": "0:03:56.900000",
        "word": "because"
    },
    {
        "end_time": "0:04:03.200000",
        "speaker_tag": 1,
        "start_time": "0:04:02.700000",
        "word": "it"
    },
    {
        "end_time": "0:04:03.400000",
        "speaker_tag": 1,
        "start_time": "0:04:03.200000",
        "word": "ends"
    },
    {
        "end_time": "0:04:03.500000",
        "speaker_tag": 1,
        "start_time": "0:04:03.400000",
        "word": "up"
    },
    {
        "end_time": "0:04:03.700000",
        "speaker_tag": 1,
        "start_time": "0:04:03.500000",
        "word": "looking"
    },
    {
        "end_time": "0:04:04.200000",
        "speaker_tag": 1,
        "start_time": "0:04:03.700000",
        "word": "smaller"
    },
    {
        "end_time": "0:04:04.500000",
        "speaker_tag": 1,
        "start_time": "0:04:04.200000",
        "word": "than"
    },
    {
        "end_time": "0:04:04.700000",
        "speaker_tag": 1,
        "start_time": "0:04:04.500000",
        "word": "how"
    },
    {
        "end_time": "0:04:04.900000",
        "speaker_tag": 1,
        "start_time": "0:04:04.700000",
        "word": "you"
    },
    {
        "end_time": "0:04:05",
        "speaker_tag": 1,
        "start_time": "0:04:04.900000",
        "word": "would"
    },
    {
        "end_time": "0:04:05.300000",
        "speaker_tag": 1,
        "start_time": "0:04:05",
        "word": "expect"
    },
    {
        "end_time": "0:04:05.400000",
        "speaker_tag": 1,
        "start_time": "0:04:05.300000",
        "word": "it"
    },
    {
        "end_time": "0:04:05.500000",
        "speaker_tag": 1,
        "start_time": "0:04:05.400000",
        "word": "to"
    },
    {
        "end_time": "0:04:05.700000",
        "speaker_tag": 1,
        "start_time": "0:04:05.500000",
        "word": "me"
    },
    {
        "end_time": "0:04:07.100000",
        "speaker_tag": 2,
        "start_time": "0:04:05.700000",
        "word": "and"
    },
    {
        "end_time": "0:04:09",
        "speaker_tag": 1,
        "start_time": "0:04:07.100000",
        "word": "usually"
    },
    {
        "end_time": "0:04:09.200000",
        "speaker_tag": 1,
        "start_time": "0:04:09",
        "word": "I"
    },
    {
        "end_time": "0:04:09.600000",
        "speaker_tag": 1,
        "start_time": "0:04:09.200000",
        "word": "start"
    },
    {
        "end_time": "0:04:10",
        "speaker_tag": 1,
        "start_time": "0:04:09.600000",
        "word": "mixing"
    },
    {
        "end_time": "0:04:10.100000",
        "speaker_tag": 1,
        "start_time": "0:04:10",
        "word": "it"
    },
    {
        "end_time": "0:04:10.700000",
        "speaker_tag": 1,
        "start_time": "0:04:10.100000",
        "word": "immediately"
    },
    {
        "end_time": "0:04:12.200000",
        "speaker_tag": 1,
        "start_time": "0:04:10.700000",
        "word": "whenever"
    },
    {
        "end_time": "0:04:12.600000",
        "speaker_tag": 1,
        "start_time": "0:04:12.200000",
        "word": "it's"
    },
    {
        "end_time": "0:04:12.900000",
        "speaker_tag": 1,
        "start_time": "0:04:12.600000",
        "word": "heated"
    },
    {
        "end_time": "0:04:13.100000",
        "speaker_tag": 1,
        "start_time": "0:04:12.900000",
        "word": "up"
    },
    {
        "end_time": "0:04:13.400000",
        "speaker_tag": 1,
        "start_time": "0:04:13.100000",
        "word": "because"
    },
    {
        "end_time": "0:04:13.500000",
        "speaker_tag": 1,
        "start_time": "0:04:13.400000",
        "word": "it"
    },
    {
        "end_time": "0:04:13.800000",
        "speaker_tag": 1,
        "start_time": "0:04:13.500000",
        "word": "turns"
    },
    {
        "end_time": "0:04:13.900000",
        "speaker_tag": 1,
        "start_time": "0:04:13.800000",
        "word": "white"
    },
    {
        "end_time": "0:04:15.700000",
        "speaker_tag": 2,
        "start_time": "0:04:13.900000",
        "word": "and"
    },
    {
        "end_time": "0:04:16.500000",
        "speaker_tag": 2,
        "start_time": "0:04:15.700000",
        "word": "you"
    },
    {
        "end_time": "0:04:16.700000",
        "speaker_tag": 2,
        "start_time": "0:04:16.500000",
        "word": "can"
    },
    {
        "end_time": "0:04:16.800000",
        "speaker_tag": 2,
        "start_time": "0:04:16.700000",
        "word": "use"
    },
    {
        "end_time": "0:04:16.900000",
        "speaker_tag": 1,
        "start_time": "0:04:16.800000",
        "word": "a"
    },
    {
        "end_time": "0:04:17.500000",
        "speaker_tag": 1,
        "start_time": "0:04:16.900000",
        "word": "whisk"
    },
    {
        "end_time": "0:04:17.900000",
        "speaker_tag": 1,
        "start_time": "0:04:17.500000",
        "word": "or"
    },
    {
        "end_time": "0:04:18.100000",
        "speaker_tag": 1,
        "start_time": "0:04:17.900000",
        "word": "you"
    },
    {
        "end_time": "0:04:18.300000",
        "speaker_tag": 1,
        "start_time": "0:04:18.100000",
        "word": "can"
    },
    {
        "end_time": "0:04:18.400000",
        "speaker_tag": 1,
        "start_time": "0:04:18.300000",
        "word": "just"
    },
    {
        "end_time": "0:04:18.900000",
        "speaker_tag": 1,
        "start_time": "0:04:18.400000",
        "word": "use"
    },
    {
        "end_time": "0:04:19.800000",
        "speaker_tag": 1,
        "start_time": "0:04:18.900000",
        "word": "whatever"
    },
    {
        "end_time": "0:04:20.200000",
        "speaker_tag": 1,
        "start_time": "0:04:19.800000",
        "word": "toy"
    },
    {
        "end_time": "0:04:20.400000",
        "speaker_tag": 1,
        "start_time": "0:04:20.200000",
        "word": "you"
    },
    {
        "end_time": "0:04:20.800000",
        "speaker_tag": 2,
        "start_time": "0:04:20.400000",
        "word": "have"
    },
    {
        "end_time": "0:04:22.400000",
        "speaker_tag": 2,
        "start_time": "0:04:20.800000",
        "word": "and"
    },
    {
        "end_time": "0:04:22.600000",
        "speaker_tag": 2,
        "start_time": "0:04:22.400000",
        "word": "you"
    },
    {
        "end_time": "0:04:22.800000",
        "speaker_tag": 2,
        "start_time": "0:04:22.600000",
        "word": "can"
    },
    {
        "end_time": "0:04:23.100000",
        "speaker_tag": 2,
        "start_time": "0:04:22.800000",
        "word": "add"
    },
    {
        "end_time": "0:04:23.600000",
        "speaker_tag": 1,
        "start_time": "0:04:23.100000",
        "word": "milk"
    },
    {
        "end_time": "0:04:23.800000",
        "speaker_tag": 1,
        "start_time": "0:04:23.600000",
        "word": "cuz"
    },
    {
        "end_time": "0:04:24.200000",
        "speaker_tag": 1,
        "start_time": "0:04:23.800000",
        "word": "milk"
    },
    {
        "end_time": "0:04:24.500000",
        "speaker_tag": 1,
        "start_time": "0:04:24.200000",
        "word": "makes"
    },
    {
        "end_time": "0:04:24.700000",
        "speaker_tag": 1,
        "start_time": "0:04:24.500000",
        "word": "it"
    },
    {
        "end_time": "0:04:24.900000",
        "speaker_tag": 1,
        "start_time": "0:04:24.700000",
        "word": "more"
    },
    {
        "end_time": "0:04:26.800000",
        "speaker_tag": 2,
        "start_time": "0:04:26.800000",
        "word": "I"
    },
    {
        "end_time": "0:04:27.400000",
        "speaker_tag": 2,
        "start_time": "0:04:26.800000",
        "word": "can't"
    },
    {
        "end_time": "0:04:27.400000",
        "speaker_tag": 2,
        "start_time": "0:04:27.400000",
        "word": "think"
    },
    {
        "end_time": "0:04:27.600000",
        "speaker_tag": 2,
        "start_time": "0:04:27.400000",
        "word": "of"
    },
    {
        "end_time": "0:04:27.700000",
        "speaker_tag": 2,
        "start_time": "0:04:27.600000",
        "word": "the"
    },
    {
        "end_time": "0:04:28",
        "speaker_tag": 2,
        "start_time": "0:04:27.700000",
        "word": "word"
    },
    {
        "end_time": "0:04:28.500000",
        "speaker_tag": 2,
        "start_time": "0:04:28",
        "word": "but"
    },
    {
        "end_time": "0:04:28.600000",
        "speaker_tag": 2,
        "start_time": "0:04:28.500000",
        "word": "it"
    },
    {
        "end_time": "0:04:28.800000",
        "speaker_tag": 2,
        "start_time": "0:04:28.600000",
        "word": "makes"
    },
    {
        "end_time": "0:04:28.900000",
        "speaker_tag": 2,
        "start_time": "0:04:28.800000",
        "word": "it"
    },
    {
        "end_time": "0:04:29.100000",
        "speaker_tag": 2,
        "start_time": "0:04:28.900000",
        "word": "like"
    },
    {
        "end_time": "0:04:29.800000",
        "speaker_tag": 2,
        "start_time": "0:04:29.100000",
        "word": "fluffier"
    },
    {
        "end_time": "0:04:30.100000",
        "speaker_tag": 2,
        "start_time": "0:04:29.800000",
        "word": "I"
    },
    {
        "end_time": "0:04:30.400000",
        "speaker_tag": 2,
        "start_time": "0:04:30.100000",
        "word": "think"
    },
    {
        "end_time": "0:04:32.100000",
        "speaker_tag": 2,
        "start_time": "0:04:30.400000",
        "word": "and"
    },
    {
        "end_time": "0:04:33",
        "speaker_tag": 2,
        "start_time": "0:04:32.100000",
        "word": "I"
    },
    {
        "end_time": "0:04:33.400000",
        "speaker_tag": 1,
        "start_time": "0:04:33",
        "word": "add"
    },
    {
        "end_time": "0:04:33.700000",
        "speaker_tag": 1,
        "start_time": "0:04:33.400000",
        "word": "like"
    },
    {
        "end_time": "0:04:33.900000",
        "speaker_tag": 1,
        "start_time": "0:04:33.700000",
        "word": "some"
    },
    {
        "end_time": "0:04:34.400000",
        "speaker_tag": 1,
        "start_time": "0:04:33.900000",
        "word": "cheese"
    },
    {
        "end_time": "0:04:34.600000",
        "speaker_tag": 1,
        "start_time": "0:04:34.400000",
        "word": "cuz"
    },
    {
        "end_time": "0:04:34.800000",
        "speaker_tag": 1,
        "start_time": "0:04:34.600000",
        "word": "it's"
    },
    {
        "end_time": "0:04:34.900000",
        "speaker_tag": 1,
        "start_time": "0:04:34.800000",
        "word": "really"
    },
    {
        "end_time": "0:04:35.300000",
        "speaker_tag": 1,
        "start_time": "0:04:34.900000",
        "word": "good"
    },
    {
        "end_time": "0:04:35.800000",
        "speaker_tag": 1,
        "start_time": "0:04:35.300000",
        "word": "cheese"
    },
    {
        "end_time": "0:04:37",
        "speaker_tag": 1,
        "start_time": "0:04:35.800000",
        "word": "and"
    },
    {
        "end_time": "0:04:37.200000",
        "speaker_tag": 1,
        "start_time": "0:04:37",
        "word": "I"
    },
    {
        "end_time": "0:04:37.300000",
        "speaker_tag": 1,
        "start_time": "0:04:37.200000",
        "word": "have"
    },
    {
        "end_time": "0:04:37.500000",
        "speaker_tag": 1,
        "start_time": "0:04:37.300000",
        "word": "some"
    },
    {
        "end_time": "0:04:37.700000",
        "speaker_tag": 1,
        "start_time": "0:04:37.500000",
        "word": "salt"
    },
    {
        "end_time": "0:04:37.800000",
        "speaker_tag": 1,
        "start_time": "0:04:37.700000",
        "word": "and"
    },
    {
        "end_time": "0:04:38.100000",
        "speaker_tag": 1,
        "start_time": "0:04:37.800000",
        "word": "pepper"
    },
    {
        "end_time": "0:04:38.800000",
        "speaker_tag": 1,
        "start_time": "0:04:38.100000",
        "word": "whenever"
    },
    {
        "end_time": "0:04:39.100000",
        "speaker_tag": 1,
        "start_time": "0:04:38.800000",
        "word": "you"
    },
    {
        "end_time": "0:04:39.200000",
        "speaker_tag": 1,
        "start_time": "0:04:39.100000",
        "word": "think"
    },
    {
        "end_time": "0:04:39.600000",
        "speaker_tag": 1,
        "start_time": "0:04:39.200000",
        "word": "it's"
    },
    {
        "end_time": "0:04:40",
        "speaker_tag": 1,
        "start_time": "0:04:39.600000",
        "word": "ready"
    },
    {
        "end_time": "0:04:40.100000",
        "speaker_tag": 1,
        "start_time": "0:04:40",
        "word": "and"
    },
    {
        "end_time": "0:04:40.300000",
        "speaker_tag": 1,
        "start_time": "0:04:40.100000",
        "word": "it's"
    },
    {
        "end_time": "0:04:40.600000",
        "speaker_tag": 1,
        "start_time": "0:04:40.300000",
        "word": "like"
    },
    {
        "end_time": "0:04:41",
        "speaker_tag": 1,
        "start_time": "0:04:40.600000",
        "word": "hardened"
    },
    {
        "end_time": "0:04:41.200000",
        "speaker_tag": 1,
        "start_time": "0:04:41",
        "word": "up"
    },
    {
        "end_time": "0:04:41.400000",
        "speaker_tag": 1,
        "start_time": "0:04:41.200000",
        "word": "or"
    },
    {
        "end_time": "0:04:41.600000",
        "speaker_tag": 1,
        "start_time": "0:04:41.400000",
        "word": "it's"
    },
    {
        "end_time": "0:04:41.600000",
        "speaker_tag": 1,
        "start_time": "0:04:41.600000",
        "word": "like"
    },
    {
        "end_time": "0:04:41.800000",
        "speaker_tag": 1,
        "start_time": "0:04:41.600000",
        "word": "more"
    },
    {
        "end_time": "0:04:42.300000",
        "speaker_tag": 1,
        "start_time": "0:04:41.800000",
        "word": "solid"
    },
    {
        "end_time": "0:04:43.300000",
        "speaker_tag": 1,
        "start_time": "0:04:42.300000",
        "word": "and"
    },
    {
        "end_time": "0:04:43.400000",
        "speaker_tag": 1,
        "start_time": "0:04:43.300000",
        "word": "I'll"
    },
    {
        "end_time": "0:04:43.600000",
        "speaker_tag": 1,
        "start_time": "0:04:43.400000",
        "word": "do"
    },
    {
        "end_time": "0:04:44",
        "speaker_tag": 1,
        "start_time": "0:04:43.600000",
        "word": "scrambled"
    },
    {
        "end_time": "0:04:44.300000",
        "speaker_tag": 2,
        "start_time": "0:04:44",
        "word": "eggs"
    },
    {
        "end_time": "0:04:48.700000",
        "speaker_tag": 2,
        "start_time": "0:04:48.100000",
        "word": "aren't"
    },
    {
        "end_time": "0:04:48.800000",
        "speaker_tag": 2,
        "start_time": "0:04:48.700000",
        "word": "they"
    },
    {
        "end_time": "0:04:49",
        "speaker_tag": 2,
        "start_time": "0:04:48.800000",
        "word": "cute"
    },
    {
        "end_time": "0:05:00.600000",
        "speaker_tag": 2,
        "start_time": "0:04:59.200000",
        "word": "but"
    },
    {
        "end_time": "0:05:00.800000",
        "speaker_tag": 2,
        "start_time": "0:05:00.600000",
        "word": "maybe"
    },
    {
        "end_time": "0:05:00.900000",
        "speaker_tag": 2,
        "start_time": "0:05:00.800000",
        "word": "I'll"
    },
    {
        "end_time": "0:05:01.200000",
        "speaker_tag": 2,
        "start_time": "0:05:00.900000",
        "word": "stop"
    },
    {
        "end_time": "0:05:01.300000",
        "speaker_tag": 2,
        "start_time": "0:05:01.200000",
        "word": "recording"
    },
    {
        "end_time": "0:05:01.700000",
        "speaker_tag": 2,
        "start_time": "0:05:01.300000",
        "word": "us"
    }
]