[
    {
        "end_time": "0:00:00.200000",
        "speaker_tag": 2,
        "start_time": "0:00:00",
        "word": "is"
    },
    {
        "end_time": "0:00:00.500000",
        "speaker_tag": 2,
        "start_time": "0:00:00.200000",
        "word": "you"
    },
    {
        "end_time": "0:00:00.800000",
        "speaker_tag": 2,
        "start_time": "0:00:00.500000",
        "word": "telling"
    },
    {
        "end_time": "0:00:00.900000",
        "speaker_tag": 2,
        "start_time": "0:00:00.800000",
        "word": "me"
    },
    {
        "end_time": "0:00:01",
        "speaker_tag": 2,
        "start_time": "0:00:00.900000",
        "word": "about"
    },
    {
        "end_time": "0:00:01.200000",
        "speaker_tag": 2,
        "start_time": "0:00:01",
        "word": "a"
    },
    {
        "end_time": "0:00:01.500000",
        "speaker_tag": 2,
        "start_time": "0:00:01.200000",
        "word": "vacation"
    },
    {
        "end_time": "0:00:01.800000",
        "speaker_tag": 2,
        "start_time": "0:00:01.500000",
        "word": "are"
    },
    {
        "end_time": "0:00:01.900000",
        "speaker_tag": 2,
        "start_time": "0:00:01.800000",
        "word": "you"
    },
    {
        "end_time": "0:00:02.300000",
        "speaker_tag": 2,
        "start_time": "0:00:01.900000",
        "word": "taking"
    },
    {
        "end_time": "0:00:03",
        "speaker_tag": 2,
        "start_time": "0:00:02.300000",
        "word": "you"
    },
    {
        "end_time": "0:00:03.100000",
        "speaker_tag": 2,
        "start_time": "0:00:03",
        "word": "can"
    },
    {
        "end_time": "0:00:03.300000",
        "speaker_tag": 2,
        "start_time": "0:00:03.100000",
        "word": "provide"
    },
    {
        "end_time": "0:00:03.500000",
        "speaker_tag": 2,
        "start_time": "0:00:03.300000",
        "word": "as"
    },
    {
        "end_time": "0:00:03.700000",
        "speaker_tag": 2,
        "start_time": "0:00:03.500000",
        "word": "many"
    },
    {
        "end_time": "0:00:03.900000",
        "speaker_tag": 2,
        "start_time": "0:00:03.700000",
        "word": "details"
    },
    {
        "end_time": "0:00:04.200000",
        "speaker_tag": 2,
        "start_time": "0:00:03.900000",
        "word": "as"
    },
    {
        "end_time": "0:00:04.500000",
        "speaker_tag": 2,
        "start_time": "0:00:04.200000",
        "word": "you"
    },
    {
        "end_time": "0:00:04.800000",
        "speaker_tag": 2,
        "start_time": "0:00:04.500000",
        "word": "want"
    },
    {
        "end_time": "0:00:05.400000",
        "speaker_tag": 2,
        "start_time": "0:00:04.800000",
        "word": "and"
    },
    {
        "end_time": "0:00:05.400000",
        "speaker_tag": 2,
        "start_time": "0:00:05.400000",
        "word": "you"
    },
    {
        "end_time": "0:00:05.500000",
        "speaker_tag": 2,
        "start_time": "0:00:05.400000",
        "word": "have"
    },
    {
        "end_time": "0:00:05.900000",
        "speaker_tag": 2,
        "start_time": "0:00:05.500000",
        "word": "5"
    },
    {
        "end_time": "0:00:05.900000",
        "speaker_tag": 2,
        "start_time": "0:00:05.900000",
        "word": "minutes"
    },
    {
        "end_time": "0:00:06.600000",
        "speaker_tag": 2,
        "start_time": "0:00:05.900000",
        "word": "okay"
    },
    {
        "end_time": "0:00:07.600000",
        "speaker_tag": 2,
        "start_time": "0:00:06.600000",
        "word": "so"
    },
    {
        "end_time": "0:00:12.500000",
        "speaker_tag": 2,
        "start_time": "0:00:12.200000",
        "word": "I"
    },
    {
        "end_time": "0:00:13",
        "speaker_tag": 2,
        "start_time": "0:00:12.500000",
        "word": "went"
    },
    {
        "end_time": "0:00:13",
        "speaker_tag": 2,
        "start_time": "0:00:13",
        "word": "to"
    },
    {
        "end_time": "0:00:13.600000",
        "speaker_tag": 2,
        "start_time": "0:00:13",
        "word": "South"
    },
    {
        "end_time": "0:00:14.100000",
        "speaker_tag": 2,
        "start_time": "0:00:13.600000",
        "word": "Padre"
    },
    {
        "end_time": "0:00:14.300000",
        "speaker_tag": 2,
        "start_time": "0:00:14.100000",
        "word": "Island"
    },
    {
        "end_time": "0:00:15.600000",
        "speaker_tag": 2,
        "start_time": "0:00:14.300000",
        "word": "actually"
    },
    {
        "end_time": "0:00:16.200000",
        "speaker_tag": 2,
        "start_time": "0:00:15.600000",
        "word": "listings"
    },
    {
        "end_time": "0:00:16.400000",
        "speaker_tag": 2,
        "start_time": "0:00:16.200000",
        "word": "am"
    },
    {
        "end_time": "0:00:16.800000",
        "speaker_tag": 2,
        "start_time": "0:00:16.400000",
        "word": "I"
    },
    {
        "end_time": "0:00:17",
        "speaker_tag": 2,
        "start_time": "0:00:16.800000",
        "word": "went"
    },
    {
        "end_time": "0:00:17.100000",
        "speaker_tag": 2,
        "start_time": "0:00:17",
        "word": "to"
    },
    {
        "end_time": "0:00:17.200000",
        "speaker_tag": 2,
        "start_time": "0:00:17.100000",
        "word": "New"
    },
    {
        "end_time": "0:00:17.300000",
        "speaker_tag": 2,
        "start_time": "0:00:17.200000",
        "word": "York"
    },
    {
        "end_time": "0:00:17.600000",
        "speaker_tag": 2,
        "start_time": "0:00:17.300000",
        "word": "City"
    },
    {
        "end_time": "0:00:20.400000",
        "speaker_tag": 2,
        "start_time": "0:00:17.600000",
        "word": "School"
    },
    {
        "end_time": "0:00:26.100000",
        "speaker_tag": 2,
        "start_time": "0:00:25.700000",
        "word": "it"
    },
    {
        "end_time": "0:00:26.200000",
        "speaker_tag": 2,
        "start_time": "0:00:26.100000",
        "word": "was"
    },
    {
        "end_time": "0:00:26.500000",
        "speaker_tag": 2,
        "start_time": "0:00:26.200000",
        "word": "fun"
    },
    {
        "end_time": "0:00:28.100000",
        "speaker_tag": 2,
        "start_time": "0:00:26.500000",
        "word": "people"
    },
    {
        "end_time": "0:00:28.500000",
        "speaker_tag": 2,
        "start_time": "0:00:28.100000",
        "word": "got"
    },
    {
        "end_time": "0:00:28.800000",
        "speaker_tag": 2,
        "start_time": "0:00:28.500000",
        "word": "harassed"
    },
    {
        "end_time": "0:00:29.100000",
        "speaker_tag": 2,
        "start_time": "0:00:28.800000",
        "word": "on"
    },
    {
        "end_time": "0:00:29.200000",
        "speaker_tag": 2,
        "start_time": "0:00:29.100000",
        "word": "the"
    },
    {
        "end_time": "0:00:29.600000",
        "speaker_tag": 2,
        "start_time": "0:00:29.200000",
        "word": "street"
    },
    {
        "end_time": "0:00:30",
        "speaker_tag": 2,
        "start_time": "0:00:29.600000",
        "word": "because"
    },
    {
        "end_time": "0:00:30.400000",
        "speaker_tag": 2,
        "start_time": "0:00:30",
        "word": "it's"
    },
    {
        "end_time": "0:00:30.500000",
        "speaker_tag": 2,
        "start_time": "0:00:30.400000",
        "word": "like"
    },
    {
        "end_time": "0:00:30.600000",
        "speaker_tag": 2,
        "start_time": "0:00:30.500000",
        "word": "a"
    },
    {
        "end_time": "0:00:30.800000",
        "speaker_tag": 2,
        "start_time": "0:00:30.600000",
        "word": "big"
    },
    {
        "end_time": "0:00:31.200000",
        "speaker_tag": 2,
        "start_time": "0:00:30.800000",
        "word": "cities"
    },
    {
        "end_time": "0:00:31.300000",
        "speaker_tag": 2,
        "start_time": "0:00:31.200000",
        "word": "a"
    },
    {
        "end_time": "0:00:31.500000",
        "speaker_tag": 2,
        "start_time": "0:00:31.300000",
        "word": "lot"
    },
    {
        "end_time": "0:00:31.600000",
        "speaker_tag": 2,
        "start_time": "0:00:31.500000",
        "word": "of"
    },
    {
        "end_time": "0:00:31.800000",
        "speaker_tag": 2,
        "start_time": "0:00:31.600000",
        "word": "things"
    },
    {
        "end_time": "0:00:32.100000",
        "speaker_tag": 2,
        "start_time": "0:00:31.800000",
        "word": "happen"
    },
    {
        "end_time": "0:00:32.600000",
        "speaker_tag": 2,
        "start_time": "0:00:32.100000",
        "word": "that"
    },
    {
        "end_time": "0:00:32.700000",
        "speaker_tag": 2,
        "start_time": "0:00:32.600000",
        "word": "I"
    },
    {
        "end_time": "0:00:33",
        "speaker_tag": 2,
        "start_time": "0:00:32.700000",
        "word": "found"
    },
    {
        "end_time": "0:00:33.200000",
        "speaker_tag": 2,
        "start_time": "0:00:33",
        "word": "out"
    },
    {
        "end_time": "0:00:33.300000",
        "speaker_tag": 2,
        "start_time": "0:00:33.200000",
        "word": "that"
    },
    {
        "end_time": "0:00:33.700000",
        "speaker_tag": 2,
        "start_time": "0:00:33.300000",
        "word": "there's"
    },
    {
        "end_time": "0:00:33.800000",
        "speaker_tag": 2,
        "start_time": "0:00:33.700000",
        "word": "not"
    },
    {
        "end_time": "0:00:33.800000",
        "speaker_tag": 2,
        "start_time": "0:00:33.800000",
        "word": "a"
    },
    {
        "end_time": "0:00:33.900000",
        "speaker_tag": 2,
        "start_time": "0:00:33.800000",
        "word": "lot"
    },
    {
        "end_time": "0:00:34.100000",
        "speaker_tag": 2,
        "start_time": "0:00:33.900000",
        "word": "of"
    },
    {
        "end_time": "0:00:34.600000",
        "speaker_tag": 2,
        "start_time": "0:00:34.100000",
        "word": "Mexicans"
    },
    {
        "end_time": "0:00:34.700000",
        "speaker_tag": 2,
        "start_time": "0:00:34.600000",
        "word": "in"
    },
    {
        "end_time": "0:00:34.800000",
        "speaker_tag": 2,
        "start_time": "0:00:34.700000",
        "word": "New"
    },
    {
        "end_time": "0:00:35.100000",
        "speaker_tag": 2,
        "start_time": "0:00:34.800000",
        "word": "York"
    },
    {
        "end_time": "0:00:35.300000",
        "speaker_tag": 2,
        "start_time": "0:00:35.100000",
        "word": "which"
    },
    {
        "end_time": "0:00:35.400000",
        "speaker_tag": 2,
        "start_time": "0:00:35.300000",
        "word": "is"
    },
    {
        "end_time": "0:00:35.900000",
        "speaker_tag": 2,
        "start_time": "0:00:35.400000",
        "word": "interesting"
    },
    {
        "end_time": "0:00:37.900000",
        "speaker_tag": 2,
        "start_time": "0:00:35.900000",
        "word": "is"
    },
    {
        "end_time": "0:00:38.400000",
        "speaker_tag": 2,
        "start_time": "0:00:37.900000",
        "word": "everything"
    },
    {
        "end_time": "0:00:38.600000",
        "speaker_tag": 2,
        "start_time": "0:00:38.400000",
        "word": "but"
    },
    {
        "end_time": "0:00:38.700000",
        "speaker_tag": 2,
        "start_time": "0:00:38.600000",
        "word": "there's"
    },
    {
        "end_time": "0:00:38.800000",
        "speaker_tag": 2,
        "start_time": "0:00:38.700000",
        "word": "no"
    },
    {
        "end_time": "0:00:39.200000",
        "speaker_tag": 2,
        "start_time": "0:00:38.800000",
        "word": "Mexican"
    },
    {
        "end_time": "0:00:43.600000",
        "speaker_tag": 2,
        "start_time": "0:00:39.200000",
        "word": "group"
    },
    {
        "end_time": "0:00:45.700000",
        "speaker_tag": 2,
        "start_time": "0:00:43.600000",
        "word": "because"
    },
    {
        "end_time": "0:00:45.800000",
        "speaker_tag": 2,
        "start_time": "0:00:45.700000",
        "word": "we"
    },
    {
        "end_time": "0:00:46",
        "speaker_tag": 2,
        "start_time": "0:00:45.800000",
        "word": "stood"
    },
    {
        "end_time": "0:00:46.200000",
        "speaker_tag": 2,
        "start_time": "0:00:46",
        "word": "out"
    },
    {
        "end_time": "0:00:46.300000",
        "speaker_tag": 2,
        "start_time": "0:00:46.200000",
        "word": "a"
    },
    {
        "end_time": "0:00:46.500000",
        "speaker_tag": 2,
        "start_time": "0:00:46.300000",
        "word": "lot"
    },
    {
        "end_time": "0:00:49.300000",
        "speaker_tag": 2,
        "start_time": "0:00:46.500000",
        "word": "Mexican"
    },
    {
        "end_time": "0:00:50.100000",
        "speaker_tag": 2,
        "start_time": "0:00:49.300000",
        "word": "High"
    },
    {
        "end_time": "0:00:50.300000",
        "speaker_tag": 2,
        "start_time": "0:00:50.100000",
        "word": "School"
    },
    {
        "end_time": "0:00:50.700000",
        "speaker_tag": 2,
        "start_time": "0:00:50.300000",
        "word": "I"
    },
    {
        "end_time": "0:00:50.900000",
        "speaker_tag": 2,
        "start_time": "0:00:50.700000",
        "word": "got"
    },
    {
        "end_time": "0:00:51",
        "speaker_tag": 2,
        "start_time": "0:00:50.900000",
        "word": "her"
    },
    {
        "end_time": "0:00:51.300000",
        "speaker_tag": 2,
        "start_time": "0:00:51",
        "word": "mostly"
    },
    {
        "end_time": "0:00:51.500000",
        "speaker_tag": 2,
        "start_time": "0:00:51.300000",
        "word": "all"
    },
    {
        "end_time": "0:00:51.900000",
        "speaker_tag": 2,
        "start_time": "0:00:51.500000",
        "word": "Mexican"
    },
    {
        "end_time": "0:00:53.100000",
        "speaker_tag": 2,
        "start_time": "0:00:51.900000",
        "word": "and"
    },
    {
        "end_time": "0:00:53.800000",
        "speaker_tag": 2,
        "start_time": "0:00:53.100000",
        "word": "they"
    },
    {
        "end_time": "0:00:55.300000",
        "speaker_tag": 2,
        "start_time": "0:00:53.800000",
        "word": "asked"
    },
    {
        "end_time": "0:00:55.400000",
        "speaker_tag": 2,
        "start_time": "0:00:55.300000",
        "word": "us"
    },
    {
        "end_time": "0:00:56.200000",
        "speaker_tag": 2,
        "start_time": "0:00:55.400000",
        "word": "if"
    },
    {
        "end_time": "0:00:56.600000",
        "speaker_tag": 2,
        "start_time": "0:00:56.200000",
        "word": "we"
    },
    {
        "end_time": "0:00:57",
        "speaker_tag": 2,
        "start_time": "0:00:56.600000",
        "word": "were"
    },
    {
        "end_time": "0:00:57.100000",
        "speaker_tag": 2,
        "start_time": "0:00:57",
        "word": "a"
    },
    {
        "end_time": "0:00:57.600000",
        "speaker_tag": 2,
        "start_time": "0:00:57.100000",
        "word": "soccer"
    },
    {
        "end_time": "0:00:57.800000",
        "speaker_tag": 2,
        "start_time": "0:00:57.600000",
        "word": "team"
    },
    {
        "end_time": "0:00:58.100000",
        "speaker_tag": 2,
        "start_time": "0:00:57.800000",
        "word": "and"
    },
    {
        "end_time": "0:00:58.200000",
        "speaker_tag": 2,
        "start_time": "0:00:58.100000",
        "word": "I"
    },
    {
        "end_time": "0:00:58.500000",
        "speaker_tag": 2,
        "start_time": "0:00:58.200000",
        "word": "like"
    },
    {
        "end_time": "0:00:58.800000",
        "speaker_tag": 2,
        "start_time": "0:00:58.500000",
        "word": "knowing"
    },
    {
        "end_time": "0:01:01.800000",
        "speaker_tag": 2,
        "start_time": "0:00:58.800000",
        "word": "it"
    },
    {
        "end_time": "0:01:01.900000",
        "speaker_tag": 2,
        "start_time": "0:01:01.800000",
        "word": "was"
    },
    {
        "end_time": "0:01:02.200000",
        "speaker_tag": 2,
        "start_time": "0:01:01.900000",
        "word": "fair"
    },
    {
        "end_time": "0:01:02.400000",
        "speaker_tag": 2,
        "start_time": "0:01:02.200000",
        "word": "cuz"
    },
    {
        "end_time": "0:01:02.400000",
        "speaker_tag": 2,
        "start_time": "0:01:02.400000",
        "word": "we"
    },
    {
        "end_time": "0:01:02.600000",
        "speaker_tag": 2,
        "start_time": "0:01:02.400000",
        "word": "were"
    },
    {
        "end_time": "0:01:02.800000",
        "speaker_tag": 2,
        "start_time": "0:01:02.600000",
        "word": "all"
    },
    {
        "end_time": "0:01:03",
        "speaker_tag": 2,
        "start_time": "0:01:02.800000",
        "word": "wearing"
    },
    {
        "end_time": "0:01:03.100000",
        "speaker_tag": 2,
        "start_time": "0:01:03",
        "word": "the"
    },
    {
        "end_time": "0:01:03.700000",
        "speaker_tag": 2,
        "start_time": "0:01:03.100000",
        "word": "uniform"
    },
    {
        "end_time": "0:01:14.100000",
        "speaker_tag": 1,
        "start_time": "0:01:13.700000",
        "word": "what"
    },
    {
        "end_time": "0:01:14.300000",
        "speaker_tag": 1,
        "start_time": "0:01:14.100000",
        "word": "else"
    },
    {
        "end_time": "0:01:15.200000",
        "speaker_tag": 2,
        "start_time": "0:01:14.300000",
        "word": "we"
    },
    {
        "end_time": "0:01:15.400000",
        "speaker_tag": 2,
        "start_time": "0:01:15.200000",
        "word": "went"
    },
    {
        "end_time": "0:01:15.600000",
        "speaker_tag": 2,
        "start_time": "0:01:15.400000",
        "word": "out"
    },
    {
        "end_time": "0:01:15.900000",
        "speaker_tag": 2,
        "start_time": "0:01:15.600000",
        "word": "people"
    },
    {
        "end_time": "0:01:16",
        "speaker_tag": 2,
        "start_time": "0:01:15.900000",
        "word": "would"
    },
    {
        "end_time": "0:01:16.100000",
        "speaker_tag": 2,
        "start_time": "0:01:16",
        "word": "ask"
    },
    {
        "end_time": "0:01:16.300000",
        "speaker_tag": 2,
        "start_time": "0:01:16.100000",
        "word": "cuz"
    },
    {
        "end_time": "0:01:16.400000",
        "speaker_tag": 2,
        "start_time": "0:01:16.300000",
        "word": "we"
    },
    {
        "end_time": "0:01:16.600000",
        "speaker_tag": 2,
        "start_time": "0:01:16.400000",
        "word": "were"
    },
    {
        "end_time": "0:01:16.800000",
        "speaker_tag": 2,
        "start_time": "0:01:16.600000",
        "word": "probably"
    },
    {
        "end_time": "0:01:17.200000",
        "speaker_tag": 2,
        "start_time": "0:01:16.800000",
        "word": "sent"
    },
    {
        "end_time": "0:01:17.500000",
        "speaker_tag": 2,
        "start_time": "0:01:17.200000",
        "word": "from"
    },
    {
        "end_time": "0:01:18",
        "speaker_tag": 2,
        "start_time": "0:01:17.500000",
        "word": "Texas"
    },
    {
        "end_time": "0:01:18.100000",
        "speaker_tag": 2,
        "start_time": "0:01:18",
        "word": "and"
    },
    {
        "end_time": "0:01:18.200000",
        "speaker_tag": 2,
        "start_time": "0:01:18.100000",
        "word": "they're"
    },
    {
        "end_time": "0:01:18.400000",
        "speaker_tag": 2,
        "start_time": "0:01:18.200000",
        "word": "like"
    },
    {
        "end_time": "0:01:18.600000",
        "speaker_tag": 2,
        "start_time": "0:01:18.400000",
        "word": "wow"
    },
    {
        "end_time": "0:01:18.900000",
        "speaker_tag": 2,
        "start_time": "0:01:18.600000",
        "word": "you're"
    },
    {
        "end_time": "0:01:18.900000",
        "speaker_tag": 2,
        "start_time": "0:01:18.900000",
        "word": "really"
    },
    {
        "end_time": "0:01:19.300000",
        "speaker_tag": 2,
        "start_time": "0:01:18.900000",
        "word": "flew"
    },
    {
        "end_time": "0:01:19.400000",
        "speaker_tag": 2,
        "start_time": "0:01:19.300000",
        "word": "all"
    },
    {
        "end_time": "0:01:19.400000",
        "speaker_tag": 2,
        "start_time": "0:01:19.400000",
        "word": "the"
    },
    {
        "end_time": "0:01:19.500000",
        "speaker_tag": 2,
        "start_time": "0:01:19.400000",
        "word": "way"
    },
    {
        "end_time": "0:01:19.700000",
        "speaker_tag": 2,
        "start_time": "0:01:19.500000",
        "word": "over"
    },
    {
        "end_time": "0:01:19.800000",
        "speaker_tag": 2,
        "start_time": "0:01:19.700000",
        "word": "here"
    },
    {
        "end_time": "0:01:20.200000",
        "speaker_tag": 2,
        "start_time": "0:01:19.800000",
        "word": "for"
    },
    {
        "end_time": "0:01:26.500000",
        "speaker_tag": 2,
        "start_time": "0:01:20.200000",
        "word": "like"
    },
    {
        "end_time": "0:01:26.700000",
        "speaker_tag": 2,
        "start_time": "0:01:26.500000",
        "word": "two"
    },
    {
        "end_time": "0:01:26.700000",
        "speaker_tag": 2,
        "start_time": "0:01:26.700000",
        "word": "or"
    },
    {
        "end_time": "0:01:26.800000",
        "speaker_tag": 2,
        "start_time": "0:01:26.700000",
        "word": "three"
    },
    {
        "end_time": "0:01:27.500000",
        "speaker_tag": 2,
        "start_time": "0:01:26.800000",
        "word": "hours,"
    },
    {
        "end_time": "0:01:38.200000",
        "speaker_tag": 2,
        "start_time": "0:01:27.500000",
        "word": "Street"
    },
    {
        "end_time": "0:01:38.900000",
        "speaker_tag": 2,
        "start_time": "0:01:38.200000",
        "word": "NY"
    },
    {
        "end_time": "0:01:39.900000",
        "speaker_tag": 2,
        "start_time": "0:01:38.900000",
        "word": "weather."
    },
    {
        "end_time": "0:01:40.600000",
        "speaker_tag": 2,
        "start_time": "0:01:39.900000",
        "word": "Like"
    },
    {
        "end_time": "0:01:40.900000",
        "speaker_tag": 2,
        "start_time": "0:01:40.600000",
        "word": "Wayne"
    },
    {
        "end_time": "0:01:41.100000",
        "speaker_tag": 2,
        "start_time": "0:01:40.900000",
        "word": "up"
    },
    {
        "end_time": "0:01:41.500000",
        "speaker_tag": 2,
        "start_time": "0:01:41.100000",
        "word": "and"
    },
    {
        "end_time": "0:01:41.800000",
        "speaker_tag": 2,
        "start_time": "0:01:41.500000",
        "word": "like"
    },
    {
        "end_time": "0:01:42",
        "speaker_tag": 2,
        "start_time": "0:01:41.800000",
        "word": "two"
    },
    {
        "end_time": "0:01:42.200000",
        "speaker_tag": 2,
        "start_time": "0:01:42",
        "word": "creatures"
    },
    {
        "end_time": "0:01:42.500000",
        "speaker_tag": 2,
        "start_time": "0:01:42.200000",
        "word": "with"
    },
    {
        "end_time": "0:01:42.700000",
        "speaker_tag": 2,
        "start_time": "0:01:42.500000",
        "word": "them"
    },
    {
        "end_time": "0:01:43.600000",
        "speaker_tag": 2,
        "start_time": "0:01:42.700000",
        "word": "kind"
    },
    {
        "end_time": "0:01:43.600000",
        "speaker_tag": 2,
        "start_time": "0:01:43.600000",
        "word": "of"
    },
    {
        "end_time": "0:01:44",
        "speaker_tag": 2,
        "start_time": "0:01:43.600000",
        "word": "weird"
    },
    {
        "end_time": "0:01:44.100000",
        "speaker_tag": 2,
        "start_time": "0:01:44",
        "word": "because"
    },
    {
        "end_time": "0:01:44.500000",
        "speaker_tag": 2,
        "start_time": "0:01:44.100000",
        "word": "we're"
    },
    {
        "end_time": "0:01:44.900000",
        "speaker_tag": 2,
        "start_time": "0:01:44.500000",
        "word": "with"
    },
    {
        "end_time": "0:01:45",
        "speaker_tag": 2,
        "start_time": "0:01:44.900000",
        "word": "the"
    },
    {
        "end_time": "0:01:45.400000",
        "speaker_tag": 2,
        "start_time": "0:01:45",
        "word": "school"
    },
    {
        "end_time": "0:01:45.500000",
        "speaker_tag": 2,
        "start_time": "0:01:45.400000",
        "word": "and"
    },
    {
        "end_time": "0:01:45.700000",
        "speaker_tag": 2,
        "start_time": "0:01:45.500000",
        "word": "at"
    },
    {
        "end_time": "0:01:45.800000",
        "speaker_tag": 2,
        "start_time": "0:01:45.700000",
        "word": "that"
    },
    {
        "end_time": "0:01:45.900000",
        "speaker_tag": 2,
        "start_time": "0:01:45.800000",
        "word": "time"
    },
    {
        "end_time": "0:01:46.200000",
        "speaker_tag": 2,
        "start_time": "0:01:45.900000",
        "word": "we"
    },
    {
        "end_time": "0:01:46.400000",
        "speaker_tag": 2,
        "start_time": "0:01:46.200000",
        "word": "were"
    },
    {
        "end_time": "0:01:46.600000",
        "speaker_tag": 2,
        "start_time": "0:01:46.400000",
        "word": "like"
    },
    {
        "end_time": "0:01:47.700000",
        "speaker_tag": 2,
        "start_time": "0:01:46.600000",
        "word": "16"
    },
    {
        "end_time": "0:01:47.800000",
        "speaker_tag": 2,
        "start_time": "0:01:47.700000",
        "word": "or"
    },
    {
        "end_time": "0:01:48.300000",
        "speaker_tag": 2,
        "start_time": "0:01:47.800000",
        "word": "15"
    },
    {
        "end_time": "0:01:50.100000",
        "speaker_tag": 2,
        "start_time": "0:01:48.300000",
        "word": "weird"
    },
    {
        "end_time": "0:01:51",
        "speaker_tag": 2,
        "start_time": "0:01:50.100000",
        "word": "because"
    },
    {
        "end_time": "0:01:51.200000",
        "speaker_tag": 2,
        "start_time": "0:01:51",
        "word": "it's"
    },
    {
        "end_time": "0:01:51.300000",
        "speaker_tag": 2,
        "start_time": "0:01:51.200000",
        "word": "like"
    },
    {
        "end_time": "0:01:51.500000",
        "speaker_tag": 2,
        "start_time": "0:01:51.300000",
        "word": "what"
    },
    {
        "end_time": "0:01:51.500000",
        "speaker_tag": 2,
        "start_time": "0:01:51.500000",
        "word": "the"
    },
    {
        "end_time": "0:01:51.900000",
        "speaker_tag": 2,
        "start_time": "0:01:51.500000",
        "word": "school"
    },
    {
        "end_time": "0:01:52.100000",
        "speaker_tag": 2,
        "start_time": "0:01:51.900000",
        "word": "so"
    },
    {
        "end_time": "0:01:52.200000",
        "speaker_tag": 2,
        "start_time": "0:01:52.100000",
        "word": "it"
    },
    {
        "end_time": "0:01:52.400000",
        "speaker_tag": 2,
        "start_time": "0:01:52.200000",
        "word": "just"
    },
    {
        "end_time": "0:01:52.600000",
        "speaker_tag": 2,
        "start_time": "0:01:52.400000",
        "word": "looks"
    },
    {
        "end_time": "0:01:52.700000",
        "speaker_tag": 2,
        "start_time": "0:01:52.600000",
        "word": "weird"
    },
    {
        "end_time": "0:01:54.200000",
        "speaker_tag": 2,
        "start_time": "0:01:52.700000",
        "word": "it"
    },
    {
        "end_time": "0:01:54.500000",
        "speaker_tag": 2,
        "start_time": "0:01:54.200000",
        "word": "might"
    },
    {
        "end_time": "0:01:54.600000",
        "speaker_tag": 2,
        "start_time": "0:01:54.500000",
        "word": "look"
    },
    {
        "end_time": "0:01:54.900000",
        "speaker_tag": 2,
        "start_time": "0:01:54.600000",
        "word": "bad"
    },
    {
        "end_time": "0:01:55",
        "speaker_tag": 2,
        "start_time": "0:01:54.900000",
        "word": "on"
    },
    {
        "end_time": "0:01:55.200000",
        "speaker_tag": 2,
        "start_time": "0:01:55",
        "word": "the"
    },
    {
        "end_time": "0:01:55.500000",
        "speaker_tag": 2,
        "start_time": "0:01:55.200000",
        "word": "school"
    },
    {
        "end_time": "0:01:56.100000",
        "speaker_tag": 2,
        "start_time": "0:01:55.500000",
        "word": "but"
    },
    {
        "end_time": "0:01:56.300000",
        "speaker_tag": 2,
        "start_time": "0:01:56.100000",
        "word": "whatever"
    },
    {
        "end_time": "0:01:56.700000",
        "speaker_tag": 2,
        "start_time": "0:01:56.300000",
        "word": "it"
    },
    {
        "end_time": "0:01:56.800000",
        "speaker_tag": 2,
        "start_time": "0:01:56.700000",
        "word": "was"
    },
    {
        "end_time": "0:01:57.100000",
        "speaker_tag": 2,
        "start_time": "0:01:56.800000",
        "word": "funny"
    },
    {
        "end_time": "0:01:57.600000",
        "speaker_tag": 2,
        "start_time": "0:01:57.100000",
        "word": "I"
    },
    {
        "end_time": "0:01:57.900000",
        "speaker_tag": 2,
        "start_time": "0:01:57.600000",
        "word": "mostly"
    },
    {
        "end_time": "0:01:58.100000",
        "speaker_tag": 2,
        "start_time": "0:01:57.900000",
        "word": "it"
    },
    {
        "end_time": "0:01:58.200000",
        "speaker_tag": 2,
        "start_time": "0:01:58.100000",
        "word": "was"
    },
    {
        "end_time": "0:01:58.500000",
        "speaker_tag": 2,
        "start_time": "0:01:58.200000",
        "word": "fine"
    },
    {
        "end_time": "0:01:59.900000",
        "speaker_tag": 2,
        "start_time": "0:01:58.500000",
        "word": "we"
    },
    {
        "end_time": "0:02:00.400000",
        "speaker_tag": 2,
        "start_time": "0:01:59.900000",
        "word": "went"
    },
    {
        "end_time": "0:02:00.500000",
        "speaker_tag": 2,
        "start_time": "0:02:00.400000",
        "word": "to"
    },
    {
        "end_time": "0:02:01",
        "speaker_tag": 2,
        "start_time": "0:02:00.500000",
        "word": "McDonald's"
    },
    {
        "end_time": "0:02:01.600000",
        "speaker_tag": 2,
        "start_time": "0:02:01",
        "word": "in"
    },
    {
        "end_time": "0:02:02",
        "speaker_tag": 2,
        "start_time": "0:02:01.600000",
        "word": "Times"
    },
    {
        "end_time": "0:02:02.100000",
        "speaker_tag": 2,
        "start_time": "0:02:02",
        "word": "Square"
    },
    {
        "end_time": "0:02:03",
        "speaker_tag": 2,
        "start_time": "0:02:02.100000",
        "word": "and"
    },
    {
        "end_time": "0:02:03.200000",
        "speaker_tag": 2,
        "start_time": "0:02:03",
        "word": "there"
    },
    {
        "end_time": "0:02:03.400000",
        "speaker_tag": 2,
        "start_time": "0:02:03.200000",
        "word": "was"
    },
    {
        "end_time": "0:02:03.600000",
        "speaker_tag": 2,
        "start_time": "0:02:03.400000",
        "word": "this"
    },
    {
        "end_time": "0:02:04.200000",
        "speaker_tag": 2,
        "start_time": "0:02:03.600000",
        "word": "guy"
    },
    {
        "end_time": "0:02:04.300000",
        "speaker_tag": 2,
        "start_time": "0:02:04.200000",
        "word": "that"
    },
    {
        "end_time": "0:02:04.600000",
        "speaker_tag": 2,
        "start_time": "0:02:04.300000",
        "word": "was"
    },
    {
        "end_time": "0:02:04.900000",
        "speaker_tag": 2,
        "start_time": "0:02:04.600000",
        "word": "selling"
    },
    {
        "end_time": "0:02:05.100000",
        "speaker_tag": 2,
        "start_time": "0:02:04.900000",
        "word": "mixtapes"
    },
    {
        "end_time": "0:02:06.800000",
        "speaker_tag": 2,
        "start_time": "0:02:05.100000",
        "word": "but"
    },
    {
        "end_time": "0:02:07",
        "speaker_tag": 2,
        "start_time": "0:02:06.800000",
        "word": "it"
    },
    {
        "end_time": "0:02:07.200000",
        "speaker_tag": 2,
        "start_time": "0:02:07",
        "word": "sounds"
    },
    {
        "end_time": "0:02:07.200000",
        "speaker_tag": 2,
        "start_time": "0:02:07.200000",
        "word": "like"
    },
    {
        "end_time": "0:02:07.400000",
        "speaker_tag": 2,
        "start_time": "0:02:07.200000",
        "word": "a"
    },
    {
        "end_time": "0:02:07.600000",
        "speaker_tag": 2,
        "start_time": "0:02:07.400000",
        "word": "lot"
    },
    {
        "end_time": "0:02:07.800000",
        "speaker_tag": 2,
        "start_time": "0:02:07.600000",
        "word": "lice"
    },
    {
        "end_time": "0:02:08.200000",
        "speaker_tag": 2,
        "start_time": "0:02:07.800000",
        "word": "or"
    },
    {
        "end_time": "0:02:08.200000",
        "speaker_tag": 2,
        "start_time": "0:02:08.200000",
        "word": "a"
    },
    {
        "end_time": "0:02:08.400000",
        "speaker_tag": 2,
        "start_time": "0:02:08.200000",
        "word": "lot"
    },
    {
        "end_time": "0:02:08.600000",
        "speaker_tag": 2,
        "start_time": "0:02:08.400000",
        "word": "like"
    },
    {
        "end_time": "0:02:08.900000",
        "speaker_tag": 2,
        "start_time": "0:02:08.600000",
        "word": "Las"
    },
    {
        "end_time": "0:02:09",
        "speaker_tag": 2,
        "start_time": "0:02:08.900000",
        "word": "Vegas"
    },
    {
        "end_time": "0:02:15.300000",
        "speaker_tag": 2,
        "start_time": "0:02:13.700000",
        "word": "characteristics"
    },
    {
        "end_time": "0:02:15.300000",
        "speaker_tag": 2,
        "start_time": "0:02:15.300000",
        "word": "of"
    },
    {
        "end_time": "0:02:15.500000",
        "speaker_tag": 2,
        "start_time": "0:02:15.300000",
        "word": "any"
    },
    {
        "end_time": "0:02:15.700000",
        "speaker_tag": 2,
        "start_time": "0:02:15.500000",
        "word": "big"
    },
    {
        "end_time": "0:02:16",
        "speaker_tag": 2,
        "start_time": "0:02:15.700000",
        "word": "city"
    },
    {
        "end_time": "0:02:26",
        "speaker_tag": 2,
        "start_time": "0:02:16",
        "word": "dollars"
    },
    {
        "end_time": "0:02:26.600000",
        "speaker_tag": 2,
        "start_time": "0:02:26",
        "word": "but"
    },
    {
        "end_time": "0:02:27.600000",
        "speaker_tag": 2,
        "start_time": "0:02:26.600000",
        "word": "when"
    },
    {
        "end_time": "0:02:27.700000",
        "speaker_tag": 2,
        "start_time": "0:02:27.600000",
        "word": "we"
    },
    {
        "end_time": "0:02:28",
        "speaker_tag": 2,
        "start_time": "0:02:27.700000",
        "word": "bought"
    },
    {
        "end_time": "0:02:28.100000",
        "speaker_tag": 2,
        "start_time": "0:02:28",
        "word": "it"
    },
    {
        "end_time": "0:02:28.400000",
        "speaker_tag": 2,
        "start_time": "0:02:28.100000",
        "word": "I"
    },
    {
        "end_time": "0:02:28.700000",
        "speaker_tag": 2,
        "start_time": "0:02:28.400000",
        "word": "mean"
    },
    {
        "end_time": "0:02:28.800000",
        "speaker_tag": 2,
        "start_time": "0:02:28.700000",
        "word": "we"
    },
    {
        "end_time": "0:02:28.900000",
        "speaker_tag": 2,
        "start_time": "0:02:28.800000",
        "word": "were"
    },
    {
        "end_time": "0:02:29",
        "speaker_tag": 2,
        "start_time": "0:02:28.900000",
        "word": "just"
    },
    {
        "end_time": "0:02:29.100000",
        "speaker_tag": 2,
        "start_time": "0:02:29",
        "word": "being"
    },
    {
        "end_time": "0:02:29.400000",
        "speaker_tag": 2,
        "start_time": "0:02:29.100000",
        "word": "dumb"
    },
    {
        "end_time": "0:02:29.800000",
        "speaker_tag": 2,
        "start_time": "0:02:29.400000",
        "word": "tortoise"
    },
    {
        "end_time": "0:02:34",
        "speaker_tag": 2,
        "start_time": "0:02:29.800000",
        "word": "hostel"
    },
    {
        "end_time": "0:02:34.600000",
        "speaker_tag": 2,
        "start_time": "0:02:34",
        "word": "we"
    },
    {
        "end_time": "0:02:34.700000",
        "speaker_tag": 2,
        "start_time": "0:02:34.600000",
        "word": "were"
    },
    {
        "end_time": "0:02:35",
        "speaker_tag": 2,
        "start_time": "0:02:34.700000",
        "word": "like"
    },
    {
        "end_time": "0:02:35.300000",
        "speaker_tag": 2,
        "start_time": "0:02:35",
        "word": "wait"
    },
    {
        "end_time": "0:02:35.300000",
        "speaker_tag": 2,
        "start_time": "0:02:35.300000",
        "word": "a"
    },
    {
        "end_time": "0:02:35.700000",
        "speaker_tag": 2,
        "start_time": "0:02:35.300000",
        "word": "second"
    },
    {
        "end_time": "0:02:35.800000",
        "speaker_tag": 2,
        "start_time": "0:02:35.700000",
        "word": "he's"
    },
    {
        "end_time": "0:02:35.900000",
        "speaker_tag": 2,
        "start_time": "0:02:35.800000",
        "word": "not"
    },
    {
        "end_time": "0:02:36.200000",
        "speaker_tag": 2,
        "start_time": "0:02:35.900000",
        "word": "supposed"
    },
    {
        "end_time": "0:02:36.200000",
        "speaker_tag": 2,
        "start_time": "0:02:36.200000",
        "word": "to"
    },
    {
        "end_time": "0:02:36.500000",
        "speaker_tag": 2,
        "start_time": "0:02:36.200000",
        "word": "sell"
    },
    {
        "end_time": "0:02:36.500000",
        "speaker_tag": 2,
        "start_time": "0:02:36.500000",
        "word": "the"
    },
    {
        "end_time": "0:02:37",
        "speaker_tag": 2,
        "start_time": "0:02:36.500000",
        "word": "mixtape"
    },
    {
        "end_time": "0:02:37.600000",
        "speaker_tag": 2,
        "start_time": "0:02:37",
        "word": "cuz"
    },
    {
        "end_time": "0:02:37.700000",
        "speaker_tag": 2,
        "start_time": "0:02:37.600000",
        "word": "he's"
    },
    {
        "end_time": "0:02:38",
        "speaker_tag": 2,
        "start_time": "0:02:37.700000",
        "word": "trying"
    },
    {
        "end_time": "0:02:38",
        "speaker_tag": 2,
        "start_time": "0:02:38",
        "word": "to"
    },
    {
        "end_time": "0:02:38.100000",
        "speaker_tag": 2,
        "start_time": "0:02:38",
        "word": "get"
    },
    {
        "end_time": "0:02:38.200000",
        "speaker_tag": 2,
        "start_time": "0:02:38.100000",
        "word": "his"
    },
    {
        "end_time": "0:02:38.400000",
        "speaker_tag": 2,
        "start_time": "0:02:38.200000",
        "word": "name"
    },
    {
        "end_time": "0:02:38.500000",
        "speaker_tag": 2,
        "start_time": "0:02:38.400000",
        "word": "out"
    },
    {
        "end_time": "0:02:38.600000",
        "speaker_tag": 2,
        "start_time": "0:02:38.500000",
        "word": "there"
    },
    {
        "end_time": "0:02:38.800000",
        "speaker_tag": 2,
        "start_time": "0:02:38.600000",
        "word": "why"
    },
    {
        "end_time": "0:02:38.900000",
        "speaker_tag": 2,
        "start_time": "0:02:38.800000",
        "word": "do"
    },
    {
        "end_time": "0:02:39",
        "speaker_tag": 2,
        "start_time": "0:02:38.900000",
        "word": "we"
    },
    {
        "end_time": "0:02:39.200000",
        "speaker_tag": 2,
        "start_time": "0:02:39",
        "word": "buy"
    },
    {
        "end_time": "0:02:39.300000",
        "speaker_tag": 2,
        "start_time": "0:02:39.200000",
        "word": "from"
    },
    {
        "end_time": "0:02:39.600000",
        "speaker_tag": 2,
        "start_time": "0:02:39.300000",
        "word": "him"
    },
    {
        "end_time": "0:02:40.700000",
        "speaker_tag": 2,
        "start_time": "0:02:39.600000",
        "word": "and"
    },
    {
        "end_time": "0:02:50.400000",
        "speaker_tag": 2,
        "start_time": "0:02:40.700000",
        "word": "then"
    },
    {
        "end_time": "0:02:50.700000",
        "speaker_tag": 2,
        "start_time": "0:02:50.400000",
        "word": "he's"
    },
    {
        "end_time": "0:02:50.800000",
        "speaker_tag": 2,
        "start_time": "0:02:50.700000",
        "word": "like"
    },
    {
        "end_time": "0:02:51.100000",
        "speaker_tag": 2,
        "start_time": "0:02:50.800000",
        "word": "leave"
    },
    {
        "end_time": "0:02:51.200000",
        "speaker_tag": 2,
        "start_time": "0:02:51.100000",
        "word": "it"
    },
    {
        "end_time": "0:02:51.400000",
        "speaker_tag": 2,
        "start_time": "0:02:51.200000",
        "word": "there"
    },
    {
        "end_time": "0:02:51.500000",
        "speaker_tag": 2,
        "start_time": "0:02:51.400000",
        "word": "on"
    },
    {
        "end_time": "0:02:51.600000",
        "speaker_tag": 2,
        "start_time": "0:02:51.500000",
        "word": "the"
    },
    {
        "end_time": "0:02:51.800000",
        "speaker_tag": 2,
        "start_time": "0:02:51.600000",
        "word": "floor"
    },
    {
        "end_time": "0:02:51.900000",
        "speaker_tag": 2,
        "start_time": "0:02:51.800000",
        "word": "that's"
    },
    {
        "end_time": "0:02:52",
        "speaker_tag": 2,
        "start_time": "0:02:51.900000",
        "word": "where"
    },
    {
        "end_time": "0:02:52.200000",
        "speaker_tag": 2,
        "start_time": "0:02:52",
        "word": "it"
    },
    {
        "end_time": "0:02:52.600000",
        "speaker_tag": 2,
        "start_time": "0:02:52.200000",
        "word": "belongs"
    },
    {
        "end_time": "0:02:52.700000",
        "speaker_tag": 2,
        "start_time": "0:02:52.600000",
        "word": "and"
    },
    {
        "end_time": "0:02:56.100000",
        "speaker_tag": 2,
        "start_time": "0:02:52.700000",
        "word": "then"
    },
    {
        "end_time": "0:03:01",
        "speaker_tag": 2,
        "start_time": "0:02:56.100000",
        "word": "and"
    },
    {
        "end_time": "0:03:02.700000",
        "speaker_tag": 2,
        "start_time": "0:03:01",
        "word": "it"
    },
    {
        "end_time": "0:03:02.800000",
        "speaker_tag": 2,
        "start_time": "0:03:02.700000",
        "word": "was"
    },
    {
        "end_time": "0:03:02.900000",
        "speaker_tag": 2,
        "start_time": "0:03:02.800000",
        "word": "really"
    },
    {
        "end_time": "0:03:03.200000",
        "speaker_tag": 2,
        "start_time": "0:03:02.900000",
        "word": "cute"
    },
    {
        "end_time": "0:03:03.400000",
        "speaker_tag": 2,
        "start_time": "0:03:03.200000",
        "word": "because"
    },
    {
        "end_time": "0:03:03.600000",
        "speaker_tag": 2,
        "start_time": "0:03:03.400000",
        "word": "it"
    },
    {
        "end_time": "0:03:03.800000",
        "speaker_tag": 2,
        "start_time": "0:03:03.600000",
        "word": "was"
    },
    {
        "end_time": "0:03:03.800000",
        "speaker_tag": 2,
        "start_time": "0:03:03.800000",
        "word": "the"
    },
    {
        "end_time": "0:03:03.900000",
        "speaker_tag": 2,
        "start_time": "0:03:03.800000",
        "word": "first"
    },
    {
        "end_time": "0:03:04.100000",
        "speaker_tag": 2,
        "start_time": "0:03:03.900000",
        "word": "time"
    },
    {
        "end_time": "0:03:04.400000",
        "speaker_tag": 2,
        "start_time": "0:03:04.100000",
        "word": "that"
    },
    {
        "end_time": "0:03:04.500000",
        "speaker_tag": 2,
        "start_time": "0:03:04.400000",
        "word": "I"
    },
    {
        "end_time": "0:03:04.600000",
        "speaker_tag": 2,
        "start_time": "0:03:04.500000",
        "word": "had"
    },
    {
        "end_time": "0:03:04.700000",
        "speaker_tag": 2,
        "start_time": "0:03:04.600000",
        "word": "ever"
    },
    {
        "end_time": "0:03:05",
        "speaker_tag": 2,
        "start_time": "0:03:04.700000",
        "word": "seen"
    },
    {
        "end_time": "0:03:05.100000",
        "speaker_tag": 2,
        "start_time": "0:03:05",
        "word": "that"
    },
    {
        "end_time": "0:03:06.100000",
        "speaker_tag": 2,
        "start_time": "0:03:05.100000",
        "word": "I've"
    },
    {
        "end_time": "0:03:06.200000",
        "speaker_tag": 2,
        "start_time": "0:03:06.100000",
        "word": "never"
    },
    {
        "end_time": "0:03:06.400000",
        "speaker_tag": 2,
        "start_time": "0:03:06.200000",
        "word": "been"
    },
    {
        "end_time": "0:03:06.800000",
        "speaker_tag": 2,
        "start_time": "0:03:06.400000",
        "word": "exposed"
    },
    {
        "end_time": "0:03:07.100000",
        "speaker_tag": 2,
        "start_time": "0:03:06.800000",
        "word": "to"
    },
    {
        "end_time": "0:03:08.500000",
        "speaker_tag": 2,
        "start_time": "0:03:07.100000",
        "word": "homosexuals"
    },
    {
        "end_time": "0:03:14",
        "speaker_tag": 2,
        "start_time": "0:03:13.600000",
        "word": "anything"
    },
    {
        "end_time": "0:03:14.100000",
        "speaker_tag": 2,
        "start_time": "0:03:14",
        "word": "like"
    },
    {
        "end_time": "0:03:14.200000",
        "speaker_tag": 2,
        "start_time": "0:03:14.100000",
        "word": "that"
    },
    {
        "end_time": "0:03:14.800000",
        "speaker_tag": 2,
        "start_time": "0:03:14.200000",
        "word": "holding"
    },
    {
        "end_time": "0:03:15",
        "speaker_tag": 2,
        "start_time": "0:03:14.800000",
        "word": "hands"
    },
    {
        "end_time": "0:03:15.100000",
        "speaker_tag": 2,
        "start_time": "0:03:15",
        "word": "in"
    },
    {
        "end_time": "0:03:15.200000",
        "speaker_tag": 2,
        "start_time": "0:03:15.100000",
        "word": "public"
    },
    {
        "end_time": "0:03:16.200000",
        "speaker_tag": 2,
        "start_time": "0:03:15.200000",
        "word": "so"
    },
    {
        "end_time": "0:03:16.300000",
        "speaker_tag": 2,
        "start_time": "0:03:16.200000",
        "word": "that"
    },
    {
        "end_time": "0:03:16.500000",
        "speaker_tag": 2,
        "start_time": "0:03:16.300000",
        "word": "was"
    },
    {
        "end_time": "0:03:16.500000",
        "speaker_tag": 2,
        "start_time": "0:03:16.500000",
        "word": "a"
    },
    {
        "end_time": "0:03:16.800000",
        "speaker_tag": 2,
        "start_time": "0:03:16.500000",
        "word": "shock"
    },
    {
        "end_time": "0:03:16.900000",
        "speaker_tag": 2,
        "start_time": "0:03:16.800000",
        "word": "to"
    },
    {
        "end_time": "0:03:17",
        "speaker_tag": 2,
        "start_time": "0:03:16.900000",
        "word": "me"
    },
    {
        "end_time": "0:03:17.700000",
        "speaker_tag": 2,
        "start_time": "0:03:17",
        "word": "and"
    },
    {
        "end_time": "0:03:17.800000",
        "speaker_tag": 2,
        "start_time": "0:03:17.700000",
        "word": "be"
    },
    {
        "end_time": "0:03:17.900000",
        "speaker_tag": 2,
        "start_time": "0:03:17.800000",
        "word": "like"
    },
    {
        "end_time": "0:03:18.100000",
        "speaker_tag": 2,
        "start_time": "0:03:17.900000",
        "word": "in"
    },
    {
        "end_time": "0:03:18.200000",
        "speaker_tag": 2,
        "start_time": "0:03:18.100000",
        "word": "my"
    },
    {
        "end_time": "0:03:18.600000",
        "speaker_tag": 2,
        "start_time": "0:03:18.200000",
        "word": "home"
    },
    {
        "end_time": "0:03:19.600000",
        "speaker_tag": 2,
        "start_time": "0:03:18.600000",
        "word": "probably"
    },
    {
        "end_time": "0:03:19.800000",
        "speaker_tag": 2,
        "start_time": "0:03:19.600000",
        "word": "get"
    },
    {
        "end_time": "0:03:19.800000",
        "speaker_tag": 2,
        "start_time": "0:03:19.800000",
        "word": "a"
    },
    {
        "end_time": "0:03:20",
        "speaker_tag": 2,
        "start_time": "0:03:19.800000",
        "word": "lot"
    },
    {
        "end_time": "0:03:20.100000",
        "speaker_tag": 2,
        "start_time": "0:03:20",
        "word": "of"
    },
    {
        "end_time": "0:03:20.400000",
        "speaker_tag": 2,
        "start_time": "0:03:20.100000",
        "word": "stairs"
    },
    {
        "end_time": "0:03:25.200000",
        "speaker_tag": 2,
        "start_time": "0:03:24.900000",
        "word": "is"
    },
    {
        "end_time": "0:03:25.300000",
        "speaker_tag": 2,
        "start_time": "0:03:25.200000",
        "word": "that"
    },
    {
        "end_time": "0:03:25.400000",
        "speaker_tag": 2,
        "start_time": "0:03:25.300000",
        "word": "what"
    },
    {
        "end_time": "0:03:25.500000",
        "speaker_tag": 2,
        "start_time": "0:03:25.400000",
        "word": "you"
    },
    {
        "end_time": "0:03:25.600000",
        "speaker_tag": 2,
        "start_time": "0:03:25.500000",
        "word": "can"
    },
    {
        "end_time": "0:03:27.100000",
        "speaker_tag": 2,
        "start_time": "0:03:25.600000",
        "word": "do"
    },
    {
        "end_time": "0:03:34",
        "speaker_tag": 2,
        "start_time": "0:03:33.500000",
        "word": "okay"
    },
    {
        "end_time": "0:03:34.300000",
        "speaker_tag": 2,
        "start_time": "0:03:34",
        "word": "so"
    },
    {
        "end_time": "0:03:34.400000",
        "speaker_tag": 2,
        "start_time": "0:03:34.300000",
        "word": "the"
    },
    {
        "end_time": "0:03:34.600000",
        "speaker_tag": 2,
        "start_time": "0:03:34.400000",
        "word": "sex"
    },
    {
        "end_time": "0:03:34.800000",
        "speaker_tag": 2,
        "start_time": "0:03:34.600000",
        "word": "part"
    },
    {
        "end_time": "0:03:34.900000",
        "speaker_tag": 2,
        "start_time": "0:03:34.800000",
        "word": "is"
    },
    {
        "end_time": "0:03:35.100000",
        "speaker_tag": 2,
        "start_time": "0:03:34.900000",
        "word": "all"
    },
    {
        "end_time": "0:03:35.600000",
        "speaker_tag": 2,
        "start_time": "0:03:35.100000",
        "word": "different"
    },
    {
        "end_time": "0:03:37.500000",
        "speaker_tag": 2,
        "start_time": "0:03:35.600000",
        "word": "second"
    },
    {
        "end_time": "0:03:38",
        "speaker_tag": 2,
        "start_time": "0:03:37.500000",
        "word": "interview"
    },
    {
        "end_time": "0:03:38.300000",
        "speaker_tag": 2,
        "start_time": "0:03:38",
        "word": "proms"
    },
    {
        "end_time": "0:03:39.300000",
        "speaker_tag": 2,
        "start_time": "0:03:38.300000",
        "word": "is"
    },
    {
        "end_time": "0:03:39.400000",
        "speaker_tag": 2,
        "start_time": "0:03:39.300000",
        "word": "I"
    },
    {
        "end_time": "0:03:39.600000",
        "speaker_tag": 2,
        "start_time": "0:03:39.400000",
        "word": "want"
    },
    {
        "end_time": "0:03:39.700000",
        "speaker_tag": 2,
        "start_time": "0:03:39.600000",
        "word": "you"
    },
    {
        "end_time": "0:03:39.800000",
        "speaker_tag": 2,
        "start_time": "0:03:39.700000",
        "word": "to"
    },
    {
        "end_time": "0:03:39.900000",
        "speaker_tag": 2,
        "start_time": "0:03:39.800000",
        "word": "explain"
    },
    {
        "end_time": "0:03:40.300000",
        "speaker_tag": 2,
        "start_time": "0:03:39.900000",
        "word": "how"
    },
    {
        "end_time": "0:03:40.400000",
        "speaker_tag": 2,
        "start_time": "0:03:40.300000",
        "word": "you"
    },
    {
        "end_time": "0:03:40.700000",
        "speaker_tag": 2,
        "start_time": "0:03:40.400000",
        "word": "make"
    },
    {
        "end_time": "0:03:40.800000",
        "speaker_tag": 2,
        "start_time": "0:03:40.700000",
        "word": "a"
    },
    {
        "end_time": "0:03:41",
        "speaker_tag": 2,
        "start_time": "0:03:40.800000",
        "word": "meal"
    },
    {
        "end_time": "0:03:41.100000",
        "speaker_tag": 2,
        "start_time": "0:03:41",
        "word": "for"
    },
    {
        "end_time": "0:03:41.300000",
        "speaker_tag": 2,
        "start_time": "0:03:41.100000",
        "word": "me"
    },
    {
        "end_time": "0:03:41.700000",
        "speaker_tag": 2,
        "start_time": "0:03:41.300000",
        "word": "okay"
    },
    {
        "end_time": "0:03:42.200000",
        "speaker_tag": 2,
        "start_time": "0:03:41.700000",
        "word": "so"
    },
    {
        "end_time": "0:03:42.600000",
        "speaker_tag": 2,
        "start_time": "0:03:42.200000",
        "word": "step"
    },
    {
        "end_time": "0:03:42.700000",
        "speaker_tag": 2,
        "start_time": "0:03:42.600000",
        "word": "by"
    },
    {
        "end_time": "0:03:43",
        "speaker_tag": 2,
        "start_time": "0:03:42.700000",
        "word": "step"
    },
    {
        "end_time": "0:03:43.100000",
        "speaker_tag": 2,
        "start_time": "0:03:43",
        "word": "how"
    },
    {
        "end_time": "0:03:43.300000",
        "speaker_tag": 2,
        "start_time": "0:03:43.100000",
        "word": "would"
    },
    {
        "end_time": "0:03:43.400000",
        "speaker_tag": 2,
        "start_time": "0:03:43.300000",
        "word": "you"
    },
    {
        "end_time": "0:03:43.500000",
        "speaker_tag": 2,
        "start_time": "0:03:43.400000",
        "word": "make"
    },
    {
        "end_time": "0:03:43.900000",
        "speaker_tag": 2,
        "start_time": "0:03:43.500000",
        "word": "a"
    },
    {
        "end_time": "0:03:44.100000",
        "speaker_tag": 2,
        "start_time": "0:03:43.900000",
        "word": "cup"
    },
    {
        "end_time": "0:03:44.200000",
        "speaker_tag": 2,
        "start_time": "0:03:44.100000",
        "word": "of"
    },
    {
        "end_time": "0:03:44.400000",
        "speaker_tag": 2,
        "start_time": "0:03:44.200000",
        "word": "coffee"
    },
    {
        "end_time": "0:03:45.600000",
        "speaker_tag": 2,
        "start_time": "0:03:44.400000",
        "word": "scrambled"
    },
    {
        "end_time": "0:03:45.900000",
        "speaker_tag": 2,
        "start_time": "0:03:45.600000",
        "word": "eggs"
    },
    {
        "end_time": "0:03:46.200000",
        "speaker_tag": 2,
        "start_time": "0:03:45.900000",
        "word": "and"
    },
    {
        "end_time": "0:03:46.300000",
        "speaker_tag": 2,
        "start_time": "0:03:46.200000",
        "word": "a"
    },
    {
        "end_time": "0:03:46.500000",
        "speaker_tag": 2,
        "start_time": "0:03:46.300000",
        "word": "bowl"
    },
    {
        "end_time": "0:03:46.500000",
        "speaker_tag": 2,
        "start_time": "0:03:46.500000",
        "word": "of"
    },
    {
        "end_time": "0:03:46.900000",
        "speaker_tag": 2,
        "start_time": "0:03:46.500000",
        "word": "fruit"
    },
    {
        "end_time": "0:03:47.600000",
        "speaker_tag": 2,
        "start_time": "0:03:46.900000",
        "word": "so"
    },
    {
        "end_time": "0:03:48",
        "speaker_tag": 2,
        "start_time": "0:03:47.600000",
        "word": "pretend"
    },
    {
        "end_time": "0:03:48.100000",
        "speaker_tag": 2,
        "start_time": "0:03:48",
        "word": "like"
    },
    {
        "end_time": "0:03:48.200000",
        "speaker_tag": 2,
        "start_time": "0:03:48.100000",
        "word": "I"
    },
    {
        "end_time": "0:03:48.300000",
        "speaker_tag": 2,
        "start_time": "0:03:48.200000",
        "word": "do"
    },
    {
        "end_time": "0:03:48.400000",
        "speaker_tag": 2,
        "start_time": "0:03:48.300000",
        "word": "know"
    },
    {
        "end_time": "0:03:48.400000",
        "speaker_tag": 2,
        "start_time": "0:03:48.400000",
        "word": "how"
    },
    {
        "end_time": "0:03:48.700000",
        "speaker_tag": 2,
        "start_time": "0:03:48.400000",
        "word": "to"
    },
    {
        "end_time": "0:03:48.700000",
        "speaker_tag": 2,
        "start_time": "0:03:48.700000",
        "word": "make"
    },
    {
        "end_time": "0:03:48.900000",
        "speaker_tag": 2,
        "start_time": "0:03:48.700000",
        "word": "the"
    },
    {
        "end_time": "0:03:49.200000",
        "speaker_tag": 2,
        "start_time": "0:03:48.900000",
        "word": "meal"
    },
    {
        "end_time": "0:03:49.500000",
        "speaker_tag": 2,
        "start_time": "0:03:49.200000",
        "word": "and"
    },
    {
        "end_time": "0:03:50.100000",
        "speaker_tag": 2,
        "start_time": "0:03:49.500000",
        "word": "provide"
    },
    {
        "end_time": "0:03:50.500000",
        "speaker_tag": 2,
        "start_time": "0:03:50.100000",
        "word": "details"
    },
    {
        "end_time": "0:03:50.800000",
        "speaker_tag": 2,
        "start_time": "0:03:50.500000",
        "word": "okay"
    },
    {
        "end_time": "0:03:51.100000",
        "speaker_tag": 2,
        "start_time": "0:03:50.800000",
        "word": "you"
    },
    {
        "end_time": "0:03:51.200000",
        "speaker_tag": 2,
        "start_time": "0:03:51.100000",
        "word": "have"
    },
    {
        "end_time": "0:03:51.400000",
        "speaker_tag": 2,
        "start_time": "0:03:51.200000",
        "word": "5"
    },
    {
        "end_time": "0:03:51.400000",
        "speaker_tag": 2,
        "start_time": "0:03:51.400000",
        "word": "minutes"
    },
    {
        "end_time": "0:03:57.900000",
        "speaker_tag": 2,
        "start_time": "0:03:51.400000",
        "word": "do"
    },
    {
        "end_time": "0:03:58.700000",
        "speaker_tag": 2,
        "start_time": "0:03:57.900000",
        "word": "you"
    },
    {
        "end_time": "0:03:58.800000",
        "speaker_tag": 2,
        "start_time": "0:03:58.700000",
        "word": "say"
    },
    {
        "end_time": "0:03:59.100000",
        "speaker_tag": 2,
        "start_time": "0:03:58.800000",
        "word": "coffee"
    },
    {
        "end_time": "0:03:59.300000",
        "speaker_tag": 2,
        "start_time": "0:03:59.100000",
        "word": "and"
    },
    {
        "end_time": "0:03:59.400000",
        "speaker_tag": 2,
        "start_time": "0:03:59.300000",
        "word": "then"
    },
    {
        "end_time": "0:03:59.500000",
        "speaker_tag": 2,
        "start_time": "0:03:59.400000",
        "word": "he"
    },
    {
        "end_time": "0:03:59.800000",
        "speaker_tag": 2,
        "start_time": "0:03:59.500000",
        "word": "described"
    },
    {
        "end_time": "0:03:59.900000",
        "speaker_tag": 2,
        "start_time": "0:03:59.800000",
        "word": "it"
    },
    {
        "end_time": "0:04:00",
        "speaker_tag": 2,
        "start_time": "0:03:59.900000",
        "word": "and"
    },
    {
        "end_time": "0:04:00.200000",
        "speaker_tag": 2,
        "start_time": "0:04:00",
        "word": "he's"
    },
    {
        "end_time": "0:04:00.300000",
        "speaker_tag": 2,
        "start_time": "0:04:00.200000",
        "word": "in"
    },
    {
        "end_time": "0:04:00.400000",
        "speaker_tag": 2,
        "start_time": "0:04:00.300000",
        "word": "the"
    },
    {
        "end_time": "0:04:00.500000",
        "speaker_tag": 2,
        "start_time": "0:04:00.400000",
        "word": "next"
    },
    {
        "end_time": "0:04:00.700000",
        "speaker_tag": 2,
        "start_time": "0:04:00.500000",
        "word": "item"
    },
    {
        "end_time": "0:04:01",
        "speaker_tag": 2,
        "start_time": "0:04:00.700000",
        "word": "in"
    },
    {
        "end_time": "0:04:01",
        "speaker_tag": 2,
        "start_time": "0:04:01",
        "word": "the"
    },
    {
        "end_time": "0:04:01.200000",
        "speaker_tag": 2,
        "start_time": "0:04:01",
        "word": "new"
    },
    {
        "end_time": "0:04:06.600000",
        "speaker_tag": 2,
        "start_time": "0:04:05.900000",
        "word": "copy"
    },
    {
        "end_time": "0:04:06.700000",
        "speaker_tag": 2,
        "start_time": "0:04:06.600000",
        "word": "you"
    },
    {
        "end_time": "0:04:07.100000",
        "speaker_tag": 2,
        "start_time": "0:04:06.700000",
        "word": "boil"
    },
    {
        "end_time": "0:04:07.300000",
        "speaker_tag": 2,
        "start_time": "0:04:07.100000",
        "word": "water"
    },
    {
        "end_time": "0:04:08.300000",
        "speaker_tag": 2,
        "start_time": "0:04:07.300000",
        "word": "so"
    },
    {
        "end_time": "0:04:08.400000",
        "speaker_tag": 2,
        "start_time": "0:04:08.300000",
        "word": "you"
    },
    {
        "end_time": "0:04:08.700000",
        "speaker_tag": 2,
        "start_time": "0:04:08.400000",
        "word": "need"
    },
    {
        "end_time": "0:04:08.800000",
        "speaker_tag": 2,
        "start_time": "0:04:08.700000",
        "word": "to"
    },
    {
        "end_time": "0:04:09",
        "speaker_tag": 2,
        "start_time": "0:04:08.800000",
        "word": "get"
    },
    {
        "end_time": "0:04:09.600000",
        "speaker_tag": 2,
        "start_time": "0:04:09",
        "word": "some"
    },
    {
        "end_time": "0:04:09.900000",
        "speaker_tag": 2,
        "start_time": "0:04:09.600000",
        "word": "sort"
    },
    {
        "end_time": "0:04:09.900000",
        "speaker_tag": 2,
        "start_time": "0:04:09.900000",
        "word": "of"
    },
    {
        "end_time": "0:04:10.300000",
        "speaker_tag": 2,
        "start_time": "0:04:09.900000",
        "word": "metal"
    },
    {
        "end_time": "0:04:10.400000",
        "speaker_tag": 2,
        "start_time": "0:04:10.300000",
        "word": "container"
    },
    {
        "end_time": "0:04:10.700000",
        "speaker_tag": 2,
        "start_time": "0:04:10.400000",
        "word": "I"
    },
    {
        "end_time": "0:04:11.100000",
        "speaker_tag": 2,
        "start_time": "0:04:10.700000",
        "word": "forgot"
    },
    {
        "end_time": "0:04:11.200000",
        "speaker_tag": 2,
        "start_time": "0:04:11.100000",
        "word": "the"
    },
    {
        "end_time": "0:04:11.600000",
        "speaker_tag": 2,
        "start_time": "0:04:11.200000",
        "word": "exacme"
    },
    {
        "end_time": "0:04:13",
        "speaker_tag": 2,
        "start_time": "0:04:11.600000",
        "word": "you"
    },
    {
        "end_time": "0:04:13.200000",
        "speaker_tag": 2,
        "start_time": "0:04:13",
        "word": "get"
    },
    {
        "end_time": "0:04:13.300000",
        "speaker_tag": 2,
        "start_time": "0:04:13.200000",
        "word": "the"
    },
    {
        "end_time": "0:04:13.500000",
        "speaker_tag": 2,
        "start_time": "0:04:13.300000",
        "word": "metal"
    },
    {
        "end_time": "0:04:13.900000",
        "speaker_tag": 2,
        "start_time": "0:04:13.500000",
        "word": "container"
    },
    {
        "end_time": "0:04:14",
        "speaker_tag": 2,
        "start_time": "0:04:13.900000",
        "word": "that"
    },
    {
        "end_time": "0:04:14.300000",
        "speaker_tag": 2,
        "start_time": "0:04:14",
        "word": "can"
    },
    {
        "end_time": "0:04:14.500000",
        "speaker_tag": 2,
        "start_time": "0:04:14.300000",
        "word": "heat"
    },
    {
        "end_time": "0:04:14.700000",
        "speaker_tag": 2,
        "start_time": "0:04:14.500000",
        "word": "up"
    },
    {
        "end_time": "0:04:15.300000",
        "speaker_tag": 2,
        "start_time": "0:04:14.700000",
        "word": "and"
    },
    {
        "end_time": "0:04:15.600000",
        "speaker_tag": 2,
        "start_time": "0:04:15.300000",
        "word": "you"
    },
    {
        "end_time": "0:04:15.800000",
        "speaker_tag": 2,
        "start_time": "0:04:15.600000",
        "word": "put"
    },
    {
        "end_time": "0:04:16.100000",
        "speaker_tag": 2,
        "start_time": "0:04:15.800000",
        "word": "water"
    },
    {
        "end_time": "0:04:16.100000",
        "speaker_tag": 2,
        "start_time": "0:04:16.100000",
        "word": "in"
    },
    {
        "end_time": "0:04:16.300000",
        "speaker_tag": 2,
        "start_time": "0:04:16.100000",
        "word": "it"
    },
    {
        "end_time": "0:04:17.300000",
        "speaker_tag": 2,
        "start_time": "0:04:16.300000",
        "word": "boil"
    },
    {
        "end_time": "0:04:18.200000",
        "speaker_tag": 2,
        "start_time": "0:04:17.300000",
        "word": "on"
    },
    {
        "end_time": "0:04:18.300000",
        "speaker_tag": 2,
        "start_time": "0:04:18.200000",
        "word": "a"
    },
    {
        "end_time": "0:04:18.600000",
        "speaker_tag": 2,
        "start_time": "0:04:18.300000",
        "word": "stove"
    },
    {
        "end_time": "0:04:20.400000",
        "speaker_tag": 2,
        "start_time": "0:04:18.600000",
        "word": "and"
    },
    {
        "end_time": "0:04:20.600000",
        "speaker_tag": 2,
        "start_time": "0:04:20.400000",
        "word": "then"
    },
    {
        "end_time": "0:04:21.800000",
        "speaker_tag": 2,
        "start_time": "0:04:20.600000",
        "word": "when"
    },
    {
        "end_time": "0:04:22",
        "speaker_tag": 2,
        "start_time": "0:04:21.800000",
        "word": "the"
    },
    {
        "end_time": "0:04:22.300000",
        "speaker_tag": 2,
        "start_time": "0:04:22",
        "word": "water"
    },
    {
        "end_time": "0:04:22.400000",
        "speaker_tag": 2,
        "start_time": "0:04:22.300000",
        "word": "is"
    },
    {
        "end_time": "0:04:22.700000",
        "speaker_tag": 2,
        "start_time": "0:04:22.400000",
        "word": "boiling"
    },
    {
        "end_time": "0:04:23.300000",
        "speaker_tag": 2,
        "start_time": "0:04:22.700000",
        "word": "you"
    },
    {
        "end_time": "0:04:23.800000",
        "speaker_tag": 2,
        "start_time": "0:04:23.300000",
        "word": "put"
    },
    {
        "end_time": "0:04:23.900000",
        "speaker_tag": 2,
        "start_time": "0:04:23.800000",
        "word": "it"
    },
    {
        "end_time": "0:04:24",
        "speaker_tag": 2,
        "start_time": "0:04:23.900000",
        "word": "on"
    },
    {
        "end_time": "0:04:24.200000",
        "speaker_tag": 2,
        "start_time": "0:04:24",
        "word": "a"
    },
    {
        "end_time": "0:04:24.600000",
        "speaker_tag": 2,
        "start_time": "0:04:24.200000",
        "word": "cup"
    },
    {
        "end_time": "0:04:24.900000",
        "speaker_tag": 2,
        "start_time": "0:04:24.600000",
        "word": "that"
    },
    {
        "end_time": "0:04:25.100000",
        "speaker_tag": 2,
        "start_time": "0:04:24.900000",
        "word": "won't"
    },
    {
        "end_time": "0:04:25.400000",
        "speaker_tag": 2,
        "start_time": "0:04:25.100000",
        "word": "burn"
    },
    {
        "end_time": "0:04:26.300000",
        "speaker_tag": 2,
        "start_time": "0:04:25.400000",
        "word": "and"
    },
    {
        "end_time": "0:04:26.600000",
        "speaker_tag": 2,
        "start_time": "0:04:26.300000",
        "word": "you"
    },
    {
        "end_time": "0:04:27.300000",
        "speaker_tag": 2,
        "start_time": "0:04:26.600000",
        "word": "add"
    },
    {
        "end_time": "0:04:27.800000",
        "speaker_tag": 2,
        "start_time": "0:04:27.300000",
        "word": "coffee"
    },
    {
        "end_time": "0:04:29.500000",
        "speaker_tag": 2,
        "start_time": "0:04:29.100000",
        "word": "but"
    },
    {
        "end_time": "0:04:29.600000",
        "speaker_tag": 2,
        "start_time": "0:04:29.500000",
        "word": "you"
    },
    {
        "end_time": "0:04:29.700000",
        "speaker_tag": 2,
        "start_time": "0:04:29.600000",
        "word": "have"
    },
    {
        "end_time": "0:04:29.800000",
        "speaker_tag": 2,
        "start_time": "0:04:29.700000",
        "word": "to"
    },
    {
        "end_time": "0:04:30",
        "speaker_tag": 2,
        "start_time": "0:04:29.800000",
        "word": "add"
    },
    {
        "end_time": "0:04:30.100000",
        "speaker_tag": 2,
        "start_time": "0:04:30",
        "word": "the"
    },
    {
        "end_time": "0:04:30.500000",
        "speaker_tag": 2,
        "start_time": "0:04:30.100000",
        "word": "coffee"
    },
    {
        "end_time": "0:04:30.600000",
        "speaker_tag": 2,
        "start_time": "0:04:30.500000",
        "word": "that"
    },
    {
        "end_time": "0:04:31.300000",
        "speaker_tag": 2,
        "start_time": "0:04:30.600000",
        "word": "disintegrates"
    },
    {
        "end_time": "0:04:31.500000",
        "speaker_tag": 2,
        "start_time": "0:04:31.300000",
        "word": "in"
    },
    {
        "end_time": "0:04:31.500000",
        "speaker_tag": 2,
        "start_time": "0:04:31.500000",
        "word": "the"
    },
    {
        "end_time": "0:04:31.800000",
        "speaker_tag": 2,
        "start_time": "0:04:31.500000",
        "word": "water"
    },
    {
        "end_time": "0:04:32.100000",
        "speaker_tag": 2,
        "start_time": "0:04:31.800000",
        "word": "not"
    },
    {
        "end_time": "0:04:32.300000",
        "speaker_tag": 2,
        "start_time": "0:04:32.100000",
        "word": "the"
    },
    {
        "end_time": "0:04:32.500000",
        "speaker_tag": 2,
        "start_time": "0:04:32.300000",
        "word": "one"
    },
    {
        "end_time": "0:04:32.500000",
        "speaker_tag": 2,
        "start_time": "0:04:32.500000",
        "word": "I"
    },
    {
        "end_time": "0:04:33.100000",
        "speaker_tag": 2,
        "start_time": "0:04:32.500000",
        "word": "use"
    },
    {
        "end_time": "0:04:33.400000",
        "speaker_tag": 2,
        "start_time": "0:04:33.100000",
        "word": "for"
    },
    {
        "end_time": "0:04:34.100000",
        "speaker_tag": 2,
        "start_time": "0:04:33.400000",
        "word": "coffee"
    },
    {
        "end_time": "0:04:38.100000",
        "speaker_tag": 2,
        "start_time": "0:04:34.100000",
        "word": "but"
    },
    {
        "end_time": "0:04:38.300000",
        "speaker_tag": 2,
        "start_time": "0:04:38.100000",
        "word": "you"
    },
    {
        "end_time": "0:04:38.600000",
        "speaker_tag": 2,
        "start_time": "0:04:38.300000",
        "word": "put"
    },
    {
        "end_time": "0:04:39",
        "speaker_tag": 2,
        "start_time": "0:04:38.600000",
        "word": "instant"
    },
    {
        "end_time": "0:04:39.100000",
        "speaker_tag": 2,
        "start_time": "0:04:39",
        "word": "coffee"
    },
    {
        "end_time": "0:04:39.400000",
        "speaker_tag": 2,
        "start_time": "0:04:39.100000",
        "word": "in"
    },
    {
        "end_time": "0:04:39.600000",
        "speaker_tag": 2,
        "start_time": "0:04:39.400000",
        "word": "there"
    },
    {
        "end_time": "0:04:40.500000",
        "speaker_tag": 2,
        "start_time": "0:04:39.600000",
        "word": "put"
    },
    {
        "end_time": "0:04:40.900000",
        "speaker_tag": 2,
        "start_time": "0:04:40.500000",
        "word": "creamer"
    },
    {
        "end_time": "0:04:41.500000",
        "speaker_tag": 2,
        "start_time": "0:04:40.900000",
        "word": "and"
    },
    {
        "end_time": "0:04:41.800000",
        "speaker_tag": 2,
        "start_time": "0:04:41.500000",
        "word": "you"
    },
    {
        "end_time": "0:04:41.900000",
        "speaker_tag": 2,
        "start_time": "0:04:41.800000",
        "word": "can"
    },
    {
        "end_time": "0:04:42.800000",
        "speaker_tag": 2,
        "start_time": "0:04:41.900000",
        "word": "stop"
    },
    {
        "end_time": "0:04:43",
        "speaker_tag": 2,
        "start_time": "0:04:42.800000",
        "word": "wearing"
    },
    {
        "end_time": "0:04:43.300000",
        "speaker_tag": 2,
        "start_time": "0:04:43",
        "word": "some"
    },
    {
        "end_time": "0:04:44.900000",
        "speaker_tag": 2,
        "start_time": "0:04:43.300000",
        "word": "scrambled"
    },
    {
        "end_time": "0:04:45",
        "speaker_tag": 2,
        "start_time": "0:04:44.900000",
        "word": "eggs"
    },
    {
        "end_time": "0:04:46.200000",
        "speaker_tag": 2,
        "start_time": "0:04:45",
        "word": "scrambled"
    },
    {
        "end_time": "0:04:46.400000",
        "speaker_tag": 2,
        "start_time": "0:04:46.200000",
        "word": "eggs"
    },
    {
        "end_time": "0:04:49",
        "speaker_tag": 2,
        "start_time": "0:04:48.600000",
        "word": "so"
    },
    {
        "end_time": "0:04:49.300000",
        "speaker_tag": 2,
        "start_time": "0:04:49",
        "word": "you"
    },
    {
        "end_time": "0:04:49.500000",
        "speaker_tag": 2,
        "start_time": "0:04:49.300000",
        "word": "would"
    },
    {
        "end_time": "0:04:49.700000",
        "speaker_tag": 2,
        "start_time": "0:04:49.500000",
        "word": "get"
    },
    {
        "end_time": "0:04:50",
        "speaker_tag": 2,
        "start_time": "0:04:49.700000",
        "word": "the"
    },
    {
        "end_time": "0:04:50.500000",
        "speaker_tag": 2,
        "start_time": "0:04:50",
        "word": "eggs"
    },
    {
        "end_time": "0:04:51.200000",
        "speaker_tag": 2,
        "start_time": "0:04:50.500000",
        "word": "and"
    },
    {
        "end_time": "0:04:51.600000",
        "speaker_tag": 2,
        "start_time": "0:04:51.200000",
        "word": "you"
    },
    {
        "end_time": "0:04:51.900000",
        "speaker_tag": 2,
        "start_time": "0:04:51.600000",
        "word": "crack"
    },
    {
        "end_time": "0:04:52.100000",
        "speaker_tag": 2,
        "start_time": "0:04:51.900000",
        "word": "them"
    },
    {
        "end_time": "0:04:52.200000",
        "speaker_tag": 2,
        "start_time": "0:04:52.100000",
        "word": "open"
    },
    {
        "end_time": "0:04:52.500000",
        "speaker_tag": 2,
        "start_time": "0:04:52.200000",
        "word": "the"
    },
    {
        "end_time": "0:04:52.600000",
        "speaker_tag": 2,
        "start_time": "0:04:52.500000",
        "word": "way"
    },
    {
        "end_time": "0:04:52.700000",
        "speaker_tag": 2,
        "start_time": "0:04:52.600000",
        "word": "you"
    },
    {
        "end_time": "0:04:52.900000",
        "speaker_tag": 2,
        "start_time": "0:04:52.700000",
        "word": "crack"
    },
    {
        "end_time": "0:04:53",
        "speaker_tag": 2,
        "start_time": "0:04:52.900000",
        "word": "them"
    },
    {
        "end_time": "0:04:53.100000",
        "speaker_tag": 2,
        "start_time": "0:04:53",
        "word": "open"
    },
    {
        "end_time": "0:04:53.400000",
        "speaker_tag": 2,
        "start_time": "0:04:53.100000",
        "word": "is"
    },
    {
        "end_time": "0:04:53.600000",
        "speaker_tag": 2,
        "start_time": "0:04:53.400000",
        "word": "like"
    },
    {
        "end_time": "0:04:54.200000",
        "speaker_tag": 2,
        "start_time": "0:04:53.600000",
        "word": "you"
    },
    {
        "end_time": "0:04:54.300000",
        "speaker_tag": 2,
        "start_time": "0:04:54.200000",
        "word": "kind"
    },
    {
        "end_time": "0:04:54.400000",
        "speaker_tag": 2,
        "start_time": "0:04:54.300000",
        "word": "of"
    },
    {
        "end_time": "0:04:54.600000",
        "speaker_tag": 2,
        "start_time": "0:04:54.400000",
        "word": "have"
    },
    {
        "end_time": "0:04:54.700000",
        "speaker_tag": 2,
        "start_time": "0:04:54.600000",
        "word": "to"
    },
    {
        "end_time": "0:04:55.900000",
        "speaker_tag": 2,
        "start_time": "0:04:54.700000",
        "word": "hit"
    },
    {
        "end_time": "0:04:56.100000",
        "speaker_tag": 2,
        "start_time": "0:04:55.900000",
        "word": "it"
    },
    {
        "end_time": "0:04:56.600000",
        "speaker_tag": 2,
        "start_time": "0:04:56.100000",
        "word": "from"
    },
    {
        "end_time": "0:04:56.700000",
        "speaker_tag": 2,
        "start_time": "0:04:56.600000",
        "word": "the"
    },
    {
        "end_time": "0:04:56.800000",
        "speaker_tag": 2,
        "start_time": "0:04:56.700000",
        "word": "side"
    },
    {
        "end_time": "0:04:58.300000",
        "speaker_tag": 2,
        "start_time": "0:04:56.800000",
        "word": "you"
    },
    {
        "end_time": "0:04:58.500000",
        "speaker_tag": 2,
        "start_time": "0:04:58.300000",
        "word": "just"
    },
    {
        "end_time": "0:04:59.100000",
        "speaker_tag": 2,
        "start_time": "0:04:58.500000",
        "word": "hit"
    },
    {
        "end_time": "0:04:59.200000",
        "speaker_tag": 2,
        "start_time": "0:04:59.100000",
        "word": "it"
    },
    {
        "end_time": "0:04:59.300000",
        "speaker_tag": 2,
        "start_time": "0:04:59.200000",
        "word": "like"
    },
    {
        "end_time": "0:04:59.600000",
        "speaker_tag": 2,
        "start_time": "0:04:59.300000",
        "word": "twice"
    },
    {
        "end_time": "0:04:59.900000",
        "speaker_tag": 2,
        "start_time": "0:04:59.600000",
        "word": "on"
    },
    {
        "end_time": "0:05:00.200000",
        "speaker_tag": 2,
        "start_time": "0:04:59.900000",
        "word": "on"
    },
    {
        "end_time": "0:05:00.300000",
        "speaker_tag": 2,
        "start_time": "0:05:00.200000",
        "word": "the"
    },
    {
        "end_time": "0:05:00.600000",
        "speaker_tag": 2,
        "start_time": "0:05:00.300000",
        "word": "counter"
    },
    {
        "end_time": "0:05:01.200000",
        "speaker_tag": 2,
        "start_time": "0:05:00.600000",
        "word": "twice"
    },
    {
        "end_time": "0:05:02.400000",
        "speaker_tag": 2,
        "start_time": "0:05:01.200000",
        "word": "and"
    },
    {
        "end_time": "0:05:02.600000",
        "speaker_tag": 2,
        "start_time": "0:05:02.400000",
        "word": "it"
    },
    {
        "end_time": "0:05:03",
        "speaker_tag": 2,
        "start_time": "0:05:02.600000",
        "word": "should"
    },
    {
        "end_time": "0:05:03",
        "speaker_tag": 2,
        "start_time": "0:05:03",
        "word": "pop"
    },
    {
        "end_time": "0:05:03.700000",
        "speaker_tag": 2,
        "start_time": "0:05:03",
        "word": "opening"
    },
    {
        "end_time": "0:05:03.900000",
        "speaker_tag": 2,
        "start_time": "0:05:03.700000",
        "word": "just"
    },
    {
        "end_time": "0:05:04.100000",
        "speaker_tag": 2,
        "start_time": "0:05:03.900000",
        "word": "like"
    },
    {
        "end_time": "0:05:04.300000",
        "speaker_tag": 2,
        "start_time": "0:05:04.100000",
        "word": "put"
    },
    {
        "end_time": "0:05:04.300000",
        "speaker_tag": 2,
        "start_time": "0:05:04.300000",
        "word": "your"
    },
    {
        "end_time": "0:05:04.900000",
        "speaker_tag": 2,
        "start_time": "0:05:04.300000",
        "word": "fingers"
    },
    {
        "end_time": "0:05:05",
        "speaker_tag": 2,
        "start_time": "0:05:04.900000",
        "word": "in"
    },
    {
        "end_time": "0:05:05.200000",
        "speaker_tag": 2,
        "start_time": "0:05:05",
        "word": "there"
    },
    {
        "end_time": "0:05:05.400000",
        "speaker_tag": 2,
        "start_time": "0:05:05.200000",
        "word": "and"
    },
    {
        "end_time": "0:05:05.500000",
        "speaker_tag": 2,
        "start_time": "0:05:05.400000",
        "word": "then"
    },
    {
        "end_time": "0:05:06.200000",
        "speaker_tag": 2,
        "start_time": "0:05:05.500000",
        "word": "I'll"
    },
    {
        "end_time": "0:05:06.300000",
        "speaker_tag": 2,
        "start_time": "0:05:06.200000",
        "word": "head"
    },
    {
        "end_time": "0:05:06.700000",
        "speaker_tag": 2,
        "start_time": "0:05:06.300000",
        "word": "open"
    },
    {
        "end_time": "0:05:07.200000",
        "speaker_tag": 2,
        "start_time": "0:05:06.700000",
        "word": "yeah"
    },
    {
        "end_time": "0:05:08.800000",
        "speaker_tag": 2,
        "start_time": "0:05:07.200000",
        "word": "yeah"
    },
    {
        "end_time": "0:05:13.100000",
        "speaker_tag": 2,
        "start_time": "0:05:08.800000",
        "word": "yeah"
    },
    {
        "end_time": "0:05:14.600000",
        "speaker_tag": 2,
        "start_time": "0:05:13.100000",
        "word": "and"
    },
    {
        "end_time": "0:05:14.900000",
        "speaker_tag": 2,
        "start_time": "0:05:14.600000",
        "word": "then"
    },
    {
        "end_time": "0:05:15.900000",
        "speaker_tag": 2,
        "start_time": "0:05:14.900000",
        "word": "fruit"
    },
    {
        "end_time": "0:05:16.500000",
        "speaker_tag": 2,
        "start_time": "0:05:15.900000",
        "word": "a"
    },
    {
        "end_time": "0:05:16.700000",
        "speaker_tag": 2,
        "start_time": "0:05:16.500000",
        "word": "bowl"
    },
    {
        "end_time": "0:05:16.800000",
        "speaker_tag": 2,
        "start_time": "0:05:16.700000",
        "word": "of"
    },
    {
        "end_time": "0:05:17",
        "speaker_tag": 2,
        "start_time": "0:05:16.800000",
        "word": "fruit"
    },
    {
        "end_time": "0:05:18.500000",
        "speaker_tag": 2,
        "start_time": "0:05:17",
        "word": "fruit"
    },
    {
        "end_time": "0:05:21",
        "speaker_tag": 2,
        "start_time": "0:05:18.500000",
        "word": "fruit"
    },
    {
        "end_time": "0:05:21.300000",
        "speaker_tag": 2,
        "start_time": "0:05:21",
        "word": "and"
    },
    {
        "end_time": "0:05:21.400000",
        "speaker_tag": 2,
        "start_time": "0:05:21.300000",
        "word": "then"
    },
    {
        "end_time": "0:05:21.500000",
        "speaker_tag": 2,
        "start_time": "0:05:21.400000",
        "word": "you"
    },
    {
        "end_time": "0:05:21.600000",
        "speaker_tag": 2,
        "start_time": "0:05:21.500000",
        "word": "just"
    },
    {
        "end_time": "0:05:22.100000",
        "speaker_tag": 2,
        "start_time": "0:05:21.600000",
        "word": "shave"
    },
    {
        "end_time": "0:05:22.400000",
        "speaker_tag": 2,
        "start_time": "0:05:22.100000",
        "word": "off"
    },
    {
        "end_time": "0:05:22.700000",
        "speaker_tag": 2,
        "start_time": "0:05:22.400000",
        "word": "the"
    },
    {
        "end_time": "0:05:23.600000",
        "speaker_tag": 2,
        "start_time": "0:05:22.700000",
        "word": "disc"
    },
    {
        "end_time": "0:05:23.800000",
        "speaker_tag": 2,
        "start_time": "0:05:23.600000",
        "word": "in"
    },
    {
        "end_time": "0:05:24.400000",
        "speaker_tag": 2,
        "start_time": "0:05:23.800000",
        "word": "so"
    },
    {
        "end_time": "0:05:24.500000",
        "speaker_tag": 2,
        "start_time": "0:05:24.400000",
        "word": "I"
    },
    {
        "end_time": "0:05:24.600000",
        "speaker_tag": 2,
        "start_time": "0:05:24.500000",
        "word": "could"
    },
    {
        "end_time": "0:05:25",
        "speaker_tag": 2,
        "start_time": "0:05:24.600000",
        "word": "see"
    },
    {
        "end_time": "0:05:25.200000",
        "speaker_tag": 2,
        "start_time": "0:05:25",
        "word": "the"
    },
    {
        "end_time": "0:05:25.500000",
        "speaker_tag": 2,
        "start_time": "0:05:25.200000",
        "word": "color"
    },
    {
        "end_time": "0:05:25.500000",
        "speaker_tag": 2,
        "start_time": "0:05:25.500000",
        "word": "of"
    },
    {
        "end_time": "0:05:25.700000",
        "speaker_tag": 2,
        "start_time": "0:05:25.500000",
        "word": "the"
    },
    {
        "end_time": "0:05:26",
        "speaker_tag": 2,
        "start_time": "0:05:25.700000",
        "word": "fruit"
    },
    {
        "end_time": "0:05:27.300000",
        "speaker_tag": 2,
        "start_time": "0:05:26",
        "word": "and"
    },
    {
        "end_time": "0:05:28.100000",
        "speaker_tag": 2,
        "start_time": "0:05:27.300000",
        "word": "you"
    },
    {
        "end_time": "0:05:28.400000",
        "speaker_tag": 2,
        "start_time": "0:05:28.100000",
        "word": "cut"
    },
    {
        "end_time": "0:05:28.400000",
        "speaker_tag": 2,
        "start_time": "0:05:28.400000",
        "word": "it"
    },
    {
        "end_time": "0:05:28.700000",
        "speaker_tag": 2,
        "start_time": "0:05:28.400000",
        "word": "and"
    },
    {
        "end_time": "0:05:30",
        "speaker_tag": 2,
        "start_time": "0:05:28.700000",
        "word": "horizontally"
    },
    {
        "end_time": "0:05:30.200000",
        "speaker_tag": 2,
        "start_time": "0:05:30",
        "word": "and"
    },
    {
        "end_time": "0:05:30.400000",
        "speaker_tag": 2,
        "start_time": "0:05:30.200000",
        "word": "then"
    },
    {
        "end_time": "0:05:30.900000",
        "speaker_tag": 2,
        "start_time": "0:05:30.400000",
        "word": "vertically"
    },
    {
        "end_time": "0:05:31",
        "speaker_tag": 2,
        "start_time": "0:05:30.900000",
        "word": "and"
    },
    {
        "end_time": "0:05:31.200000",
        "speaker_tag": 2,
        "start_time": "0:05:31",
        "word": "you"
    },
    {
        "end_time": "0:05:31.300000",
        "speaker_tag": 2,
        "start_time": "0:05:31.200000",
        "word": "should"
    },
    {
        "end_time": "0:05:31.400000",
        "speaker_tag": 2,
        "start_time": "0:05:31.300000",
        "word": "be"
    },
    {
        "end_time": "0:05:31.400000",
        "speaker_tag": 2,
        "start_time": "0:05:31.400000",
        "word": "good"
    },
    {
        "end_time": "0:05:31.600000",
        "speaker_tag": 2,
        "start_time": "0:05:31.400000",
        "word": "to"
    },
    {
        "end_time": "0:05:31.700000",
        "speaker_tag": 2,
        "start_time": "0:05:31.600000",
        "word": "go"
    },
    {
        "end_time": "0:05:33.800000",
        "speaker_tag": 2,
        "start_time": "0:05:33.100000",
        "word": "perfect"
    },
    {
        "end_time": "0:05:34.100000",
        "speaker_tag": 2,
        "start_time": "0:05:33.800000",
        "word": "thank"
    },
    {
        "end_time": "0:05:34.100000",
        "speaker_tag": 2,
        "start_time": "0:05:34.100000",
        "word": "you"
    },
    {
        "end_time": "0:05:37",
        "speaker_tag": 2,
        "start_time": "0:05:36.700000",
        "word": "so"
    },
    {
        "end_time": "0:05:38.600000",
        "speaker_tag": 2,
        "start_time": "0:05:38.200000",
        "word": "what"
    },
    {
        "end_time": "0:05:38.700000",
        "speaker_tag": 2,
        "start_time": "0:05:38.600000",
        "word": "to"
    },
    {
        "end_time": "0:05:38.800000",
        "speaker_tag": 2,
        "start_time": "0:05:38.700000",
        "word": "do"
    },
    {
        "end_time": "0:05:39",
        "speaker_tag": 2,
        "start_time": "0:05:38.800000",
        "word": "with"
    },
    {
        "end_time": "0:05:39",
        "speaker_tag": 2,
        "start_time": "0:05:39",
        "word": "a"
    },
    {
        "end_time": "0:05:39.300000",
        "speaker_tag": 2,
        "start_time": "0:05:39",
        "word": "fun"
    },
    {
        "end_time": "0:05:39.600000",
        "speaker_tag": 2,
        "start_time": "0:05:39.300000",
        "word": "things"
    },
    {
        "end_time": "0:05:39.800000",
        "speaker_tag": 2,
        "start_time": "0:05:39.600000",
        "word": "now"
    },
    {
        "end_time": "0:05:41.100000",
        "speaker_tag": 2,
        "start_time": "0:05:39.800000",
        "word": "little"
    },
    {
        "end_time": "0:05:41.600000",
        "speaker_tag": 2,
        "start_time": "0:05:41.100000",
        "word": "games"
    },
    {
        "end_time": "0:05:41.700000",
        "speaker_tag": 2,
        "start_time": "0:05:41.600000",
        "word": "or"
    },
    {
        "end_time": "0:05:41.800000",
        "speaker_tag": 2,
        "start_time": "0:05:41.700000",
        "word": "whatever"
    },
    {
        "end_time": "0:05:42",
        "speaker_tag": 2,
        "start_time": "0:05:41.800000",
        "word": "you"
    },
    {
        "end_time": "0:05:42.100000",
        "speaker_tag": 2,
        "start_time": "0:05:42",
        "word": "want"
    },
    {
        "end_time": "0:05:42.100000",
        "speaker_tag": 2,
        "start_time": "0:05:42.100000",
        "word": "to"
    },
    {
        "end_time": "0:05:42.300000",
        "speaker_tag": 2,
        "start_time": "0:05:42.100000",
        "word": "call"
    }
]