[
    {
        "end_time": "0:00:09.700000",
        "speaker_tag": 2,
        "start_time": "0:00:09.300000",
        "word": "tell"
    },
    {
        "end_time": "0:00:09.800000",
        "speaker_tag": 2,
        "start_time": "0:00:09.700000",
        "word": "me"
    },
    {
        "end_time": "0:00:10.100000",
        "speaker_tag": 2,
        "start_time": "0:00:09.800000",
        "word": "about"
    },
    {
        "end_time": "0:00:10.400000",
        "speaker_tag": 2,
        "start_time": "0:00:10.100000",
        "word": "a"
    },
    {
        "end_time": "0:00:10.700000",
        "speaker_tag": 2,
        "start_time": "0:00:10.400000",
        "word": "trip"
    },
    {
        "end_time": "0:00:10.800000",
        "speaker_tag": 2,
        "start_time": "0:00:10.700000",
        "word": "or"
    },
    {
        "end_time": "0:00:10.800000",
        "speaker_tag": 2,
        "start_time": "0:00:10.800000",
        "word": "vacation"
    },
    {
        "end_time": "0:00:11.400000",
        "speaker_tag": 2,
        "start_time": "0:00:10.800000",
        "word": "that"
    },
    {
        "end_time": "0:00:11.500000",
        "speaker_tag": 2,
        "start_time": "0:00:11.400000",
        "word": "you"
    },
    {
        "end_time": "0:00:11.700000",
        "speaker_tag": 2,
        "start_time": "0:00:11.500000",
        "word": "have"
    },
    {
        "end_time": "0:00:11.800000",
        "speaker_tag": 2,
        "start_time": "0:00:11.700000",
        "word": "taken"
    },
    {
        "end_time": "0:00:12.300000",
        "speaker_tag": 2,
        "start_time": "0:00:11.800000",
        "word": "you"
    },
    {
        "end_time": "0:00:12.500000",
        "speaker_tag": 2,
        "start_time": "0:00:12.300000",
        "word": "can"
    },
    {
        "end_time": "0:00:12.700000",
        "speaker_tag": 2,
        "start_time": "0:00:12.500000",
        "word": "provide"
    },
    {
        "end_time": "0:00:13",
        "speaker_tag": 2,
        "start_time": "0:00:12.700000",
        "word": "as"
    },
    {
        "end_time": "0:00:13.200000",
        "speaker_tag": 2,
        "start_time": "0:00:13",
        "word": "many"
    },
    {
        "end_time": "0:00:13.500000",
        "speaker_tag": 2,
        "start_time": "0:00:13.200000",
        "word": "details"
    },
    {
        "end_time": "0:00:13.700000",
        "speaker_tag": 2,
        "start_time": "0:00:13.500000",
        "word": "as"
    },
    {
        "end_time": "0:00:14.400000",
        "speaker_tag": 2,
        "start_time": "0:00:13.700000",
        "word": "necessary"
    },
    {
        "end_time": "0:00:14.800000",
        "speaker_tag": 2,
        "start_time": "0:00:14.400000",
        "word": "I"
    },
    {
        "end_time": "0:00:15",
        "speaker_tag": 2,
        "start_time": "0:00:14.800000",
        "word": "will"
    },
    {
        "end_time": "0:00:15.200000",
        "speaker_tag": 2,
        "start_time": "0:00:15",
        "word": "tell"
    },
    {
        "end_time": "0:00:15.300000",
        "speaker_tag": 2,
        "start_time": "0:00:15.200000",
        "word": "you"
    },
    {
        "end_time": "0:00:15.400000",
        "speaker_tag": 2,
        "start_time": "0:00:15.300000",
        "word": "when"
    },
    {
        "end_time": "0:00:15.500000",
        "speaker_tag": 2,
        "start_time": "0:00:15.400000",
        "word": "to"
    },
    {
        "end_time": "0:00:15.600000",
        "speaker_tag": 2,
        "start_time": "0:00:15.500000",
        "word": "stop"
    },
    {
        "end_time": "0:00:21.800000",
        "speaker_tag": 1,
        "start_time": "0:00:20.300000",
        "word": "I'm"
    },
    {
        "end_time": "0:00:22.300000",
        "speaker_tag": 1,
        "start_time": "0:00:21.800000",
        "word": "so"
    },
    {
        "end_time": "0:00:23.400000",
        "speaker_tag": 1,
        "start_time": "0:00:22.300000",
        "word": "studied"
    },
    {
        "end_time": "0:00:23.600000",
        "speaker_tag": 1,
        "start_time": "0:00:23.400000",
        "word": "years"
    },
    {
        "end_time": "0:00:23.800000",
        "speaker_tag": 1,
        "start_time": "0:00:23.600000",
        "word": "ago"
    },
    {
        "end_time": "0:00:24.100000",
        "speaker_tag": 1,
        "start_time": "0:00:23.800000",
        "word": "I"
    },
    {
        "end_time": "0:00:24.500000",
        "speaker_tag": 1,
        "start_time": "0:00:24.100000",
        "word": "went"
    },
    {
        "end_time": "0:00:25",
        "speaker_tag": 1,
        "start_time": "0:00:24.500000",
        "word": "on"
    },
    {
        "end_time": "0:00:25.100000",
        "speaker_tag": 1,
        "start_time": "0:00:25",
        "word": "a"
    },
    {
        "end_time": "0:00:25.400000",
        "speaker_tag": 1,
        "start_time": "0:00:25.100000",
        "word": "trip"
    },
    {
        "end_time": "0:00:25.700000",
        "speaker_tag": 1,
        "start_time": "0:00:25.400000",
        "word": "with"
    },
    {
        "end_time": "0:00:25.900000",
        "speaker_tag": 1,
        "start_time": "0:00:25.700000",
        "word": "my"
    },
    {
        "end_time": "0:00:26.500000",
        "speaker_tag": 1,
        "start_time": "0:00:25.900000",
        "word": "grandparents"
    },
    {
        "end_time": "0:00:26.800000",
        "speaker_tag": 1,
        "start_time": "0:00:26.500000",
        "word": "Church"
    },
    {
        "end_time": "0:00:27.900000",
        "speaker_tag": 1,
        "start_time": "0:00:26.800000",
        "word": "on"
    },
    {
        "end_time": "0:00:27.900000",
        "speaker_tag": 1,
        "start_time": "0:00:27.900000",
        "word": "a"
    },
    {
        "end_time": "0:00:28.200000",
        "speaker_tag": 1,
        "start_time": "0:00:27.900000",
        "word": "mission"
    },
    {
        "end_time": "0:00:28.400000",
        "speaker_tag": 1,
        "start_time": "0:00:28.200000",
        "word": "trip"
    },
    {
        "end_time": "0:00:28.700000",
        "speaker_tag": 1,
        "start_time": "0:00:28.400000",
        "word": "to"
    },
    {
        "end_time": "0:00:28.900000",
        "speaker_tag": 1,
        "start_time": "0:00:28.700000",
        "word": "New"
    },
    {
        "end_time": "0:00:29",
        "speaker_tag": 1,
        "start_time": "0:00:28.900000",
        "word": "Mexico"
    },
    {
        "end_time": "0:00:30.300000",
        "speaker_tag": 1,
        "start_time": "0:00:29",
        "word": "Iowa"
    },
    {
        "end_time": "0:00:30.600000",
        "speaker_tag": 1,
        "start_time": "0:00:30.300000",
        "word": "to"
    },
    {
        "end_time": "0:00:32.400000",
        "speaker_tag": 1,
        "start_time": "0:00:30.600000",
        "word": "a"
    },
    {
        "end_time": "0:00:32.700000",
        "speaker_tag": 1,
        "start_time": "0:00:32.400000",
        "word": "Navajo"
    },
    {
        "end_time": "0:00:33",
        "speaker_tag": 1,
        "start_time": "0:00:32.700000",
        "word": "reservation"
    },
    {
        "end_time": "0:00:35.200000",
        "speaker_tag": 1,
        "start_time": "0:00:33",
        "word": "and"
    },
    {
        "end_time": "0:00:36.400000",
        "speaker_tag": 1,
        "start_time": "0:00:35.200000",
        "word": "held"
    },
    {
        "end_time": "0:00:36.600000",
        "speaker_tag": 1,
        "start_time": "0:00:36.400000",
        "word": "like"
    },
    {
        "end_time": "0:00:36.600000",
        "speaker_tag": 1,
        "start_time": "0:00:36.600000",
        "word": "a"
    },
    {
        "end_time": "0:00:37.100000",
        "speaker_tag": 1,
        "start_time": "0:00:36.600000",
        "word": "CVS"
    },
    {
        "end_time": "0:00:37.300000",
        "speaker_tag": 1,
        "start_time": "0:00:37.100000",
        "word": "kind"
    },
    {
        "end_time": "0:00:37.400000",
        "speaker_tag": 2,
        "start_time": "0:00:37.300000",
        "word": "of"
    },
    {
        "end_time": "0:00:37.600000",
        "speaker_tag": 2,
        "start_time": "0:00:37.400000",
        "word": "thing"
    },
    {
        "end_time": "0:00:39.800000",
        "speaker_tag": 2,
        "start_time": "0:00:38.800000",
        "word": "and"
    },
    {
        "end_time": "0:00:41.900000",
        "speaker_tag": 1,
        "start_time": "0:00:39.800000",
        "word": "while"
    },
    {
        "end_time": "0:00:42",
        "speaker_tag": 1,
        "start_time": "0:00:41.900000",
        "word": "we"
    },
    {
        "end_time": "0:00:42.100000",
        "speaker_tag": 1,
        "start_time": "0:00:42",
        "word": "were"
    },
    {
        "end_time": "0:00:42.300000",
        "speaker_tag": 1,
        "start_time": "0:00:42.100000",
        "word": "there"
    },
    {
        "end_time": "0:00:42.500000",
        "speaker_tag": 1,
        "start_time": "0:00:42.300000",
        "word": "we"
    },
    {
        "end_time": "0:00:42.800000",
        "speaker_tag": 1,
        "start_time": "0:00:42.500000",
        "word": "got"
    },
    {
        "end_time": "0:00:43.200000",
        "speaker_tag": 1,
        "start_time": "0:00:42.800000",
        "word": "to"
    },
    {
        "end_time": "0:00:43.400000",
        "speaker_tag": 1,
        "start_time": "0:00:43.200000",
        "word": "kind"
    },
    {
        "end_time": "0:00:43.500000",
        "speaker_tag": 1,
        "start_time": "0:00:43.400000",
        "word": "of"
    },
    {
        "end_time": "0:00:43.800000",
        "speaker_tag": 1,
        "start_time": "0:00:43.500000",
        "word": "site"
    },
    {
        "end_time": "0:00:44",
        "speaker_tag": 1,
        "start_time": "0:00:43.800000",
        "word": "see"
    },
    {
        "end_time": "0:00:44",
        "speaker_tag": 1,
        "start_time": "0:00:44",
        "word": "a"
    },
    {
        "end_time": "0:00:44.200000",
        "speaker_tag": 1,
        "start_time": "0:00:44",
        "word": "little"
    },
    {
        "end_time": "0:00:44.400000",
        "speaker_tag": 1,
        "start_time": "0:00:44.200000",
        "word": "bit"
    },
    {
        "end_time": "0:00:44.500000",
        "speaker_tag": 1,
        "start_time": "0:00:44.400000",
        "word": "as"
    },
    {
        "end_time": "0:00:45.100000",
        "speaker_tag": 1,
        "start_time": "0:00:44.500000",
        "word": "well."
    },
    {
        "end_time": "0:00:45.300000",
        "speaker_tag": 1,
        "start_time": "0:00:45.100000",
        "word": "We"
    },
    {
        "end_time": "0:00:45.500000",
        "speaker_tag": 1,
        "start_time": "0:00:45.300000",
        "word": "drove"
    },
    {
        "end_time": "0:00:45.700000",
        "speaker_tag": 1,
        "start_time": "0:00:45.500000",
        "word": "into"
    },
    {
        "end_time": "0:00:46.200000",
        "speaker_tag": 1,
        "start_time": "0:00:45.700000",
        "word": "Arizona"
    },
    {
        "end_time": "0:00:47.400000",
        "speaker_tag": 1,
        "start_time": "0:00:46.200000",
        "word": "and"
    },
    {
        "end_time": "0:00:47.600000",
        "speaker_tag": 1,
        "start_time": "0:00:47.400000",
        "word": "we"
    },
    {
        "end_time": "0:00:47.700000",
        "speaker_tag": 1,
        "start_time": "0:00:47.600000",
        "word": "went"
    },
    {
        "end_time": "0:00:47.800000",
        "speaker_tag": 1,
        "start_time": "0:00:47.700000",
        "word": "to"
    },
    {
        "end_time": "0:00:47.900000",
        "speaker_tag": 1,
        "start_time": "0:00:47.800000",
        "word": "a"
    },
    {
        "end_time": "0:00:48",
        "speaker_tag": 1,
        "start_time": "0:00:47.900000",
        "word": "place"
    },
    {
        "end_time": "0:00:48.100000",
        "speaker_tag": 1,
        "start_time": "0:00:48",
        "word": "called"
    },
    {
        "end_time": "0:00:48.500000",
        "speaker_tag": 1,
        "start_time": "0:00:48.100000",
        "word": "Window"
    },
    {
        "end_time": "0:00:48.900000",
        "speaker_tag": 1,
        "start_time": "0:00:48.500000",
        "word": "Rock"
    },
    {
        "end_time": "0:00:49",
        "speaker_tag": 1,
        "start_time": "0:00:48.900000",
        "word": "and"
    },
    {
        "end_time": "0:00:49.100000",
        "speaker_tag": 1,
        "start_time": "0:00:49",
        "word": "we"
    },
    {
        "end_time": "0:00:49.300000",
        "speaker_tag": 1,
        "start_time": "0:00:49.100000",
        "word": "hiked"
    },
    {
        "end_time": "0:00:49.400000",
        "speaker_tag": 1,
        "start_time": "0:00:49.300000",
        "word": "around"
    },
    {
        "end_time": "0:00:49.600000",
        "speaker_tag": 1,
        "start_time": "0:00:49.400000",
        "word": "the"
    },
    {
        "end_time": "0:00:50.100000",
        "speaker_tag": 2,
        "start_time": "0:00:49.600000",
        "word": "mountains"
    },
    {
        "end_time": "0:00:53.500000",
        "speaker_tag": 1,
        "start_time": "0:00:52.600000",
        "word": "and"
    },
    {
        "end_time": "0:00:54.400000",
        "speaker_tag": 1,
        "start_time": "0:00:53.500000",
        "word": "it"
    },
    {
        "end_time": "0:00:55.300000",
        "speaker_tag": 1,
        "start_time": "0:00:54.400000",
        "word": "over"
    },
    {
        "end_time": "0:00:55.400000",
        "speaker_tag": 1,
        "start_time": "0:00:55.300000",
        "word": "all"
    },
    {
        "end_time": "0:00:55.500000",
        "speaker_tag": 1,
        "start_time": "0:00:55.400000",
        "word": "the"
    },
    {
        "end_time": "0:00:55.700000",
        "speaker_tag": 1,
        "start_time": "0:00:55.500000",
        "word": "trip"
    },
    {
        "end_time": "0:00:56.100000",
        "speaker_tag": 1,
        "start_time": "0:00:55.700000",
        "word": "lasted"
    },
    {
        "end_time": "0:00:56.200000",
        "speaker_tag": 1,
        "start_time": "0:00:56.100000",
        "word": "about"
    },
    {
        "end_time": "0:00:56.300000",
        "speaker_tag": 1,
        "start_time": "0:00:56.200000",
        "word": "a"
    },
    {
        "end_time": "0:00:56.700000",
        "speaker_tag": 2,
        "start_time": "0:00:56.300000",
        "word": "week"
    },
    {
        "end_time": "0:00:59",
        "speaker_tag": 2,
        "start_time": "0:00:56.700000",
        "word": "it"
    },
    {
        "end_time": "0:00:59.100000",
        "speaker_tag": 2,
        "start_time": "0:00:59",
        "word": "was"
    },
    {
        "end_time": "0:00:59.600000",
        "speaker_tag": 1,
        "start_time": "0:00:59.100000",
        "word": "a"
    },
    {
        "end_time": "0:00:59.900000",
        "speaker_tag": 1,
        "start_time": "0:00:59.600000",
        "word": "lot"
    },
    {
        "end_time": "0:01:00",
        "speaker_tag": 1,
        "start_time": "0:00:59.900000",
        "word": "of"
    },
    {
        "end_time": "0:01:00",
        "speaker_tag": 1,
        "start_time": "0:01:00",
        "word": "fun"
    },
    {
        "end_time": "0:01:03.200000",
        "speaker_tag": 1,
        "start_time": "0:01:02.300000",
        "word": "it"
    },
    {
        "end_time": "0:01:03.300000",
        "speaker_tag": 1,
        "start_time": "0:01:03.200000",
        "word": "was"
    },
    {
        "end_time": "0:01:03.300000",
        "speaker_tag": 1,
        "start_time": "0:01:03.300000",
        "word": "a"
    },
    {
        "end_time": "0:01:03.500000",
        "speaker_tag": 1,
        "start_time": "0:01:03.300000",
        "word": "long"
    },
    {
        "end_time": "0:01:03.700000",
        "speaker_tag": 1,
        "start_time": "0:01:03.500000",
        "word": "trip"
    },
    {
        "end_time": "0:01:03.800000",
        "speaker_tag": 1,
        "start_time": "0:01:03.700000",
        "word": "though"
    },
    {
        "end_time": "0:01:04.100000",
        "speaker_tag": 1,
        "start_time": "0:01:03.800000",
        "word": "it"
    },
    {
        "end_time": "0:01:04.300000",
        "speaker_tag": 1,
        "start_time": "0:01:04.100000",
        "word": "took"
    },
    {
        "end_time": "0:01:04.700000",
        "speaker_tag": 1,
        "start_time": "0:01:04.300000",
        "word": "like"
    },
    {
        "end_time": "0:01:04.900000",
        "speaker_tag": 1,
        "start_time": "0:01:04.700000",
        "word": "3"
    },
    {
        "end_time": "0:01:05",
        "speaker_tag": 1,
        "start_time": "0:01:04.900000",
        "word": "days"
    },
    {
        "end_time": "0:01:05.500000",
        "speaker_tag": 1,
        "start_time": "0:01:05",
        "word": "so"
    },
    {
        "end_time": "0:01:11.300000",
        "speaker_tag": 1,
        "start_time": "0:01:09.300000",
        "word": "memories"
    },
    {
        "end_time": "0:01:11.600000",
        "speaker_tag": 1,
        "start_time": "0:01:11.300000",
        "word": "about"
    },
    {
        "end_time": "0:01:11.700000",
        "speaker_tag": 1,
        "start_time": "0:01:11.600000",
        "word": "it"
    },
    {
        "end_time": "0:01:14.300000",
        "speaker_tag": 2,
        "start_time": "0:01:13.800000",
        "word": "go"
    },
    {
        "end_time": "0:01:14.500000",
        "speaker_tag": 2,
        "start_time": "0:01:14.300000",
        "word": "on"
    },
    {
        "end_time": "0:01:14.800000",
        "speaker_tag": 2,
        "start_time": "0:01:14.500000",
        "word": "so"
    },
    {
        "end_time": "0:01:15.100000",
        "speaker_tag": 2,
        "start_time": "0:01:14.800000",
        "word": "you"
    },
    {
        "end_time": "0:01:15.300000",
        "speaker_tag": 2,
        "start_time": "0:01:15.100000",
        "word": "think"
    },
    {
        "end_time": "0:01:15.600000",
        "speaker_tag": 2,
        "start_time": "0:01:15.300000",
        "word": "your"
    },
    {
        "end_time": "0:01:20.900000",
        "speaker_tag": 1,
        "start_time": "0:01:20.400000",
        "word": "set"
    },
    {
        "end_time": "0:01:21.100000",
        "speaker_tag": 1,
        "start_time": "0:01:20.900000",
        "word": "last"
    },
    {
        "end_time": "0:01:21.300000",
        "speaker_tag": 1,
        "start_time": "0:01:21.100000",
        "word": "about"
    },
    {
        "end_time": "0:01:21.400000",
        "speaker_tag": 1,
        "start_time": "0:01:21.300000",
        "word": "a"
    },
    {
        "end_time": "0:01:21.400000",
        "speaker_tag": 1,
        "start_time": "0:01:21.400000",
        "word": "week"
    },
    {
        "end_time": "0:01:21.800000",
        "speaker_tag": 1,
        "start_time": "0:01:21.400000",
        "word": "and"
    },
    {
        "end_time": "0:01:21.900000",
        "speaker_tag": 1,
        "start_time": "0:01:21.800000",
        "word": "then"
    },
    {
        "end_time": "0:01:22.100000",
        "speaker_tag": 1,
        "start_time": "0:01:21.900000",
        "word": "we"
    },
    {
        "end_time": "0:01:22.300000",
        "speaker_tag": 1,
        "start_time": "0:01:22.100000",
        "word": "came"
    },
    {
        "end_time": "0:01:22.400000",
        "speaker_tag": 1,
        "start_time": "0:01:22.300000",
        "word": "back"
    },
    {
        "end_time": "0:01:22.700000",
        "speaker_tag": 1,
        "start_time": "0:01:22.400000",
        "word": "in"
    },
    {
        "end_time": "0:01:22.900000",
        "speaker_tag": 1,
        "start_time": "0:01:22.700000",
        "word": "his"
    },
    {
        "end_time": "0:01:23",
        "speaker_tag": 1,
        "start_time": "0:01:22.900000",
        "word": "bed"
    },
    {
        "end_time": "0:01:23.300000",
        "speaker_tag": 1,
        "start_time": "0:01:23",
        "word": "intruder"
    },
    {
        "end_time": "0:01:23.500000",
        "speaker_tag": 1,
        "start_time": "0:01:23.300000",
        "word": "day"
    },
    {
        "end_time": "0:01:23.900000",
        "speaker_tag": 2,
        "start_time": "0:01:23.500000",
        "word": "trips"
    },
    {
        "end_time": "0:01:34.300000",
        "speaker_tag": 2,
        "start_time": "0:01:33",
        "word": "please"
    },
    {
        "end_time": "0:01:34.600000",
        "speaker_tag": 2,
        "start_time": "0:01:34.300000",
        "word": "explain"
    },
    {
        "end_time": "0:01:34.900000",
        "speaker_tag": 2,
        "start_time": "0:01:34.600000",
        "word": "how"
    },
    {
        "end_time": "0:01:34.900000",
        "speaker_tag": 2,
        "start_time": "0:01:34.900000",
        "word": "you"
    },
    {
        "end_time": "0:01:35",
        "speaker_tag": 2,
        "start_time": "0:01:34.900000",
        "word": "would"
    },
    {
        "end_time": "0:01:35.200000",
        "speaker_tag": 2,
        "start_time": "0:01:35",
        "word": "make"
    },
    {
        "end_time": "0:01:35.400000",
        "speaker_tag": 2,
        "start_time": "0:01:35.200000",
        "word": "the"
    },
    {
        "end_time": "0:01:35.700000",
        "speaker_tag": 2,
        "start_time": "0:01:35.400000",
        "word": "following"
    },
    {
        "end_time": "0:01:36.100000",
        "speaker_tag": 2,
        "start_time": "0:01:35.700000",
        "word": "meal"
    },
    {
        "end_time": "0:01:37.100000",
        "speaker_tag": 2,
        "start_time": "0:01:36.100000",
        "word": "step-by-step"
    },
    {
        "end_time": "0:01:37.500000",
        "speaker_tag": 2,
        "start_time": "0:01:37.100000",
        "word": "a"
    },
    {
        "end_time": "0:01:37.800000",
        "speaker_tag": 2,
        "start_time": "0:01:37.500000",
        "word": "cup"
    },
    {
        "end_time": "0:01:37.900000",
        "speaker_tag": 2,
        "start_time": "0:01:37.800000",
        "word": "of"
    },
    {
        "end_time": "0:01:38.200000",
        "speaker_tag": 2,
        "start_time": "0:01:37.900000",
        "word": "coffee"
    },
    {
        "end_time": "0:01:39.200000",
        "speaker_tag": 2,
        "start_time": "0:01:38.200000",
        "word": "scrambled"
    },
    {
        "end_time": "0:01:39.600000",
        "speaker_tag": 2,
        "start_time": "0:01:39.200000",
        "word": "eggs"
    },
    {
        "end_time": "0:01:39.900000",
        "speaker_tag": 2,
        "start_time": "0:01:39.600000",
        "word": "and"
    },
    {
        "end_time": "0:01:40",
        "speaker_tag": 2,
        "start_time": "0:01:39.900000",
        "word": "a"
    },
    {
        "end_time": "0:01:40.200000",
        "speaker_tag": 2,
        "start_time": "0:01:40",
        "word": "bowl"
    },
    {
        "end_time": "0:01:40.300000",
        "speaker_tag": 2,
        "start_time": "0:01:40.200000",
        "word": "of"
    },
    {
        "end_time": "0:01:40.700000",
        "speaker_tag": 2,
        "start_time": "0:01:40.300000",
        "word": "fruit"
    },
    {
        "end_time": "0:01:41.600000",
        "speaker_tag": 2,
        "start_time": "0:01:40.700000",
        "word": "pretend"
    },
    {
        "end_time": "0:01:41.700000",
        "speaker_tag": 2,
        "start_time": "0:01:41.600000",
        "word": "I"
    },
    {
        "end_time": "0:01:41.800000",
        "speaker_tag": 2,
        "start_time": "0:01:41.700000",
        "word": "do"
    },
    {
        "end_time": "0:01:42",
        "speaker_tag": 2,
        "start_time": "0:01:41.800000",
        "word": "not"
    },
    {
        "end_time": "0:01:42.200000",
        "speaker_tag": 2,
        "start_time": "0:01:42",
        "word": "know"
    },
    {
        "end_time": "0:01:42.300000",
        "speaker_tag": 2,
        "start_time": "0:01:42.200000",
        "word": "how"
    },
    {
        "end_time": "0:01:42.400000",
        "speaker_tag": 2,
        "start_time": "0:01:42.300000",
        "word": "to"
    },
    {
        "end_time": "0:01:42.600000",
        "speaker_tag": 2,
        "start_time": "0:01:42.400000",
        "word": "make"
    },
    {
        "end_time": "0:01:42.700000",
        "speaker_tag": 2,
        "start_time": "0:01:42.600000",
        "word": "the"
    },
    {
        "end_time": "0:01:43",
        "speaker_tag": 2,
        "start_time": "0:01:42.700000",
        "word": "mail"
    },
    {
        "end_time": "0:01:43.200000",
        "speaker_tag": 2,
        "start_time": "0:01:43",
        "word": "and"
    },
    {
        "end_time": "0:01:43.600000",
        "speaker_tag": 2,
        "start_time": "0:01:43.200000",
        "word": "provide"
    },
    {
        "end_time": "0:01:44.200000",
        "speaker_tag": 2,
        "start_time": "0:01:43.600000",
        "word": "details"
    },
    {
        "end_time": "0:01:44.500000",
        "speaker_tag": 2,
        "start_time": "0:01:44.200000",
        "word": "I"
    },
    {
        "end_time": "0:01:44.700000",
        "speaker_tag": 2,
        "start_time": "0:01:44.500000",
        "word": "will"
    },
    {
        "end_time": "0:01:44.800000",
        "speaker_tag": 2,
        "start_time": "0:01:44.700000",
        "word": "tell"
    },
    {
        "end_time": "0:01:44.900000",
        "speaker_tag": 2,
        "start_time": "0:01:44.800000",
        "word": "you"
    },
    {
        "end_time": "0:01:45.100000",
        "speaker_tag": 2,
        "start_time": "0:01:44.900000",
        "word": "when"
    },
    {
        "end_time": "0:01:45.100000",
        "speaker_tag": 2,
        "start_time": "0:01:45.100000",
        "word": "to"
    },
    {
        "end_time": "0:01:45.200000",
        "speaker_tag": 2,
        "start_time": "0:01:45.100000",
        "word": "stop"
    },
    {
        "end_time": "0:01:47.400000",
        "speaker_tag": 1,
        "start_time": "0:01:45.200000",
        "word": "the"
    },
    {
        "end_time": "0:01:47.600000",
        "speaker_tag": 1,
        "start_time": "0:01:47.400000",
        "word": "first"
    },
    {
        "end_time": "0:01:48.600000",
        "speaker_tag": 1,
        "start_time": "0:01:47.600000",
        "word": "timer"
    },
    {
        "end_time": "0:01:48.800000",
        "speaker_tag": 1,
        "start_time": "0:01:48.600000",
        "word": "coffee"
    },
    {
        "end_time": "0:01:49.100000",
        "speaker_tag": 1,
        "start_time": "0:01:48.800000",
        "word": "make"
    },
    {
        "end_time": "0:01:49.200000",
        "speaker_tag": 1,
        "start_time": "0:01:49.100000",
        "word": "you"
    },
    {
        "end_time": "0:01:49.400000",
        "speaker_tag": 1,
        "start_time": "0:01:49.200000",
        "word": "have"
    },
    {
        "end_time": "0:01:49.600000",
        "speaker_tag": 1,
        "start_time": "0:01:49.400000",
        "word": "to"
    },
    {
        "end_time": "0:01:49.800000",
        "speaker_tag": 1,
        "start_time": "0:01:49.600000",
        "word": "put"
    },
    {
        "end_time": "0:01:49.900000",
        "speaker_tag": 1,
        "start_time": "0:01:49.800000",
        "word": "it"
    },
    {
        "end_time": "0:01:50",
        "speaker_tag": 1,
        "start_time": "0:01:49.900000",
        "word": "to"
    },
    {
        "end_time": "0:01:50",
        "speaker_tag": 1,
        "start_time": "0:01:50",
        "word": "you"
    },
    {
        "end_time": "0:01:50.300000",
        "speaker_tag": 1,
        "start_time": "0:01:50",
        "word": "like"
    },
    {
        "end_time": "0:01:50.500000",
        "speaker_tag": 1,
        "start_time": "0:01:50.300000",
        "word": "a"
    },
    {
        "end_time": "0:01:50.700000",
        "speaker_tag": 1,
        "start_time": "0:01:50.500000",
        "word": "regular"
    },
    {
        "end_time": "0:01:50.900000",
        "speaker_tag": 1,
        "start_time": "0:01:50.700000",
        "word": "one"
    },
    {
        "end_time": "0:01:52",
        "speaker_tag": 1,
        "start_time": "0:01:50.900000",
        "word": "so"
    },
    {
        "end_time": "0:01:52.200000",
        "speaker_tag": 1,
        "start_time": "0:01:52",
        "word": "you"
    },
    {
        "end_time": "0:01:52.300000",
        "speaker_tag": 1,
        "start_time": "0:01:52.200000",
        "word": "would"
    },
    {
        "end_time": "0:01:52.500000",
        "speaker_tag": 1,
        "start_time": "0:01:52.300000",
        "word": "get"
    },
    {
        "end_time": "0:01:52.600000",
        "speaker_tag": 1,
        "start_time": "0:01:52.500000",
        "word": "a"
    },
    {
        "end_time": "0:01:53",
        "speaker_tag": 1,
        "start_time": "0:01:52.600000",
        "word": "paper"
    },
    {
        "end_time": "0:01:53.300000",
        "speaker_tag": 1,
        "start_time": "0:01:53",
        "word": "filter"
    },
    {
        "end_time": "0:01:54.400000",
        "speaker_tag": 1,
        "start_time": "0:01:53.300000",
        "word": "and"
    },
    {
        "end_time": "0:01:54.500000",
        "speaker_tag": 1,
        "start_time": "0:01:54.400000",
        "word": "you"
    },
    {
        "end_time": "0:01:54.700000",
        "speaker_tag": 1,
        "start_time": "0:01:54.500000",
        "word": "would"
    },
    {
        "end_time": "0:01:55",
        "speaker_tag": 1,
        "start_time": "0:01:54.700000",
        "word": "place"
    },
    {
        "end_time": "0:01:55.100000",
        "speaker_tag": 1,
        "start_time": "0:01:55",
        "word": "it"
    },
    {
        "end_time": "0:01:55.800000",
        "speaker_tag": 1,
        "start_time": "0:01:55.100000",
        "word": "you"
    },
    {
        "end_time": "0:01:56",
        "speaker_tag": 1,
        "start_time": "0:01:55.800000",
        "word": "open"
    },
    {
        "end_time": "0:01:56.100000",
        "speaker_tag": 1,
        "start_time": "0:01:56",
        "word": "up"
    },
    {
        "end_time": "0:01:56.200000",
        "speaker_tag": 1,
        "start_time": "0:01:56.100000",
        "word": "the"
    },
    {
        "end_time": "0:01:56.400000",
        "speaker_tag": 1,
        "start_time": "0:01:56.200000",
        "word": "top"
    },
    {
        "end_time": "0:01:56.500000",
        "speaker_tag": 1,
        "start_time": "0:01:56.400000",
        "word": "of"
    },
    {
        "end_time": "0:01:56.500000",
        "speaker_tag": 1,
        "start_time": "0:01:56.500000",
        "word": "the"
    },
    {
        "end_time": "0:01:56.900000",
        "speaker_tag": 1,
        "start_time": "0:01:56.500000",
        "word": "coffee"
    },
    {
        "end_time": "0:01:57.200000",
        "speaker_tag": 1,
        "start_time": "0:01:56.900000",
        "word": "maker"
    },
    {
        "end_time": "0:01:57.500000",
        "speaker_tag": 1,
        "start_time": "0:01:57.200000",
        "word": "and"
    },
    {
        "end_time": "0:01:57.700000",
        "speaker_tag": 1,
        "start_time": "0:01:57.500000",
        "word": "place"
    },
    {
        "end_time": "0:01:58",
        "speaker_tag": 1,
        "start_time": "0:01:57.700000",
        "word": "it"
    },
    {
        "end_time": "0:01:58.600000",
        "speaker_tag": 1,
        "start_time": "0:01:58",
        "word": "and"
    },
    {
        "end_time": "0:01:59.700000",
        "speaker_tag": 1,
        "start_time": "0:01:58.600000",
        "word": "children"
    },
    {
        "end_time": "0:02:00",
        "speaker_tag": 1,
        "start_time": "0:01:59.700000",
        "word": "as"
    },
    {
        "end_time": "0:02:00",
        "speaker_tag": 1,
        "start_time": "0:02:00",
        "word": "well"
    },
    {
        "end_time": "0:02:00.300000",
        "speaker_tag": 1,
        "start_time": "0:02:00",
        "word": "as"
    },
    {
        "end_time": "0:02:00.500000",
        "speaker_tag": 1,
        "start_time": "0:02:00.300000",
        "word": "distilled"
    },
    {
        "end_time": "0:02:00.700000",
        "speaker_tag": 1,
        "start_time": "0:02:00.500000",
        "word": "water"
    },
    {
        "end_time": "0:02:01",
        "speaker_tag": 1,
        "start_time": "0:02:00.700000",
        "word": "up"
    },
    {
        "end_time": "0:02:01.300000",
        "speaker_tag": 1,
        "start_time": "0:02:01",
        "word": "towards"
    },
    {
        "end_time": "0:02:01.300000",
        "speaker_tag": 1,
        "start_time": "0:02:01.300000",
        "word": "the"
    },
    {
        "end_time": "0:02:02",
        "speaker_tag": 1,
        "start_time": "0:02:01.300000",
        "word": "mindsets"
    },
    {
        "end_time": "0:02:03.300000",
        "speaker_tag": 1,
        "start_time": "0:02:02",
        "word": "then"
    },
    {
        "end_time": "0:02:03.300000",
        "speaker_tag": 1,
        "start_time": "0:02:03.300000",
        "word": "you"
    },
    {
        "end_time": "0:02:03.500000",
        "speaker_tag": 1,
        "start_time": "0:02:03.300000",
        "word": "make"
    },
    {
        "end_time": "0:02:03.600000",
        "speaker_tag": 1,
        "start_time": "0:02:03.500000",
        "word": "sure"
    },
    {
        "end_time": "0:02:03.800000",
        "speaker_tag": 1,
        "start_time": "0:02:03.600000",
        "word": "the"
    },
    {
        "end_time": "0:02:04.600000",
        "speaker_tag": 1,
        "start_time": "0:02:03.800000",
        "word": "picture"
    },
    {
        "end_time": "0:02:04.800000",
        "speaker_tag": 1,
        "start_time": "0:02:04.600000",
        "word": "for"
    },
    {
        "end_time": "0:02:04.900000",
        "speaker_tag": 1,
        "start_time": "0:02:04.800000",
        "word": "the"
    },
    {
        "end_time": "0:02:05.200000",
        "speaker_tag": 1,
        "start_time": "0:02:04.900000",
        "word": "coffee"
    },
    {
        "end_time": "0:02:05.300000",
        "speaker_tag": 1,
        "start_time": "0:02:05.200000",
        "word": "is"
    },
    {
        "end_time": "0:02:05.600000",
        "speaker_tag": 1,
        "start_time": "0:02:05.300000",
        "word": "underneath"
    },
    {
        "end_time": "0:02:06",
        "speaker_tag": 1,
        "start_time": "0:02:05.600000",
        "word": "there"
    },
    {
        "end_time": "0:02:06.200000",
        "speaker_tag": 1,
        "start_time": "0:02:06",
        "word": "and"
    },
    {
        "end_time": "0:02:06.600000",
        "speaker_tag": 1,
        "start_time": "0:02:06.200000",
        "word": "make"
    },
    {
        "end_time": "0:02:06.700000",
        "speaker_tag": 1,
        "start_time": "0:02:06.600000",
        "word": "sure"
    },
    {
        "end_time": "0:02:07",
        "speaker_tag": 1,
        "start_time": "0:02:06.700000",
        "word": "that"
    },
    {
        "end_time": "0:02:07.600000",
        "speaker_tag": 1,
        "start_time": "0:02:07",
        "word": "coffee"
    },
    {
        "end_time": "0:02:07.700000",
        "speaker_tag": 1,
        "start_time": "0:02:07.600000",
        "word": "is"
    },
    {
        "end_time": "0:02:08",
        "speaker_tag": 1,
        "start_time": "0:02:07.700000",
        "word": "actually"
    },
    {
        "end_time": "0:02:08.100000",
        "speaker_tag": 1,
        "start_time": "0:02:08",
        "word": "in"
    },
    {
        "end_time": "0:02:08.200000",
        "speaker_tag": 1,
        "start_time": "0:02:08.100000",
        "word": "the"
    },
    {
        "end_time": "0:02:08.600000",
        "speaker_tag": 1,
        "start_time": "0:02:08.200000",
        "word": "filter"
    },
    {
        "end_time": "0:02:09.700000",
        "speaker_tag": 1,
        "start_time": "0:02:08.600000",
        "word": "start"
    },
    {
        "end_time": "0:02:11.500000",
        "speaker_tag": 1,
        "start_time": "0:02:09.700000",
        "word": "and"
    },
    {
        "end_time": "0:02:11.900000",
        "speaker_tag": 1,
        "start_time": "0:02:11.500000",
        "word": "while"
    },
    {
        "end_time": "0:02:12",
        "speaker_tag": 1,
        "start_time": "0:02:11.900000",
        "word": "that's"
    },
    {
        "end_time": "0:02:12.400000",
        "speaker_tag": 1,
        "start_time": "0:02:12",
        "word": "going"
    },
    {
        "end_time": "0:02:13.400000",
        "speaker_tag": 1,
        "start_time": "0:02:12.400000",
        "word": "for"
    },
    {
        "end_time": "0:02:13.800000",
        "speaker_tag": 1,
        "start_time": "0:02:13.400000",
        "word": "scrambled"
    },
    {
        "end_time": "0:02:13.900000",
        "speaker_tag": 1,
        "start_time": "0:02:13.800000",
        "word": "eggs"
    },
    {
        "end_time": "0:02:15.800000",
        "speaker_tag": 1,
        "start_time": "0:02:15.200000",
        "word": "what"
    },
    {
        "end_time": "0:02:15.900000",
        "speaker_tag": 1,
        "start_time": "0:02:15.800000",
        "word": "I"
    },
    {
        "end_time": "0:02:16.100000",
        "speaker_tag": 1,
        "start_time": "0:02:15.900000",
        "word": "do"
    },
    {
        "end_time": "0:02:16.600000",
        "speaker_tag": 1,
        "start_time": "0:02:16.100000",
        "word": "is"
    },
    {
        "end_time": "0:02:16.700000",
        "speaker_tag": 1,
        "start_time": "0:02:16.600000",
        "word": "I"
    },
    {
        "end_time": "0:02:17.100000",
        "speaker_tag": 1,
        "start_time": "0:02:16.700000",
        "word": "crack"
    },
    {
        "end_time": "0:02:17.200000",
        "speaker_tag": 1,
        "start_time": "0:02:17.100000",
        "word": "the"
    },
    {
        "end_time": "0:02:17.500000",
        "speaker_tag": 2,
        "start_time": "0:02:17.200000",
        "word": "eggs"
    },
    {
        "end_time": "0:02:19",
        "speaker_tag": 1,
        "start_time": "0:02:17.500000",
        "word": "and"
    },
    {
        "end_time": "0:02:19",
        "speaker_tag": 1,
        "start_time": "0:02:19",
        "word": "I"
    },
    {
        "end_time": "0:02:19.200000",
        "speaker_tag": 1,
        "start_time": "0:02:19",
        "word": "put"
    },
    {
        "end_time": "0:02:19.200000",
        "speaker_tag": 1,
        "start_time": "0:02:19.200000",
        "word": "them"
    },
    {
        "end_time": "0:02:19.300000",
        "speaker_tag": 1,
        "start_time": "0:02:19.200000",
        "word": "in"
    },
    {
        "end_time": "0:02:19.400000",
        "speaker_tag": 1,
        "start_time": "0:02:19.300000",
        "word": "a"
    },
    {
        "end_time": "0:02:19.500000",
        "speaker_tag": 1,
        "start_time": "0:02:19.400000",
        "word": "bowl"
    },
    {
        "end_time": "0:02:20.300000",
        "speaker_tag": 1,
        "start_time": "0:02:19.500000",
        "word": "and"
    },
    {
        "end_time": "0:02:20.400000",
        "speaker_tag": 1,
        "start_time": "0:02:20.300000",
        "word": "then"
    },
    {
        "end_time": "0:02:20.600000",
        "speaker_tag": 1,
        "start_time": "0:02:20.400000",
        "word": "I"
    },
    {
        "end_time": "0:02:20.900000",
        "speaker_tag": 1,
        "start_time": "0:02:20.600000",
        "word": "was"
    },
    {
        "end_time": "0:02:21",
        "speaker_tag": 1,
        "start_time": "0:02:20.900000",
        "word": "going"
    },
    {
        "end_time": "0:02:21.100000",
        "speaker_tag": 1,
        "start_time": "0:02:21",
        "word": "around"
    },
    {
        "end_time": "0:02:21.500000",
        "speaker_tag": 1,
        "start_time": "0:02:21.100000",
        "word": "that"
    },
    {
        "end_time": "0:02:21.800000",
        "speaker_tag": 1,
        "start_time": "0:02:21.500000",
        "word": "you"
    },
    {
        "end_time": "0:02:22",
        "speaker_tag": 1,
        "start_time": "0:02:21.800000",
        "word": "can"
    },
    {
        "end_time": "0:02:22.100000",
        "speaker_tag": 1,
        "start_time": "0:02:22",
        "word": "just"
    },
    {
        "end_time": "0:02:22.900000",
        "speaker_tag": 1,
        "start_time": "0:02:22.100000",
        "word": "make"
    },
    {
        "end_time": "0:02:23",
        "speaker_tag": 1,
        "start_time": "0:02:22.900000",
        "word": "sure"
    },
    {
        "end_time": "0:02:23.200000",
        "speaker_tag": 1,
        "start_time": "0:02:23",
        "word": "it's"
    },
    {
        "end_time": "0:02:23.300000",
        "speaker_tag": 1,
        "start_time": "0:02:23.200000",
        "word": "all"
    },
    {
        "end_time": "0:02:23.600000",
        "speaker_tag": 1,
        "start_time": "0:02:23.300000",
        "word": "runny"
    },
    {
        "end_time": "0:02:24.400000",
        "speaker_tag": 1,
        "start_time": "0:02:23.600000",
        "word": "and"
    },
    {
        "end_time": "0:02:24.700000",
        "speaker_tag": 1,
        "start_time": "0:02:24.400000",
        "word": "then"
    },
    {
        "end_time": "0:02:26.400000",
        "speaker_tag": 1,
        "start_time": "0:02:24.700000",
        "word": "you"
    },
    {
        "end_time": "0:02:26.600000",
        "speaker_tag": 1,
        "start_time": "0:02:26.400000",
        "word": "would"
    },
    {
        "end_time": "0:02:26.900000",
        "speaker_tag": 1,
        "start_time": "0:02:26.600000",
        "word": "get"
    },
    {
        "end_time": "0:02:27.100000",
        "speaker_tag": 1,
        "start_time": "0:02:26.900000",
        "word": "a"
    },
    {
        "end_time": "0:02:27.600000",
        "speaker_tag": 1,
        "start_time": "0:02:27.100000",
        "word": "pan"
    },
    {
        "end_time": "0:02:27.800000",
        "speaker_tag": 1,
        "start_time": "0:02:27.600000",
        "word": "and"
    },
    {
        "end_time": "0:02:28.100000",
        "speaker_tag": 1,
        "start_time": "0:02:27.800000",
        "word": "place"
    },
    {
        "end_time": "0:02:28.300000",
        "speaker_tag": 1,
        "start_time": "0:02:28.100000",
        "word": "it"
    },
    {
        "end_time": "0:02:28.300000",
        "speaker_tag": 1,
        "start_time": "0:02:28.300000",
        "word": "on"
    },
    {
        "end_time": "0:02:28.600000",
        "speaker_tag": 1,
        "start_time": "0:02:28.300000",
        "word": "me"
    },
    {
        "end_time": "0:02:29",
        "speaker_tag": 1,
        "start_time": "0:02:28.600000",
        "word": "so"
    },
    {
        "end_time": "0:02:29.300000",
        "speaker_tag": 1,
        "start_time": "0:02:29",
        "word": "dumb"
    },
    {
        "end_time": "0:02:30.400000",
        "speaker_tag": 1,
        "start_time": "0:02:29.300000",
        "word": "and"
    },
    {
        "end_time": "0:02:31.100000",
        "speaker_tag": 1,
        "start_time": "0:02:30.400000",
        "word": "turn"
    },
    {
        "end_time": "0:02:31.300000",
        "speaker_tag": 1,
        "start_time": "0:02:31.100000",
        "word": "it"
    },
    {
        "end_time": "0:02:31.400000",
        "speaker_tag": 1,
        "start_time": "0:02:31.300000",
        "word": "on"
    },
    {
        "end_time": "0:02:31.900000",
        "speaker_tag": 1,
        "start_time": "0:02:31.400000",
        "word": "for"
    },
    {
        "end_time": "0:02:31.900000",
        "speaker_tag": 1,
        "start_time": "0:02:31.900000",
        "word": "the"
    },
    {
        "end_time": "0:02:32.200000",
        "speaker_tag": 1,
        "start_time": "0:02:31.900000",
        "word": "eggs"
    },
    {
        "end_time": "0:02:32.300000",
        "speaker_tag": 1,
        "start_time": "0:02:32.200000",
        "word": "in"
    },
    {
        "end_time": "0:02:35.300000",
        "speaker_tag": 2,
        "start_time": "0:02:32.300000",
        "word": "there,"
    },
    {
        "end_time": "0:02:36",
        "speaker_tag": 1,
        "start_time": "0:02:35.300000",
        "word": "after"
    },
    {
        "end_time": "0:02:40.200000",
        "speaker_tag": 1,
        "start_time": "0:02:36",
        "word": "what"
    },
    {
        "end_time": "0:02:40.300000",
        "speaker_tag": 1,
        "start_time": "0:02:40.200000",
        "word": "do"
    },
    {
        "end_time": "0:02:40.600000",
        "speaker_tag": 1,
        "start_time": "0:02:40.300000",
        "word": "X-Men"
    },
    {
        "end_time": "0:02:41.500000",
        "speaker_tag": 1,
        "start_time": "0:02:40.600000",
        "word": "and"
    },
    {
        "end_time": "0:02:42.100000",
        "speaker_tag": 1,
        "start_time": "0:02:41.500000",
        "word": "wait"
    },
    {
        "end_time": "0:02:42.300000",
        "speaker_tag": 1,
        "start_time": "0:02:42.100000",
        "word": "for"
    },
    {
        "end_time": "0:02:42.500000",
        "speaker_tag": 1,
        "start_time": "0:02:42.300000",
        "word": "it"
    },
    {
        "end_time": "0:02:42.700000",
        "speaker_tag": 1,
        "start_time": "0:02:42.500000",
        "word": "to"
    },
    {
        "end_time": "0:02:44.700000",
        "speaker_tag": 1,
        "start_time": "0:02:42.700000",
        "word": "start"
    },
    {
        "end_time": "0:02:44.800000",
        "speaker_tag": 1,
        "start_time": "0:02:44.700000",
        "word": "to"
    },
    {
        "end_time": "0:02:45",
        "speaker_tag": 1,
        "start_time": "0:02:44.800000",
        "word": "like"
    },
    {
        "end_time": "0:02:45.400000",
        "speaker_tag": 1,
        "start_time": "0:02:45",
        "word": "harden"
    },
    {
        "end_time": "0:02:45.500000",
        "speaker_tag": 1,
        "start_time": "0:02:45.400000",
        "word": "up"
    },
    {
        "end_time": "0:02:45.600000",
        "speaker_tag": 1,
        "start_time": "0:02:45.500000",
        "word": "and"
    },
    {
        "end_time": "0:02:45.900000",
        "speaker_tag": 1,
        "start_time": "0:02:45.600000",
        "word": "everything"
    },
    {
        "end_time": "0:02:46",
        "speaker_tag": 1,
        "start_time": "0:02:45.900000",
        "word": "we"
    },
    {
        "end_time": "0:02:46.200000",
        "speaker_tag": 1,
        "start_time": "0:02:46",
        "word": "don't"
    },
    {
        "end_time": "0:02:46.400000",
        "speaker_tag": 1,
        "start_time": "0:02:46.200000",
        "word": "make"
    },
    {
        "end_time": "0:02:46.500000",
        "speaker_tag": 1,
        "start_time": "0:02:46.400000",
        "word": "it"
    },
    {
        "end_time": "0:02:46.600000",
        "speaker_tag": 1,
        "start_time": "0:02:46.500000",
        "word": "too"
    },
    {
        "end_time": "0:02:46.700000",
        "speaker_tag": 1,
        "start_time": "0:02:46.600000",
        "word": "hard"
    },
    {
        "end_time": "0:02:47.200000",
        "speaker_tag": 1,
        "start_time": "0:02:46.700000",
        "word": "so"
    },
    {
        "end_time": "0:02:47.300000",
        "speaker_tag": 1,
        "start_time": "0:02:47.200000",
        "word": "it"
    },
    {
        "end_time": "0:02:47.500000",
        "speaker_tag": 1,
        "start_time": "0:02:47.300000",
        "word": "needs"
    },
    {
        "end_time": "0:02:47.600000",
        "speaker_tag": 1,
        "start_time": "0:02:47.500000",
        "word": "to"
    },
    {
        "end_time": "0:02:47.700000",
        "speaker_tag": 1,
        "start_time": "0:02:47.600000",
        "word": "be"
    },
    {
        "end_time": "0:02:48",
        "speaker_tag": 1,
        "start_time": "0:02:47.700000",
        "word": "fluffy"
    },
    {
        "end_time": "0:02:49.200000",
        "speaker_tag": 1,
        "start_time": "0:02:48",
        "word": "and"
    },
    {
        "end_time": "0:02:50.400000",
        "speaker_tag": 1,
        "start_time": "0:02:49.200000",
        "word": "the"
    },
    {
        "end_time": "0:02:50.700000",
        "speaker_tag": 1,
        "start_time": "0:02:50.400000",
        "word": "coffee"
    },
    {
        "end_time": "0:02:50.900000",
        "speaker_tag": 1,
        "start_time": "0:02:50.700000",
        "word": "should"
    },
    {
        "end_time": "0:02:50.900000",
        "speaker_tag": 1,
        "start_time": "0:02:50.900000",
        "word": "be"
    },
    {
        "end_time": "0:02:51.200000",
        "speaker_tag": 1,
        "start_time": "0:02:50.900000",
        "word": "making"
    },
    {
        "end_time": "0:02:51.400000",
        "speaker_tag": 1,
        "start_time": "0:02:51.200000",
        "word": "all"
    },
    {
        "end_time": "0:02:51.500000",
        "speaker_tag": 1,
        "start_time": "0:02:51.400000",
        "word": "this"
    },
    {
        "end_time": "0:02:51.900000",
        "speaker_tag": 1,
        "start_time": "0:02:51.500000",
        "word": "going"
    },
    {
        "end_time": "0:02:52",
        "speaker_tag": 1,
        "start_time": "0:02:51.900000",
        "word": "on"
    },
    {
        "end_time": "0:02:52.800000",
        "speaker_tag": 1,
        "start_time": "0:02:52",
        "word": "and"
    },
    {
        "end_time": "0:02:53",
        "speaker_tag": 1,
        "start_time": "0:02:52.800000",
        "word": "someone"
    },
    {
        "end_time": "0:02:53.400000",
        "speaker_tag": 1,
        "start_time": "0:02:53",
        "word": "said"
    },
    {
        "end_time": "0:02:53.500000",
        "speaker_tag": 1,
        "start_time": "0:02:53.400000",
        "word": "you're"
    },
    {
        "end_time": "0:02:53.700000",
        "speaker_tag": 1,
        "start_time": "0:02:53.500000",
        "word": "done"
    },
    {
        "end_time": "0:02:53.800000",
        "speaker_tag": 1,
        "start_time": "0:02:53.700000",
        "word": "you"
    },
    {
        "end_time": "0:02:53.800000",
        "speaker_tag": 1,
        "start_time": "0:02:53.800000",
        "word": "can"
    },
    {
        "end_time": "0:02:54.100000",
        "speaker_tag": 1,
        "start_time": "0:02:53.800000",
        "word": "put"
    },
    {
        "end_time": "0:02:54.200000",
        "speaker_tag": 1,
        "start_time": "0:02:54.100000",
        "word": "those"
    },
    {
        "end_time": "0:02:54.300000",
        "speaker_tag": 1,
        "start_time": "0:02:54.200000",
        "word": "on"
    },
    {
        "end_time": "0:02:54.500000",
        "speaker_tag": 1,
        "start_time": "0:02:54.300000",
        "word": "the"
    },
    {
        "end_time": "0:02:54.800000",
        "speaker_tag": 1,
        "start_time": "0:02:54.500000",
        "word": "plate"
    },
    {
        "end_time": "0:02:55.500000",
        "speaker_tag": 1,
        "start_time": "0:02:54.800000",
        "word": "and"
    },
    {
        "end_time": "0:02:55.700000",
        "speaker_tag": 1,
        "start_time": "0:02:55.500000",
        "word": "it's"
    },
    {
        "end_time": "0:02:55.900000",
        "speaker_tag": 1,
        "start_time": "0:02:55.700000",
        "word": "for"
    },
    {
        "end_time": "0:02:55.900000",
        "speaker_tag": 1,
        "start_time": "0:02:55.900000",
        "word": "a"
    },
    {
        "end_time": "0:02:56.100000",
        "speaker_tag": 1,
        "start_time": "0:02:55.900000",
        "word": "bowl"
    },
    {
        "end_time": "0:02:56.200000",
        "speaker_tag": 1,
        "start_time": "0:02:56.100000",
        "word": "of"
    },
    {
        "end_time": "0:02:56.800000",
        "speaker_tag": 1,
        "start_time": "0:02:56.200000",
        "word": "fruits"
    },
    {
        "end_time": "0:02:58.200000",
        "speaker_tag": 1,
        "start_time": "0:02:56.800000",
        "word": "if"
    },
    {
        "end_time": "0:02:58.300000",
        "speaker_tag": 1,
        "start_time": "0:02:58.200000",
        "word": "you"
    },
    {
        "end_time": "0:02:58.600000",
        "speaker_tag": 1,
        "start_time": "0:02:58.300000",
        "word": "have"
    },
    {
        "end_time": "0:02:58.800000",
        "speaker_tag": 1,
        "start_time": "0:02:58.600000",
        "word": "like"
    },
    {
        "end_time": "0:02:59.200000",
        "speaker_tag": 1,
        "start_time": "0:02:58.800000",
        "word": "apples"
    },
    {
        "end_time": "0:02:59.200000",
        "speaker_tag": 1,
        "start_time": "0:02:59.200000",
        "word": "or"
    },
    {
        "end_time": "0:02:59.600000",
        "speaker_tag": 1,
        "start_time": "0:02:59.200000",
        "word": "something"
    },
    {
        "end_time": "0:02:59.700000",
        "speaker_tag": 1,
        "start_time": "0:02:59.600000",
        "word": "you"
    },
    {
        "end_time": "0:03:00",
        "speaker_tag": 1,
        "start_time": "0:02:59.700000",
        "word": "cut"
    },
    {
        "end_time": "0:03:00.100000",
        "speaker_tag": 1,
        "start_time": "0:03:00",
        "word": "those"
    },
    {
        "end_time": "0:03:00.400000",
        "speaker_tag": 1,
        "start_time": "0:03:00.100000",
        "word": "up"
    },
    {
        "end_time": "0:03:01.100000",
        "speaker_tag": 1,
        "start_time": "0:03:00.400000",
        "word": "tonight"
    },
    {
        "end_time": "0:03:02.300000",
        "speaker_tag": 1,
        "start_time": "0:03:01.100000",
        "word": "cut"
    },
    {
        "end_time": "0:03:02.400000",
        "speaker_tag": 1,
        "start_time": "0:03:02.300000",
        "word": "it"
    },
    {
        "end_time": "0:03:02.400000",
        "speaker_tag": 1,
        "start_time": "0:03:02.400000",
        "word": "in"
    },
    {
        "end_time": "0:03:02.500000",
        "speaker_tag": 1,
        "start_time": "0:03:02.400000",
        "word": "my"
    },
    {
        "end_time": "0:03:02.700000",
        "speaker_tag": 1,
        "start_time": "0:03:02.500000",
        "word": "quarters"
    },
    {
        "end_time": "0:03:03.100000",
        "speaker_tag": 1,
        "start_time": "0:03:02.700000",
        "word": "or"
    },
    {
        "end_time": "0:03:03.500000",
        "speaker_tag": 1,
        "start_time": "0:03:03.100000",
        "word": "something"
    },
    {
        "end_time": "0:03:03.600000",
        "speaker_tag": 1,
        "start_time": "0:03:03.500000",
        "word": "too"
    },
    {
        "end_time": "0:03:03.900000",
        "speaker_tag": 1,
        "start_time": "0:03:03.600000",
        "word": "small"
    },
    {
        "end_time": "0:03:04",
        "speaker_tag": 1,
        "start_time": "0:03:03.900000",
        "word": "for"
    },
    {
        "end_time": "0:03:04.400000",
        "speaker_tag": 2,
        "start_time": "0:03:04",
        "word": "chickens"
    },
    {
        "end_time": "0:03:04.600000",
        "speaker_tag": 2,
        "start_time": "0:03:04.400000",
        "word": "put"
    },
    {
        "end_time": "0:03:04.700000",
        "speaker_tag": 2,
        "start_time": "0:03:04.600000",
        "word": "in"
    },
    {
        "end_time": "0:03:04.800000",
        "speaker_tag": 2,
        "start_time": "0:03:04.700000",
        "word": "the"
    },
    {
        "end_time": "0:03:04.900000",
        "speaker_tag": 2,
        "start_time": "0:03:04.800000",
        "word": "bowl"
    },
    {
        "end_time": "0:03:05.700000",
        "speaker_tag": 2,
        "start_time": "0:03:04.900000",
        "word": "and"
    },
    {
        "end_time": "0:03:06.200000",
        "speaker_tag": 2,
        "start_time": "0:03:05.700000",
        "word": "the"
    },
    {
        "end_time": "0:03:06.500000",
        "speaker_tag": 2,
        "start_time": "0:03:06.200000",
        "word": "coffee"
    },
    {
        "end_time": "0:03:06.600000",
        "speaker_tag": 2,
        "start_time": "0:03:06.500000",
        "word": "should"
    },
    {
        "end_time": "0:03:06.700000",
        "speaker_tag": 2,
        "start_time": "0:03:06.600000",
        "word": "be"
    },
    {
        "end_time": "0:03:06.800000",
        "speaker_tag": 2,
        "start_time": "0:03:06.700000",
        "word": "ready"
    },
    {
        "end_time": "0:03:07.100000",
        "speaker_tag": 1,
        "start_time": "0:03:06.800000",
        "word": "during"
    },
    {
        "end_time": "0:03:07.500000",
        "speaker_tag": 1,
        "start_time": "0:03:07.100000",
        "word": "that"
    },
    {
        "end_time": "0:03:07.700000",
        "speaker_tag": 1,
        "start_time": "0:03:07.500000",
        "word": "so"
    },
    {
        "end_time": "0:03:07.800000",
        "speaker_tag": 1,
        "start_time": "0:03:07.700000",
        "word": "you"
    },
    {
        "end_time": "0:03:07.800000",
        "speaker_tag": 1,
        "start_time": "0:03:07.800000",
        "word": "can"
    },
    {
        "end_time": "0:03:08",
        "speaker_tag": 1,
        "start_time": "0:03:07.800000",
        "word": "just"
    },
    {
        "end_time": "0:03:08.100000",
        "speaker_tag": 1,
        "start_time": "0:03:08",
        "word": "for"
    },
    {
        "end_time": "0:03:08.200000",
        "speaker_tag": 1,
        "start_time": "0:03:08.100000",
        "word": "that"
    },
    {
        "end_time": "0:03:08.400000",
        "speaker_tag": 1,
        "start_time": "0:03:08.200000",
        "word": "any"
    },
    {
        "end_time": "0:03:08.500000",
        "speaker_tag": 1,
        "start_time": "0:03:08.400000",
        "word": "of"
    },
    {
        "end_time": "0:03:08.600000",
        "speaker_tag": 1,
        "start_time": "0:03:08.500000",
        "word": "us"
    },
    {
        "end_time": "0:03:08.800000",
        "speaker_tag": 1,
        "start_time": "0:03:08.600000",
        "word": "as"
    },
    {
        "end_time": "0:03:08.900000",
        "speaker_tag": 1,
        "start_time": "0:03:08.800000",
        "word": "well"
    }
]