[
    {
        "end_time": "0:00:02.300000",
        "speaker_tag": 2,
        "start_time": "0:00:01.600000",
        "word": "alright"
    },
    {
        "end_time": "0:00:03",
        "speaker_tag": 2,
        "start_time": "0:00:02.300000",
        "word": "so"
    },
    {
        "end_time": "0:00:03.200000",
        "speaker_tag": 2,
        "start_time": "0:00:03",
        "word": "the"
    },
    {
        "end_time": "0:00:03.500000",
        "speaker_tag": 2,
        "start_time": "0:00:03.200000",
        "word": "first"
    },
    {
        "end_time": "0:00:03.900000",
        "speaker_tag": 2,
        "start_time": "0:00:03.500000",
        "word": "crawl"
    },
    {
        "end_time": "0:00:05.400000",
        "speaker_tag": 2,
        "start_time": "0:00:04.900000",
        "word": "is"
    },
    {
        "end_time": "0:00:05.900000",
        "speaker_tag": 2,
        "start_time": "0:00:05.400000",
        "word": "tell"
    },
    {
        "end_time": "0:00:06",
        "speaker_tag": 2,
        "start_time": "0:00:05.900000",
        "word": "me"
    },
    {
        "end_time": "0:00:06.100000",
        "speaker_tag": 2,
        "start_time": "0:00:06",
        "word": "about"
    },
    {
        "end_time": "0:00:06.400000",
        "speaker_tag": 2,
        "start_time": "0:00:06.100000",
        "word": "a"
    },
    {
        "end_time": "0:00:06.800000",
        "speaker_tag": 2,
        "start_time": "0:00:06.400000",
        "word": "timer"
    },
    {
        "end_time": "0:00:07.500000",
        "speaker_tag": 2,
        "start_time": "0:00:06.800000",
        "word": "vacation"
    },
    {
        "end_time": "0:00:08.400000",
        "speaker_tag": 2,
        "start_time": "0:00:07.500000",
        "word": "a"
    },
    {
        "end_time": "0:00:08.800000",
        "speaker_tag": 2,
        "start_time": "0:00:08.400000",
        "word": "trip"
    },
    {
        "end_time": "0:00:09",
        "speaker_tag": 2,
        "start_time": "0:00:08.800000",
        "word": "or"
    },
    {
        "end_time": "0:00:09.100000",
        "speaker_tag": 2,
        "start_time": "0:00:09",
        "word": "vacation"
    },
    {
        "end_time": "0:00:09.800000",
        "speaker_tag": 2,
        "start_time": "0:00:09.100000",
        "word": "that"
    },
    {
        "end_time": "0:00:09.900000",
        "speaker_tag": 2,
        "start_time": "0:00:09.800000",
        "word": "you"
    },
    {
        "end_time": "0:00:10",
        "speaker_tag": 2,
        "start_time": "0:00:09.900000",
        "word": "have"
    },
    {
        "end_time": "0:00:10.200000",
        "speaker_tag": 2,
        "start_time": "0:00:10",
        "word": "taken"
    },
    {
        "end_time": "0:00:11.200000",
        "speaker_tag": 2,
        "start_time": "0:00:10.200000",
        "word": "you"
    },
    {
        "end_time": "0:00:11.400000",
        "speaker_tag": 2,
        "start_time": "0:00:11.200000",
        "word": "can"
    },
    {
        "end_time": "0:00:11.700000",
        "speaker_tag": 2,
        "start_time": "0:00:11.400000",
        "word": "provide"
    },
    {
        "end_time": "0:00:11.900000",
        "speaker_tag": 2,
        "start_time": "0:00:11.700000",
        "word": "as"
    },
    {
        "end_time": "0:00:12.100000",
        "speaker_tag": 2,
        "start_time": "0:00:11.900000",
        "word": "many"
    },
    {
        "end_time": "0:00:12.600000",
        "speaker_tag": 2,
        "start_time": "0:00:12.100000",
        "word": "seashells"
    },
    {
        "end_time": "0:00:12.700000",
        "speaker_tag": 2,
        "start_time": "0:00:12.600000",
        "word": "as"
    },
    {
        "end_time": "0:00:13.400000",
        "speaker_tag": 2,
        "start_time": "0:00:12.700000",
        "word": "necessary"
    },
    {
        "end_time": "0:00:14.200000",
        "speaker_tag": 2,
        "start_time": "0:00:13.400000",
        "word": "you"
    },
    {
        "end_time": "0:00:14.400000",
        "speaker_tag": 2,
        "start_time": "0:00:14.200000",
        "word": "have"
    },
    {
        "end_time": "0:00:14.600000",
        "speaker_tag": 2,
        "start_time": "0:00:14.400000",
        "word": "5"
    },
    {
        "end_time": "0:00:14.800000",
        "speaker_tag": 2,
        "start_time": "0:00:14.600000",
        "word": "minutes"
    },
    {
        "end_time": "0:00:21.800000",
        "speaker_tag": 1,
        "start_time": "0:00:21.500000",
        "word": "a"
    },
    {
        "end_time": "0:00:22.300000",
        "speaker_tag": 1,
        "start_time": "0:00:21.800000",
        "word": "trip"
    },
    {
        "end_time": "0:00:22.400000",
        "speaker_tag": 1,
        "start_time": "0:00:22.300000",
        "word": "I"
    },
    {
        "end_time": "0:00:22.600000",
        "speaker_tag": 1,
        "start_time": "0:00:22.400000",
        "word": "took"
    },
    {
        "end_time": "0:00:24.800000",
        "speaker_tag": 2,
        "start_time": "0:00:24.400000",
        "word": "I"
    },
    {
        "end_time": "0:00:25.200000",
        "speaker_tag": 2,
        "start_time": "0:00:24.800000",
        "word": "like"
    },
    {
        "end_time": "0:00:25.500000",
        "speaker_tag": 2,
        "start_time": "0:00:25.200000",
        "word": "the"
    },
    {
        "end_time": "0:00:25.900000",
        "speaker_tag": 2,
        "start_time": "0:00:25.500000",
        "word": "most"
    },
    {
        "end_time": "0:00:28.300000",
        "speaker_tag": 2,
        "start_time": "0:00:25.900000",
        "word": "was"
    },
    {
        "end_time": "0:00:30.800000",
        "speaker_tag": 1,
        "start_time": "0:00:30.400000",
        "word": "to"
    },
    {
        "end_time": "0:00:31.300000",
        "speaker_tag": 1,
        "start_time": "0:00:30.800000",
        "word": "Las"
    },
    {
        "end_time": "0:00:31.600000",
        "speaker_tag": 1,
        "start_time": "0:00:31.300000",
        "word": "Vegas"
    },
    {
        "end_time": "0:00:33",
        "speaker_tag": 1,
        "start_time": "0:00:31.600000",
        "word": "in"
    },
    {
        "end_time": "0:00:33.300000",
        "speaker_tag": 1,
        "start_time": "0:00:33",
        "word": "May"
    },
    {
        "end_time": "0:00:34.200000",
        "speaker_tag": 1,
        "start_time": "0:00:33.300000",
        "word": "for"
    },
    {
        "end_time": "0:00:34.700000",
        "speaker_tag": 1,
        "start_time": "0:00:34.200000",
        "word": "EDC"
    },
    {
        "end_time": "0:00:35.400000",
        "speaker_tag": 1,
        "start_time": "0:00:34.700000",
        "word": "is"
    },
    {
        "end_time": "0:00:35.500000",
        "speaker_tag": 1,
        "start_time": "0:00:35.400000",
        "word": "a"
    },
    {
        "end_time": "0:00:36",
        "speaker_tag": 1,
        "start_time": "0:00:35.500000",
        "word": "three-day"
    },
    {
        "end_time": "0:00:36",
        "speaker_tag": 1,
        "start_time": "0:00:36",
        "word": "event"
    },
    {
        "end_time": "0:00:38.200000",
        "speaker_tag": 1,
        "start_time": "0:00:36",
        "word": "it's"
    },
    {
        "end_time": "0:00:38.400000",
        "speaker_tag": 1,
        "start_time": "0:00:38.200000",
        "word": "all"
    },
    {
        "end_time": "0:00:38.800000",
        "speaker_tag": 1,
        "start_time": "0:00:38.400000",
        "word": "EDM"
    },
    {
        "end_time": "0:00:39.700000",
        "speaker_tag": 1,
        "start_time": "0:00:38.800000",
        "word": "music"
    },
    {
        "end_time": "0:00:40.500000",
        "speaker_tag": 1,
        "start_time": "0:00:39.700000",
        "word": "I"
    },
    {
        "end_time": "0:00:40.900000",
        "speaker_tag": 1,
        "start_time": "0:00:40.500000",
        "word": "like"
    },
    {
        "end_time": "0:00:43.100000",
        "speaker_tag": 2,
        "start_time": "0:00:42.200000",
        "word": "and"
    },
    {
        "end_time": "0:00:43.800000",
        "speaker_tag": 2,
        "start_time": "0:00:43.100000",
        "word": "it"
    },
    {
        "end_time": "0:00:44.100000",
        "speaker_tag": 2,
        "start_time": "0:00:43.800000",
        "word": "was"
    },
    {
        "end_time": "0:00:44.300000",
        "speaker_tag": 2,
        "start_time": "0:00:44.100000",
        "word": "fun."
    },
    {
        "end_time": "0:00:44.500000",
        "speaker_tag": 2,
        "start_time": "0:00:44.300000",
        "word": "It"
    },
    {
        "end_time": "0:00:44.600000",
        "speaker_tag": 2,
        "start_time": "0:00:44.500000",
        "word": "was"
    },
    {
        "end_time": "0:00:44.900000",
        "speaker_tag": 2,
        "start_time": "0:00:44.600000",
        "word": "going"
    },
    {
        "end_time": "0:00:45.100000",
        "speaker_tag": 2,
        "start_time": "0:00:44.900000",
        "word": "out"
    },
    {
        "end_time": "0:00:45.300000",
        "speaker_tag": 1,
        "start_time": "0:00:45.100000",
        "word": "to"
    },
    {
        "end_time": "0:00:45.500000",
        "speaker_tag": 1,
        "start_time": "0:00:45.300000",
        "word": "also"
    },
    {
        "end_time": "0:00:46.300000",
        "speaker_tag": 1,
        "start_time": "0:00:45.500000",
        "word": "costumes"
    },
    {
        "end_time": "0:00:47",
        "speaker_tag": 1,
        "start_time": "0:00:46.300000",
        "word": "outfits"
    },
    {
        "end_time": "0:00:47.200000",
        "speaker_tag": 1,
        "start_time": "0:00:47",
        "word": "for"
    },
    {
        "end_time": "0:00:47.400000",
        "speaker_tag": 1,
        "start_time": "0:00:47.200000",
        "word": "it"
    },
    {
        "end_time": "0:00:48",
        "speaker_tag": 1,
        "start_time": "0:00:47.400000",
        "word": "it's"
    },
    {
        "end_time": "0:00:48.500000",
        "speaker_tag": 1,
        "start_time": "0:00:48",
        "word": "exactly"
    },
    {
        "end_time": "0:00:49",
        "speaker_tag": 1,
        "start_time": "0:00:48.500000",
        "word": "like"
    },
    {
        "end_time": "0:00:49.200000",
        "speaker_tag": 1,
        "start_time": "0:00:49",
        "word": "a"
    },
    {
        "end_time": "0:00:51.300000",
        "speaker_tag": 2,
        "start_time": "0:00:49.200000",
        "word": "butt"
    },
    {
        "end_time": "0:00:55.400000",
        "speaker_tag": 2,
        "start_time": "0:00:54.600000",
        "word": "and"
    },
    {
        "end_time": "0:00:56.400000",
        "speaker_tag": 2,
        "start_time": "0:00:55.400000",
        "word": "everything's"
    },
    {
        "end_time": "0:00:56.700000",
        "speaker_tag": 2,
        "start_time": "0:00:56.400000",
        "word": "expensive"
    },
    {
        "end_time": "0:00:57.800000",
        "speaker_tag": 2,
        "start_time": "0:00:56.700000",
        "word": "Las"
    },
    {
        "end_time": "0:00:57.900000",
        "speaker_tag": 2,
        "start_time": "0:00:57.800000",
        "word": "Vegas"
    },
    {
        "end_time": "0:00:58.300000",
        "speaker_tag": 2,
        "start_time": "0:00:57.900000",
        "word": "is"
    },
    {
        "end_time": "0:00:58.500000",
        "speaker_tag": 2,
        "start_time": "0:00:58.300000",
        "word": "very"
    },
    {
        "end_time": "0:00:58.800000",
        "speaker_tag": 2,
        "start_time": "0:00:58.500000",
        "word": "expensive"
    },
    {
        "end_time": "0:01:00.900000",
        "speaker_tag": 1,
        "start_time": "0:01:00.300000",
        "word": "harassment"
    },
    {
        "end_time": "0:01:01.300000",
        "speaker_tag": 1,
        "start_time": "0:01:00.900000",
        "word": "Salt"
    },
    {
        "end_time": "0:01:01.500000",
        "speaker_tag": 1,
        "start_time": "0:01:01.300000",
        "word": "Lake"
    },
    {
        "end_time": "0:01:02.200000",
        "speaker_tag": 1,
        "start_time": "0:01:01.500000",
        "word": "to"
    },
    {
        "end_time": "0:01:03.200000",
        "speaker_tag": 1,
        "start_time": "0:01:02.200000",
        "word": "mm"
    },
    {
        "end_time": "0:01:03.900000",
        "speaker_tag": 1,
        "start_time": "0:01:03.200000",
        "word": "for"
    },
    {
        "end_time": "0:01:04.100000",
        "speaker_tag": 1,
        "start_time": "0:01:03.900000",
        "word": "30"
    },
    {
        "end_time": "0:01:04.400000",
        "speaker_tag": 2,
        "start_time": "0:01:04.100000",
        "word": "min"
    },
    {
        "end_time": "0:01:05.900000",
        "speaker_tag": 2,
        "start_time": "0:01:05.500000",
        "word": "yeah"
    },
    {
        "end_time": "0:01:06.400000",
        "speaker_tag": 2,
        "start_time": "0:01:05.900000",
        "word": "I"
    },
    {
        "end_time": "0:01:06.600000",
        "speaker_tag": 2,
        "start_time": "0:01:06.400000",
        "word": "had"
    },
    {
        "end_time": "0:01:06.700000",
        "speaker_tag": 2,
        "start_time": "0:01:06.600000",
        "word": "to"
    },
    {
        "end_time": "0:01:06.900000",
        "speaker_tag": 2,
        "start_time": "0:01:06.700000",
        "word": "save"
    },
    {
        "end_time": "0:01:07.100000",
        "speaker_tag": 1,
        "start_time": "0:01:06.900000",
        "word": "up"
    },
    {
        "end_time": "0:01:07.200000",
        "speaker_tag": 1,
        "start_time": "0:01:07.100000",
        "word": "for"
    },
    {
        "end_time": "0:01:07.500000",
        "speaker_tag": 1,
        "start_time": "0:01:07.200000",
        "word": "like"
    },
    {
        "end_time": "0:01:07.700000",
        "speaker_tag": 1,
        "start_time": "0:01:07.500000",
        "word": "a"
    },
    {
        "end_time": "0:01:07.700000",
        "speaker_tag": 1,
        "start_time": "0:01:07.700000",
        "word": "year"
    },
    {
        "end_time": "0:01:09.100000",
        "speaker_tag": 1,
        "start_time": "0:01:07.700000",
        "word": "worth"
    },
    {
        "end_time": "0:01:09.600000",
        "speaker_tag": 1,
        "start_time": "0:01:09.100000",
        "word": "of"
    },
    {
        "end_time": "0:01:10.100000",
        "speaker_tag": 1,
        "start_time": "0:01:09.600000",
        "word": "her"
    },
    {
        "end_time": "0:01:10.400000",
        "speaker_tag": 1,
        "start_time": "0:01:10.100000",
        "word": "all"
    },
    {
        "end_time": "0:01:10.600000",
        "speaker_tag": 1,
        "start_time": "0:01:10.400000",
        "word": "that"
    },
    {
        "end_time": "0:01:11.100000",
        "speaker_tag": 1,
        "start_time": "0:01:10.600000",
        "word": "even"
    },
    {
        "end_time": "0:01:11.600000",
        "speaker_tag": 2,
        "start_time": "0:01:11.100000",
        "word": "happen"
    },
    {
        "end_time": "0:01:14.500000",
        "speaker_tag": 1,
        "start_time": "0:01:12.600000",
        "word": "but"
    },
    {
        "end_time": "0:01:14.600000",
        "speaker_tag": 1,
        "start_time": "0:01:14.500000",
        "word": "I"
    },
    {
        "end_time": "0:01:15",
        "speaker_tag": 1,
        "start_time": "0:01:14.600000",
        "word": "got"
    },
    {
        "end_time": "0:01:15.300000",
        "speaker_tag": 1,
        "start_time": "0:01:15",
        "word": "there"
    },
    {
        "end_time": "0:01:15.600000",
        "speaker_tag": 1,
        "start_time": "0:01:15.300000",
        "word": "we"
    },
    {
        "end_time": "0:01:15.700000",
        "speaker_tag": 1,
        "start_time": "0:01:15.600000",
        "word": "we"
    },
    {
        "end_time": "0:01:16.200000",
        "speaker_tag": 1,
        "start_time": "0:01:15.700000",
        "word": "drove"
    },
    {
        "end_time": "0:01:16.700000",
        "speaker_tag": 1,
        "start_time": "0:01:16.200000",
        "word": "there"
    },
    {
        "end_time": "0:01:17.400000",
        "speaker_tag": 1,
        "start_time": "0:01:16.700000",
        "word": "after"
    },
    {
        "end_time": "0:01:17.400000",
        "speaker_tag": 1,
        "start_time": "0:01:17.400000",
        "word": "I"
    },
    {
        "end_time": "0:01:17.600000",
        "speaker_tag": 1,
        "start_time": "0:01:17.400000",
        "word": "was"
    },
    {
        "end_time": "0:01:17.800000",
        "speaker_tag": 1,
        "start_time": "0:01:17.600000",
        "word": "very"
    },
    {
        "end_time": "0:01:18",
        "speaker_tag": 1,
        "start_time": "0:01:17.800000",
        "word": "long"
    },
    {
        "end_time": "0:01:18.600000",
        "speaker_tag": 2,
        "start_time": "0:01:18",
        "word": "but"
    },
    {
        "end_time": "0:01:19.600000",
        "speaker_tag": 2,
        "start_time": "0:01:18.600000",
        "word": "most"
    },
    {
        "end_time": "0:01:19.700000",
        "speaker_tag": 2,
        "start_time": "0:01:19.600000",
        "word": "of"
    },
    {
        "end_time": "0:01:19.900000",
        "speaker_tag": 2,
        "start_time": "0:01:19.700000",
        "word": "it"
    },
    {
        "end_time": "0:01:20.900000",
        "speaker_tag": 2,
        "start_time": "0:01:19.900000",
        "word": "I"
    },
    {
        "end_time": "0:01:21",
        "speaker_tag": 2,
        "start_time": "0:01:20.900000",
        "word": "don't"
    },
    {
        "end_time": "0:01:21.100000",
        "speaker_tag": 2,
        "start_time": "0:01:21",
        "word": "have"
    },
    {
        "end_time": "0:01:21.200000",
        "speaker_tag": 2,
        "start_time": "0:01:21.100000",
        "word": "a"
    },
    {
        "end_time": "0:01:21.700000",
        "speaker_tag": 2,
        "start_time": "0:01:21.200000",
        "word": "license"
    },
    {
        "end_time": "0:01:21.800000",
        "speaker_tag": 2,
        "start_time": "0:01:21.700000",
        "word": "I"
    },
    {
        "end_time": "0:01:22.100000",
        "speaker_tag": 2,
        "start_time": "0:01:21.800000",
        "word": "can't"
    },
    {
        "end_time": "0:01:22.300000",
        "speaker_tag": 2,
        "start_time": "0:01:22.100000",
        "word": "drive"
    },
    {
        "end_time": "0:01:25",
        "speaker_tag": 1,
        "start_time": "0:01:22.300000",
        "word": "so"
    },
    {
        "end_time": "0:01:25.400000",
        "speaker_tag": 1,
        "start_time": "0:01:25",
        "word": "we"
    },
    {
        "end_time": "0:01:26",
        "speaker_tag": 1,
        "start_time": "0:01:25.400000",
        "word": "drove"
    },
    {
        "end_time": "0:01:26.300000",
        "speaker_tag": 1,
        "start_time": "0:01:26",
        "word": "there"
    },
    {
        "end_time": "0:01:26.500000",
        "speaker_tag": 1,
        "start_time": "0:01:26.300000",
        "word": "we"
    },
    {
        "end_time": "0:01:26.800000",
        "speaker_tag": 2,
        "start_time": "0:01:26.500000",
        "word": "made"
    },
    {
        "end_time": "0:01:27.800000",
        "speaker_tag": 2,
        "start_time": "0:01:26.800000",
        "word": "stops"
    },
    {
        "end_time": "0:01:29",
        "speaker_tag": 1,
        "start_time": "0:01:27.800000",
        "word": "from"
    },
    {
        "end_time": "0:01:29.400000",
        "speaker_tag": 1,
        "start_time": "0:01:29",
        "word": "Lake"
    },
    {
        "end_time": "0:01:29.700000",
        "speaker_tag": 1,
        "start_time": "0:01:29.400000",
        "word": "place"
    },
    {
        "end_time": "0:01:29.900000",
        "speaker_tag": 1,
        "start_time": "0:01:29.700000",
        "word": "to"
    },
    {
        "end_time": "0:01:30.400000",
        "speaker_tag": 1,
        "start_time": "0:01:29.900000",
        "word": "place"
    },
    {
        "end_time": "0:01:31.800000",
        "speaker_tag": 1,
        "start_time": "0:01:30.400000",
        "word": "to"
    },
    {
        "end_time": "0:01:32.500000",
        "speaker_tag": 1,
        "start_time": "0:01:31.800000",
        "word": "see"
    },
    {
        "end_time": "0:01:32.700000",
        "speaker_tag": 1,
        "start_time": "0:01:32.500000",
        "word": "The"
    },
    {
        "end_time": "0:01:33.200000",
        "speaker_tag": 1,
        "start_time": "0:01:32.700000",
        "word": "View"
    },
    {
        "end_time": "0:01:33.700000",
        "speaker_tag": 1,
        "start_time": "0:01:33.200000",
        "word": "and"
    },
    {
        "end_time": "0:01:33.900000",
        "speaker_tag": 1,
        "start_time": "0:01:33.700000",
        "word": "to"
    },
    {
        "end_time": "0:01:34.300000",
        "speaker_tag": 1,
        "start_time": "0:01:33.900000",
        "word": "eat"
    },
    {
        "end_time": "0:01:34.900000",
        "speaker_tag": 1,
        "start_time": "0:01:34.300000",
        "word": "new"
    },
    {
        "end_time": "0:01:35.300000",
        "speaker_tag": 1,
        "start_time": "0:01:34.900000",
        "word": "food"
    },
    {
        "end_time": "0:01:35.400000",
        "speaker_tag": 1,
        "start_time": "0:01:35.300000",
        "word": "I"
    },
    {
        "end_time": "0:01:35.800000",
        "speaker_tag": 1,
        "start_time": "0:01:35.400000",
        "word": "guess"
    },
    {
        "end_time": "0:01:37",
        "speaker_tag": 2,
        "start_time": "0:01:35.800000",
        "word": "I"
    },
    {
        "end_time": "0:01:37.400000",
        "speaker_tag": 1,
        "start_time": "0:01:37",
        "word": "don't"
    },
    {
        "end_time": "0:01:37.500000",
        "speaker_tag": 1,
        "start_time": "0:01:37.400000",
        "word": "know"
    },
    {
        "end_time": "0:01:37.700000",
        "speaker_tag": 1,
        "start_time": "0:01:37.500000",
        "word": "yet"
    },
    {
        "end_time": "0:01:37.900000",
        "speaker_tag": 1,
        "start_time": "0:01:37.700000",
        "word": "to"
    },
    {
        "end_time": "0:01:38.400000",
        "speaker_tag": 1,
        "start_time": "0:01:37.900000",
        "word": "Vegas"
    },
    {
        "end_time": "0:01:38.800000",
        "speaker_tag": 1,
        "start_time": "0:01:38.400000",
        "word": "everything"
    },
    {
        "end_time": "0:01:38.900000",
        "speaker_tag": 1,
        "start_time": "0:01:38.800000",
        "word": "with"
    },
    {
        "end_time": "0:01:39.300000",
        "speaker_tag": 1,
        "start_time": "0:01:38.900000",
        "word": "big"
    },
    {
        "end_time": "0:01:40.800000",
        "speaker_tag": 1,
        "start_time": "0:01:39.300000",
        "word": "people"
    },
    {
        "end_time": "0:01:41.100000",
        "speaker_tag": 1,
        "start_time": "0:01:40.800000",
        "word": "try"
    },
    {
        "end_time": "0:01:41.100000",
        "speaker_tag": 1,
        "start_time": "0:01:41.100000",
        "word": "to"
    },
    {
        "end_time": "0:01:41.400000",
        "speaker_tag": 1,
        "start_time": "0:01:41.100000",
        "word": "sell"
    },
    {
        "end_time": "0:01:41.600000",
        "speaker_tag": 1,
        "start_time": "0:01:41.400000",
        "word": "you"
    },
    {
        "end_time": "0:01:41.800000",
        "speaker_tag": 1,
        "start_time": "0:01:41.600000",
        "word": "stuff"
    },
    {
        "end_time": "0:01:42.100000",
        "speaker_tag": 1,
        "start_time": "0:01:41.800000",
        "word": "on"
    },
    {
        "end_time": "0:01:42.200000",
        "speaker_tag": 1,
        "start_time": "0:01:42.100000",
        "word": "the"
    },
    {
        "end_time": "0:01:42.800000",
        "speaker_tag": 1,
        "start_time": "0:01:42.200000",
        "word": "street"
    },
    {
        "end_time": "0:01:44.400000",
        "speaker_tag": 1,
        "start_time": "0:01:43.800000",
        "word": "above"
    },
    {
        "end_time": "0:01:44.500000",
        "speaker_tag": 1,
        "start_time": "0:01:44.400000",
        "word": "all"
    },
    {
        "end_time": "0:01:44.700000",
        "speaker_tag": 1,
        "start_time": "0:01:44.500000",
        "word": "right"
    },
    {
        "end_time": "0:01:44.900000",
        "speaker_tag": 1,
        "start_time": "0:01:44.700000",
        "word": "New"
    },
    {
        "end_time": "0:01:45",
        "speaker_tag": 1,
        "start_time": "0:01:44.900000",
        "word": "York"
    },
    {
        "end_time": "0:01:45.400000",
        "speaker_tag": 2,
        "start_time": "0:01:45",
        "word": "to"
    },
    {
        "end_time": "0:01:51.400000",
        "speaker_tag": 2,
        "start_time": "0:01:51",
        "word": "we"
    },
    {
        "end_time": "0:01:52.400000",
        "speaker_tag": 2,
        "start_time": "0:01:51.400000",
        "word": "got"
    },
    {
        "end_time": "0:01:52.600000",
        "speaker_tag": 2,
        "start_time": "0:01:52.400000",
        "word": "to"
    },
    {
        "end_time": "0:01:52.700000",
        "speaker_tag": 1,
        "start_time": "0:01:52.600000",
        "word": "the"
    },
    {
        "end_time": "0:01:52.900000",
        "speaker_tag": 1,
        "start_time": "0:01:52.700000",
        "word": "hotel"
    },
    {
        "end_time": "0:01:54.600000",
        "speaker_tag": 1,
        "start_time": "0:01:52.900000",
        "word": "we"
    },
    {
        "end_time": "0:01:55.100000",
        "speaker_tag": 1,
        "start_time": "0:01:54.600000",
        "word": "got"
    },
    {
        "end_time": "0:01:55.600000",
        "speaker_tag": 1,
        "start_time": "0:01:55.100000",
        "word": "ready"
    },
    {
        "end_time": "0:01:56.100000",
        "speaker_tag": 1,
        "start_time": "0:01:55.600000",
        "word": "for"
    },
    {
        "end_time": "0:01:56.300000",
        "speaker_tag": 1,
        "start_time": "0:01:56.100000",
        "word": "the"
    },
    {
        "end_time": "0:01:57.100000",
        "speaker_tag": 2,
        "start_time": "0:01:56.300000",
        "word": "event"
    },
    {
        "end_time": "0:01:58.800000",
        "speaker_tag": 2,
        "start_time": "0:01:58",
        "word": "and"
    },
    {
        "end_time": "0:01:59.300000",
        "speaker_tag": 2,
        "start_time": "0:01:58.800000",
        "word": "then"
    },
    {
        "end_time": "0:01:59.600000",
        "speaker_tag": 1,
        "start_time": "0:01:59.300000",
        "word": "we"
    },
    {
        "end_time": "0:01:59.800000",
        "speaker_tag": 1,
        "start_time": "0:01:59.600000",
        "word": "went"
    },
    {
        "end_time": "0:02:00.200000",
        "speaker_tag": 1,
        "start_time": "0:01:59.800000",
        "word": "off"
    },
    {
        "end_time": "0:02:00.700000",
        "speaker_tag": 1,
        "start_time": "0:02:00.200000",
        "word": "because"
    },
    {
        "end_time": "0:02:00.900000",
        "speaker_tag": 1,
        "start_time": "0:02:00.700000",
        "word": "it"
    },
    {
        "end_time": "0:02:01.300000",
        "speaker_tag": 1,
        "start_time": "0:02:00.900000",
        "word": "started"
    },
    {
        "end_time": "0:02:01.600000",
        "speaker_tag": 1,
        "start_time": "0:02:01.300000",
        "word": "at"
    },
    {
        "end_time": "0:02:01.800000",
        "speaker_tag": 1,
        "start_time": "0:02:01.600000",
        "word": "like"
    },
    {
        "end_time": "0:02:03.700000",
        "speaker_tag": 1,
        "start_time": "0:02:03.200000",
        "word": "if"
    },
    {
        "end_time": "0:02:04",
        "speaker_tag": 1,
        "start_time": "0:02:03.700000",
        "word": "it's"
    },
    {
        "end_time": "0:02:04.400000",
        "speaker_tag": 1,
        "start_time": "0:02:04",
        "word": "6"
    },
    {
        "end_time": "0:02:04.800000",
        "speaker_tag": 1,
        "start_time": "0:02:04.400000",
        "word": "p.m."
    },
    {
        "end_time": "0:02:05.500000",
        "speaker_tag": 1,
        "start_time": "0:02:04.800000",
        "word": "until"
    },
    {
        "end_time": "0:02:05.900000",
        "speaker_tag": 1,
        "start_time": "0:02:05.500000",
        "word": "6"
    },
    {
        "end_time": "0:02:05.900000",
        "speaker_tag": 1,
        "start_time": "0:02:05.900000",
        "word": "a.m."
    },
    {
        "end_time": "0:02:07.200000",
        "speaker_tag": 2,
        "start_time": "0:02:05.900000",
        "word": "so"
    },
    {
        "end_time": "0:02:07.700000",
        "speaker_tag": 1,
        "start_time": "0:02:07.200000",
        "word": "as"
    },
    {
        "end_time": "0:02:08",
        "speaker_tag": 1,
        "start_time": "0:02:07.700000",
        "word": "you're"
    },
    {
        "end_time": "0:02:08.200000",
        "speaker_tag": 1,
        "start_time": "0:02:08",
        "word": "there"
    },
    {
        "end_time": "0:02:08.800000",
        "speaker_tag": 1,
        "start_time": "0:02:08.200000",
        "word": "we'll"
    },
    {
        "end_time": "0:02:09.100000",
        "speaker_tag": 2,
        "start_time": "0:02:08.800000",
        "word": "listen"
    },
    {
        "end_time": "0:02:09.200000",
        "speaker_tag": 2,
        "start_time": "0:02:09.100000",
        "word": "to"
    },
    {
        "end_time": "0:02:10.400000",
        "speaker_tag": 2,
        "start_time": "0:02:09.200000",
        "word": "buy"
    },
    {
        "end_time": "0:02:10.500000",
        "speaker_tag": 2,
        "start_time": "0:02:10.400000",
        "word": "we"
    },
    {
        "end_time": "0:02:10.700000",
        "speaker_tag": 2,
        "start_time": "0:02:10.500000",
        "word": "went"
    },
    {
        "end_time": "0:02:10.800000",
        "speaker_tag": 2,
        "start_time": "0:02:10.700000",
        "word": "to"
    },
    {
        "end_time": "0:02:10.900000",
        "speaker_tag": 2,
        "start_time": "0:02:10.800000",
        "word": "go"
    },
    {
        "end_time": "0:02:11",
        "speaker_tag": 2,
        "start_time": "0:02:10.900000",
        "word": "see"
    },
    {
        "end_time": "0:02:11.500000",
        "speaker_tag": 2,
        "start_time": "0:02:11",
        "word": "are"
    },
    {
        "end_time": "0:02:11.700000",
        "speaker_tag": 1,
        "start_time": "0:02:11.500000",
        "word": "the"
    },
    {
        "end_time": "0:02:12.200000",
        "speaker_tag": 1,
        "start_time": "0:02:11.700000",
        "word": "specific"
    },
    {
        "end_time": "0:02:12.500000",
        "speaker_tag": 1,
        "start_time": "0:02:12.200000",
        "word": "DJs"
    },
    {
        "end_time": "0:02:12.700000",
        "speaker_tag": 1,
        "start_time": "0:02:12.500000",
        "word": "we"
    },
    {
        "end_time": "0:02:13",
        "speaker_tag": 1,
        "start_time": "0:02:12.700000",
        "word": "went"
    },
    {
        "end_time": "0:02:13.300000",
        "speaker_tag": 1,
        "start_time": "0:02:13",
        "word": "for"
    },
    {
        "end_time": "0:02:14.400000",
        "speaker_tag": 1,
        "start_time": "0:02:13.300000",
        "word": "a"
    },
    {
        "end_time": "0:02:14.600000",
        "speaker_tag": 1,
        "start_time": "0:02:14.400000",
        "word": "ride"
    },
    {
        "end_time": "0:02:15.800000",
        "speaker_tag": 1,
        "start_time": "0:02:14.600000",
        "word": "to"
    },
    {
        "end_time": "0:02:15.800000",
        "speaker_tag": 1,
        "start_time": "0:02:15.800000",
        "word": "the"
    },
    {
        "end_time": "0:02:16.400000",
        "speaker_tag": 1,
        "start_time": "0:02:15.800000",
        "word": "ticket"
    },
    {
        "end_time": "0:02:17.100000",
        "speaker_tag": 1,
        "start_time": "0:02:16.400000",
        "word": "cost"
    },
    {
        "end_time": "0:02:17.400000",
        "speaker_tag": 1,
        "start_time": "0:02:17.100000",
        "word": "like"
    },
    {
        "end_time": "0:02:18.600000",
        "speaker_tag": 2,
        "start_time": "0:02:17.400000",
        "word": "$600"
    },
    {
        "end_time": "0:02:19.500000",
        "speaker_tag": 2,
        "start_time": "0:02:18.600000",
        "word": "so"
    },
    {
        "end_time": "0:02:20.600000",
        "speaker_tag": 2,
        "start_time": "0:02:19.500000",
        "word": "it's"
    },
    {
        "end_time": "0:02:21.400000",
        "speaker_tag": 1,
        "start_time": "0:02:20.600000",
        "word": "you"
    },
    {
        "end_time": "0:02:21.500000",
        "speaker_tag": 1,
        "start_time": "0:02:21.400000",
        "word": "do"
    },
    {
        "end_time": "0:02:21.500000",
        "speaker_tag": 1,
        "start_time": "0:02:21.500000",
        "word": "a"
    },
    {
        "end_time": "0:02:21.700000",
        "speaker_tag": 1,
        "start_time": "0:02:21.500000",
        "word": "lot"
    },
    {
        "end_time": "0:02:21.900000",
        "speaker_tag": 1,
        "start_time": "0:02:21.700000",
        "word": "for"
    },
    {
        "end_time": "0:02:22.200000",
        "speaker_tag": 1,
        "start_time": "0:02:21.900000",
        "word": "what"
    },
    {
        "end_time": "0:02:22.300000",
        "speaker_tag": 1,
        "start_time": "0:02:22.200000",
        "word": "you"
    },
    {
        "end_time": "0:02:22.600000",
        "speaker_tag": 1,
        "start_time": "0:02:22.300000",
        "word": "getting"
    },
    {
        "end_time": "0:02:22.800000",
        "speaker_tag": 1,
        "start_time": "0:02:22.600000",
        "word": "is"
    },
    {
        "end_time": "0:02:23.600000",
        "speaker_tag": 1,
        "start_time": "0:02:22.800000",
        "word": "which"
    },
    {
        "end_time": "0:02:23.900000",
        "speaker_tag": 1,
        "start_time": "0:02:23.600000",
        "word": "pay"
    },
    {
        "end_time": "0:02:28.300000",
        "speaker_tag": 1,
        "start_time": "0:02:23.900000",
        "word": "food"
    },
    {
        "end_time": "0:02:28.900000",
        "speaker_tag": 1,
        "start_time": "0:02:28.300000",
        "word": "early"
    },
    {
        "end_time": "0:02:29.100000",
        "speaker_tag": 1,
        "start_time": "0:02:28.900000",
        "word": "took"
    },
    {
        "end_time": "0:02:29.700000",
        "speaker_tag": 1,
        "start_time": "0:02:29.100000",
        "word": "naps"
    },
    {
        "end_time": "0:02:30.100000",
        "speaker_tag": 1,
        "start_time": "0:02:29.700000",
        "word": "on"
    },
    {
        "end_time": "0:02:30.300000",
        "speaker_tag": 2,
        "start_time": "0:02:30.100000",
        "word": "the"
    },
    {
        "end_time": "0:02:31.100000",
        "speaker_tag": 2,
        "start_time": "0:02:30.300000",
        "word": "Patriots"
    },
    {
        "end_time": "0:02:31.500000",
        "speaker_tag": 2,
        "start_time": "0:02:31.100000",
        "word": "because"
    },
    {
        "end_time": "0:02:31.700000",
        "speaker_tag": 2,
        "start_time": "0:02:31.500000",
        "word": "they're"
    },
    {
        "end_time": "0:02:32",
        "speaker_tag": 2,
        "start_time": "0:02:31.700000",
        "word": "very"
    },
    {
        "end_time": "0:02:32.600000",
        "speaker_tag": 2,
        "start_time": "0:02:32",
        "word": "tired"
    },
    {
        "end_time": "0:02:35.900000",
        "speaker_tag": 1,
        "start_time": "0:02:33.600000",
        "word": "and"
    },
    {
        "end_time": "0:02:36.400000",
        "speaker_tag": 1,
        "start_time": "0:02:35.900000",
        "word": "will"
    },
    {
        "end_time": "0:02:36.800000",
        "speaker_tag": 1,
        "start_time": "0:02:36.400000",
        "word": "accept"
    },
    {
        "end_time": "0:02:37.100000",
        "speaker_tag": 1,
        "start_time": "0:02:36.800000",
        "word": "like"
    },
    {
        "end_time": "0:02:37.300000",
        "speaker_tag": 1,
        "start_time": "0:02:37.100000",
        "word": "a"
    },
    {
        "end_time": "0:02:37.700000",
        "speaker_tag": 1,
        "start_time": "0:02:37.300000",
        "word": "lookout"
    },
    {
        "end_time": "0:02:38.200000",
        "speaker_tag": 1,
        "start_time": "0:02:37.700000",
        "word": "I"
    },
    {
        "end_time": "0:02:38.400000",
        "speaker_tag": 1,
        "start_time": "0:02:38.200000",
        "word": "don't"
    },
    {
        "end_time": "0:02:38.600000",
        "speaker_tag": 1,
        "start_time": "0:02:38.400000",
        "word": "know"
    },
    {
        "end_time": "0:02:38.700000",
        "speaker_tag": 1,
        "start_time": "0:02:38.600000",
        "word": "if"
    },
    {
        "end_time": "0:02:38.800000",
        "speaker_tag": 1,
        "start_time": "0:02:38.700000",
        "word": "there's"
    },
    {
        "end_time": "0:02:38.900000",
        "speaker_tag": 1,
        "start_time": "0:02:38.800000",
        "word": "a"
    },
    {
        "end_time": "0:02:39.300000",
        "speaker_tag": 1,
        "start_time": "0:02:38.900000",
        "word": "lot"
    },
    {
        "end_time": "0:02:39.400000",
        "speaker_tag": 1,
        "start_time": "0:02:39.300000",
        "word": "of"
    },
    {
        "end_time": "0:02:39.600000",
        "speaker_tag": 1,
        "start_time": "0:02:39.400000",
        "word": "people"
    },
    {
        "end_time": "0:02:39.900000",
        "speaker_tag": 1,
        "start_time": "0:02:39.600000",
        "word": "there"
    },
    {
        "end_time": "0:02:40.300000",
        "speaker_tag": 1,
        "start_time": "0:02:39.900000",
        "word": "people"
    },
    {
        "end_time": "0:02:41.400000",
        "speaker_tag": 1,
        "start_time": "0:02:40.300000",
        "word": "everywhere"
    },
    {
        "end_time": "0:02:41.600000",
        "speaker_tag": 1,
        "start_time": "0:02:41.400000",
        "word": "go"
    },
    {
        "end_time": "0:02:43.800000",
        "speaker_tag": 2,
        "start_time": "0:02:43",
        "word": "and"
    },
    {
        "end_time": "0:02:45.700000",
        "speaker_tag": 2,
        "start_time": "0:02:43.800000",
        "word": "it"
    },
    {
        "end_time": "0:02:45.900000",
        "speaker_tag": 2,
        "start_time": "0:02:45.700000",
        "word": "was"
    },
    {
        "end_time": "0:02:47",
        "speaker_tag": 1,
        "start_time": "0:02:45.900000",
        "word": "a"
    },
    {
        "end_time": "0:02:47",
        "speaker_tag": 1,
        "start_time": "0:02:47",
        "word": "very"
    },
    {
        "end_time": "0:02:47.300000",
        "speaker_tag": 1,
        "start_time": "0:02:47",
        "word": "good"
    },
    {
        "end_time": "0:02:47.700000",
        "speaker_tag": 1,
        "start_time": "0:02:47.300000",
        "word": "experience"
    },
    {
        "end_time": "0:02:48.100000",
        "speaker_tag": 1,
        "start_time": "0:02:47.700000",
        "word": "and"
    },
    {
        "end_time": "0:02:48.300000",
        "speaker_tag": 1,
        "start_time": "0:02:48.100000",
        "word": "I"
    },
    {
        "end_time": "0:02:48.700000",
        "speaker_tag": 1,
        "start_time": "0:02:48.300000",
        "word": "think"
    },
    {
        "end_time": "0:02:49.100000",
        "speaker_tag": 1,
        "start_time": "0:02:48.700000",
        "word": "everyone"
    },
    {
        "end_time": "0:02:49.100000",
        "speaker_tag": 1,
        "start_time": "0:02:49.100000",
        "word": "should"
    },
    {
        "end_time": "0:02:49.300000",
        "speaker_tag": 1,
        "start_time": "0:02:49.100000",
        "word": "experience"
    },
    {
        "end_time": "0:02:49.900000",
        "speaker_tag": 1,
        "start_time": "0:02:49.300000",
        "word": "at"
    },
    {
        "end_time": "0:02:50.100000",
        "speaker_tag": 1,
        "start_time": "0:02:49.900000",
        "word": "least"
    },
    {
        "end_time": "0:02:50.700000",
        "speaker_tag": 1,
        "start_time": "0:02:50.100000",
        "word": "once"
    },
    {
        "end_time": "0:02:52",
        "speaker_tag": 1,
        "start_time": "0:02:50.700000",
        "word": "once"
    },
    {
        "end_time": "0:02:52.100000",
        "speaker_tag": 1,
        "start_time": "0:02:52",
        "word": "in"
    },
    {
        "end_time": "0:02:52.300000",
        "speaker_tag": 1,
        "start_time": "0:02:52.100000",
        "word": "their"
    },
    {
        "end_time": "0:02:52.700000",
        "speaker_tag": 1,
        "start_time": "0:02:52.300000",
        "word": "life"
    },
    {
        "end_time": "0:02:54.100000",
        "speaker_tag": 1,
        "start_time": "0:02:52.700000",
        "word": "I"
    },
    {
        "end_time": "0:02:54.500000",
        "speaker_tag": 1,
        "start_time": "0:02:54.100000",
        "word": "hope"
    },
    {
        "end_time": "0:02:54.900000",
        "speaker_tag": 1,
        "start_time": "0:02:54.500000",
        "word": "they"
    },
    {
        "end_time": "0:02:54.900000",
        "speaker_tag": 1,
        "start_time": "0:02:54.900000",
        "word": "were"
    },
    {
        "end_time": "0:02:55.700000",
        "speaker_tag": 1,
        "start_time": "0:02:54.900000",
        "word": "other"
    },
    {
        "end_time": "0:02:56.300000",
        "speaker_tag": 1,
        "start_time": "0:02:55.700000",
        "word": "festivals"
    },
    {
        "end_time": "0:02:56.600000",
        "speaker_tag": 1,
        "start_time": "0:02:56.300000",
        "word": "to"
    },
    {
        "end_time": "0:02:58.400000",
        "speaker_tag": 1,
        "start_time": "0:02:56.600000",
        "word": "Ultra"
    },
    {
        "end_time": "0:03:00.100000",
        "speaker_tag": 1,
        "start_time": "0:02:59.500000",
        "word": "sounds"
    },
    {
        "end_time": "0:03:00.300000",
        "speaker_tag": 1,
        "start_time": "0:03:00.100000",
        "word": "like"
    },
    {
        "end_time": "0:03:00.600000",
        "speaker_tag": 1,
        "start_time": "0:03:00.300000",
        "word": "literally"
    },
    {
        "end_time": "0:03:00.900000",
        "speaker_tag": 1,
        "start_time": "0:03:00.600000",
        "word": "this"
    },
    {
        "end_time": "0:03:01.700000",
        "speaker_tag": 1,
        "start_time": "0:03:00.900000",
        "word": "next"
    },
    {
        "end_time": "0:03:02.100000",
        "speaker_tag": 1,
        "start_time": "0:03:01.700000",
        "word": "week"
    },
    {
        "end_time": "0:03:03.700000",
        "speaker_tag": 1,
        "start_time": "0:03:03.300000",
        "word": "and"
    },
    {
        "end_time": "0:03:04.400000",
        "speaker_tag": 1,
        "start_time": "0:03:03.700000",
        "word": "everything"
    },
    {
        "end_time": "0:03:04.900000",
        "speaker_tag": 1,
        "start_time": "0:03:04.400000",
        "word": "just"
    },
    {
        "end_time": "0:03:05.200000",
        "speaker_tag": 1,
        "start_time": "0:03:04.900000",
        "word": "going"
    },
    {
        "end_time": "0:03:05.200000",
        "speaker_tag": 1,
        "start_time": "0:03:05.200000",
        "word": "to"
    },
    {
        "end_time": "0:03:05.400000",
        "speaker_tag": 1,
        "start_time": "0:03:05.200000",
        "word": "watch"
    },
    {
        "end_time": "0:03:05.700000",
        "speaker_tag": 1,
        "start_time": "0:03:05.400000",
        "word": "live"
    },
    {
        "end_time": "0:03:06.200000",
        "speaker_tag": 1,
        "start_time": "0:03:05.700000",
        "word": "showing"
    },
    {
        "end_time": "0:03:07.100000",
        "speaker_tag": 1,
        "start_time": "0:03:06.200000",
        "word": "and"
    },
    {
        "end_time": "0:03:07.800000",
        "speaker_tag": 1,
        "start_time": "0:03:07.100000",
        "word": "watch"
    },
    {
        "end_time": "0:03:08.200000",
        "speaker_tag": 1,
        "start_time": "0:03:07.800000",
        "word": "people"
    },
    {
        "end_time": "0:03:08.400000",
        "speaker_tag": 1,
        "start_time": "0:03:08.200000",
        "word": "have"
    },
    {
        "end_time": "0:03:08.700000",
        "speaker_tag": 1,
        "start_time": "0:03:08.400000",
        "word": "fun"
    },
    {
        "end_time": "0:03:09.400000",
        "speaker_tag": 1,
        "start_time": "0:03:08.700000",
        "word": "while"
    },
    {
        "end_time": "0:03:09.600000",
        "speaker_tag": 1,
        "start_time": "0:03:09.400000",
        "word": "I'm"
    },
    {
        "end_time": "0:03:09.800000",
        "speaker_tag": 1,
        "start_time": "0:03:09.600000",
        "word": "on"
    },
    {
        "end_time": "0:03:09.900000",
        "speaker_tag": 1,
        "start_time": "0:03:09.800000",
        "word": "vacation"
    },
    {
        "end_time": "0:03:14.400000",
        "speaker_tag": 2,
        "start_time": "0:03:13.700000",
        "word": "and"
    },
    {
        "end_time": "0:03:15.400000",
        "speaker_tag": 2,
        "start_time": "0:03:14.400000",
        "word": "to"
    },
    {
        "end_time": "0:03:15.500000",
        "speaker_tag": 2,
        "start_time": "0:03:15.400000",
        "word": "do"
    },
    {
        "end_time": "0:03:15.600000",
        "speaker_tag": 1,
        "start_time": "0:03:15.500000",
        "word": "that"
    },
    {
        "end_time": "0:03:16.100000",
        "speaker_tag": 1,
        "start_time": "0:03:15.600000",
        "word": "one"
    },
    {
        "end_time": "0:03:16.300000",
        "speaker_tag": 1,
        "start_time": "0:03:16.100000",
        "word": "and"
    },
    {
        "end_time": "0:03:16.700000",
        "speaker_tag": 1,
        "start_time": "0:03:16.300000",
        "word": "hopefully"
    },
    {
        "end_time": "0:03:17.200000",
        "speaker_tag": 1,
        "start_time": "0:03:16.700000",
        "word": "go"
    },
    {
        "end_time": "0:03:17.700000",
        "speaker_tag": 1,
        "start_time": "0:03:17.200000",
        "word": "tomorrow"
    },
    {
        "end_time": "0:03:18.100000",
        "speaker_tag": 1,
        "start_time": "0:03:17.700000",
        "word": "music"
    },
    {
        "end_time": "0:03:18.900000",
        "speaker_tag": 1,
        "start_time": "0:03:18.100000",
        "word": "festivals"
    },
    {
        "end_time": "0:03:19.600000",
        "speaker_tag": 1,
        "start_time": "0:03:18.900000",
        "word": "and"
    },
    {
        "end_time": "0:03:19.700000",
        "speaker_tag": 1,
        "start_time": "0:03:19.600000",
        "word": "now"
    },
    {
        "end_time": "0:03:19.900000",
        "speaker_tag": 1,
        "start_time": "0:03:19.700000",
        "word": "it's"
    },
    {
        "end_time": "0:03:19.900000",
        "speaker_tag": 1,
        "start_time": "0:03:19.900000",
        "word": "just"
    },
    {
        "end_time": "0:03:20.300000",
        "speaker_tag": 1,
        "start_time": "0:03:19.900000",
        "word": "like"
    },
    {
        "end_time": "0:03:20.500000",
        "speaker_tag": 1,
        "start_time": "0:03:20.300000",
        "word": "when"
    },
    {
        "end_time": "0:03:20.600000",
        "speaker_tag": 1,
        "start_time": "0:03:20.500000",
        "word": "I"
    },
    {
        "end_time": "0:03:20.900000",
        "speaker_tag": 1,
        "start_time": "0:03:20.600000",
        "word": "really"
    },
    {
        "end_time": "0:03:21.200000",
        "speaker_tag": 1,
        "start_time": "0:03:20.900000",
        "word": "wanted"
    },
    {
        "end_time": "0:03:21.300000",
        "speaker_tag": 1,
        "start_time": "0:03:21.200000",
        "word": "to"
    },
    {
        "end_time": "0:03:21.900000",
        "speaker_tag": 1,
        "start_time": "0:03:21.300000",
        "word": "experience"
    },
    {
        "end_time": "0:03:22.400000",
        "speaker_tag": 1,
        "start_time": "0:03:21.900000",
        "word": "cuz"
    },
    {
        "end_time": "0:03:22.500000",
        "speaker_tag": 1,
        "start_time": "0:03:22.400000",
        "word": "I"
    },
    {
        "end_time": "0:03:22.500000",
        "speaker_tag": 1,
        "start_time": "0:03:22.500000",
        "word": "just"
    },
    {
        "end_time": "0:03:22.900000",
        "speaker_tag": 1,
        "start_time": "0:03:22.500000",
        "word": "got"
    },
    {
        "end_time": "0:03:23.100000",
        "speaker_tag": 1,
        "start_time": "0:03:22.900000",
        "word": "in"
    },
    {
        "end_time": "0:03:23.400000",
        "speaker_tag": 1,
        "start_time": "0:03:23.100000",
        "word": "till"
    },
    {
        "end_time": "0:03:24.400000",
        "speaker_tag": 1,
        "start_time": "0:03:23.400000",
        "word": "EDM"
    },
    {
        "end_time": "0:03:24.700000",
        "speaker_tag": 1,
        "start_time": "0:03:24.400000",
        "word": "culture"
    },
    {
        "end_time": "0:03:25",
        "speaker_tag": 1,
        "start_time": "0:03:24.700000",
        "word": "at"
    },
    {
        "end_time": "0:03:25.300000",
        "speaker_tag": 1,
        "start_time": "0:03:25",
        "word": "least"
    },
    {
        "end_time": "0:03:30.900000",
        "speaker_tag": 1,
        "start_time": "0:03:30.100000",
        "word": "my"
    },
    {
        "end_time": "0:03:32.900000",
        "speaker_tag": 2,
        "start_time": "0:03:30.900000",
        "word": "little"
    },
    {
        "end_time": "0:03:33.300000",
        "speaker_tag": 2,
        "start_time": "0:03:32.900000",
        "word": "sister"
    },
    {
        "end_time": "0:03:34.100000",
        "speaker_tag": 2,
        "start_time": "0:03:33.300000",
        "word": "can't"
    },
    {
        "end_time": "0:03:34.300000",
        "speaker_tag": 2,
        "start_time": "0:03:34.100000",
        "word": "be"
    },
    {
        "end_time": "0:03:34.500000",
        "speaker_tag": 2,
        "start_time": "0:03:34.300000",
        "word": "no"
    },
    {
        "end_time": "0:03:45.800000",
        "speaker_tag": 2,
        "start_time": "0:03:44.800000",
        "word": "you"
    },
    {
        "end_time": "0:03:46",
        "speaker_tag": 2,
        "start_time": "0:03:45.800000",
        "word": "have"
    },
    {
        "end_time": "0:03:46.200000",
        "speaker_tag": 2,
        "start_time": "0:03:46",
        "word": "more"
    },
    {
        "end_time": "0:03:46.600000",
        "speaker_tag": 1,
        "start_time": "0:03:46.200000",
        "word": "time"
    },
    {
        "end_time": "0:03:47.800000",
        "speaker_tag": 1,
        "start_time": "0:03:46.600000",
        "word": "you"
    },
    {
        "end_time": "0:03:48",
        "speaker_tag": 1,
        "start_time": "0:03:47.800000",
        "word": "can"
    },
    {
        "end_time": "0:03:48.200000",
        "speaker_tag": 1,
        "start_time": "0:03:48",
        "word": "keep"
    },
    {
        "end_time": "0:03:48.300000",
        "speaker_tag": 1,
        "start_time": "0:03:48.200000",
        "word": "going"
    },
    {
        "end_time": "0:03:48.700000",
        "speaker_tag": 1,
        "start_time": "0:03:48.300000",
        "word": "as"
    },
    {
        "end_time": "0:03:48.800000",
        "speaker_tag": 1,
        "start_time": "0:03:48.700000",
        "word": "long"
    },
    {
        "end_time": "0:03:49",
        "speaker_tag": 1,
        "start_time": "0:03:48.800000",
        "word": "as"
    },
    {
        "end_time": "0:03:49.200000",
        "speaker_tag": 1,
        "start_time": "0:03:49",
        "word": "you"
    },
    {
        "end_time": "0:03:49.200000",
        "speaker_tag": 1,
        "start_time": "0:03:49.200000",
        "word": "want"
    },
    {
        "end_time": "0:03:49.700000",
        "speaker_tag": 1,
        "start_time": "0:03:49.200000",
        "word": "or"
    },
    {
        "end_time": "0:03:49.900000",
        "speaker_tag": 1,
        "start_time": "0:03:49.700000",
        "word": "stop"
    },
    {
        "end_time": "0:03:50.100000",
        "speaker_tag": 1,
        "start_time": "0:03:49.900000",
        "word": "when"
    },
    {
        "end_time": "0:03:50.300000",
        "speaker_tag": 2,
        "start_time": "0:03:50.100000",
        "word": "you"
    },
    {
        "end_time": "0:03:50.600000",
        "speaker_tag": 2,
        "start_time": "0:03:50.300000",
        "word": "want"
    },
    {
        "end_time": "0:03:54.200000",
        "speaker_tag": 2,
        "start_time": "0:03:53.800000",
        "word": "I"
    },
    {
        "end_time": "0:03:54.400000",
        "speaker_tag": 2,
        "start_time": "0:03:54.200000",
        "word": "am"
    },
    {
        "end_time": "0:03:54.700000",
        "speaker_tag": 2,
        "start_time": "0:03:54.400000",
        "word": "not"
    },
    {
        "end_time": "0:03:55.400000",
        "speaker_tag": 2,
        "start_time": "0:03:54.700000",
        "word": "okay"
    },
    {
        "end_time": "0:04:03.600000",
        "speaker_tag": 2,
        "start_time": "0:04:03.200000",
        "word": "for"
    },
    {
        "end_time": "0:04:03.700000",
        "speaker_tag": 2,
        "start_time": "0:04:03.600000",
        "word": "the"
    },
    {
        "end_time": "0:04:03.800000",
        "speaker_tag": 2,
        "start_time": "0:04:03.700000",
        "word": "next"
    },
    {
        "end_time": "0:04:04.100000",
        "speaker_tag": 2,
        "start_time": "0:04:03.800000",
        "word": "part"
    },
    {
        "end_time": "0:04:05.100000",
        "speaker_tag": 2,
        "start_time": "0:04:04.100000",
        "word": "please"
    },
    {
        "end_time": "0:04:05.500000",
        "speaker_tag": 2,
        "start_time": "0:04:05.100000",
        "word": "explain"
    },
    {
        "end_time": "0:04:05.900000",
        "speaker_tag": 2,
        "start_time": "0:04:05.500000",
        "word": "how"
    },
    {
        "end_time": "0:04:06",
        "speaker_tag": 2,
        "start_time": "0:04:05.900000",
        "word": "you"
    },
    {
        "end_time": "0:04:06.100000",
        "speaker_tag": 2,
        "start_time": "0:04:06",
        "word": "would"
    },
    {
        "end_time": "0:04:06.300000",
        "speaker_tag": 2,
        "start_time": "0:04:06.100000",
        "word": "make"
    },
    {
        "end_time": "0:04:06.500000",
        "speaker_tag": 1,
        "start_time": "0:04:06.300000",
        "word": "the"
    },
    {
        "end_time": "0:04:06.800000",
        "speaker_tag": 1,
        "start_time": "0:04:06.500000",
        "word": "following"
    },
    {
        "end_time": "0:04:07.300000",
        "speaker_tag": 1,
        "start_time": "0:04:06.800000",
        "word": "meal"
    },
    {
        "end_time": "0:04:08.300000",
        "speaker_tag": 2,
        "start_time": "0:04:07.300000",
        "word": "step-by-step"
    },
    {
        "end_time": "0:04:09.200000",
        "speaker_tag": 2,
        "start_time": "0:04:08.300000",
        "word": "a"
    },
    {
        "end_time": "0:04:09.500000",
        "speaker_tag": 2,
        "start_time": "0:04:09.200000",
        "word": "cup"
    },
    {
        "end_time": "0:04:09.600000",
        "speaker_tag": 2,
        "start_time": "0:04:09.500000",
        "word": "of"
    },
    {
        "end_time": "0:04:09.900000",
        "speaker_tag": 2,
        "start_time": "0:04:09.600000",
        "word": "coffee"
    },
    {
        "end_time": "0:04:11.400000",
        "speaker_tag": 2,
        "start_time": "0:04:09.900000",
        "word": "scrambled"
    },
    {
        "end_time": "0:04:11.800000",
        "speaker_tag": 2,
        "start_time": "0:04:11.400000",
        "word": "eggs"
    },
    {
        "end_time": "0:04:12",
        "speaker_tag": 2,
        "start_time": "0:04:11.800000",
        "word": "in"
    },
    {
        "end_time": "0:04:12.100000",
        "speaker_tag": 2,
        "start_time": "0:04:12",
        "word": "the"
    },
    {
        "end_time": "0:04:12.400000",
        "speaker_tag": 2,
        "start_time": "0:04:12.100000",
        "word": "bowl"
    },
    {
        "end_time": "0:04:12.500000",
        "speaker_tag": 2,
        "start_time": "0:04:12.400000",
        "word": "of"
    },
    {
        "end_time": "0:04:12.800000",
        "speaker_tag": 2,
        "start_time": "0:04:12.500000",
        "word": "fruit"
    },
    {
        "end_time": "0:04:14.100000",
        "speaker_tag": 1,
        "start_time": "0:04:12.800000",
        "word": "pretend"
    },
    {
        "end_time": "0:04:14.200000",
        "speaker_tag": 1,
        "start_time": "0:04:14.100000",
        "word": "I"
    },
    {
        "end_time": "0:04:14.300000",
        "speaker_tag": 1,
        "start_time": "0:04:14.200000",
        "word": "do"
    },
    {
        "end_time": "0:04:14.500000",
        "speaker_tag": 1,
        "start_time": "0:04:14.300000",
        "word": "not"
    },
    {
        "end_time": "0:04:14.600000",
        "speaker_tag": 1,
        "start_time": "0:04:14.500000",
        "word": "know"
    },
    {
        "end_time": "0:04:14.700000",
        "speaker_tag": 1,
        "start_time": "0:04:14.600000",
        "word": "how"
    },
    {
        "end_time": "0:04:14.800000",
        "speaker_tag": 1,
        "start_time": "0:04:14.700000",
        "word": "to"
    },
    {
        "end_time": "0:04:15.100000",
        "speaker_tag": 1,
        "start_time": "0:04:14.800000",
        "word": "make"
    },
    {
        "end_time": "0:04:15.400000",
        "speaker_tag": 1,
        "start_time": "0:04:15.100000",
        "word": "bone"
    },
    {
        "end_time": "0:04:15.400000",
        "speaker_tag": 1,
        "start_time": "0:04:15.400000",
        "word": "meal"
    },
    {
        "end_time": "0:04:15.800000",
        "speaker_tag": 1,
        "start_time": "0:04:15.400000",
        "word": "and"
    },
    {
        "end_time": "0:04:16.200000",
        "speaker_tag": 1,
        "start_time": "0:04:15.800000",
        "word": "provide"
    },
    {
        "end_time": "0:04:16.900000",
        "speaker_tag": 2,
        "start_time": "0:04:16.200000",
        "word": "details"
    },
    {
        "end_time": "0:04:17.800000",
        "speaker_tag": 2,
        "start_time": "0:04:16.900000",
        "word": "you"
    },
    {
        "end_time": "0:04:17.900000",
        "speaker_tag": 2,
        "start_time": "0:04:17.800000",
        "word": "have"
    },
    {
        "end_time": "0:04:18.200000",
        "speaker_tag": 2,
        "start_time": "0:04:17.900000",
        "word": "5"
    },
    {
        "end_time": "0:04:18.300000",
        "speaker_tag": 2,
        "start_time": "0:04:18.200000",
        "word": "minutes"
    },
    {
        "end_time": "0:04:18.700000",
        "speaker_tag": 2,
        "start_time": "0:04:18.300000",
        "word": "to"
    },
    {
        "end_time": "0:04:19",
        "speaker_tag": 2,
        "start_time": "0:04:18.700000",
        "word": "explain"
    },
    {
        "end_time": "0:04:27.200000",
        "speaker_tag": 2,
        "start_time": "0:04:26.400000",
        "word": "coffee"
    },
    {
        "end_time": "0:04:30.100000",
        "speaker_tag": 2,
        "start_time": "0:04:28.800000",
        "word": "eggs"
    },
    {
        "end_time": "0:04:34.200000",
        "speaker_tag": 2,
        "start_time": "0:04:33.800000",
        "word": "the"
    },
    {
        "end_time": "0:04:34.500000",
        "speaker_tag": 2,
        "start_time": "0:04:34.200000",
        "word": "oatmeal"
    },
    {
        "end_time": "0:04:39.100000",
        "speaker_tag": 2,
        "start_time": "0:04:38.700000",
        "word": "have"
    },
    {
        "end_time": "0:04:39.300000",
        "speaker_tag": 2,
        "start_time": "0:04:39.100000",
        "word": "to"
    },
    {
        "end_time": "0:04:39.700000",
        "speaker_tag": 2,
        "start_time": "0:04:39.300000",
        "word": "explain"
    },
    {
        "end_time": "0:04:40",
        "speaker_tag": 2,
        "start_time": "0:04:39.700000",
        "word": "how"
    },
    {
        "end_time": "0:04:40.200000",
        "speaker_tag": 2,
        "start_time": "0:04:40",
        "word": "to"
    },
    {
        "end_time": "0:04:40.300000",
        "speaker_tag": 2,
        "start_time": "0:04:40.200000",
        "word": "make"
    },
    {
        "end_time": "0:04:40.600000",
        "speaker_tag": 2,
        "start_time": "0:04:40.300000",
        "word": "them"
    },
    {
        "end_time": "0:04:42.100000",
        "speaker_tag": 2,
        "start_time": "0:04:41.500000",
        "word": "okay"
    },
    {
        "end_time": "0:04:42.600000",
        "speaker_tag": 2,
        "start_time": "0:04:42.100000",
        "word": "okay"
    },
    {
        "end_time": "0:04:46.200000",
        "speaker_tag": 2,
        "start_time": "0:04:45.600000",
        "word": "well"
    },
    {
        "end_time": "0:04:47.500000",
        "speaker_tag": 2,
        "start_time": "0:04:46.200000",
        "word": "coffee"
    },
    {
        "end_time": "0:04:48.700000",
        "speaker_tag": 2,
        "start_time": "0:04:47.500000",
        "word": "I'd"
    },
    {
        "end_time": "0:04:49.100000",
        "speaker_tag": 2,
        "start_time": "0:04:48.700000",
        "word": "actually"
    },
    {
        "end_time": "0:04:49.500000",
        "speaker_tag": 2,
        "start_time": "0:04:49.100000",
        "word": "don't"
    },
    {
        "end_time": "0:04:49.600000",
        "speaker_tag": 2,
        "start_time": "0:04:49.500000",
        "word": "make"
    },
    {
        "end_time": "0:04:49.700000",
        "speaker_tag": 2,
        "start_time": "0:04:49.600000",
        "word": "my"
    },
    {
        "end_time": "0:04:50",
        "speaker_tag": 2,
        "start_time": "0:04:49.700000",
        "word": "cock"
    },
    {
        "end_time": "0:04:50.100000",
        "speaker_tag": 2,
        "start_time": "0:04:50",
        "word": "bigger"
    },
    {
        "end_time": "0:04:50.900000",
        "speaker_tag": 2,
        "start_time": "0:04:50.100000",
        "word": "Starbucks"
    },
    {
        "end_time": "0:04:51.300000",
        "speaker_tag": 2,
        "start_time": "0:04:50.900000",
        "word": "make"
    },
    {
        "end_time": "0:04:51.400000",
        "speaker_tag": 2,
        "start_time": "0:04:51.300000",
        "word": "it"
    },
    {
        "end_time": "0:04:51.600000",
        "speaker_tag": 2,
        "start_time": "0:04:51.400000",
        "word": "for"
    },
    {
        "end_time": "0:04:51.800000",
        "speaker_tag": 2,
        "start_time": "0:04:51.600000",
        "word": "me"
    },
    {
        "end_time": "0:04:54.200000",
        "speaker_tag": 2,
        "start_time": "0:04:51.800000",
        "word": "but"
    },
    {
        "end_time": "0:04:55.600000",
        "speaker_tag": 1,
        "start_time": "0:04:55.100000",
        "word": "the"
    },
    {
        "end_time": "0:04:55.800000",
        "speaker_tag": 1,
        "start_time": "0:04:55.600000",
        "word": "way"
    },
    {
        "end_time": "0:04:56",
        "speaker_tag": 1,
        "start_time": "0:04:55.800000",
        "word": "my"
    },
    {
        "end_time": "0:04:56.300000",
        "speaker_tag": 1,
        "start_time": "0:04:56",
        "word": "mom"
    },
    {
        "end_time": "0:04:56.600000",
        "speaker_tag": 1,
        "start_time": "0:04:56.300000",
        "word": "makes"
    },
    {
        "end_time": "0:04:56.700000",
        "speaker_tag": 1,
        "start_time": "0:04:56.600000",
        "word": "it"
    },
    {
        "end_time": "0:04:57.100000",
        "speaker_tag": 1,
        "start_time": "0:04:56.700000",
        "word": "is"
    },
    {
        "end_time": "0:04:57.400000",
        "speaker_tag": 1,
        "start_time": "0:04:57.100000",
        "word": "that"
    },
    {
        "end_time": "0:04:57.600000",
        "speaker_tag": 1,
        "start_time": "0:04:57.400000",
        "word": "I"
    },
    {
        "end_time": "0:04:58.200000",
        "speaker_tag": 1,
        "start_time": "0:04:57.600000",
        "word": "recall"
    },
    {
        "end_time": "0:04:58.500000",
        "speaker_tag": 1,
        "start_time": "0:04:58.200000",
        "word": "is"
    },
    {
        "end_time": "0:04:58.700000",
        "speaker_tag": 1,
        "start_time": "0:04:58.500000",
        "word": "over"
    },
    {
        "end_time": "0:04:58.900000",
        "speaker_tag": 1,
        "start_time": "0:04:58.700000",
        "word": "the"
    },
    {
        "end_time": "0:04:59.400000",
        "speaker_tag": 1,
        "start_time": "0:04:58.900000",
        "word": "stove"
    },
    {
        "end_time": "0:04:59.600000",
        "speaker_tag": 1,
        "start_time": "0:04:59.400000",
        "word": "to"
    },
    {
        "end_time": "0:04:59.800000",
        "speaker_tag": 1,
        "start_time": "0:04:59.600000",
        "word": "heat"
    },
    {
        "end_time": "0:05:00",
        "speaker_tag": 1,
        "start_time": "0:04:59.800000",
        "word": "up"
    },
    {
        "end_time": "0:05:00.200000",
        "speaker_tag": 1,
        "start_time": "0:05:00",
        "word": "some"
    },
    {
        "end_time": "0:05:00.300000",
        "speaker_tag": 1,
        "start_time": "0:05:00.200000",
        "word": "water"
    },
    {
        "end_time": "0:05:01.800000",
        "speaker_tag": 1,
        "start_time": "0:05:00.300000",
        "word": "they"
    },
    {
        "end_time": "0:05:01.900000",
        "speaker_tag": 1,
        "start_time": "0:05:01.800000",
        "word": "go"
    },
    {
        "end_time": "0:05:02.100000",
        "speaker_tag": 1,
        "start_time": "0:05:01.900000",
        "word": "by"
    },
    {
        "end_time": "0:05:03.200000",
        "speaker_tag": 1,
        "start_time": "0:05:02.100000",
        "word": "his"
    },
    {
        "end_time": "0:05:03.700000",
        "speaker_tag": 1,
        "start_time": "0:05:03.200000",
        "word": "coffee"
    },
    {
        "end_time": "0:05:04.600000",
        "speaker_tag": 1,
        "start_time": "0:05:03.700000",
        "word": "little"
    },
    {
        "end_time": "0:05:05",
        "speaker_tag": 1,
        "start_time": "0:05:04.600000",
        "word": "coffee"
    },
    {
        "end_time": "0:05:05.400000",
        "speaker_tag": 1,
        "start_time": "0:05:05",
        "word": "thing"
    },
    {
        "end_time": "0:05:05.800000",
        "speaker_tag": 1,
        "start_time": "0:05:05.400000",
        "word": "you"
    },
    {
        "end_time": "0:05:06",
        "speaker_tag": 1,
        "start_time": "0:05:05.800000",
        "word": "put"
    },
    {
        "end_time": "0:05:06.100000",
        "speaker_tag": 1,
        "start_time": "0:05:06",
        "word": "the"
    },
    {
        "end_time": "0:05:06.600000",
        "speaker_tag": 1,
        "start_time": "0:05:06.100000",
        "word": "black"
    },
    {
        "end_time": "0:05:06.800000",
        "speaker_tag": 1,
        "start_time": "0:05:06.600000",
        "word": "powder"
    },
    {
        "end_time": "0:05:07.100000",
        "speaker_tag": 1,
        "start_time": "0:05:06.800000",
        "word": "in"
    },
    {
        "end_time": "0:05:07.400000",
        "speaker_tag": 1,
        "start_time": "0:05:07.100000",
        "word": "the"
    },
    {
        "end_time": "0:05:07.800000",
        "speaker_tag": 1,
        "start_time": "0:05:07.400000",
        "word": "bronchi"
    },
    {
        "end_time": "0:05:08.100000",
        "speaker_tag": 1,
        "start_time": "0:05:07.800000",
        "word": "and"
    },
    {
        "end_time": "0:05:08.300000",
        "speaker_tag": 1,
        "start_time": "0:05:08.100000",
        "word": "it"
    },
    {
        "end_time": "0:05:09.100000",
        "speaker_tag": 1,
        "start_time": "0:05:08.300000",
        "word": "makes"
    },
    {
        "end_time": "0:05:09.400000",
        "speaker_tag": 1,
        "start_time": "0:05:09.100000",
        "word": "it"
    },
    {
        "end_time": "0:05:10",
        "speaker_tag": 1,
        "start_time": "0:05:09.400000",
        "word": "you"
    },
    {
        "end_time": "0:05:10.200000",
        "speaker_tag": 1,
        "start_time": "0:05:10",
        "word": "get"
    },
    {
        "end_time": "0:05:10.400000",
        "speaker_tag": 1,
        "start_time": "0:05:10.200000",
        "word": "some"
    },
    {
        "end_time": "0:05:10.500000",
        "speaker_tag": 1,
        "start_time": "0:05:10.400000",
        "word": "milk"
    },
    {
        "end_time": "0:05:11.100000",
        "speaker_tag": 1,
        "start_time": "0:05:10.500000",
        "word": "you"
    },
    {
        "end_time": "0:05:11.400000",
        "speaker_tag": 1,
        "start_time": "0:05:11.100000",
        "word": "put"
    },
    {
        "end_time": "0:05:11.700000",
        "speaker_tag": 1,
        "start_time": "0:05:11.400000",
        "word": "some"
    },
    {
        "end_time": "0:05:11.800000",
        "speaker_tag": 1,
        "start_time": "0:05:11.700000",
        "word": "in"
    },
    {
        "end_time": "0:05:11.900000",
        "speaker_tag": 1,
        "start_time": "0:05:11.800000",
        "word": "there"
    },
    {
        "end_time": "0:05:12.900000",
        "speaker_tag": 1,
        "start_time": "0:05:11.900000",
        "word": "and"
    },
    {
        "end_time": "0:05:13",
        "speaker_tag": 1,
        "start_time": "0:05:12.900000",
        "word": "then"
    },
    {
        "end_time": "0:05:13.500000",
        "speaker_tag": 1,
        "start_time": "0:05:13",
        "word": "you"
    },
    {
        "end_time": "0:05:13.700000",
        "speaker_tag": 1,
        "start_time": "0:05:13.500000",
        "word": "put"
    },
    {
        "end_time": "0:05:14",
        "speaker_tag": 1,
        "start_time": "0:05:13.700000",
        "word": "sugar"
    },
    {
        "end_time": "0:05:18.800000",
        "speaker_tag": 1,
        "start_time": "0:05:18.400000",
        "word": "yeah"
    },
    {
        "end_time": "0:05:19",
        "speaker_tag": 1,
        "start_time": "0:05:18.800000",
        "word": "but"
    },
    {
        "end_time": "0:05:19.100000",
        "speaker_tag": 1,
        "start_time": "0:05:19",
        "word": "I"
    },
    {
        "end_time": "0:05:19.100000",
        "speaker_tag": 1,
        "start_time": "0:05:19.100000",
        "word": "don't"
    },
    {
        "end_time": "0:05:19.300000",
        "speaker_tag": 1,
        "start_time": "0:05:19.100000",
        "word": "know"
    },
    {
        "end_time": "0:05:19.400000",
        "speaker_tag": 1,
        "start_time": "0:05:19.300000",
        "word": "how"
    },
    {
        "end_time": "0:05:19.500000",
        "speaker_tag": 1,
        "start_time": "0:05:19.400000",
        "word": "to"
    },
    {
        "end_time": "0:05:19.600000",
        "speaker_tag": 1,
        "start_time": "0:05:19.500000",
        "word": "make"
    },
    {
        "end_time": "0:05:19.700000",
        "speaker_tag": 1,
        "start_time": "0:05:19.600000",
        "word": "it"
    },
    {
        "end_time": "0:05:19.800000",
        "speaker_tag": 1,
        "start_time": "0:05:19.700000",
        "word": "on"
    },
    {
        "end_time": "0:05:20.100000",
        "speaker_tag": 1,
        "start_time": "0:05:19.800000",
        "word": "I"
    },
    {
        "end_time": "0:05:20.200000",
        "speaker_tag": 1,
        "start_time": "0:05:20.100000",
        "word": "mean"
    },
    {
        "end_time": "0:05:20.600000",
        "speaker_tag": 2,
        "start_time": "0:05:20.200000",
        "word": "fruit"
    },
    {
        "end_time": "0:05:21",
        "speaker_tag": 2,
        "start_time": "0:05:20.600000",
        "word": "fruit"
    },
    {
        "end_time": "0:05:31.600000",
        "speaker_tag": 2,
        "start_time": "0:05:31.200000",
        "word": "he"
    },
    {
        "end_time": "0:05:31.900000",
        "speaker_tag": 2,
        "start_time": "0:05:31.600000",
        "word": "cracked"
    },
    {
        "end_time": "0:05:32.300000",
        "speaker_tag": 2,
        "start_time": "0:05:31.900000",
        "word": "and"
    },
    {
        "end_time": "0:05:33.700000",
        "speaker_tag": 1,
        "start_time": "0:05:32.300000",
        "word": "you"
    },
    {
        "end_time": "0:05:33.800000",
        "speaker_tag": 1,
        "start_time": "0:05:33.700000",
        "word": "either"
    },
    {
        "end_time": "0:05:34.200000",
        "speaker_tag": 1,
        "start_time": "0:05:33.800000",
        "word": "want"
    },
    {
        "end_time": "0:05:34.500000",
        "speaker_tag": 1,
        "start_time": "0:05:34.200000",
        "word": "fried"
    },
    {
        "end_time": "0:05:34.600000",
        "speaker_tag": 1,
        "start_time": "0:05:34.500000",
        "word": "or"
    },
    {
        "end_time": "0:05:34.900000",
        "speaker_tag": 1,
        "start_time": "0:05:34.600000",
        "word": "not"
    },
    {
        "end_time": "0:05:35.700000",
        "speaker_tag": 1,
        "start_time": "0:05:34.900000",
        "word": "so"
    },
    {
        "end_time": "0:05:35.800000",
        "speaker_tag": 1,
        "start_time": "0:05:35.700000",
        "word": "you"
    },
    {
        "end_time": "0:05:36",
        "speaker_tag": 1,
        "start_time": "0:05:35.800000",
        "word": "should"
    },
    {
        "end_time": "0:05:36.300000",
        "speaker_tag": 1,
        "start_time": "0:05:36",
        "word": "work"
    },
    {
        "end_time": "0:05:37.100000",
        "speaker_tag": 1,
        "start_time": "0:05:36.300000",
        "word": "your"
    },
    {
        "end_time": "0:05:37.500000",
        "speaker_tag": 1,
        "start_time": "0:05:37.100000",
        "word": "magic"
    },
    {
        "end_time": "0:05:37.900000",
        "speaker_tag": 1,
        "start_time": "0:05:37.500000",
        "word": "and"
    },
    {
        "end_time": "0:05:38.200000",
        "speaker_tag": 1,
        "start_time": "0:05:37.900000",
        "word": "hope"
    },
    {
        "end_time": "0:05:38.300000",
        "speaker_tag": 1,
        "start_time": "0:05:38.200000",
        "word": "for"
    },
    {
        "end_time": "0:05:38.300000",
        "speaker_tag": 1,
        "start_time": "0:05:38.300000",
        "word": "the"
    },
    {
        "end_time": "0:05:38.400000",
        "speaker_tag": 1,
        "start_time": "0:05:38.300000",
        "word": "best"
    },
    {
        "end_time": "0:05:38.700000",
        "speaker_tag": 1,
        "start_time": "0:05:38.400000",
        "word": "but"
    },
    {
        "end_time": "0:05:38.800000",
        "speaker_tag": 1,
        "start_time": "0:05:38.700000",
        "word": "it"
    },
    {
        "end_time": "0:05:39.100000",
        "speaker_tag": 1,
        "start_time": "0:05:38.800000",
        "word": "doesn't"
    },
    {
        "end_time": "0:05:39.200000",
        "speaker_tag": 1,
        "start_time": "0:05:39.100000",
        "word": "break"
    },
    {
        "end_time": "0:05:39.400000",
        "speaker_tag": 1,
        "start_time": "0:05:39.200000",
        "word": "if"
    },
    {
        "end_time": "0:05:39.500000",
        "speaker_tag": 1,
        "start_time": "0:05:39.400000",
        "word": "you"
    },
    {
        "end_time": "0:05:39.600000",
        "speaker_tag": 1,
        "start_time": "0:05:39.500000",
        "word": "want"
    },
    {
        "end_time": "0:05:39.700000",
        "speaker_tag": 1,
        "start_time": "0:05:39.600000",
        "word": "to"
    },
    {
        "end_time": "0:05:43.700000",
        "speaker_tag": 2,
        "start_time": "0:05:43.300000",
        "word": "I"
    },
    {
        "end_time": "0:05:43.900000",
        "speaker_tag": 2,
        "start_time": "0:05:43.700000",
        "word": "like"
    },
    {
        "end_time": "0:06:02.100000",
        "speaker_tag": 2,
        "start_time": "0:06:00.200000",
        "word": "do"
    },
    {
        "end_time": "0:06:02.200000",
        "speaker_tag": 2,
        "start_time": "0:06:02.100000",
        "word": "I"
    },
    {
        "end_time": "0:06:02.300000",
        "speaker_tag": 2,
        "start_time": "0:06:02.200000",
        "word": "have"
    },
    {
        "end_time": "0:06:02.400000",
        "speaker_tag": 2,
        "start_time": "0:06:02.300000",
        "word": "an"
    },
    {
        "end_time": "0:06:02.700000",
        "speaker_tag": 2,
        "start_time": "0:06:02.400000",
        "word": "Ender"
    },
    {
        "end_time": "0:06:03.200000",
        "speaker_tag": 2,
        "start_time": "0:06:02.700000",
        "word": "Portal"
    }
]