[
    {
        "end_time": "0:00:01.100000",
        "speaker_tag": 2,
        "start_time": "0:00:00.100000",
        "word": "so"
    },
    {
        "end_time": "0:00:01.600000",
        "speaker_tag": 2,
        "start_time": "0:00:01.100000",
        "word": "I"
    },
    {
        "end_time": "0:00:02",
        "speaker_tag": 2,
        "start_time": "0:00:01.600000",
        "word": "want"
    },
    {
        "end_time": "0:00:02.200000",
        "speaker_tag": 2,
        "start_time": "0:00:02",
        "word": "you"
    },
    {
        "end_time": "0:00:02.300000",
        "speaker_tag": 2,
        "start_time": "0:00:02.200000",
        "word": "to"
    },
    {
        "end_time": "0:00:03.300000",
        "speaker_tag": 2,
        "start_time": "0:00:02.300000",
        "word": "tell"
    },
    {
        "end_time": "0:00:03.400000",
        "speaker_tag": 2,
        "start_time": "0:00:03.300000",
        "word": "me"
    },
    {
        "end_time": "0:00:03.800000",
        "speaker_tag": 2,
        "start_time": "0:00:03.400000",
        "word": "about"
    },
    {
        "end_time": "0:00:04.300000",
        "speaker_tag": 2,
        "start_time": "0:00:03.800000",
        "word": "a"
    },
    {
        "end_time": "0:00:05",
        "speaker_tag": 2,
        "start_time": "0:00:04.300000",
        "word": "trip"
    },
    {
        "end_time": "0:00:05.300000",
        "speaker_tag": 2,
        "start_time": "0:00:05",
        "word": "or"
    },
    {
        "end_time": "0:00:05.400000",
        "speaker_tag": 2,
        "start_time": "0:00:05.300000",
        "word": "vacation"
    },
    {
        "end_time": "0:00:06.400000",
        "speaker_tag": 2,
        "start_time": "0:00:05.400000",
        "word": "that"
    },
    {
        "end_time": "0:00:06.600000",
        "speaker_tag": 2,
        "start_time": "0:00:06.400000",
        "word": "you"
    },
    {
        "end_time": "0:00:06.700000",
        "speaker_tag": 2,
        "start_time": "0:00:06.600000",
        "word": "have"
    },
    {
        "end_time": "0:00:06.900000",
        "speaker_tag": 2,
        "start_time": "0:00:06.700000",
        "word": "taken"
    },
    {
        "end_time": "0:00:07.800000",
        "speaker_tag": 2,
        "start_time": "0:00:06.900000",
        "word": "and"
    },
    {
        "end_time": "0:00:07.900000",
        "speaker_tag": 2,
        "start_time": "0:00:07.800000",
        "word": "you"
    },
    {
        "end_time": "0:00:08.300000",
        "speaker_tag": 2,
        "start_time": "0:00:07.900000",
        "word": "can"
    },
    {
        "end_time": "0:00:08.600000",
        "speaker_tag": 2,
        "start_time": "0:00:08.300000",
        "word": "tell"
    },
    {
        "end_time": "0:00:08.700000",
        "speaker_tag": 2,
        "start_time": "0:00:08.600000",
        "word": "me"
    },
    {
        "end_time": "0:00:09.200000",
        "speaker_tag": 2,
        "start_time": "0:00:08.700000",
        "word": "provide"
    },
    {
        "end_time": "0:00:09.300000",
        "speaker_tag": 2,
        "start_time": "0:00:09.200000",
        "word": "as"
    },
    {
        "end_time": "0:00:09.500000",
        "speaker_tag": 2,
        "start_time": "0:00:09.300000",
        "word": "many"
    },
    {
        "end_time": "0:00:09.800000",
        "speaker_tag": 2,
        "start_time": "0:00:09.500000",
        "word": "details"
    },
    {
        "end_time": "0:00:10",
        "speaker_tag": 2,
        "start_time": "0:00:09.800000",
        "word": "as"
    },
    {
        "end_time": "0:00:10.700000",
        "speaker_tag": 2,
        "start_time": "0:00:10",
        "word": "necessary"
    },
    {
        "end_time": "0:00:11",
        "speaker_tag": 2,
        "start_time": "0:00:10.700000",
        "word": "and"
    },
    {
        "end_time": "0:00:11.200000",
        "speaker_tag": 2,
        "start_time": "0:00:11",
        "word": "I"
    },
    {
        "end_time": "0:00:11.600000",
        "speaker_tag": 2,
        "start_time": "0:00:11.200000",
        "word": "will"
    },
    {
        "end_time": "0:00:11.900000",
        "speaker_tag": 2,
        "start_time": "0:00:11.600000",
        "word": "tell"
    },
    {
        "end_time": "0:00:12",
        "speaker_tag": 2,
        "start_time": "0:00:11.900000",
        "word": "you"
    },
    {
        "end_time": "0:00:12.900000",
        "speaker_tag": 2,
        "start_time": "0:00:12",
        "word": "when"
    },
    {
        "end_time": "0:00:13",
        "speaker_tag": 2,
        "start_time": "0:00:12.900000",
        "word": "to"
    },
    {
        "end_time": "0:00:13.100000",
        "speaker_tag": 2,
        "start_time": "0:00:13",
        "word": "stop"
    },
    {
        "end_time": "0:00:14.100000",
        "speaker_tag": 2,
        "start_time": "0:00:13.100000",
        "word": "so"
    },
    {
        "end_time": "0:00:14.400000",
        "speaker_tag": 2,
        "start_time": "0:00:14.100000",
        "word": "go"
    },
    {
        "end_time": "0:00:14.600000",
        "speaker_tag": 2,
        "start_time": "0:00:14.400000",
        "word": "ahead"
    },
    {
        "end_time": "0:00:20.600000",
        "speaker_tag": 1,
        "start_time": "0:00:19.100000",
        "word": "how"
    },
    {
        "end_time": "0:00:20.700000",
        "speaker_tag": 2,
        "start_time": "0:00:20.600000",
        "word": "to"
    },
    {
        "end_time": "0:00:21",
        "speaker_tag": 2,
        "start_time": "0:00:20.700000",
        "word": "make"
    },
    {
        "end_time": "0:00:21.100000",
        "speaker_tag": 2,
        "start_time": "0:00:21",
        "word": "a"
    },
    {
        "end_time": "0:00:21.500000",
        "speaker_tag": 2,
        "start_time": "0:00:21.100000",
        "word": "something"
    },
    {
        "end_time": "0:00:21.600000",
        "speaker_tag": 2,
        "start_time": "0:00:21.500000",
        "word": "in"
    },
    {
        "end_time": "0:00:22.200000",
        "speaker_tag": 2,
        "start_time": "0:00:21.600000",
        "word": "Atlanta"
    },
    {
        "end_time": "0:00:25.700000",
        "speaker_tag": 2,
        "start_time": "0:00:25.200000",
        "word": "that's"
    },
    {
        "end_time": "0:00:25.800000",
        "speaker_tag": 2,
        "start_time": "0:00:25.700000",
        "word": "why"
    },
    {
        "end_time": "0:00:26.200000",
        "speaker_tag": 2,
        "start_time": "0:00:25.800000",
        "word": "we"
    },
    {
        "end_time": "0:00:26.500000",
        "speaker_tag": 2,
        "start_time": "0:00:26.200000",
        "word": "like"
    },
    {
        "end_time": "0:00:26.600000",
        "speaker_tag": 2,
        "start_time": "0:00:26.500000",
        "word": "to"
    },
    {
        "end_time": "0:00:26.800000",
        "speaker_tag": 2,
        "start_time": "0:00:26.600000",
        "word": "go"
    },
    {
        "end_time": "0:00:27.300000",
        "speaker_tag": 2,
        "start_time": "0:00:26.800000",
        "word": "places"
    },
    {
        "end_time": "0:00:28.500000",
        "speaker_tag": 2,
        "start_time": "0:00:28.100000",
        "word": "we"
    },
    {
        "end_time": "0:00:28.800000",
        "speaker_tag": 2,
        "start_time": "0:00:28.500000",
        "word": "liked"
    },
    {
        "end_time": "0:00:29.300000",
        "speaker_tag": 2,
        "start_time": "0:00:28.800000",
        "word": "roses"
    },
    {
        "end_time": "0:00:34.100000",
        "speaker_tag": 2,
        "start_time": "0:00:33.500000",
        "word": "or"
    },
    {
        "end_time": "0:00:34.700000",
        "speaker_tag": 2,
        "start_time": "0:00:34.100000",
        "word": "five"
    },
    {
        "end_time": "0:00:35.800000",
        "speaker_tag": 1,
        "start_time": "0:00:34.700000",
        "word": "cruises"
    },
    {
        "end_time": "0:00:42.600000",
        "speaker_tag": 1,
        "start_time": "0:00:42.200000",
        "word": "I"
    },
    {
        "end_time": "0:00:43.400000",
        "speaker_tag": 1,
        "start_time": "0:00:42.600000",
        "word": "think"
    },
    {
        "end_time": "0:00:43.500000",
        "speaker_tag": 2,
        "start_time": "0:00:43.400000",
        "word": "it"
    },
    {
        "end_time": "0:00:43.700000",
        "speaker_tag": 2,
        "start_time": "0:00:43.500000",
        "word": "was"
    },
    {
        "end_time": "0:00:44.400000",
        "speaker_tag": 2,
        "start_time": "0:00:43.700000",
        "word": "the"
    },
    {
        "end_time": "0:00:44.800000",
        "speaker_tag": 2,
        "start_time": "0:00:44.400000",
        "word": "first"
    },
    {
        "end_time": "0:00:44.900000",
        "speaker_tag": 2,
        "start_time": "0:00:44.800000",
        "word": "time"
    },
    {
        "end_time": "0:00:45.200000",
        "speaker_tag": 2,
        "start_time": "0:00:44.900000",
        "word": "we"
    },
    {
        "end_time": "0:00:47",
        "speaker_tag": 2,
        "start_time": "0:00:46.400000",
        "word": "what's"
    },
    {
        "end_time": "0:00:47.100000",
        "speaker_tag": 2,
        "start_time": "0:00:47",
        "word": "a"
    },
    {
        "end_time": "0:00:48.600000",
        "speaker_tag": 2,
        "start_time": "0:00:47.100000",
        "word": "car,"
    },
    {
        "end_time": "0:00:48.900000",
        "speaker_tag": 2,
        "start_time": "0:00:48.600000",
        "word": "rental"
    },
    {
        "end_time": "0:00:49.300000",
        "speaker_tag": 2,
        "start_time": "0:00:48.900000",
        "word": "car"
    },
    {
        "end_time": "0:00:49.600000",
        "speaker_tag": 2,
        "start_time": "0:00:49.300000",
        "word": "wash"
    },
    {
        "end_time": "0:00:55.400000",
        "speaker_tag": 2,
        "start_time": "0:00:52.800000",
        "word": "all"
    },
    {
        "end_time": "0:00:55.500000",
        "speaker_tag": 2,
        "start_time": "0:00:55.400000",
        "word": "the"
    },
    {
        "end_time": "0:00:55.900000",
        "speaker_tag": 2,
        "start_time": "0:00:55.500000",
        "word": "hills"
    },
    {
        "end_time": "0:00:56.100000",
        "speaker_tag": 2,
        "start_time": "0:00:55.900000",
        "word": "in"
    },
    {
        "end_time": "0:00:56.300000",
        "speaker_tag": 2,
        "start_time": "0:00:56.100000",
        "word": "Colorado"
    },
    {
        "end_time": "0:01:06.300000",
        "speaker_tag": 1,
        "start_time": "0:01:05.400000",
        "word": "Colorado"
    },
    {
        "end_time": "0:01:09.200000",
        "speaker_tag": 2,
        "start_time": "0:01:08.700000",
        "word": "not"
    },
    {
        "end_time": "0:01:09.400000",
        "speaker_tag": 2,
        "start_time": "0:01:09.200000",
        "word": "too"
    },
    {
        "end_time": "0:01:10.300000",
        "speaker_tag": 2,
        "start_time": "0:01:09.400000",
        "word": "terribly"
    },
    {
        "end_time": "0:01:10.400000",
        "speaker_tag": 2,
        "start_time": "0:01:10.300000",
        "word": "long"
    },
    {
        "end_time": "0:01:10.800000",
        "speaker_tag": 2,
        "start_time": "0:01:10.400000",
        "word": "ago"
    },
    {
        "end_time": "0:01:11.200000",
        "speaker_tag": 2,
        "start_time": "0:01:10.800000",
        "word": "when"
    },
    {
        "end_time": "0:01:11.400000",
        "speaker_tag": 2,
        "start_time": "0:01:11.200000",
        "word": "Aaron"
    },
    {
        "end_time": "0:01:12",
        "speaker_tag": 2,
        "start_time": "0:01:11.400000",
        "word": "at"
    },
    {
        "end_time": "0:01:12.800000",
        "speaker_tag": 2,
        "start_time": "0:01:12",
        "word": "60-something"
    },
    {
        "end_time": "0:01:15.500000",
        "speaker_tag": 2,
        "start_time": "0:01:14",
        "word": "Idaho"
    },
    {
        "end_time": "0:01:15.800000",
        "speaker_tag": 2,
        "start_time": "0:01:15.500000",
        "word": "Springs"
    },
    {
        "end_time": "0:01:16.600000",
        "speaker_tag": 2,
        "start_time": "0:01:15.800000",
        "word": "which"
    },
    {
        "end_time": "0:01:16.700000",
        "speaker_tag": 2,
        "start_time": "0:01:16.600000",
        "word": "is"
    },
    {
        "end_time": "0:01:17.200000",
        "speaker_tag": 2,
        "start_time": "0:01:16.700000",
        "word": "west"
    },
    {
        "end_time": "0:01:17.400000",
        "speaker_tag": 2,
        "start_time": "0:01:17.200000",
        "word": "of"
    },
    {
        "end_time": "0:01:17.700000",
        "speaker_tag": 2,
        "start_time": "0:01:17.400000",
        "word": "Denver"
    },
    {
        "end_time": "0:01:23.400000",
        "speaker_tag": 2,
        "start_time": "0:01:20.900000",
        "word": "all"
    },
    {
        "end_time": "0:01:23.900000",
        "speaker_tag": 2,
        "start_time": "0:01:23.400000",
        "word": "over"
    },
    {
        "end_time": "0:01:27.600000",
        "speaker_tag": 2,
        "start_time": "0:01:23.900000",
        "word": "5"
    },
    {
        "end_time": "0:01:27.900000",
        "speaker_tag": 2,
        "start_time": "0:01:27.600000",
        "word": "minutes"
    },
    {
        "end_time": "0:01:37.400000",
        "speaker_tag": 1,
        "start_time": "0:01:36.100000",
        "word": "we"
    },
    {
        "end_time": "0:01:37.700000",
        "speaker_tag": 2,
        "start_time": "0:01:37.400000",
        "word": "like"
    },
    {
        "end_time": "0:01:37.800000",
        "speaker_tag": 2,
        "start_time": "0:01:37.700000",
        "word": "to"
    },
    {
        "end_time": "0:01:38",
        "speaker_tag": 2,
        "start_time": "0:01:37.800000",
        "word": "go"
    },
    {
        "end_time": "0:01:38.500000",
        "speaker_tag": 2,
        "start_time": "0:01:38",
        "word": "when"
    },
    {
        "end_time": "0:01:38.600000",
        "speaker_tag": 2,
        "start_time": "0:01:38.500000",
        "word": "we"
    },
    {
        "end_time": "0:01:39",
        "speaker_tag": 2,
        "start_time": "0:01:38.600000",
        "word": "like"
    },
    {
        "end_time": "0:01:39.300000",
        "speaker_tag": 2,
        "start_time": "0:01:39",
        "word": "doing"
    },
    {
        "end_time": "0:01:39.500000",
        "speaker_tag": 2,
        "start_time": "0:01:39.300000",
        "word": "in"
    },
    {
        "end_time": "0:01:39.900000",
        "speaker_tag": 2,
        "start_time": "0:01:39.500000",
        "word": "Colorado"
    },
    {
        "end_time": "0:01:43",
        "speaker_tag": 2,
        "start_time": "0:01:42.600000",
        "word": "we"
    },
    {
        "end_time": "0:01:43.200000",
        "speaker_tag": 2,
        "start_time": "0:01:43",
        "word": "got"
    },
    {
        "end_time": "0:01:43.500000",
        "speaker_tag": 2,
        "start_time": "0:01:43.200000",
        "word": "up"
    },
    {
        "end_time": "0:01:43.700000",
        "speaker_tag": 2,
        "start_time": "0:01:43.500000",
        "word": "on"
    },
    {
        "end_time": "0:01:43.700000",
        "speaker_tag": 2,
        "start_time": "0:01:43.700000",
        "word": "time"
    },
    {
        "end_time": "0:01:44.200000",
        "speaker_tag": 2,
        "start_time": "0:01:43.700000",
        "word": "as"
    },
    {
        "end_time": "0:01:44.400000",
        "speaker_tag": 2,
        "start_time": "0:01:44.200000",
        "word": "far"
    },
    {
        "end_time": "0:01:44.900000",
        "speaker_tag": 2,
        "start_time": "0:01:44.400000",
        "word": "as"
    },
    {
        "end_time": "0:01:45.600000",
        "speaker_tag": 2,
        "start_time": "0:01:44.900000",
        "word": "going"
    },
    {
        "end_time": "0:01:45.800000",
        "speaker_tag": 2,
        "start_time": "0:01:45.600000",
        "word": "on"
    },
    {
        "end_time": "0:01:47",
        "speaker_tag": 2,
        "start_time": "0:01:45.800000",
        "word": "to"
    },
    {
        "end_time": "0:01:50",
        "speaker_tag": 1,
        "start_time": "0:01:49",
        "word": "Alaska"
    },
    {
        "end_time": "0:01:51",
        "speaker_tag": 2,
        "start_time": "0:01:50",
        "word": "and"
    },
    {
        "end_time": "0:01:51.400000",
        "speaker_tag": 2,
        "start_time": "0:01:51",
        "word": "everyone"
    },
    {
        "end_time": "0:01:51.700000",
        "speaker_tag": 2,
        "start_time": "0:01:51.400000",
        "word": "said"
    },
    {
        "end_time": "0:01:53.200000",
        "speaker_tag": 2,
        "start_time": "0:01:51.700000",
        "word": "the"
    },
    {
        "end_time": "0:01:55.100000",
        "speaker_tag": 2,
        "start_time": "0:01:53.200000",
        "word": "roads"
    },
    {
        "end_time": "0:01:55.100000",
        "speaker_tag": 2,
        "start_time": "0:01:55.100000",
        "word": "were"
    },
    {
        "end_time": "0:01:55.500000",
        "speaker_tag": 2,
        "start_time": "0:01:55.100000",
        "word": "some"
    },
    {
        "end_time": "0:01:56",
        "speaker_tag": 2,
        "start_time": "0:01:55.500000",
        "word": "rough"
    },
    {
        "end_time": "0:01:56.400000",
        "speaker_tag": 2,
        "start_time": "0:01:56",
        "word": "and"
    },
    {
        "end_time": "0:01:56.600000",
        "speaker_tag": 2,
        "start_time": "0:01:56.400000",
        "word": "we"
    },
    {
        "end_time": "0:01:56.700000",
        "speaker_tag": 2,
        "start_time": "0:01:56.600000",
        "word": "were"
    },
    {
        "end_time": "0:01:56.900000",
        "speaker_tag": 2,
        "start_time": "0:01:56.700000",
        "word": "in"
    },
    {
        "end_time": "0:01:56.900000",
        "speaker_tag": 2,
        "start_time": "0:01:56.900000",
        "word": "a"
    },
    {
        "end_time": "0:01:57.400000",
        "speaker_tag": 2,
        "start_time": "0:01:56.900000",
        "word": "motorhome"
    },
    {
        "end_time": "0:01:58.400000",
        "speaker_tag": 1,
        "start_time": "0:01:57.400000",
        "word": "and"
    },
    {
        "end_time": "0:02:03.800000",
        "speaker_tag": 2,
        "start_time": "0:01:58.400000",
        "word": "we"
    },
    {
        "end_time": "0:02:04.300000",
        "speaker_tag": 2,
        "start_time": "0:02:03.800000",
        "word": "decided"
    },
    {
        "end_time": "0:02:09.500000",
        "speaker_tag": 1,
        "start_time": "0:02:08.500000",
        "word": "okay"
    },
    {
        "end_time": "0:02:12.100000",
        "speaker_tag": 1,
        "start_time": "0:02:09.500000",
        "word": "now"
    },
    {
        "end_time": "0:02:17.200000",
        "speaker_tag": 2,
        "start_time": "0:02:16.900000",
        "word": "so"
    },
    {
        "end_time": "0:02:17.500000",
        "speaker_tag": 2,
        "start_time": "0:02:17.200000",
        "word": "now"
    },
    {
        "end_time": "0:02:17.700000",
        "speaker_tag": 2,
        "start_time": "0:02:17.500000",
        "word": "I"
    },
    {
        "end_time": "0:02:18",
        "speaker_tag": 2,
        "start_time": "0:02:17.700000",
        "word": "want"
    },
    {
        "end_time": "0:02:18.100000",
        "speaker_tag": 2,
        "start_time": "0:02:18",
        "word": "you"
    },
    {
        "end_time": "0:02:18.600000",
        "speaker_tag": 2,
        "start_time": "0:02:18.100000",
        "word": "to"
    },
    {
        "end_time": "0:02:18.900000",
        "speaker_tag": 2,
        "start_time": "0:02:18.600000",
        "word": "explain"
    },
    {
        "end_time": "0:02:19.700000",
        "speaker_tag": 2,
        "start_time": "0:02:18.900000",
        "word": "to"
    },
    {
        "end_time": "0:02:19.700000",
        "speaker_tag": 2,
        "start_time": "0:02:19.700000",
        "word": "me"
    },
    {
        "end_time": "0:02:20.200000",
        "speaker_tag": 2,
        "start_time": "0:02:19.700000",
        "word": "how"
    },
    {
        "end_time": "0:02:20.500000",
        "speaker_tag": 2,
        "start_time": "0:02:20.200000",
        "word": "you"
    },
    {
        "end_time": "0:02:20.500000",
        "speaker_tag": 2,
        "start_time": "0:02:20.500000",
        "word": "would"
    },
    {
        "end_time": "0:02:20.800000",
        "speaker_tag": 2,
        "start_time": "0:02:20.500000",
        "word": "make"
    },
    {
        "end_time": "0:02:22.200000",
        "speaker_tag": 2,
        "start_time": "0:02:20.800000",
        "word": "the"
    },
    {
        "end_time": "0:02:22.700000",
        "speaker_tag": 2,
        "start_time": "0:02:22.200000",
        "word": "following"
    },
    {
        "end_time": "0:02:23.800000",
        "speaker_tag": 2,
        "start_time": "0:02:22.700000",
        "word": "meal"
    },
    {
        "end_time": "0:02:26.100000",
        "speaker_tag": 2,
        "start_time": "0:02:23.800000",
        "word": "step-by-step"
    },
    {
        "end_time": "0:02:27.100000",
        "speaker_tag": 2,
        "start_time": "0:02:26.100000",
        "word": "a"
    },
    {
        "end_time": "0:02:27.300000",
        "speaker_tag": 2,
        "start_time": "0:02:27.100000",
        "word": "cup"
    },
    {
        "end_time": "0:02:27.400000",
        "speaker_tag": 2,
        "start_time": "0:02:27.300000",
        "word": "of"
    },
    {
        "end_time": "0:02:27.700000",
        "speaker_tag": 2,
        "start_time": "0:02:27.400000",
        "word": "coffee"
    },
    {
        "end_time": "0:02:29.400000",
        "speaker_tag": 2,
        "start_time": "0:02:27.700000",
        "word": "scrambled"
    },
    {
        "end_time": "0:02:29.900000",
        "speaker_tag": 2,
        "start_time": "0:02:29.400000",
        "word": "eggs"
    },
    {
        "end_time": "0:02:30.800000",
        "speaker_tag": 2,
        "start_time": "0:02:29.900000",
        "word": "and"
    },
    {
        "end_time": "0:02:30.900000",
        "speaker_tag": 2,
        "start_time": "0:02:30.800000",
        "word": "a"
    },
    {
        "end_time": "0:02:31.200000",
        "speaker_tag": 2,
        "start_time": "0:02:30.900000",
        "word": "bowl"
    },
    {
        "end_time": "0:02:31.200000",
        "speaker_tag": 2,
        "start_time": "0:02:31.200000",
        "word": "of"
    },
    {
        "end_time": "0:02:31.700000",
        "speaker_tag": 2,
        "start_time": "0:02:31.200000",
        "word": "fruit"
    },
    {
        "end_time": "0:02:32.100000",
        "speaker_tag": 2,
        "start_time": "0:02:31.700000",
        "word": "so"
    },
    {
        "end_time": "0:02:32.200000",
        "speaker_tag": 2,
        "start_time": "0:02:32.100000",
        "word": "I"
    },
    {
        "end_time": "0:02:32.300000",
        "speaker_tag": 2,
        "start_time": "0:02:32.200000",
        "word": "want"
    },
    {
        "end_time": "0:02:32.400000",
        "speaker_tag": 2,
        "start_time": "0:02:32.300000",
        "word": "you"
    },
    {
        "end_time": "0:02:32.400000",
        "speaker_tag": 2,
        "start_time": "0:02:32.400000",
        "word": "to"
    },
    {
        "end_time": "0:02:33.200000",
        "speaker_tag": 2,
        "start_time": "0:02:32.400000",
        "word": "explain"
    },
    {
        "end_time": "0:02:33.500000",
        "speaker_tag": 2,
        "start_time": "0:02:33.200000",
        "word": "how"
    },
    {
        "end_time": "0:02:33.600000",
        "speaker_tag": 2,
        "start_time": "0:02:33.500000",
        "word": "you"
    },
    {
        "end_time": "0:02:33.700000",
        "speaker_tag": 2,
        "start_time": "0:02:33.600000",
        "word": "would"
    },
    {
        "end_time": "0:02:33.900000",
        "speaker_tag": 2,
        "start_time": "0:02:33.700000",
        "word": "make"
    },
    {
        "end_time": "0:02:34",
        "speaker_tag": 2,
        "start_time": "0:02:33.900000",
        "word": "those"
    },
    {
        "end_time": "0:02:34.300000",
        "speaker_tag": 2,
        "start_time": "0:02:34",
        "word": "things"
    },
    {
        "end_time": "0:02:35.400000",
        "speaker_tag": 2,
        "start_time": "0:02:34.300000",
        "word": "pretend"
    },
    {
        "end_time": "0:02:35.500000",
        "speaker_tag": 2,
        "start_time": "0:02:35.400000",
        "word": "I"
    },
    {
        "end_time": "0:02:35.900000",
        "speaker_tag": 2,
        "start_time": "0:02:35.500000",
        "word": "don't"
    },
    {
        "end_time": "0:02:36.200000",
        "speaker_tag": 2,
        "start_time": "0:02:35.900000",
        "word": "know"
    },
    {
        "end_time": "0:02:36.300000",
        "speaker_tag": 2,
        "start_time": "0:02:36.200000",
        "word": "how"
    },
    {
        "end_time": "0:02:36.500000",
        "speaker_tag": 2,
        "start_time": "0:02:36.300000",
        "word": "to"
    },
    {
        "end_time": "0:02:36.600000",
        "speaker_tag": 2,
        "start_time": "0:02:36.500000",
        "word": "make"
    },
    {
        "end_time": "0:02:36.800000",
        "speaker_tag": 2,
        "start_time": "0:02:36.600000",
        "word": "the"
    },
    {
        "end_time": "0:02:37.100000",
        "speaker_tag": 2,
        "start_time": "0:02:36.800000",
        "word": "meal"
    },
    {
        "end_time": "0:02:37.600000",
        "speaker_tag": 2,
        "start_time": "0:02:37.100000",
        "word": "and"
    },
    {
        "end_time": "0:02:38",
        "speaker_tag": 2,
        "start_time": "0:02:37.600000",
        "word": "provide"
    },
    {
        "end_time": "0:02:38.600000",
        "speaker_tag": 2,
        "start_time": "0:02:38",
        "word": "details"
    },
    {
        "end_time": "0:02:39.700000",
        "speaker_tag": 2,
        "start_time": "0:02:38.600000",
        "word": "and"
    },
    {
        "end_time": "0:02:39.800000",
        "speaker_tag": 2,
        "start_time": "0:02:39.700000",
        "word": "I'll"
    },
    {
        "end_time": "0:02:40",
        "speaker_tag": 2,
        "start_time": "0:02:39.800000",
        "word": "tell"
    },
    {
        "end_time": "0:02:40.200000",
        "speaker_tag": 2,
        "start_time": "0:02:40",
        "word": "you"
    },
    {
        "end_time": "0:02:40.300000",
        "speaker_tag": 2,
        "start_time": "0:02:40.200000",
        "word": "if"
    },
    {
        "end_time": "0:02:40.900000",
        "speaker_tag": 2,
        "start_time": "0:02:40.300000",
        "word": "it"
    },
    {
        "end_time": "0:02:41.400000",
        "speaker_tag": 2,
        "start_time": "0:02:40.900000",
        "word": "wasn't."
    },
    {
        "end_time": "0:02:42.400000",
        "speaker_tag": 2,
        "start_time": "0:02:41.400000",
        "word": "It's"
    },
    {
        "end_time": "0:02:42.700000",
        "speaker_tag": 2,
        "start_time": "0:02:42.400000",
        "word": "been"
    },
    {
        "end_time": "0:02:42.900000",
        "speaker_tag": 2,
        "start_time": "0:02:42.700000",
        "word": "so"
    },
    {
        "end_time": "0:02:43.100000",
        "speaker_tag": 2,
        "start_time": "0:02:42.900000",
        "word": "long"
    },
    {
        "end_time": "0:02:43.400000",
        "speaker_tag": 2,
        "start_time": "0:02:43.100000",
        "word": "since"
    },
    {
        "end_time": "0:02:43.700000",
        "speaker_tag": 2,
        "start_time": "0:02:43.400000",
        "word": "I"
    },
    {
        "end_time": "0:02:46.300000",
        "speaker_tag": 2,
        "start_time": "0:02:43.700000",
        "word": "don't"
    },
    {
        "end_time": "0:02:46.500000",
        "speaker_tag": 2,
        "start_time": "0:02:46.300000",
        "word": "even"
    },
    {
        "end_time": "0:02:46.600000",
        "speaker_tag": 2,
        "start_time": "0:02:46.500000",
        "word": "have"
    },
    {
        "end_time": "0:02:46.800000",
        "speaker_tag": 2,
        "start_time": "0:02:46.600000",
        "word": "any"
    },
    {
        "end_time": "0:02:48.400000",
        "speaker_tag": 2,
        "start_time": "0:02:46.800000",
        "word": "anymore"
    },
    {
        "end_time": "0:02:52.100000",
        "speaker_tag": 2,
        "start_time": "0:02:51.100000",
        "word": "play"
    },
    {
        "end_time": "0:02:52.500000",
        "speaker_tag": 2,
        "start_time": "0:02:52.100000",
        "word": "move"
    },
    {
        "end_time": "0:02:52.700000",
        "speaker_tag": 2,
        "start_time": "0:02:52.500000",
        "word": "to"
    },
    {
        "end_time": "0:02:53",
        "speaker_tag": 2,
        "start_time": "0:02:52.700000",
        "word": "Santa"
    },
    {
        "end_time": "0:02:53.400000",
        "speaker_tag": 2,
        "start_time": "0:02:53",
        "word": "Barbara"
    },
    {
        "end_time": "0:02:54",
        "speaker_tag": 2,
        "start_time": "0:02:53.400000",
        "word": "Apartments"
    },
    {
        "end_time": "0:02:54.700000",
        "speaker_tag": 2,
        "start_time": "0:02:54",
        "word": "Indianapolis"
    },
    {
        "end_time": "0:02:55.200000",
        "speaker_tag": 2,
        "start_time": "0:02:54.700000",
        "word": "tell"
    },
    {
        "end_time": "0:02:55.400000",
        "speaker_tag": 2,
        "start_time": "0:02:55.200000",
        "word": "me"
    },
    {
        "end_time": "0:02:55.500000",
        "speaker_tag": 2,
        "start_time": "0:02:55.400000",
        "word": "what"
    },
    {
        "end_time": "0:02:56.200000",
        "speaker_tag": 2,
        "start_time": "0:02:55.500000",
        "word": "a"
    },
    {
        "end_time": "0:02:56.800000",
        "speaker_tag": 2,
        "start_time": "0:02:56.200000",
        "word": "stroke"
    },
    {
        "end_time": "0:02:57.100000",
        "speaker_tag": 2,
        "start_time": "0:02:56.800000",
        "word": "and"
    },
    {
        "end_time": "0:02:58.800000",
        "speaker_tag": 2,
        "start_time": "0:02:57.100000",
        "word": "was"
    },
    {
        "end_time": "0:02:59.100000",
        "speaker_tag": 2,
        "start_time": "0:02:58.800000",
        "word": "in"
    },
    {
        "end_time": "0:02:59.500000",
        "speaker_tag": 2,
        "start_time": "0:02:59.100000",
        "word": "rehab"
    },
    {
        "end_time": "0:03:00.500000",
        "speaker_tag": 2,
        "start_time": "0:02:59.500000",
        "word": "so"
    },
    {
        "end_time": "0:03:00.700000",
        "speaker_tag": 2,
        "start_time": "0:03:00.500000",
        "word": "they"
    },
    {
        "end_time": "0:03:01",
        "speaker_tag": 2,
        "start_time": "0:03:00.700000",
        "word": "moved"
    },
    {
        "end_time": "0:03:01.500000",
        "speaker_tag": 2,
        "start_time": "0:03:01",
        "word": "her"
    },
    {
        "end_time": "0:03:01.700000",
        "speaker_tag": 2,
        "start_time": "0:03:01.500000",
        "word": "stuff"
    },
    {
        "end_time": "0:03:02.700000",
        "speaker_tag": 2,
        "start_time": "0:03:01.700000",
        "word": "and"
    },
    {
        "end_time": "0:03:04.400000",
        "speaker_tag": 2,
        "start_time": "0:03:02.700000",
        "word": "make"
    },
    {
        "end_time": "0:03:04.600000",
        "speaker_tag": 2,
        "start_time": "0:03:04.400000",
        "word": "it"
    },
    {
        "end_time": "0:03:04.800000",
        "speaker_tag": 2,
        "start_time": "0:03:04.600000",
        "word": "white"
    },
    {
        "end_time": "0:03:05.100000",
        "speaker_tag": 2,
        "start_time": "0:03:04.800000",
        "word": "with"
    },
    {
        "end_time": "0:03:05.500000",
        "speaker_tag": 2,
        "start_time": "0:03:05.100000",
        "word": "stuff"
    },
    {
        "end_time": "0:03:05.600000",
        "speaker_tag": 2,
        "start_time": "0:03:05.500000",
        "word": "that"
    },
    {
        "end_time": "0:03:07.700000",
        "speaker_tag": 2,
        "start_time": "0:03:05.600000",
        "word": "but"
    },
    {
        "end_time": "0:03:08.500000",
        "speaker_tag": 2,
        "start_time": "0:03:07.700000",
        "word": "okay"
    },
    {
        "end_time": "0:03:12.600000",
        "speaker_tag": 2,
        "start_time": "0:03:12.200000",
        "word": "you"
    },
    {
        "end_time": "0:03:12.800000",
        "speaker_tag": 2,
        "start_time": "0:03:12.600000",
        "word": "may"
    },
    {
        "end_time": "0:03:12.900000",
        "speaker_tag": 2,
        "start_time": "0:03:12.800000",
        "word": "not"
    },
    {
        "end_time": "0:03:14",
        "speaker_tag": 2,
        "start_time": "0:03:12.900000",
        "word": "take"
    },
    {
        "end_time": "0:03:15.100000",
        "speaker_tag": 2,
        "start_time": "0:03:14",
        "word": "the"
    },
    {
        "end_time": "0:03:15.500000",
        "speaker_tag": 2,
        "start_time": "0:03:15.100000",
        "word": "eggs"
    },
    {
        "end_time": "0:03:16.300000",
        "speaker_tag": 2,
        "start_time": "0:03:15.500000",
        "word": "yeah"
    },
    {
        "end_time": "0:03:16.600000",
        "speaker_tag": 2,
        "start_time": "0:03:16.300000",
        "word": "tell"
    },
    {
        "end_time": "0:03:16.700000",
        "speaker_tag": 2,
        "start_time": "0:03:16.600000",
        "word": "me"
    },
    {
        "end_time": "0:03:17.100000",
        "speaker_tag": 2,
        "start_time": "0:03:16.700000",
        "word": "the"
    },
    {
        "end_time": "0:03:17.600000",
        "speaker_tag": 2,
        "start_time": "0:03:17.100000",
        "word": "step"
    },
    {
        "end_time": "0:03:17.700000",
        "speaker_tag": 2,
        "start_time": "0:03:17.600000",
        "word": "by"
    },
    {
        "end_time": "0:03:17.800000",
        "speaker_tag": 2,
        "start_time": "0:03:17.700000",
        "word": "step"
    },
    {
        "end_time": "0:03:18",
        "speaker_tag": 2,
        "start_time": "0:03:17.800000",
        "word": "how"
    },
    {
        "end_time": "0:03:18.200000",
        "speaker_tag": 2,
        "start_time": "0:03:18",
        "word": "you"
    },
    {
        "end_time": "0:03:18.500000",
        "speaker_tag": 2,
        "start_time": "0:03:18.200000",
        "word": "make"
    },
    {
        "end_time": "0:03:18.700000",
        "speaker_tag": 2,
        "start_time": "0:03:18.500000",
        "word": "you"
    },
    {
        "end_time": "0:03:18.700000",
        "speaker_tag": 2,
        "start_time": "0:03:18.700000",
        "word": "a"
    },
    {
        "end_time": "0:03:19",
        "speaker_tag": 2,
        "start_time": "0:03:18.700000",
        "word": "cup"
    },
    {
        "end_time": "0:03:19",
        "speaker_tag": 2,
        "start_time": "0:03:19",
        "word": "of"
    },
    {
        "end_time": "0:03:19.100000",
        "speaker_tag": 2,
        "start_time": "0:03:19",
        "word": "coffee"
    },
    {
        "end_time": "0:03:19.900000",
        "speaker_tag": 2,
        "start_time": "0:03:19.100000",
        "word": "scrambled"
    },
    {
        "end_time": "0:03:20.200000",
        "speaker_tag": 2,
        "start_time": "0:03:19.900000",
        "word": "eggs"
    },
    {
        "end_time": "0:03:20.300000",
        "speaker_tag": 2,
        "start_time": "0:03:20.200000",
        "word": "and"
    },
    {
        "end_time": "0:03:20.500000",
        "speaker_tag": 2,
        "start_time": "0:03:20.300000",
        "word": "fruit"
    },
    {
        "end_time": "0:03:25.700000",
        "speaker_tag": 1,
        "start_time": "0:03:24.900000",
        "word": "see"
    },
    {
        "end_time": "0:03:25.900000",
        "speaker_tag": 1,
        "start_time": "0:03:25.700000",
        "word": "how"
    },
    {
        "end_time": "0:03:26.100000",
        "speaker_tag": 1,
        "start_time": "0:03:25.900000",
        "word": "is"
    },
    {
        "end_time": "0:03:26.300000",
        "speaker_tag": 1,
        "start_time": "0:03:26.100000",
        "word": "our"
    },
    {
        "end_time": "0:03:26.700000",
        "speaker_tag": 2,
        "start_time": "0:03:26.300000",
        "word": "favorite"
    },
    {
        "end_time": "0:03:28",
        "speaker_tag": 2,
        "start_time": "0:03:26.700000",
        "word": "we"
    },
    {
        "end_time": "0:03:28.400000",
        "speaker_tag": 2,
        "start_time": "0:03:28",
        "word": "used"
    },
    {
        "end_time": "0:03:28.500000",
        "speaker_tag": 2,
        "start_time": "0:03:28.400000",
        "word": "to"
    },
    {
        "end_time": "0:03:28.700000",
        "speaker_tag": 2,
        "start_time": "0:03:28.500000",
        "word": "make"
    },
    {
        "end_time": "0:03:29.100000",
        "speaker_tag": 2,
        "start_time": "0:03:28.700000",
        "word": "what"
    },
    {
        "end_time": "0:03:29.200000",
        "speaker_tag": 2,
        "start_time": "0:03:29.100000",
        "word": "we"
    },
    {
        "end_time": "0:03:29.800000",
        "speaker_tag": 2,
        "start_time": "0:03:29.200000",
        "word": "called"
    },
    {
        "end_time": "0:03:30.300000",
        "speaker_tag": 2,
        "start_time": "0:03:29.800000",
        "word": "I"
    },
    {
        "end_time": "0:03:30.500000",
        "speaker_tag": 2,
        "start_time": "0:03:30.300000",
        "word": "don't"
    },
    {
        "end_time": "0:03:30.600000",
        "speaker_tag": 2,
        "start_time": "0:03:30.500000",
        "word": "remember"
    },
    {
        "end_time": "0:03:30.900000",
        "speaker_tag": 2,
        "start_time": "0:03:30.600000",
        "word": "now"
    },
    {
        "end_time": "0:03:31.100000",
        "speaker_tag": 2,
        "start_time": "0:03:30.900000",
        "word": "what"
    },
    {
        "end_time": "0:03:31.200000",
        "speaker_tag": 2,
        "start_time": "0:03:31.100000",
        "word": "we"
    },
    {
        "end_time": "0:03:31.500000",
        "speaker_tag": 2,
        "start_time": "0:03:31.200000",
        "word": "got"
    },
    {
        "end_time": "0:03:31.500000",
        "speaker_tag": 2,
        "start_time": "0:03:31.500000",
        "word": "to"
    },
    {
        "end_time": "0:03:31.600000",
        "speaker_tag": 2,
        "start_time": "0:03:31.500000",
        "word": "go"
    },
    {
        "end_time": "0:03:32.300000",
        "speaker_tag": 2,
        "start_time": "0:03:31.600000",
        "word": "take"
    },
    {
        "end_time": "0:03:32.400000",
        "speaker_tag": 2,
        "start_time": "0:03:32.300000",
        "word": "a"
    },
    {
        "end_time": "0:03:32.700000",
        "speaker_tag": 2,
        "start_time": "0:03:32.400000",
        "word": "piece"
    },
    {
        "end_time": "0:03:32.700000",
        "speaker_tag": 2,
        "start_time": "0:03:32.700000",
        "word": "of"
    },
    {
        "end_time": "0:03:32.900000",
        "speaker_tag": 2,
        "start_time": "0:03:32.700000",
        "word": "bread"
    },
    {
        "end_time": "0:03:33.900000",
        "speaker_tag": 2,
        "start_time": "0:03:32.900000",
        "word": "and"
    },
    {
        "end_time": "0:03:34.200000",
        "speaker_tag": 2,
        "start_time": "0:03:33.900000",
        "word": "mash"
    },
    {
        "end_time": "0:03:34.300000",
        "speaker_tag": 2,
        "start_time": "0:03:34.200000",
        "word": "it"
    },
    {
        "end_time": "0:03:34.600000",
        "speaker_tag": 2,
        "start_time": "0:03:34.300000",
        "word": "in"
    },
    {
        "end_time": "0:03:35.700000",
        "speaker_tag": 2,
        "start_time": "0:03:34.600000",
        "word": "and"
    },
    {
        "end_time": "0:03:36.300000",
        "speaker_tag": 2,
        "start_time": "0:03:35.700000",
        "word": "break"
    },
    {
        "end_time": "0:03:36.500000",
        "speaker_tag": 2,
        "start_time": "0:03:36.300000",
        "word": "an"
    },
    {
        "end_time": "0:03:36.800000",
        "speaker_tag": 2,
        "start_time": "0:03:36.500000",
        "word": "egg"
    },
    {
        "end_time": "0:03:38",
        "speaker_tag": 2,
        "start_time": "0:03:36.800000",
        "word": "and"
    },
    {
        "end_time": "0:03:38.100000",
        "speaker_tag": 2,
        "start_time": "0:03:38",
        "word": "put"
    },
    {
        "end_time": "0:03:38.300000",
        "speaker_tag": 2,
        "start_time": "0:03:38.100000",
        "word": "it"
    },
    {
        "end_time": "0:03:38.500000",
        "speaker_tag": 2,
        "start_time": "0:03:38.300000",
        "word": "in"
    },
    {
        "end_time": "0:03:38.600000",
        "speaker_tag": 2,
        "start_time": "0:03:38.500000",
        "word": "the"
    },
    {
        "end_time": "0:03:38.900000",
        "speaker_tag": 2,
        "start_time": "0:03:38.600000",
        "word": "oven"
    },
    {
        "end_time": "0:03:40.200000",
        "speaker_tag": 2,
        "start_time": "0:03:38.900000",
        "word": "and"
    },
    {
        "end_time": "0:03:40.600000",
        "speaker_tag": 2,
        "start_time": "0:03:40.200000",
        "word": "we"
    },
    {
        "end_time": "0:03:41.100000",
        "speaker_tag": 2,
        "start_time": "0:03:40.600000",
        "word": "loved"
    },
    {
        "end_time": "0:03:41.400000",
        "speaker_tag": 2,
        "start_time": "0:03:41.100000",
        "word": "it"
    },
    {
        "end_time": "0:03:41.500000",
        "speaker_tag": 2,
        "start_time": "0:03:41.400000",
        "word": "that"
    },
    {
        "end_time": "0:03:41.800000",
        "speaker_tag": 2,
        "start_time": "0:03:41.500000",
        "word": "way"
    },
    {
        "end_time": "0:03:46.500000",
        "speaker_tag": 2,
        "start_time": "0:03:45.400000",
        "word": "that"
    },
    {
        "end_time": "0:03:46.800000",
        "speaker_tag": 2,
        "start_time": "0:03:46.500000",
        "word": "was"
    },
    {
        "end_time": "0:03:48.200000",
        "speaker_tag": 2,
        "start_time": "0:03:46.800000",
        "word": "the"
    },
    {
        "end_time": "0:03:48.400000",
        "speaker_tag": 2,
        "start_time": "0:03:48.200000",
        "word": "other"
    },
    {
        "end_time": "0:03:49.300000",
        "speaker_tag": 2,
        "start_time": "0:03:48.400000",
        "word": "display"
    },
    {
        "end_time": "0:03:50.600000",
        "speaker_tag": 2,
        "start_time": "0:03:49.300000",
        "word": "everybody"
    },
    {
        "end_time": "0:03:50.800000",
        "speaker_tag": 2,
        "start_time": "0:03:50.600000",
        "word": "else"
    },
    {
        "end_time": "0:03:51.200000",
        "speaker_tag": 2,
        "start_time": "0:03:50.800000",
        "word": "does"
    },
    {
        "end_time": "0:03:59.100000",
        "speaker_tag": 2,
        "start_time": "0:03:58.100000",
        "word": "so"
    },
    {
        "end_time": "0:03:59.400000",
        "speaker_tag": 2,
        "start_time": "0:03:59.100000",
        "word": "it's"
    },
    {
        "end_time": "0:03:59.800000",
        "speaker_tag": 2,
        "start_time": "0:03:59.400000",
        "word": "flat"
    },
    {
        "end_time": "0:04:00",
        "speaker_tag": 2,
        "start_time": "0:03:59.800000",
        "word": "right"
    },
    {
        "end_time": "0:04:00.400000",
        "speaker_tag": 2,
        "start_time": "0:04:00",
        "word": "there"
    },
    {
        "end_time": "0:04:01.700000",
        "speaker_tag": 2,
        "start_time": "0:04:00.400000",
        "word": "and"
    },
    {
        "end_time": "0:04:02.200000",
        "speaker_tag": 2,
        "start_time": "0:04:01.700000",
        "word": "breaks"
    },
    {
        "end_time": "0:04:02.600000",
        "speaker_tag": 2,
        "start_time": "0:04:02.200000",
        "word": "egg"
    },
    {
        "end_time": "0:04:02.800000",
        "speaker_tag": 1,
        "start_time": "0:04:02.600000",
        "word": "in"
    },
    {
        "end_time": "0:04:03",
        "speaker_tag": 1,
        "start_time": "0:04:02.800000",
        "word": "it"
    },
    {
        "end_time": "0:04:04.400000",
        "speaker_tag": 1,
        "start_time": "0:04:03.900000",
        "word": "and"
    },
    {
        "end_time": "0:04:04.600000",
        "speaker_tag": 1,
        "start_time": "0:04:04.400000",
        "word": "I"
    },
    {
        "end_time": "0:04:05.100000",
        "speaker_tag": 2,
        "start_time": "0:04:04.600000",
        "word": "put"
    },
    {
        "end_time": "0:04:05.300000",
        "speaker_tag": 2,
        "start_time": "0:04:05.100000",
        "word": "some"
    },
    {
        "end_time": "0:04:05.600000",
        "speaker_tag": 2,
        "start_time": "0:04:05.300000",
        "word": "salt"
    },
    {
        "end_time": "0:04:05.700000",
        "speaker_tag": 2,
        "start_time": "0:04:05.600000",
        "word": "and"
    },
    {
        "end_time": "0:04:06",
        "speaker_tag": 2,
        "start_time": "0:04:05.700000",
        "word": "pepper."
    },
    {
        "end_time": "0:04:06.100000",
        "speaker_tag": 2,
        "start_time": "0:04:06",
        "word": "I"
    },
    {
        "end_time": "0:04:06.400000",
        "speaker_tag": 2,
        "start_time": "0:04:06.100000",
        "word": "think"
    },
    {
        "end_time": "0:04:06.500000",
        "speaker_tag": 2,
        "start_time": "0:04:06.400000",
        "word": "we"
    },
    {
        "end_time": "0:04:06.700000",
        "speaker_tag": 2,
        "start_time": "0:04:06.500000",
        "word": "put"
    },
    {
        "end_time": "0:04:06.800000",
        "speaker_tag": 2,
        "start_time": "0:04:06.700000",
        "word": "a"
    },
    {
        "end_time": "0:04:07.800000",
        "speaker_tag": 2,
        "start_time": "0:04:06.800000",
        "word": "little"
    },
    {
        "end_time": "0:04:08.100000",
        "speaker_tag": 2,
        "start_time": "0:04:07.800000",
        "word": "butter"
    },
    {
        "end_time": "0:04:08.600000",
        "speaker_tag": 2,
        "start_time": "0:04:08.100000",
        "word": "on"
    },
    {
        "end_time": "0:04:08.800000",
        "speaker_tag": 2,
        "start_time": "0:04:08.600000",
        "word": "it"
    },
    {
        "end_time": "0:04:09",
        "speaker_tag": 2,
        "start_time": "0:04:08.800000",
        "word": "so"
    },
    {
        "end_time": "0:04:09.200000",
        "speaker_tag": 2,
        "start_time": "0:04:09",
        "word": "it"
    },
    {
        "end_time": "0:04:13.600000",
        "speaker_tag": 1,
        "start_time": "0:04:11.900000",
        "word": "that"
    },
    {
        "end_time": "0:04:13.800000",
        "speaker_tag": 1,
        "start_time": "0:04:13.600000",
        "word": "was"
    },
    {
        "end_time": "0:04:14.700000",
        "speaker_tag": 1,
        "start_time": "0:04:13.800000",
        "word": "that"
    },
    {
        "end_time": "0:04:14.800000",
        "speaker_tag": 1,
        "start_time": "0:04:14.700000",
        "word": "was"
    },
    {
        "end_time": "0:04:15.100000",
        "speaker_tag": 1,
        "start_time": "0:04:14.800000",
        "word": "our"
    },
    {
        "end_time": "0:04:15.800000",
        "speaker_tag": 1,
        "start_time": "0:04:15.100000",
        "word": "favorite"
    },
    {
        "end_time": "0:04:20.700000",
        "speaker_tag": 2,
        "start_time": "0:04:15.800000",
        "word": "we"
    },
    {
        "end_time": "0:04:21",
        "speaker_tag": 2,
        "start_time": "0:04:20.700000",
        "word": "never"
    },
    {
        "end_time": "0:04:21.100000",
        "speaker_tag": 2,
        "start_time": "0:04:21",
        "word": "have"
    },
    {
        "end_time": "0:04:21.300000",
        "speaker_tag": 2,
        "start_time": "0:04:21.100000",
        "word": "been"
    },
    {
        "end_time": "0:04:27.100000",
        "speaker_tag": 2,
        "start_time": "0:04:21.300000",
        "word": "if"
    },
    {
        "end_time": "0:04:28.300000",
        "speaker_tag": 2,
        "start_time": "0:04:27.100000",
        "word": "we"
    },
    {
        "end_time": "0:04:28.400000",
        "speaker_tag": 2,
        "start_time": "0:04:28.300000",
        "word": "had"
    },
    {
        "end_time": "0:04:29.400000",
        "speaker_tag": 2,
        "start_time": "0:04:28.400000",
        "word": "everybody"
    },
    {
        "end_time": "0:04:29.900000",
        "speaker_tag": 2,
        "start_time": "0:04:29.400000",
        "word": "over"
    },
    {
        "end_time": "0:04:30.100000",
        "speaker_tag": 2,
        "start_time": "0:04:29.900000",
        "word": "all"
    },
    {
        "end_time": "0:04:30.300000",
        "speaker_tag": 2,
        "start_time": "0:04:30.100000",
        "word": "her"
    },
    {
        "end_time": "0:04:30.600000",
        "speaker_tag": 2,
        "start_time": "0:04:30.300000",
        "word": "kids"
    },
    {
        "end_time": "0:04:30.900000",
        "speaker_tag": 2,
        "start_time": "0:04:30.600000",
        "word": "over"
    },
    {
        "end_time": "0:04:32.900000",
        "speaker_tag": 2,
        "start_time": "0:04:31.600000",
        "word": "breakfast"
    },
    {
        "end_time": "0:04:34.800000",
        "speaker_tag": 2,
        "start_time": "0:04:32.900000",
        "word": "grits"
    },
    {
        "end_time": "0:04:36.400000",
        "speaker_tag": 1,
        "start_time": "0:04:36",
        "word": "so"
    },
    {
        "end_time": "0:04:37.300000",
        "speaker_tag": 1,
        "start_time": "0:04:36.400000",
        "word": "tell"
    },
    {
        "end_time": "0:04:37.300000",
        "speaker_tag": 1,
        "start_time": "0:04:37.300000",
        "word": "me"
    },
    {
        "end_time": "0:04:37.600000",
        "speaker_tag": 1,
        "start_time": "0:04:37.300000",
        "word": "how"
    },
    {
        "end_time": "0:04:37.700000",
        "speaker_tag": 1,
        "start_time": "0:04:37.600000",
        "word": "that"
    },
    {
        "end_time": "0:04:38",
        "speaker_tag": 2,
        "start_time": "0:04:37.700000",
        "word": "we"
    },
    {
        "end_time": "0:04:38.100000",
        "speaker_tag": 2,
        "start_time": "0:04:38",
        "word": "have"
    },
    {
        "end_time": "0:04:38.200000",
        "speaker_tag": 2,
        "start_time": "0:04:38.100000",
        "word": "a"
    },
    {
        "end_time": "0:04:38.600000",
        "speaker_tag": 2,
        "start_time": "0:04:38.200000",
        "word": "great"
    },
    {
        "end_time": "0:04:38.800000",
        "speaker_tag": 2,
        "start_time": "0:04:38.600000",
        "word": "big"
    },
    {
        "end_time": "0:04:38.900000",
        "speaker_tag": 2,
        "start_time": "0:04:38.800000",
        "word": "old"
    },
    {
        "end_time": "0:04:39.200000",
        "speaker_tag": 2,
        "start_time": "0:04:38.900000",
        "word": "pot"
    },
    {
        "end_time": "0:04:39.400000",
        "speaker_tag": 2,
        "start_time": "0:04:39.200000",
        "word": "this"
    },
    {
        "end_time": "0:04:39.800000",
        "speaker_tag": 2,
        "start_time": "0:04:39.400000",
        "word": "week"
    },
    {
        "end_time": "0:04:41.100000",
        "speaker_tag": 2,
        "start_time": "0:04:39.800000",
        "word": "and"
    },
    {
        "end_time": "0:04:41.300000",
        "speaker_tag": 2,
        "start_time": "0:04:41.100000",
        "word": "he"
    },
    {
        "end_time": "0:04:41.600000",
        "speaker_tag": 2,
        "start_time": "0:04:41.300000",
        "word": "made"
    },
    {
        "end_time": "0:04:42.200000",
        "speaker_tag": 2,
        "start_time": "0:04:41.600000",
        "word": "that."
    },
    {
        "end_time": "0:04:49.700000",
        "speaker_tag": 2,
        "start_time": "0:04:42.200000",
        "word": "With"
    },
    {
        "end_time": "0:04:49.900000",
        "speaker_tag": 2,
        "start_time": "0:04:49.700000",
        "word": "Gummy"
    },
    {
        "end_time": "0:04:50.400000",
        "speaker_tag": 2,
        "start_time": "0:04:49.900000",
        "word": "again"
    },
    {
        "end_time": "0:04:50.600000",
        "speaker_tag": 2,
        "start_time": "0:04:50.400000",
        "word": "have"
    },
    {
        "end_time": "0:04:50.700000",
        "speaker_tag": 2,
        "start_time": "0:04:50.600000",
        "word": "to"
    },
    {
        "end_time": "0:04:50.900000",
        "speaker_tag": 2,
        "start_time": "0:04:50.700000",
        "word": "make"
    },
    {
        "end_time": "0:04:51.300000",
        "speaker_tag": 2,
        "start_time": "0:04:50.900000",
        "word": "another"
    },
    {
        "end_time": "0:04:51.800000",
        "speaker_tag": 2,
        "start_time": "0:04:51.300000",
        "word": "pot"
    },
    {
        "end_time": "0:04:54.400000",
        "speaker_tag": 2,
        "start_time": "0:04:52.600000",
        "word": "they"
    },
    {
        "end_time": "0:04:54.700000",
        "speaker_tag": 2,
        "start_time": "0:04:54.400000",
        "word": "call"
    },
    {
        "end_time": "0:04:54.800000",
        "speaker_tag": 2,
        "start_time": "0:04:54.700000",
        "word": "him"
    },
    {
        "end_time": "0:04:55.200000",
        "speaker_tag": 2,
        "start_time": "0:04:54.800000",
        "word": "daddy"
    },
    {
        "end_time": "0:04:55.300000",
        "speaker_tag": 2,
        "start_time": "0:04:55.200000",
        "word": "Oh"
    },
    {
        "end_time": "0:05:00.600000",
        "speaker_tag": 2,
        "start_time": "0:04:55.300000",
        "word": "Daddy"
    },
    {
        "end_time": "0:05:01",
        "speaker_tag": 2,
        "start_time": "0:05:00.600000",
        "word": "or"
    },
    {
        "end_time": "0:05:01.400000",
        "speaker_tag": 2,
        "start_time": "0:05:01",
        "word": "breakfast"
    },
    {
        "end_time": "0:05:04.700000",
        "speaker_tag": 2,
        "start_time": "0:05:04.200000",
        "word": "that"
    },
    {
        "end_time": "0:05:04.900000",
        "speaker_tag": 2,
        "start_time": "0:05:04.700000",
        "word": "was"
    },
    {
        "end_time": "0:05:05.300000",
        "speaker_tag": 2,
        "start_time": "0:05:04.900000",
        "word": "that"
    },
    {
        "end_time": "0:05:05.500000",
        "speaker_tag": 2,
        "start_time": "0:05:05.300000",
        "word": "was"
    },
    {
        "end_time": "0:05:05.800000",
        "speaker_tag": 2,
        "start_time": "0:05:05.500000",
        "word": "our"
    },
    {
        "end_time": "0:05:06.500000",
        "speaker_tag": 2,
        "start_time": "0:05:05.800000",
        "word": "breakfast"
    },
    {
        "end_time": "0:05:10.400000",
        "speaker_tag": 2,
        "start_time": "0:05:09.900000",
        "word": "then"
    },
    {
        "end_time": "0:05:10.600000",
        "speaker_tag": 2,
        "start_time": "0:05:10.400000",
        "word": "we"
    },
    {
        "end_time": "0:05:10.800000",
        "speaker_tag": 2,
        "start_time": "0:05:10.600000",
        "word": "got"
    },
    {
        "end_time": "0:05:11.300000",
        "speaker_tag": 2,
        "start_time": "0:05:10.800000",
        "word": "lazy"
    },
    {
        "end_time": "0:05:11.400000",
        "speaker_tag": 2,
        "start_time": "0:05:11.300000",
        "word": "and"
    },
    {
        "end_time": "0:05:12",
        "speaker_tag": 2,
        "start_time": "0:05:11.400000",
        "word": "started"
    },
    {
        "end_time": "0:05:12.100000",
        "speaker_tag": 2,
        "start_time": "0:05:12",
        "word": "having"
    },
    {
        "end_time": "0:05:12.600000",
        "speaker_tag": 2,
        "start_time": "0:05:12.100000",
        "word": "waffles"
    },
    {
        "end_time": "0:05:16.300000",
        "speaker_tag": 2,
        "start_time": "0:05:12.600000",
        "word": "even"
    },
    {
        "end_time": "0:05:17.200000",
        "speaker_tag": 2,
        "start_time": "0:05:16.300000",
        "word": "lazier"
    },
    {
        "end_time": "0:05:20.100000",
        "speaker_tag": 2,
        "start_time": "0:05:17.200000",
        "word": "boxed"
    },
    {
        "end_time": "0:05:28.400000",
        "speaker_tag": 2,
        "start_time": "0:05:25.200000",
        "word": "breakfast"
    },
    {
        "end_time": "0:05:28.700000",
        "speaker_tag": 2,
        "start_time": "0:05:28.400000",
        "word": "was"
    },
    {
        "end_time": "0:05:29.400000",
        "speaker_tag": 2,
        "start_time": "0:05:28.700000",
        "word": "important"
    },
    {
        "end_time": "0:05:29.400000",
        "speaker_tag": 2,
        "start_time": "0:05:29.400000",
        "word": "to"
    },
    {
        "end_time": "0:05:29.700000",
        "speaker_tag": 2,
        "start_time": "0:05:29.400000",
        "word": "us"
    },
    {
        "end_time": "0:05:28.400000",
        "speaker_tag": 2,
        "start_time": "0:05:25.200000",
        "word": "breakfast"
    },
    {
        "end_time": "0:05:28.700000",
        "speaker_tag": 2,
        "start_time": "0:05:28.400000",
        "word": "was"
    },
    {
        "end_time": "0:05:29.400000",
        "speaker_tag": 2,
        "start_time": "0:05:28.700000",
        "word": "important"
    },
    {
        "end_time": "0:05:29.400000",
        "speaker_tag": 2,
        "start_time": "0:05:29.400000",
        "word": "to"
    },
    {
        "end_time": "0:05:29.700000",
        "speaker_tag": 2,
        "start_time": "0:05:29.400000",
        "word": "us"
    }
]