[
    {
        "end_time": "0:00:01.700000",
        "speaker_tag": 1,
        "start_time": "0:00:00.500000",
        "word": "so"
    },
    {
        "end_time": "0:00:02.700000",
        "speaker_tag": 1,
        "start_time": "0:00:01.700000",
        "word": "I"
    },
    {
        "end_time": "0:00:03.100000",
        "speaker_tag": 1,
        "start_time": "0:00:02.700000",
        "word": "want"
    },
    {
        "end_time": "0:00:03.300000",
        "speaker_tag": 1,
        "start_time": "0:00:03.100000",
        "word": "you"
    },
    {
        "end_time": "0:00:03.400000",
        "speaker_tag": 1,
        "start_time": "0:00:03.300000",
        "word": "to"
    },
    {
        "end_time": "0:00:03.800000",
        "speaker_tag": 1,
        "start_time": "0:00:03.400000",
        "word": "tell"
    },
    {
        "end_time": "0:00:03.800000",
        "speaker_tag": 1,
        "start_time": "0:00:03.800000",
        "word": "me"
    },
    {
        "end_time": "0:00:04",
        "speaker_tag": 1,
        "start_time": "0:00:03.800000",
        "word": "about"
    },
    {
        "end_time": "0:00:04.200000",
        "speaker_tag": 1,
        "start_time": "0:00:04",
        "word": "a"
    },
    {
        "end_time": "0:00:04.700000",
        "speaker_tag": 1,
        "start_time": "0:00:04.200000",
        "word": "trip"
    },
    {
        "end_time": "0:00:04.900000",
        "speaker_tag": 1,
        "start_time": "0:00:04.700000",
        "word": "or"
    },
    {
        "end_time": "0:00:05",
        "speaker_tag": 1,
        "start_time": "0:00:04.900000",
        "word": "vacation"
    },
    {
        "end_time": "0:00:05.500000",
        "speaker_tag": 1,
        "start_time": "0:00:05",
        "word": "that"
    },
    {
        "end_time": "0:00:05.700000",
        "speaker_tag": 1,
        "start_time": "0:00:05.500000",
        "word": "you"
    },
    {
        "end_time": "0:00:05.800000",
        "speaker_tag": 1,
        "start_time": "0:00:05.700000",
        "word": "have"
    },
    {
        "end_time": "0:00:06",
        "speaker_tag": 1,
        "start_time": "0:00:05.800000",
        "word": "taken"
    },
    {
        "end_time": "0:00:06.900000",
        "speaker_tag": 1,
        "start_time": "0:00:06",
        "word": "you"
    },
    {
        "end_time": "0:00:07",
        "speaker_tag": 1,
        "start_time": "0:00:06.900000",
        "word": "can"
    },
    {
        "end_time": "0:00:07.300000",
        "speaker_tag": 1,
        "start_time": "0:00:07",
        "word": "provide"
    },
    {
        "end_time": "0:00:07.400000",
        "speaker_tag": 1,
        "start_time": "0:00:07.300000",
        "word": "as"
    },
    {
        "end_time": "0:00:07.800000",
        "speaker_tag": 1,
        "start_time": "0:00:07.400000",
        "word": "many"
    },
    {
        "end_time": "0:00:08",
        "speaker_tag": 1,
        "start_time": "0:00:07.800000",
        "word": "details"
    },
    {
        "end_time": "0:00:08.200000",
        "speaker_tag": 1,
        "start_time": "0:00:08",
        "word": "as"
    },
    {
        "end_time": "0:00:09.100000",
        "speaker_tag": 1,
        "start_time": "0:00:08.200000",
        "word": "necessary"
    },
    {
        "end_time": "0:00:09.300000",
        "speaker_tag": 1,
        "start_time": "0:00:09.100000",
        "word": "and"
    },
    {
        "end_time": "0:00:09.400000",
        "speaker_tag": 1,
        "start_time": "0:00:09.300000",
        "word": "I'll"
    },
    {
        "end_time": "0:00:09.600000",
        "speaker_tag": 1,
        "start_time": "0:00:09.400000",
        "word": "tell"
    },
    {
        "end_time": "0:00:09.800000",
        "speaker_tag": 1,
        "start_time": "0:00:09.600000",
        "word": "you"
    },
    {
        "end_time": "0:00:09.900000",
        "speaker_tag": 1,
        "start_time": "0:00:09.800000",
        "word": "when"
    },
    {
        "end_time": "0:00:10.300000",
        "speaker_tag": 1,
        "start_time": "0:00:09.900000",
        "word": "stop"
    },
    {
        "end_time": "0:00:10.900000",
        "speaker_tag": 1,
        "start_time": "0:00:10.300000",
        "word": "are"
    },
    {
        "end_time": "0:00:11",
        "speaker_tag": 1,
        "start_time": "0:00:10.900000",
        "word": "you"
    },
    {
        "end_time": "0:00:11.300000",
        "speaker_tag": 1,
        "start_time": "0:00:11",
        "word": "ready"
    },
    {
        "end_time": "0:00:12.400000",
        "speaker_tag": 1,
        "start_time": "0:00:11.300000",
        "word": "just"
    },
    {
        "end_time": "0:00:14",
        "speaker_tag": 1,
        "start_time": "0:00:12.400000",
        "word": "tell"
    },
    {
        "end_time": "0:00:14.100000",
        "speaker_tag": 1,
        "start_time": "0:00:14",
        "word": "me"
    },
    {
        "end_time": "0:00:14.300000",
        "speaker_tag": 1,
        "start_time": "0:00:14.100000",
        "word": "about"
    },
    {
        "end_time": "0:00:14.400000",
        "speaker_tag": 1,
        "start_time": "0:00:14.300000",
        "word": "a"
    },
    {
        "end_time": "0:00:14.700000",
        "speaker_tag": 1,
        "start_time": "0:00:14.400000",
        "word": "trip"
    },
    {
        "end_time": "0:00:14.800000",
        "speaker_tag": 1,
        "start_time": "0:00:14.700000",
        "word": "or"
    },
    {
        "end_time": "0:00:14.800000",
        "speaker_tag": 1,
        "start_time": "0:00:14.800000",
        "word": "vacation"
    },
    {
        "end_time": "0:00:15.400000",
        "speaker_tag": 1,
        "start_time": "0:00:14.800000",
        "word": "you"
    },
    {
        "end_time": "0:00:15.600000",
        "speaker_tag": 1,
        "start_time": "0:00:15.400000",
        "word": "take"
    },
    {
        "end_time": "0:00:15.700000",
        "speaker_tag": 1,
        "start_time": "0:00:15.600000",
        "word": "it"
    },
    {
        "end_time": "0:00:18.400000",
        "speaker_tag": 1,
        "start_time": "0:00:18",
        "word": "got"
    },
    {
        "end_time": "0:00:18.700000",
        "speaker_tag": 1,
        "start_time": "0:00:18.400000",
        "word": "back"
    },
    {
        "end_time": "0:00:18.800000",
        "speaker_tag": 1,
        "start_time": "0:00:18.700000",
        "word": "in"
    },
    {
        "end_time": "0:00:19.700000",
        "speaker_tag": 1,
        "start_time": "0:00:18.800000",
        "word": "July"
    },
    {
        "end_time": "0:00:24.100000",
        "speaker_tag": 2,
        "start_time": "0:00:23.700000",
        "word": "my"
    },
    {
        "end_time": "0:00:24.700000",
        "speaker_tag": 2,
        "start_time": "0:00:24.100000",
        "word": "favorite"
    },
    {
        "end_time": "0:00:25.200000",
        "speaker_tag": 2,
        "start_time": "0:00:24.700000",
        "word": "trips"
    },
    {
        "end_time": "0:00:25.600000",
        "speaker_tag": 2,
        "start_time": "0:00:25.200000",
        "word": "are"
    },
    {
        "end_time": "0:00:29.100000",
        "speaker_tag": 2,
        "start_time": "0:00:28.400000",
        "word": "cruises"
    },
    {
        "end_time": "0:00:29.300000",
        "speaker_tag": 2,
        "start_time": "0:00:29.100000",
        "word": "to"
    },
    {
        "end_time": "0:00:29.500000",
        "speaker_tag": 2,
        "start_time": "0:00:29.300000",
        "word": "Alaska"
    },
    {
        "end_time": "0:00:30.200000",
        "speaker_tag": 2,
        "start_time": "0:00:29.500000",
        "word": "I've"
    },
    {
        "end_time": "0:00:30.400000",
        "speaker_tag": 2,
        "start_time": "0:00:30.200000",
        "word": "been"
    },
    {
        "end_time": "0:00:30.600000",
        "speaker_tag": 2,
        "start_time": "0:00:30.400000",
        "word": "on"
    },
    {
        "end_time": "0:00:31.100000",
        "speaker_tag": 2,
        "start_time": "0:00:30.600000",
        "word": "thyroid"
    },
    {
        "end_time": "0:00:34.100000",
        "speaker_tag": 1,
        "start_time": "0:00:31.800000",
        "word": "wonderful"
    },
    {
        "end_time": "0:00:35",
        "speaker_tag": 1,
        "start_time": "0:00:34.100000",
        "word": "I"
    },
    {
        "end_time": "0:00:35.100000",
        "speaker_tag": 1,
        "start_time": "0:00:35",
        "word": "love"
    },
    {
        "end_time": "0:00:36.600000",
        "speaker_tag": 1,
        "start_time": "0:00:35.100000",
        "word": "being"
    },
    {
        "end_time": "0:00:36.700000",
        "speaker_tag": 1,
        "start_time": "0:00:36.600000",
        "word": "on"
    },
    {
        "end_time": "0:00:36.800000",
        "speaker_tag": 1,
        "start_time": "0:00:36.700000",
        "word": "the"
    },
    {
        "end_time": "0:00:37.100000",
        "speaker_tag": 1,
        "start_time": "0:00:36.800000",
        "word": "ship"
    },
    {
        "end_time": "0:00:38.300000",
        "speaker_tag": 1,
        "start_time": "0:00:37.100000",
        "word": "meeting"
    },
    {
        "end_time": "0:00:38.500000",
        "speaker_tag": 1,
        "start_time": "0:00:38.300000",
        "word": "all"
    },
    {
        "end_time": "0:00:38.600000",
        "speaker_tag": 1,
        "start_time": "0:00:38.500000",
        "word": "the"
    },
    {
        "end_time": "0:00:38.800000",
        "speaker_tag": 1,
        "start_time": "0:00:38.600000",
        "word": "new"
    },
    {
        "end_time": "0:00:39.100000",
        "speaker_tag": 1,
        "start_time": "0:00:38.800000",
        "word": "people"
    },
    {
        "end_time": "0:00:40.900000",
        "speaker_tag": 1,
        "start_time": "0:00:39.100000",
        "word": "just"
    },
    {
        "end_time": "0:00:41.600000",
        "speaker_tag": 1,
        "start_time": "0:00:40.900000",
        "word": "doing"
    },
    {
        "end_time": "0:00:41.800000",
        "speaker_tag": 1,
        "start_time": "0:00:41.600000",
        "word": "all"
    },
    {
        "end_time": "0:00:41.900000",
        "speaker_tag": 1,
        "start_time": "0:00:41.800000",
        "word": "the"
    },
    {
        "end_time": "0:00:42.300000",
        "speaker_tag": 1,
        "start_time": "0:00:41.900000",
        "word": "things"
    },
    {
        "end_time": "0:00:42.500000",
        "speaker_tag": 1,
        "start_time": "0:00:42.300000",
        "word": "on"
    },
    {
        "end_time": "0:00:42.600000",
        "speaker_tag": 1,
        "start_time": "0:00:42.500000",
        "word": "the"
    },
    {
        "end_time": "0:00:42.900000",
        "speaker_tag": 1,
        "start_time": "0:00:42.600000",
        "word": "ship"
    },
    {
        "end_time": "0:00:44.600000",
        "speaker_tag": 2,
        "start_time": "0:00:42.900000",
        "word": "of"
    },
    {
        "end_time": "0:00:44.900000",
        "speaker_tag": 2,
        "start_time": "0:00:44.600000",
        "word": "course"
    },
    {
        "end_time": "0:00:45.500000",
        "speaker_tag": 2,
        "start_time": "0:00:44.900000",
        "word": "feeding"
    },
    {
        "end_time": "0:00:45.800000",
        "speaker_tag": 2,
        "start_time": "0:00:45.500000",
        "word": "our"
    },
    {
        "end_time": "0:00:46.800000",
        "speaker_tag": 1,
        "start_time": "0:00:45.800000",
        "word": "wonderful."
    },
    {
        "end_time": "0:00:47.100000",
        "speaker_tag": 1,
        "start_time": "0:00:46.800000",
        "word": "You"
    },
    {
        "end_time": "0:00:48.500000",
        "speaker_tag": 1,
        "start_time": "0:00:47.100000",
        "word": "and"
    },
    {
        "end_time": "0:00:48.900000",
        "speaker_tag": 1,
        "start_time": "0:00:48.500000",
        "word": "just"
    },
    {
        "end_time": "0:00:49.800000",
        "speaker_tag": 2,
        "start_time": "0:00:48.900000",
        "word": "standing"
    },
    {
        "end_time": "0:00:50",
        "speaker_tag": 2,
        "start_time": "0:00:49.800000",
        "word": "out"
    },
    {
        "end_time": "0:00:50.300000",
        "speaker_tag": 2,
        "start_time": "0:00:50",
        "word": "and"
    },
    {
        "end_time": "0:00:50.900000",
        "speaker_tag": 2,
        "start_time": "0:00:50.300000",
        "word": "watching"
    },
    {
        "end_time": "0:00:51.100000",
        "speaker_tag": 2,
        "start_time": "0:00:50.900000",
        "word": "all"
    },
    {
        "end_time": "0:00:51.300000",
        "speaker_tag": 2,
        "start_time": "0:00:51.100000",
        "word": "the"
    },
    {
        "end_time": "0:00:51.700000",
        "speaker_tag": 2,
        "start_time": "0:00:51.300000",
        "word": "beautiful"
    },
    {
        "end_time": "0:00:52.500000",
        "speaker_tag": 2,
        "start_time": "0:00:51.700000",
        "word": "senior"
    },
    {
        "end_time": "0:00:53.200000",
        "speaker_tag": 2,
        "start_time": "0:00:52.500000",
        "word": "Isabella"
    },
    {
        "end_time": "0:00:54.500000",
        "speaker_tag": 2,
        "start_time": "0:00:53.200000",
        "word": "and"
    },
    {
        "end_time": "0:00:54.600000",
        "speaker_tag": 2,
        "start_time": "0:00:54.500000",
        "word": "then"
    },
    {
        "end_time": "0:00:54.700000",
        "speaker_tag": 2,
        "start_time": "0:00:54.600000",
        "word": "I"
    },
    {
        "end_time": "0:00:55",
        "speaker_tag": 2,
        "start_time": "0:00:54.700000",
        "word": "love"
    },
    {
        "end_time": "0:00:55.500000",
        "speaker_tag": 2,
        "start_time": "0:00:55",
        "word": "stopping"
    },
    {
        "end_time": "0:00:55.600000",
        "speaker_tag": 2,
        "start_time": "0:00:55.500000",
        "word": "in"
    },
    {
        "end_time": "0:00:55.700000",
        "speaker_tag": 2,
        "start_time": "0:00:55.600000",
        "word": "the"
    },
    {
        "end_time": "0:00:56.200000",
        "speaker_tag": 2,
        "start_time": "0:00:55.700000",
        "word": "town"
    },
    {
        "end_time": "0:00:56.800000",
        "speaker_tag": 2,
        "start_time": "0:00:56.200000",
        "word": "little"
    },
    {
        "end_time": "0:00:57.500000",
        "speaker_tag": 2,
        "start_time": "0:00:56.800000",
        "word": "towns"
    },
    {
        "end_time": "0:00:57.700000",
        "speaker_tag": 2,
        "start_time": "0:00:57.500000",
        "word": "and"
    },
    {
        "end_time": "0:00:58.900000",
        "speaker_tag": 2,
        "start_time": "0:00:57.700000",
        "word": "shopping"
    },
    {
        "end_time": "0:00:59",
        "speaker_tag": 2,
        "start_time": "0:00:58.900000",
        "word": "and"
    },
    {
        "end_time": "0:00:59.300000",
        "speaker_tag": 2,
        "start_time": "0:00:59",
        "word": "getting"
    },
    {
        "end_time": "0:00:59.600000",
        "speaker_tag": 2,
        "start_time": "0:00:59.300000",
        "word": "things"
    },
    {
        "end_time": "0:01:00.100000",
        "speaker_tag": 2,
        "start_time": "0:00:59.600000",
        "word": "from"
    },
    {
        "end_time": "0:01:00.300000",
        "speaker_tag": 2,
        "start_time": "0:01:00.100000",
        "word": "the"
    },
    {
        "end_time": "0:01:01.500000",
        "speaker_tag": 2,
        "start_time": "0:01:00.300000",
        "word": "chill"
    },
    {
        "end_time": "0:01:01.900000",
        "speaker_tag": 2,
        "start_time": "0:01:01.500000",
        "word": "grandchildren"
    },
    {
        "end_time": "0:01:03",
        "speaker_tag": 2,
        "start_time": "0:01:01.900000",
        "word": "that"
    },
    {
        "end_time": "0:01:03.400000",
        "speaker_tag": 2,
        "start_time": "0:01:03",
        "word": "have"
    },
    {
        "end_time": "0:01:03.400000",
        "speaker_tag": 2,
        "start_time": "0:01:03.400000",
        "word": "a"
    },
    {
        "end_time": "0:01:03.800000",
        "speaker_tag": 2,
        "start_time": "0:01:03.400000",
        "word": "great"
    },
    {
        "end_time": "0:01:04.600000",
        "speaker_tag": 2,
        "start_time": "0:01:03.800000",
        "word": "grandson's"
    },
    {
        "end_time": "0:01:08.700000",
        "speaker_tag": 2,
        "start_time": "0:01:08.100000",
        "word": "that's"
    },
    {
        "end_time": "0:01:09.100000",
        "speaker_tag": 2,
        "start_time": "0:01:08.700000",
        "word": "probably"
    },
    {
        "end_time": "0:01:11.400000",
        "speaker_tag": 1,
        "start_time": "0:01:11",
        "word": "if"
    },
    {
        "end_time": "0:01:11.500000",
        "speaker_tag": 1,
        "start_time": "0:01:11.400000",
        "word": "I"
    },
    {
        "end_time": "0:01:11.700000",
        "speaker_tag": 1,
        "start_time": "0:01:11.500000",
        "word": "could"
    },
    {
        "end_time": "0:01:11.900000",
        "speaker_tag": 1,
        "start_time": "0:01:11.700000",
        "word": "go"
    },
    {
        "end_time": "0:01:11.900000",
        "speaker_tag": 1,
        "start_time": "0:01:11.900000",
        "word": "on"
    },
    {
        "end_time": "0:01:12.200000",
        "speaker_tag": 1,
        "start_time": "0:01:11.900000",
        "word": "another"
    },
    {
        "end_time": "0:01:12.400000",
        "speaker_tag": 1,
        "start_time": "0:01:12.200000",
        "word": "trip"
    },
    {
        "end_time": "0:01:13.300000",
        "speaker_tag": 1,
        "start_time": "0:01:12.400000",
        "word": "today's"
    },
    {
        "end_time": "0:01:13.500000",
        "speaker_tag": 1,
        "start_time": "0:01:13.300000",
        "word": "I"
    },
    {
        "end_time": "0:01:13.700000",
        "speaker_tag": 1,
        "start_time": "0:01:13.500000",
        "word": "have"
    },
    {
        "end_time": "0:01:14.100000",
        "speaker_tag": 1,
        "start_time": "0:01:13.700000",
        "word": "been"
    },
    {
        "end_time": "0:01:14.400000",
        "speaker_tag": 1,
        "start_time": "0:01:14.100000",
        "word": "to"
    },
    {
        "end_time": "0:01:15.600000",
        "speaker_tag": 2,
        "start_time": "0:01:14.400000",
        "word": "Europe"
    },
    {
        "end_time": "0:01:16.100000",
        "speaker_tag": 2,
        "start_time": "0:01:15.600000",
        "word": "and"
    },
    {
        "end_time": "0:01:16.200000",
        "speaker_tag": 2,
        "start_time": "0:01:16.100000",
        "word": "I"
    },
    {
        "end_time": "0:01:16.400000",
        "speaker_tag": 2,
        "start_time": "0:01:16.200000",
        "word": "has"
    },
    {
        "end_time": "0:01:16.500000",
        "speaker_tag": 2,
        "start_time": "0:01:16.400000",
        "word": "been"
    },
    {
        "end_time": "0:01:17",
        "speaker_tag": 2,
        "start_time": "0:01:16.500000",
        "word": "to"
    },
    {
        "end_time": "0:01:19.900000",
        "speaker_tag": 2,
        "start_time": "0:01:18.900000",
        "word": "Turkey"
    },
    {
        "end_time": "0:01:22",
        "speaker_tag": 2,
        "start_time": "0:01:19.900000",
        "word": "I"
    },
    {
        "end_time": "0:01:22.300000",
        "speaker_tag": 2,
        "start_time": "0:01:22",
        "word": "went"
    },
    {
        "end_time": "0:01:22.500000",
        "speaker_tag": 2,
        "start_time": "0:01:22.300000",
        "word": "with"
    },
    {
        "end_time": "0:01:22.900000",
        "speaker_tag": 2,
        "start_time": "0:01:22.500000",
        "word": "to"
    },
    {
        "end_time": "0:01:23.300000",
        "speaker_tag": 2,
        "start_time": "0:01:22.900000",
        "word": "Jesse"
    },
    {
        "end_time": "0:01:23.800000",
        "speaker_tag": 2,
        "start_time": "0:01:23.300000",
        "word": "group"
    },
    {
        "end_time": "0:01:26.100000",
        "speaker_tag": 1,
        "start_time": "0:01:25.600000",
        "word": "we"
    },
    {
        "end_time": "0:01:26.400000",
        "speaker_tag": 1,
        "start_time": "0:01:26.100000",
        "word": "had"
    },
    {
        "end_time": "0:01:27",
        "speaker_tag": 1,
        "start_time": "0:01:26.400000",
        "word": "extra"
    },
    {
        "end_time": "0:01:27.800000",
        "speaker_tag": 1,
        "start_time": "0:01:27",
        "word": "spices"
    },
    {
        "end_time": "0:01:29.400000",
        "speaker_tag": 1,
        "start_time": "0:01:27.800000",
        "word": "was"
    },
    {
        "end_time": "0:01:29.900000",
        "speaker_tag": 1,
        "start_time": "0:01:29.400000",
        "word": "carrying"
    },
    {
        "end_time": "0:01:30.300000",
        "speaker_tag": 1,
        "start_time": "0:01:29.900000",
        "word": "his"
    },
    {
        "end_time": "0:01:31.600000",
        "speaker_tag": 1,
        "start_time": "0:01:30.300000",
        "word": "students"
    },
    {
        "end_time": "0:01:33.300000",
        "speaker_tag": 1,
        "start_time": "0:01:31.600000",
        "word": "and"
    },
    {
        "end_time": "0:01:34.100000",
        "speaker_tag": 1,
        "start_time": "0:01:33.300000",
        "word": "I"
    },
    {
        "end_time": "0:01:34.400000",
        "speaker_tag": 1,
        "start_time": "0:01:34.100000",
        "word": "saw"
    },
    {
        "end_time": "0:01:34.500000",
        "speaker_tag": 1,
        "start_time": "0:01:34.400000",
        "word": "a"
    },
    {
        "end_time": "0:01:34.600000",
        "speaker_tag": 1,
        "start_time": "0:01:34.500000",
        "word": "little"
    },
    {
        "end_time": "0:01:35",
        "speaker_tag": 2,
        "start_time": "0:01:34.600000",
        "word": "log"
    },
    {
        "end_time": "0:01:35.600000",
        "speaker_tag": 2,
        "start_time": "0:01:35",
        "word": "article"
    },
    {
        "end_time": "0:01:35.800000",
        "speaker_tag": 2,
        "start_time": "0:01:35.600000",
        "word": "in"
    },
    {
        "end_time": "0:01:35.900000",
        "speaker_tag": 2,
        "start_time": "0:01:35.800000",
        "word": "the"
    },
    {
        "end_time": "0:01:36",
        "speaker_tag": 2,
        "start_time": "0:01:35.900000",
        "word": "paper"
    },
    {
        "end_time": "0:01:36.700000",
        "speaker_tag": 1,
        "start_time": "0:01:36",
        "word": "where"
    },
    {
        "end_time": "0:01:37.300000",
        "speaker_tag": 1,
        "start_time": "0:01:36.700000",
        "word": "he"
    },
    {
        "end_time": "0:01:37.600000",
        "speaker_tag": 1,
        "start_time": "0:01:37.300000",
        "word": "had"
    },
    {
        "end_time": "0:01:38.400000",
        "speaker_tag": 1,
        "start_time": "0:01:37.600000",
        "word": "spices"
    },
    {
        "end_time": "0:01:39.100000",
        "speaker_tag": 1,
        "start_time": "0:01:38.400000",
        "word": "available"
    },
    {
        "end_time": "0:01:43.100000",
        "speaker_tag": 1,
        "start_time": "0:01:42.600000",
        "word": "took"
    },
    {
        "end_time": "0:01:43.200000",
        "speaker_tag": 1,
        "start_time": "0:01:43.100000",
        "word": "that"
    },
    {
        "end_time": "0:01:43.600000",
        "speaker_tag": 1,
        "start_time": "0:01:43.200000",
        "word": "dresser"
    },
    {
        "end_time": "0:01:44.300000",
        "speaker_tag": 1,
        "start_time": "0:01:43.600000",
        "word": "described"
    },
    {
        "end_time": "0:01:51.300000",
        "speaker_tag": 1,
        "start_time": "0:01:50",
        "word": "will"
    },
    {
        "end_time": "0:01:51.400000",
        "speaker_tag": 1,
        "start_time": "0:01:51.300000",
        "word": "you"
    },
    {
        "end_time": "0:01:51.500000",
        "speaker_tag": 1,
        "start_time": "0:01:51.400000",
        "word": "have"
    },
    {
        "end_time": "0:01:51.600000",
        "speaker_tag": 1,
        "start_time": "0:01:51.500000",
        "word": "to"
    },
    {
        "end_time": "0:01:51.800000",
        "speaker_tag": 1,
        "start_time": "0:01:51.600000",
        "word": "tell"
    },
    {
        "end_time": "0:01:51.900000",
        "speaker_tag": 1,
        "start_time": "0:01:51.800000",
        "word": "me"
    },
    {
        "end_time": "0:01:52.500000",
        "speaker_tag": 1,
        "start_time": "0:01:51.900000",
        "word": "is"
    },
    {
        "end_time": "0:01:52.500000",
        "speaker_tag": 1,
        "start_time": "0:01:52.500000",
        "word": "that"
    },
    {
        "end_time": "0:01:53.100000",
        "speaker_tag": 1,
        "start_time": "0:01:52.500000",
        "word": "enough"
    },
    {
        "end_time": "0:01:54.600000",
        "speaker_tag": 1,
        "start_time": "0:01:54.100000",
        "word": "if"
    },
    {
        "end_time": "0:01:54.700000",
        "speaker_tag": 1,
        "start_time": "0:01:54.600000",
        "word": "you"
    },
    {
        "end_time": "0:01:54.800000",
        "speaker_tag": 1,
        "start_time": "0:01:54.700000",
        "word": "have"
    },
    {
        "end_time": "0:01:55.100000",
        "speaker_tag": 1,
        "start_time": "0:01:54.800000",
        "word": "nothing"
    },
    {
        "end_time": "0:01:55.200000",
        "speaker_tag": 1,
        "start_time": "0:01:55.100000",
        "word": "else"
    },
    {
        "end_time": "0:01:57.800000",
        "speaker_tag": 2,
        "start_time": "0:01:57.300000",
        "word": "well"
    },
    {
        "end_time": "0:01:58",
        "speaker_tag": 2,
        "start_time": "0:01:57.800000",
        "word": "that's"
    },
    {
        "end_time": "0:01:58.300000",
        "speaker_tag": 2,
        "start_time": "0:01:58",
        "word": "all"
    },
    {
        "end_time": "0:01:58.400000",
        "speaker_tag": 2,
        "start_time": "0:01:58.300000",
        "word": "I"
    },
    {
        "end_time": "0:01:58.500000",
        "speaker_tag": 2,
        "start_time": "0:01:58.400000",
        "word": "can"
    },
    {
        "end_time": "0:01:58.600000",
        "speaker_tag": 2,
        "start_time": "0:01:58.500000",
        "word": "think"
    },
    {
        "end_time": "0:01:58.900000",
        "speaker_tag": 1,
        "start_time": "0:01:58.600000",
        "word": "about"
    },
    {
        "end_time": "0:01:59.200000",
        "speaker_tag": 1,
        "start_time": "0:01:58.900000",
        "word": "right"
    },
    {
        "end_time": "0:01:59.400000",
        "speaker_tag": 1,
        "start_time": "0:01:59.200000",
        "word": "now"
    },
    {
        "end_time": "0:02:02.900000",
        "speaker_tag": 1,
        "start_time": "0:02:02.600000",
        "word": "is"
    },
    {
        "end_time": "0:02:03.100000",
        "speaker_tag": 1,
        "start_time": "0:02:02.900000",
        "word": "that"
    },
    {
        "end_time": "0:02:03.300000",
        "speaker_tag": 1,
        "start_time": "0:02:03.100000",
        "word": "long"
    },
    {
        "end_time": "0:02:03.400000",
        "speaker_tag": 1,
        "start_time": "0:02:03.300000",
        "word": "enough"
    },
    {
        "end_time": "0:02:08.500000",
        "speaker_tag": 1,
        "start_time": "0:02:07.900000",
        "word": "alright"
    },
    {
        "end_time": "0:02:09.300000",
        "speaker_tag": 1,
        "start_time": "0:02:08.500000",
        "word": "next"
    },
    {
        "end_time": "0:02:09.700000",
        "speaker_tag": 1,
        "start_time": "0:02:09.300000",
        "word": "crop"
    },
    {
        "end_time": "0:02:13.500000",
        "speaker_tag": 1,
        "start_time": "0:02:13",
        "word": "please"
    },
    {
        "end_time": "0:02:13.800000",
        "speaker_tag": 1,
        "start_time": "0:02:13.500000",
        "word": "explain"
    },
    {
        "end_time": "0:02:14.500000",
        "speaker_tag": 1,
        "start_time": "0:02:13.800000",
        "word": "how"
    },
    {
        "end_time": "0:02:14.600000",
        "speaker_tag": 1,
        "start_time": "0:02:14.500000",
        "word": "you"
    },
    {
        "end_time": "0:02:14.700000",
        "speaker_tag": 1,
        "start_time": "0:02:14.600000",
        "word": "would"
    },
    {
        "end_time": "0:02:14.900000",
        "speaker_tag": 1,
        "start_time": "0:02:14.700000",
        "word": "make"
    },
    {
        "end_time": "0:02:15.100000",
        "speaker_tag": 1,
        "start_time": "0:02:14.900000",
        "word": "the"
    },
    {
        "end_time": "0:02:15.500000",
        "speaker_tag": 1,
        "start_time": "0:02:15.100000",
        "word": "following"
    },
    {
        "end_time": "0:02:16",
        "speaker_tag": 1,
        "start_time": "0:02:15.500000",
        "word": "meal"
    },
    {
        "end_time": "0:02:17.500000",
        "speaker_tag": 1,
        "start_time": "0:02:16",
        "word": "step-by-step"
    },
    {
        "end_time": "0:02:18.200000",
        "speaker_tag": 1,
        "start_time": "0:02:17.500000",
        "word": "a"
    },
    {
        "end_time": "0:02:18.400000",
        "speaker_tag": 1,
        "start_time": "0:02:18.200000",
        "word": "cup"
    },
    {
        "end_time": "0:02:18.600000",
        "speaker_tag": 1,
        "start_time": "0:02:18.400000",
        "word": "of"
    },
    {
        "end_time": "0:02:18.800000",
        "speaker_tag": 1,
        "start_time": "0:02:18.600000",
        "word": "coffee"
    },
    {
        "end_time": "0:02:20.100000",
        "speaker_tag": 1,
        "start_time": "0:02:18.800000",
        "word": "scrambled"
    },
    {
        "end_time": "0:02:20.500000",
        "speaker_tag": 1,
        "start_time": "0:02:20.100000",
        "word": "eggs"
    },
    {
        "end_time": "0:02:20.900000",
        "speaker_tag": 1,
        "start_time": "0:02:20.500000",
        "word": "in"
    },
    {
        "end_time": "0:02:21",
        "speaker_tag": 1,
        "start_time": "0:02:20.900000",
        "word": "a"
    },
    {
        "end_time": "0:02:21.200000",
        "speaker_tag": 1,
        "start_time": "0:02:21",
        "word": "bowl"
    },
    {
        "end_time": "0:02:21.300000",
        "speaker_tag": 1,
        "start_time": "0:02:21.200000",
        "word": "of"
    },
    {
        "end_time": "0:02:21.600000",
        "speaker_tag": 1,
        "start_time": "0:02:21.300000",
        "word": "fruit"
    },
    {
        "end_time": "0:02:22.300000",
        "speaker_tag": 1,
        "start_time": "0:02:21.600000",
        "word": "for"
    },
    {
        "end_time": "0:02:22.500000",
        "speaker_tag": 1,
        "start_time": "0:02:22.300000",
        "word": "10"
    },
    {
        "end_time": "0:02:22.600000",
        "speaker_tag": 1,
        "start_time": "0:02:22.500000",
        "word": "I"
    },
    {
        "end_time": "0:02:22.800000",
        "speaker_tag": 1,
        "start_time": "0:02:22.600000",
        "word": "do"
    },
    {
        "end_time": "0:02:23",
        "speaker_tag": 1,
        "start_time": "0:02:22.800000",
        "word": "not"
    },
    {
        "end_time": "0:02:23.100000",
        "speaker_tag": 1,
        "start_time": "0:02:23",
        "word": "know"
    },
    {
        "end_time": "0:02:23.300000",
        "speaker_tag": 1,
        "start_time": "0:02:23.100000",
        "word": "how"
    },
    {
        "end_time": "0:02:23.300000",
        "speaker_tag": 1,
        "start_time": "0:02:23.300000",
        "word": "to"
    },
    {
        "end_time": "0:02:23.600000",
        "speaker_tag": 1,
        "start_time": "0:02:23.300000",
        "word": "make"
    },
    {
        "end_time": "0:02:23.700000",
        "speaker_tag": 1,
        "start_time": "0:02:23.600000",
        "word": "them"
    },
    {
        "end_time": "0:02:23.900000",
        "speaker_tag": 1,
        "start_time": "0:02:23.700000",
        "word": "you'll"
    },
    {
        "end_time": "0:02:24.700000",
        "speaker_tag": 1,
        "start_time": "0:02:23.900000",
        "word": "provide"
    },
    {
        "end_time": "0:02:25.400000",
        "speaker_tag": 1,
        "start_time": "0:02:24.700000",
        "word": "details"
    },
    {
        "end_time": "0:02:25.600000",
        "speaker_tag": 1,
        "start_time": "0:02:25.400000",
        "word": "and"
    },
    {
        "end_time": "0:02:25.700000",
        "speaker_tag": 1,
        "start_time": "0:02:25.600000",
        "word": "I"
    },
    {
        "end_time": "0:02:25.800000",
        "speaker_tag": 1,
        "start_time": "0:02:25.700000",
        "word": "will"
    },
    {
        "end_time": "0:02:26",
        "speaker_tag": 1,
        "start_time": "0:02:25.800000",
        "word": "call"
    },
    {
        "end_time": "0:02:26.100000",
        "speaker_tag": 1,
        "start_time": "0:02:26",
        "word": "you"
    },
    {
        "end_time": "0:02:26.400000",
        "speaker_tag": 1,
        "start_time": "0:02:26.100000",
        "word": "in"
    },
    {
        "end_time": "0:02:26.700000",
        "speaker_tag": 1,
        "start_time": "0:02:26.400000",
        "word": "stock"
    },
    {
        "end_time": "0:02:27.400000",
        "speaker_tag": 1,
        "start_time": "0:02:26.700000",
        "word": "ready"
    },
    {
        "end_time": "0:02:31.500000",
        "speaker_tag": 1,
        "start_time": "0:02:29.300000",
        "word": "I"
    },
    {
        "end_time": "0:02:31.700000",
        "speaker_tag": 1,
        "start_time": "0:02:31.500000",
        "word": "would"
    },
    {
        "end_time": "0:02:31.900000",
        "speaker_tag": 1,
        "start_time": "0:02:31.700000",
        "word": "probably"
    },
    {
        "end_time": "0:02:32.700000",
        "speaker_tag": 1,
        "start_time": "0:02:31.900000",
        "word": "put"
    },
    {
        "end_time": "0:02:32.800000",
        "speaker_tag": 1,
        "start_time": "0:02:32.700000",
        "word": "the"
    },
    {
        "end_time": "0:02:33.300000",
        "speaker_tag": 1,
        "start_time": "0:02:32.800000",
        "word": "coffee"
    },
    {
        "end_time": "0:02:33.500000",
        "speaker_tag": 1,
        "start_time": "0:02:33.300000",
        "word": "on"
    },
    {
        "end_time": "0:02:34.400000",
        "speaker_tag": 1,
        "start_time": "0:02:33.500000",
        "word": "first"
    },
    {
        "end_time": "0:02:38.200000",
        "speaker_tag": 1,
        "start_time": "0:02:37.800000",
        "word": "and"
    },
    {
        "end_time": "0:02:38.300000",
        "speaker_tag": 1,
        "start_time": "0:02:38.200000",
        "word": "I"
    },
    {
        "end_time": "0:02:38.400000",
        "speaker_tag": 1,
        "start_time": "0:02:38.300000",
        "word": "have"
    },
    {
        "end_time": "0:02:38.700000",
        "speaker_tag": 1,
        "start_time": "0:02:38.400000",
        "word": "not"
    },
    {
        "end_time": "0:02:39",
        "speaker_tag": 1,
        "start_time": "0:02:38.700000",
        "word": "Mud"
    },
    {
        "end_time": "0:02:39.300000",
        "speaker_tag": 1,
        "start_time": "0:02:39",
        "word": "Coffee"
    },
    {
        "end_time": "0:02:39.700000",
        "speaker_tag": 1,
        "start_time": "0:02:39.300000",
        "word": "light"
    },
    {
        "end_time": "0:02:39.900000",
        "speaker_tag": 1,
        "start_time": "0:02:39.700000",
        "word": "please"
    },
    {
        "end_time": "0:02:42.900000",
        "speaker_tag": 1,
        "start_time": "0:02:39.900000",
        "word": "and"
    },
    {
        "end_time": "0:02:43.300000",
        "speaker_tag": 1,
        "start_time": "0:02:42.900000",
        "word": "then"
    },
    {
        "end_time": "0:02:45.200000",
        "speaker_tag": 1,
        "start_time": "0:02:44.800000",
        "word": "if"
    },
    {
        "end_time": "0:02:45.300000",
        "speaker_tag": 1,
        "start_time": "0:02:45.200000",
        "word": "I"
    },
    {
        "end_time": "0:02:45.600000",
        "speaker_tag": 1,
        "start_time": "0:02:45.300000",
        "word": "had"
    },
    {
        "end_time": "0:02:45.700000",
        "speaker_tag": 1,
        "start_time": "0:02:45.600000",
        "word": "to"
    },
    {
        "end_time": "0:02:45.800000",
        "speaker_tag": 1,
        "start_time": "0:02:45.700000",
        "word": "buy"
    },
    {
        "end_time": "0:02:46",
        "speaker_tag": 1,
        "start_time": "0:02:45.800000",
        "word": "two"
    },
    {
        "end_time": "0:02:46.400000",
        "speaker_tag": 1,
        "start_time": "0:02:46",
        "word": "scrambled"
    },
    {
        "end_time": "0:02:46.500000",
        "speaker_tag": 1,
        "start_time": "0:02:46.400000",
        "word": "eggs"
    },
    {
        "end_time": "0:02:46.900000",
        "speaker_tag": 2,
        "start_time": "0:02:46.500000",
        "word": "if"
    },
    {
        "end_time": "0:02:47",
        "speaker_tag": 2,
        "start_time": "0:02:46.900000",
        "word": "I"
    },
    {
        "end_time": "0:02:47.500000",
        "speaker_tag": 2,
        "start_time": "0:02:47",
        "word": "would"
    },
    {
        "end_time": "0:02:47.900000",
        "speaker_tag": 2,
        "start_time": "0:02:47.500000",
        "word": "start"
    },
    {
        "end_time": "0:02:48.100000",
        "speaker_tag": 2,
        "start_time": "0:02:47.900000",
        "word": "them"
    },
    {
        "end_time": "0:02:48.200000",
        "speaker_tag": 2,
        "start_time": "0:02:48.100000",
        "word": "up"
    },
    {
        "end_time": "0:02:48.800000",
        "speaker_tag": 2,
        "start_time": "0:02:48.200000",
        "word": "and"
    },
    {
        "end_time": "0:02:49",
        "speaker_tag": 2,
        "start_time": "0:02:48.800000",
        "word": "put"
    },
    {
        "end_time": "0:02:49.300000",
        "speaker_tag": 2,
        "start_time": "0:02:49",
        "word": "some"
    },
    {
        "end_time": "0:02:50.400000",
        "speaker_tag": 2,
        "start_time": "0:02:49.300000",
        "word": "milk"
    },
    {
        "end_time": "0:02:50.900000",
        "speaker_tag": 2,
        "start_time": "0:02:50.400000",
        "word": "in"
    },
    {
        "end_time": "0:02:51.600000",
        "speaker_tag": 2,
        "start_time": "0:02:50.900000",
        "word": "it"
    },
    {
        "end_time": "0:02:51.900000",
        "speaker_tag": 2,
        "start_time": "0:02:51.600000",
        "word": "and"
    },
    {
        "end_time": "0:02:52.100000",
        "speaker_tag": 2,
        "start_time": "0:02:51.900000",
        "word": "then"
    },
    {
        "end_time": "0:02:52.300000",
        "speaker_tag": 2,
        "start_time": "0:02:52.100000",
        "word": "put"
    },
    {
        "end_time": "0:02:52.400000",
        "speaker_tag": 2,
        "start_time": "0:02:52.300000",
        "word": "it"
    },
    {
        "end_time": "0:02:52.500000",
        "speaker_tag": 2,
        "start_time": "0:02:52.400000",
        "word": "in"
    },
    {
        "end_time": "0:02:52.700000",
        "speaker_tag": 2,
        "start_time": "0:02:52.500000",
        "word": "to"
    },
    {
        "end_time": "0:02:52.800000",
        "speaker_tag": 2,
        "start_time": "0:02:52.700000",
        "word": "get"
    },
    {
        "end_time": "0:02:53",
        "speaker_tag": 2,
        "start_time": "0:02:52.800000",
        "word": "up"
    },
    {
        "end_time": "0:02:53.100000",
        "speaker_tag": 2,
        "start_time": "0:02:53",
        "word": "but"
    },
    {
        "end_time": "0:02:53.200000",
        "speaker_tag": 2,
        "start_time": "0:02:53.100000",
        "word": "I"
    },
    {
        "end_time": "0:02:53.500000",
        "speaker_tag": 2,
        "start_time": "0:02:53.200000",
        "word": "don't"
    },
    {
        "end_time": "0:02:53.600000",
        "speaker_tag": 2,
        "start_time": "0:02:53.500000",
        "word": "need"
    },
    {
        "end_time": "0:02:54",
        "speaker_tag": 2,
        "start_time": "0:02:53.600000",
        "word": "eggs"
    },
    {
        "end_time": "0:02:54.200000",
        "speaker_tag": 2,
        "start_time": "0:02:54",
        "word": "so"
    },
    {
        "end_time": "0:02:54.400000",
        "speaker_tag": 2,
        "start_time": "0:02:54.200000",
        "word": "I"
    },
    {
        "end_time": "0:02:54.600000",
        "speaker_tag": 2,
        "start_time": "0:02:54.400000",
        "word": "would"
    },
    {
        "end_time": "0:02:54.800000",
        "speaker_tag": 2,
        "start_time": "0:02:54.600000",
        "word": "not"
    },
    {
        "end_time": "0:02:55.100000",
        "speaker_tag": 2,
        "start_time": "0:02:54.800000",
        "word": "make"
    },
    {
        "end_time": "0:02:55.400000",
        "speaker_tag": 2,
        "start_time": "0:02:55.100000",
        "word": "them"
    },
    {
        "end_time": "0:02:56.100000",
        "speaker_tag": 2,
        "start_time": "0:02:55.400000",
        "word": "okay"
    },
    {
        "end_time": "0:03:00.800000",
        "speaker_tag": 2,
        "start_time": "0:02:59.200000",
        "word": "boyfriend"
    },
    {
        "end_time": "0:03:02.600000",
        "speaker_tag": 2,
        "start_time": "0:03:00.800000",
        "word": "yes"
    },
    {
        "end_time": "0:03:02.700000",
        "speaker_tag": 2,
        "start_time": "0:03:02.600000",
        "word": "I"
    },
    {
        "end_time": "0:03:02.900000",
        "speaker_tag": 2,
        "start_time": "0:03:02.700000",
        "word": "love"
    },
    {
        "end_time": "0:03:03.200000",
        "speaker_tag": 2,
        "start_time": "0:03:02.900000",
        "word": "fresh"
    },
    {
        "end_time": "0:03:03.400000",
        "speaker_tag": 2,
        "start_time": "0:03:03.200000",
        "word": "fruit"
    },
    {
        "end_time": "0:03:05.700000",
        "speaker_tag": 1,
        "start_time": "0:03:05.200000",
        "word": "chop"
    },
    {
        "end_time": "0:03:05.800000",
        "speaker_tag": 1,
        "start_time": "0:03:05.700000",
        "word": "up"
    },
    {
        "end_time": "0:03:08.700000",
        "speaker_tag": 2,
        "start_time": "0:03:05.800000",
        "word": "strawberries"
    },
    {
        "end_time": "0:03:09",
        "speaker_tag": 2,
        "start_time": "0:03:08.700000",
        "word": "and"
    },
    {
        "end_time": "0:03:09.800000",
        "speaker_tag": 2,
        "start_time": "0:03:09",
        "word": "bananas"
    },
    {
        "end_time": "0:03:10.100000",
        "speaker_tag": 2,
        "start_time": "0:03:09.800000",
        "word": "and"
    },
    {
        "end_time": "0:03:12.500000",
        "speaker_tag": 2,
        "start_time": "0:03:11.200000",
        "word": "put"
    },
    {
        "end_time": "0:03:12.600000",
        "speaker_tag": 2,
        "start_time": "0:03:12.500000",
        "word": "it"
    },
    {
        "end_time": "0:03:12.700000",
        "speaker_tag": 2,
        "start_time": "0:03:12.600000",
        "word": "on"
    },
    {
        "end_time": "0:03:13.100000",
        "speaker_tag": 2,
        "start_time": "0:03:12.700000",
        "word": "Freud"
    },
    {
        "end_time": "0:03:13.300000",
        "speaker_tag": 2,
        "start_time": "0:03:13.100000",
        "word": "was"
    },
    {
        "end_time": "0:03:13.500000",
        "speaker_tag": 2,
        "start_time": "0:03:13.300000",
        "word": "in"
    },
    {
        "end_time": "0:03:13.600000",
        "speaker_tag": 2,
        "start_time": "0:03:13.500000",
        "word": "my"
    },
    {
        "end_time": "0:03:13.900000",
        "speaker_tag": 2,
        "start_time": "0:03:13.600000",
        "word": "kitchen"
    },
    {
        "end_time": "0:03:15.600000",
        "speaker_tag": 2,
        "start_time": "0:03:15.200000",
        "word": "and"
    },
    {
        "end_time": "0:03:15.800000",
        "speaker_tag": 2,
        "start_time": "0:03:15.600000",
        "word": "just"
    },
    {
        "end_time": "0:03:16",
        "speaker_tag": 2,
        "start_time": "0:03:15.800000",
        "word": "have"
    },
    {
        "end_time": "0:03:16.200000",
        "speaker_tag": 2,
        "start_time": "0:03:16",
        "word": "the"
    },
    {
        "end_time": "0:03:16.500000",
        "speaker_tag": 2,
        "start_time": "0:03:16.200000",
        "word": "fresh"
    },
    {
        "end_time": "0:03:16.900000",
        "speaker_tag": 2,
        "start_time": "0:03:16.500000",
        "word": "fruit"
    },
    {
        "end_time": "0:03:17.100000",
        "speaker_tag": 2,
        "start_time": "0:03:16.900000",
        "word": "without"
    },
    {
        "end_time": "0:03:17.500000",
        "speaker_tag": 2,
        "start_time": "0:03:17.100000",
        "word": "any"
    },
    {
        "end_time": "0:03:18",
        "speaker_tag": 2,
        "start_time": "0:03:17.500000",
        "word": "dressing"
    },
    {
        "end_time": "0:03:18.300000",
        "speaker_tag": 2,
        "start_time": "0:03:18",
        "word": "or"
    },
    {
        "end_time": "0:03:18.600000",
        "speaker_tag": 2,
        "start_time": "0:03:18.300000",
        "word": "nothing"
    },
    {
        "end_time": "0:03:15.600000",
        "speaker_tag": 2,
        "start_time": "0:03:15.200000",
        "word": "and"
    },
    {
        "end_time": "0:03:15.800000",
        "speaker_tag": 2,
        "start_time": "0:03:15.600000",
        "word": "just"
    },
    {
        "end_time": "0:03:16",
        "speaker_tag": 2,
        "start_time": "0:03:15.800000",
        "word": "have"
    },
    {
        "end_time": "0:03:16.200000",
        "speaker_tag": 2,
        "start_time": "0:03:16",
        "word": "the"
    },
    {
        "end_time": "0:03:16.500000",
        "speaker_tag": 2,
        "start_time": "0:03:16.200000",
        "word": "fresh"
    },
    {
        "end_time": "0:03:16.900000",
        "speaker_tag": 2,
        "start_time": "0:03:16.500000",
        "word": "fruit"
    },
    {
        "end_time": "0:03:17.100000",
        "speaker_tag": 2,
        "start_time": "0:03:16.900000",
        "word": "without"
    },
    {
        "end_time": "0:03:17.500000",
        "speaker_tag": 2,
        "start_time": "0:03:17.100000",
        "word": "any"
    },
    {
        "end_time": "0:03:18",
        "speaker_tag": 2,
        "start_time": "0:03:17.500000",
        "word": "dressing"
    },
    {
        "end_time": "0:03:18.300000",
        "speaker_tag": 2,
        "start_time": "0:03:18",
        "word": "or"
    },
    {
        "end_time": "0:03:18.600000",
        "speaker_tag": 2,
        "start_time": "0:03:18.300000",
        "word": "nothing"
    }
]