[
    {
        "end_time": "0:00:02.900000",
        "speaker_tag": 2,
        "start_time": "0:00:02.300000",
        "word": "first"
    },
    {
        "end_time": "0:00:03.100000",
        "speaker_tag": 2,
        "start_time": "0:00:02.900000",
        "word": "thing"
    },
    {
        "end_time": "0:00:03.700000",
        "speaker_tag": 2,
        "start_time": "0:00:03.100000",
        "word": "is"
    },
    {
        "end_time": "0:00:03.900000",
        "speaker_tag": 2,
        "start_time": "0:00:03.700000",
        "word": "an"
    },
    {
        "end_time": "0:00:04.300000",
        "speaker_tag": 2,
        "start_time": "0:00:03.900000",
        "word": "interview,"
    },
    {
        "end_time": "0:00:04.900000",
        "speaker_tag": 1,
        "start_time": "0:00:04.300000",
        "word": "so"
    },
    {
        "end_time": "0:00:05.200000",
        "speaker_tag": 1,
        "start_time": "0:00:04.900000",
        "word": "I'd"
    },
    {
        "end_time": "0:00:05.200000",
        "speaker_tag": 1,
        "start_time": "0:00:05.200000",
        "word": "like"
    },
    {
        "end_time": "0:00:05.400000",
        "speaker_tag": 1,
        "start_time": "0:00:05.200000",
        "word": "you"
    },
    {
        "end_time": "0:00:05.600000",
        "speaker_tag": 1,
        "start_time": "0:00:05.400000",
        "word": "to"
    },
    {
        "end_time": "0:00:05.700000",
        "speaker_tag": 1,
        "start_time": "0:00:05.600000",
        "word": "tell"
    },
    {
        "end_time": "0:00:05.800000",
        "speaker_tag": 1,
        "start_time": "0:00:05.700000",
        "word": "me"
    },
    {
        "end_time": "0:00:06.100000",
        "speaker_tag": 1,
        "start_time": "0:00:05.800000",
        "word": "about"
    },
    {
        "end_time": "0:00:06.400000",
        "speaker_tag": 1,
        "start_time": "0:00:06.100000",
        "word": "a"
    },
    {
        "end_time": "0:00:06.600000",
        "speaker_tag": 1,
        "start_time": "0:00:06.400000",
        "word": "trip"
    },
    {
        "end_time": "0:00:06.700000",
        "speaker_tag": 1,
        "start_time": "0:00:06.600000",
        "word": "or"
    },
    {
        "end_time": "0:00:06.800000",
        "speaker_tag": 1,
        "start_time": "0:00:06.700000",
        "word": "vacation"
    },
    {
        "end_time": "0:00:07.300000",
        "speaker_tag": 1,
        "start_time": "0:00:06.800000",
        "word": "that"
    },
    {
        "end_time": "0:00:07.500000",
        "speaker_tag": 1,
        "start_time": "0:00:07.300000",
        "word": "you've"
    },
    {
        "end_time": "0:00:07.700000",
        "speaker_tag": 1,
        "start_time": "0:00:07.500000",
        "word": "taken"
    },
    {
        "end_time": "0:00:08.500000",
        "speaker_tag": 1,
        "start_time": "0:00:07.700000",
        "word": "you"
    },
    {
        "end_time": "0:00:08.600000",
        "speaker_tag": 1,
        "start_time": "0:00:08.500000",
        "word": "can"
    },
    {
        "end_time": "0:00:08.900000",
        "speaker_tag": 1,
        "start_time": "0:00:08.600000",
        "word": "provide"
    },
    {
        "end_time": "0:00:09.100000",
        "speaker_tag": 1,
        "start_time": "0:00:08.900000",
        "word": "as"
    },
    {
        "end_time": "0:00:09.300000",
        "speaker_tag": 1,
        "start_time": "0:00:09.100000",
        "word": "many"
    },
    {
        "end_time": "0:00:09.500000",
        "speaker_tag": 1,
        "start_time": "0:00:09.300000",
        "word": "details"
    },
    {
        "end_time": "0:00:09.800000",
        "speaker_tag": 1,
        "start_time": "0:00:09.500000",
        "word": "as"
    },
    {
        "end_time": "0:00:10.200000",
        "speaker_tag": 1,
        "start_time": "0:00:09.800000",
        "word": "you"
    },
    {
        "end_time": "0:00:10.600000",
        "speaker_tag": 1,
        "start_time": "0:00:10.200000",
        "word": "want"
    },
    {
        "end_time": "0:00:10.800000",
        "speaker_tag": 1,
        "start_time": "0:00:10.600000",
        "word": "and"
    },
    {
        "end_time": "0:00:10.900000",
        "speaker_tag": 1,
        "start_time": "0:00:10.800000",
        "word": "you"
    },
    {
        "end_time": "0:00:11",
        "speaker_tag": 1,
        "start_time": "0:00:10.900000",
        "word": "have"
    },
    {
        "end_time": "0:00:11.200000",
        "speaker_tag": 1,
        "start_time": "0:00:11",
        "word": "5"
    },
    {
        "end_time": "0:00:11.300000",
        "speaker_tag": 1,
        "start_time": "0:00:11.200000",
        "word": "minutes"
    },
    {
        "end_time": "0:00:12.300000",
        "speaker_tag": 2,
        "start_time": "0:00:11.300000",
        "word": "are"
    },
    {
        "end_time": "0:00:12.400000",
        "speaker_tag": 2,
        "start_time": "0:00:12.300000",
        "word": "you"
    },
    {
        "end_time": "0:00:12.800000",
        "speaker_tag": 2,
        "start_time": "0:00:12.400000",
        "word": "ready"
    },
    {
        "end_time": "0:00:14.700000",
        "speaker_tag": 2,
        "start_time": "0:00:12.800000",
        "word": "I'm"
    },
    {
        "end_time": "0:00:15",
        "speaker_tag": 2,
        "start_time": "0:00:14.700000",
        "word": "the"
    },
    {
        "end_time": "0:00:15.300000",
        "speaker_tag": 2,
        "start_time": "0:00:15",
        "word": "last"
    },
    {
        "end_time": "0:00:15.500000",
        "speaker_tag": 2,
        "start_time": "0:00:15.300000",
        "word": "week"
    },
    {
        "end_time": "0:00:15.600000",
        "speaker_tag": 2,
        "start_time": "0:00:15.500000",
        "word": "of"
    },
    {
        "end_time": "0:00:15.700000",
        "speaker_tag": 2,
        "start_time": "0:00:15.600000",
        "word": "spring"
    },
    {
        "end_time": "0:00:15.900000",
        "speaker_tag": 2,
        "start_time": "0:00:15.700000",
        "word": "break"
    },
    {
        "end_time": "0:00:27.200000",
        "speaker_tag": 1,
        "start_time": "0:00:15.900000",
        "word": "at"
    },
    {
        "end_time": "0:00:27.400000",
        "speaker_tag": 1,
        "start_time": "0:00:27.200000",
        "word": "three"
    },
    {
        "end_time": "0:00:27.600000",
        "speaker_tag": 1,
        "start_time": "0:00:27.400000",
        "word": "different"
    },
    {
        "end_time": "0:00:28.100000",
        "speaker_tag": 1,
        "start_time": "0:00:27.600000",
        "word": "after"
    },
    {
        "end_time": "0:00:28.300000",
        "speaker_tag": 1,
        "start_time": "0:00:28.100000",
        "word": "school"
    },
    {
        "end_time": "0:00:28.900000",
        "speaker_tag": 1,
        "start_time": "0:00:28.300000",
        "word": "programs"
    },
    {
        "end_time": "0:00:38.500000",
        "speaker_tag": 2,
        "start_time": "0:00:28.900000",
        "word": "it's"
    },
    {
        "end_time": "0:00:38.700000",
        "speaker_tag": 2,
        "start_time": "0:00:38.500000",
        "word": "really"
    },
    {
        "end_time": "0:00:39",
        "speaker_tag": 2,
        "start_time": "0:00:38.700000",
        "word": "great"
    },
    {
        "end_time": "0:00:40.100000",
        "speaker_tag": 2,
        "start_time": "0:00:39",
        "word": "kids"
    },
    {
        "end_time": "0:00:41.800000",
        "speaker_tag": 1,
        "start_time": "0:00:40.100000",
        "word": "5th"
    },
    {
        "end_time": "0:00:42.200000",
        "speaker_tag": 1,
        "start_time": "0:00:41.800000",
        "word": "graders"
    },
    {
        "end_time": "0:00:42.300000",
        "speaker_tag": 1,
        "start_time": "0:00:42.200000",
        "word": "and"
    },
    {
        "end_time": "0:00:43.300000",
        "speaker_tag": 2,
        "start_time": "0:00:42.300000",
        "word": "after"
    },
    {
        "end_time": "0:00:43.500000",
        "speaker_tag": 2,
        "start_time": "0:00:43.300000",
        "word": "school"
    },
    {
        "end_time": "0:00:43.900000",
        "speaker_tag": 2,
        "start_time": "0:00:43.500000",
        "word": "program"
    },
    {
        "end_time": "0:00:53.600000",
        "speaker_tag": 1,
        "start_time": "0:00:53.200000",
        "word": "and"
    },
    {
        "end_time": "0:00:53.700000",
        "speaker_tag": 1,
        "start_time": "0:00:53.600000",
        "word": "then"
    },
    {
        "end_time": "0:00:53.800000",
        "speaker_tag": 1,
        "start_time": "0:00:53.700000",
        "word": "going"
    },
    {
        "end_time": "0:00:54",
        "speaker_tag": 1,
        "start_time": "0:00:53.800000",
        "word": "right"
    },
    {
        "end_time": "0:00:54.200000",
        "speaker_tag": 1,
        "start_time": "0:00:54",
        "word": "back"
    },
    {
        "end_time": "0:00:54.300000",
        "speaker_tag": 1,
        "start_time": "0:00:54.200000",
        "word": "to"
    },
    {
        "end_time": "0:00:54.400000",
        "speaker_tag": 1,
        "start_time": "0:00:54.300000",
        "word": "the"
    },
    {
        "end_time": "0:00:54.600000",
        "speaker_tag": 1,
        "start_time": "0:00:54.400000",
        "word": "Hobart"
    },
    {
        "end_time": "0:00:55",
        "speaker_tag": 1,
        "start_time": "0:00:54.600000",
        "word": "problem"
    },
    {
        "end_time": "0:00:55.100000",
        "speaker_tag": 1,
        "start_time": "0:00:55",
        "word": "but"
    },
    {
        "end_time": "0:00:55.400000",
        "speaker_tag": 1,
        "start_time": "0:00:55.100000",
        "word": "they"
    },
    {
        "end_time": "0:00:55.700000",
        "speaker_tag": 1,
        "start_time": "0:00:55.400000",
        "word": "haven't"
    },
    {
        "end_time": "0:00:55.900000",
        "speaker_tag": 1,
        "start_time": "0:00:55.700000",
        "word": "said"
    },
    {
        "end_time": "0:00:55.900000",
        "speaker_tag": 1,
        "start_time": "0:00:55.900000",
        "word": "anything"
    },
    {
        "end_time": "0:01:01.400000",
        "speaker_tag": 1,
        "start_time": "0:01:00.800000",
        "word": "I'm"
    },
    {
        "end_time": "0:01:01.800000",
        "speaker_tag": 1,
        "start_time": "0:01:01.400000",
        "word": "so"
    },
    {
        "end_time": "0:01:02",
        "speaker_tag": 1,
        "start_time": "0:01:01.800000",
        "word": "it"
    },
    {
        "end_time": "0:01:02.200000",
        "speaker_tag": 1,
        "start_time": "0:01:02",
        "word": "really"
    },
    {
        "end_time": "0:01:02.800000",
        "speaker_tag": 1,
        "start_time": "0:01:02.200000",
        "word": "start"
    },
    {
        "end_time": "0:01:03.200000",
        "speaker_tag": 1,
        "start_time": "0:01:02.800000",
        "word": "passion"
    },
    {
        "end_time": "0:01:21.400000",
        "speaker_tag": 2,
        "start_time": "0:01:21.100000",
        "word": "we"
    },
    {
        "end_time": "0:01:21.600000",
        "speaker_tag": 2,
        "start_time": "0:01:21.400000",
        "word": "also"
    },
    {
        "end_time": "0:01:21.800000",
        "speaker_tag": 2,
        "start_time": "0:01:21.600000",
        "word": "got"
    },
    {
        "end_time": "0:01:22",
        "speaker_tag": 2,
        "start_time": "0:01:21.800000",
        "word": "to"
    },
    {
        "end_time": "0:01:22.200000",
        "speaker_tag": 2,
        "start_time": "0:01:22",
        "word": "be"
    },
    {
        "end_time": "0:01:22.400000",
        "speaker_tag": 2,
        "start_time": "0:01:22.200000",
        "word": "me"
    },
    {
        "end_time": "0:01:23.200000",
        "speaker_tag": 2,
        "start_time": "0:01:22.400000",
        "word": "like"
    },
    {
        "end_time": "0:01:23.700000",
        "speaker_tag": 2,
        "start_time": "0:01:23.200000",
        "word": "a"
    },
    {
        "end_time": "0:01:23.900000",
        "speaker_tag": 2,
        "start_time": "0:01:23.700000",
        "word": "whole"
    },
    {
        "end_time": "0:01:23.900000",
        "speaker_tag": 2,
        "start_time": "0:01:23.900000",
        "word": "bunch"
    },
    {
        "end_time": "0:01:24.300000",
        "speaker_tag": 2,
        "start_time": "0:01:23.900000",
        "word": "of"
    },
    {
        "end_time": "0:01:28",
        "speaker_tag": 2,
        "start_time": "0:01:24.300000",
        "word": "places"
    },
    {
        "end_time": "0:01:28.400000",
        "speaker_tag": 2,
        "start_time": "0:01:28",
        "word": "where"
    },
    {
        "end_time": "0:01:29",
        "speaker_tag": 2,
        "start_time": "0:01:28.400000",
        "word": "they"
    },
    {
        "end_time": "0:01:29.200000",
        "speaker_tag": 2,
        "start_time": "0:01:29",
        "word": "hire"
    },
    {
        "end_time": "0:01:29.500000",
        "speaker_tag": 2,
        "start_time": "0:01:29.200000",
        "word": "a"
    },
    {
        "end_time": "0:01:29.500000",
        "speaker_tag": 2,
        "start_time": "0:01:29.500000",
        "word": "lot"
    },
    {
        "end_time": "0:01:36",
        "speaker_tag": 1,
        "start_time": "0:01:29.500000",
        "word": "of"
    },
    {
        "end_time": "0:01:36.200000",
        "speaker_tag": 1,
        "start_time": "0:01:36",
        "word": "them"
    },
    {
        "end_time": "0:01:36.400000",
        "speaker_tag": 1,
        "start_time": "0:01:36.200000",
        "word": "are"
    },
    {
        "end_time": "0:01:37.100000",
        "speaker_tag": 1,
        "start_time": "0:01:36.400000",
        "word": "hosted"
    },
    {
        "end_time": "0:01:37.200000",
        "speaker_tag": 1,
        "start_time": "0:01:37.100000",
        "word": "by"
    },
    {
        "end_time": "0:01:37.600000",
        "speaker_tag": 1,
        "start_time": "0:01:37.200000",
        "word": "on"
    },
    {
        "end_time": "0:01:37.700000",
        "speaker_tag": 1,
        "start_time": "0:01:37.600000",
        "word": "the"
    },
    {
        "end_time": "0:01:46.600000",
        "speaker_tag": 1,
        "start_time": "0:01:37.700000",
        "word": "Brazos"
    },
    {
        "end_time": "0:01:48.600000",
        "speaker_tag": 1,
        "start_time": "0:01:46.600000",
        "word": "Apartments"
    },
    {
        "end_time": "0:01:58.100000",
        "speaker_tag": 1,
        "start_time": "0:01:56.100000",
        "word": "beautiful"
    },
    {
        "end_time": "0:02:10.900000",
        "speaker_tag": 2,
        "start_time": "0:01:58.100000",
        "word": "beaches"
    },
    {
        "end_time": "0:02:23.900000",
        "speaker_tag": 2,
        "start_time": "0:02:23.300000",
        "word": "stayed"
    },
    {
        "end_time": "0:02:24",
        "speaker_tag": 2,
        "start_time": "0:02:23.900000",
        "word": "in"
    },
    {
        "end_time": "0:02:25.700000",
        "speaker_tag": 2,
        "start_time": "0:02:24",
        "word": "the"
    },
    {
        "end_time": "0:02:26.100000",
        "speaker_tag": 2,
        "start_time": "0:02:25.700000",
        "word": "church"
    },
    {
        "end_time": "0:02:26.900000",
        "speaker_tag": 2,
        "start_time": "0:02:26.100000",
        "word": "on"
    },
    {
        "end_time": "0:02:27.700000",
        "speaker_tag": 2,
        "start_time": "0:02:26.900000",
        "word": "the"
    },
    {
        "end_time": "0:02:28",
        "speaker_tag": 2,
        "start_time": "0:02:27.700000",
        "word": "couch"
    },
    {
        "end_time": "0:02:36.800000",
        "speaker_tag": 1,
        "start_time": "0:02:28",
        "word": "but"
    },
    {
        "end_time": "0:02:37.200000",
        "speaker_tag": 1,
        "start_time": "0:02:36.800000",
        "word": "I'll"
    },
    {
        "end_time": "0:02:37.400000",
        "speaker_tag": 1,
        "start_time": "0:02:37.200000",
        "word": "be"
    },
    {
        "end_time": "0:02:37.600000",
        "speaker_tag": 1,
        "start_time": "0:02:37.400000",
        "word": "back"
    },
    {
        "end_time": "0:02:42.800000",
        "speaker_tag": 2,
        "start_time": "0:02:37.600000",
        "word": "so"
    },
    {
        "end_time": "0:02:47.600000",
        "speaker_tag": 1,
        "start_time": "0:02:44.300000",
        "word": "he"
    },
    {
        "end_time": "0:02:47.900000",
        "speaker_tag": 1,
        "start_time": "0:02:47.600000",
        "word": "seemed"
    },
    {
        "end_time": "0:02:48.700000",
        "speaker_tag": 1,
        "start_time": "0:02:47.900000",
        "word": "just"
    },
    {
        "end_time": "0:02:48.900000",
        "speaker_tag": 1,
        "start_time": "0:02:48.700000",
        "word": "go"
    },
    {
        "end_time": "0:02:49.100000",
        "speaker_tag": 1,
        "start_time": "0:02:48.900000",
        "word": "as"
    },
    {
        "end_time": "0:02:49.200000",
        "speaker_tag": 1,
        "start_time": "0:02:49.100000",
        "word": "long"
    },
    {
        "end_time": "0:02:49.400000",
        "speaker_tag": 1,
        "start_time": "0:02:49.200000",
        "word": "as"
    },
    {
        "end_time": "0:02:49.600000",
        "speaker_tag": 1,
        "start_time": "0:02:49.400000",
        "word": "you"
    },
    {
        "end_time": "0:02:49.700000",
        "speaker_tag": 1,
        "start_time": "0:02:49.600000",
        "word": "can"
    },
    {
        "end_time": "0:02:53.600000",
        "speaker_tag": 2,
        "start_time": "0:02:51",
        "word": "everything's"
    },
    {
        "end_time": "0:02:53.800000",
        "speaker_tag": 2,
        "start_time": "0:02:53.600000",
        "word": "irie"
    },
    {
        "end_time": "0:02:54.200000",
        "speaker_tag": 2,
        "start_time": "0:02:53.800000",
        "word": "that"
    },
    {
        "end_time": "0:02:54.700000",
        "speaker_tag": 2,
        "start_time": "0:02:54.200000",
        "word": "Saturday"
    },
    {
        "end_time": "0:02:54.900000",
        "speaker_tag": 2,
        "start_time": "0:02:54.700000",
        "word": "is"
    },
    {
        "end_time": "0:02:54.900000",
        "speaker_tag": 2,
        "start_time": "0:02:54.900000",
        "word": "a"
    },
    {
        "end_time": "0:02:55.400000",
        "speaker_tag": 2,
        "start_time": "0:02:54.900000",
        "word": "15"
    },
    {
        "end_time": "0:02:55.500000",
        "speaker_tag": 2,
        "start_time": "0:02:55.400000",
        "word": "hour"
    },
    {
        "end_time": "0:02:55.700000",
        "speaker_tag": 2,
        "start_time": "0:02:55.500000",
        "word": "drive"
    },
    {
        "end_time": "0:03:04.100000",
        "speaker_tag": 1,
        "start_time": "0:03:03",
        "word": "why"
    },
    {
        "end_time": "0:03:04.500000",
        "speaker_tag": 1,
        "start_time": "0:03:04.100000",
        "word": "try"
    },
    {
        "end_time": "0:03:04.500000",
        "speaker_tag": 1,
        "start_time": "0:03:04.500000",
        "word": "to"
    },
    {
        "end_time": "0:03:04.800000",
        "speaker_tag": 1,
        "start_time": "0:03:04.500000",
        "word": "get"
    },
    {
        "end_time": "0:03:05",
        "speaker_tag": 1,
        "start_time": "0:03:04.800000",
        "word": "people"
    },
    {
        "end_time": "0:03:05.700000",
        "speaker_tag": 2,
        "start_time": "0:03:05",
        "word": "and"
    },
    {
        "end_time": "0:03:05.900000",
        "speaker_tag": 2,
        "start_time": "0:03:05.700000",
        "word": "you"
    },
    {
        "end_time": "0:03:06",
        "speaker_tag": 2,
        "start_time": "0:03:05.900000",
        "word": "know"
    },
    {
        "end_time": "0:03:06.300000",
        "speaker_tag": 2,
        "start_time": "0:03:06",
        "word": "not"
    },
    {
        "end_time": "0:03:06.700000",
        "speaker_tag": 2,
        "start_time": "0:03:06.300000",
        "word": "had"
    },
    {
        "end_time": "0:03:06.800000",
        "speaker_tag": 2,
        "start_time": "0:03:06.700000",
        "word": "a"
    },
    {
        "end_time": "0:03:07",
        "speaker_tag": 2,
        "start_time": "0:03:06.800000",
        "word": "few"
    },
    {
        "end_time": "0:03:07.200000",
        "speaker_tag": 2,
        "start_time": "0:03:07",
        "word": "different"
    },
    {
        "end_time": "0:03:08.600000",
        "speaker_tag": 1,
        "start_time": "0:03:07.200000",
        "word": "political"
    },
    {
        "end_time": "0:03:09.200000",
        "speaker_tag": 1,
        "start_time": "0:03:08.600000",
        "word": "news"
    },
    {
        "end_time": "0:03:40.200000",
        "speaker_tag": 1,
        "start_time": "0:03:09.200000",
        "word": "very"
    },
    {
        "end_time": "0:03:40.400000",
        "speaker_tag": 1,
        "start_time": "0:03:40.200000",
        "word": "good"
    },
    {
        "end_time": "0:03:42.100000",
        "speaker_tag": 1,
        "start_time": "0:03:40.400000",
        "word": "nursing"
    },
    {
        "end_time": "0:03:43.700000",
        "speaker_tag": 1,
        "start_time": "0:03:43",
        "word": "I"
    },
    {
        "end_time": "0:03:44.700000",
        "speaker_tag": 1,
        "start_time": "0:03:43.700000",
        "word": "love"
    },
    {
        "end_time": "0:03:44.900000",
        "speaker_tag": 1,
        "start_time": "0:03:44.700000",
        "word": "you"
    },
    {
        "end_time": "0:03:45",
        "speaker_tag": 1,
        "start_time": "0:03:44.900000",
        "word": "in"
    },
    {
        "end_time": "0:03:45.500000",
        "speaker_tag": 1,
        "start_time": "0:03:45",
        "word": "Greek"
    },
    {
        "end_time": "0:03:58.200000",
        "speaker_tag": 2,
        "start_time": "0:03:56.100000",
        "word": "MLK"
    },
    {
        "end_time": "0:03:58.500000",
        "speaker_tag": 2,
        "start_time": "0:03:58.200000",
        "word": "house"
    },
    {
        "end_time": "0:04:19.500000",
        "speaker_tag": 2,
        "start_time": "0:04:18.600000",
        "word": "stop."
    },
    {
        "end_time": "0:04:19.700000",
        "speaker_tag": 2,
        "start_time": "0:04:19.500000",
        "word": "You"
    },
    {
        "end_time": "0:04:19.700000",
        "speaker_tag": 2,
        "start_time": "0:04:19.700000",
        "word": "know"
    },
    {
        "end_time": "0:04:19.900000",
        "speaker_tag": 2,
        "start_time": "0:04:19.700000",
        "word": "I"
    },
    {
        "end_time": "0:04:20.200000",
        "speaker_tag": 2,
        "start_time": "0:04:19.900000",
        "word": "thought"
    },
    {
        "end_time": "0:04:20.400000",
        "speaker_tag": 2,
        "start_time": "0:04:20.200000",
        "word": "that"
    },
    {
        "end_time": "0:04:21.700000",
        "speaker_tag": 2,
        "start_time": "0:04:20.400000",
        "word": "or"
    },
    {
        "end_time": "0:04:21.900000",
        "speaker_tag": 2,
        "start_time": "0:04:21.700000",
        "word": "whatever"
    },
    {
        "end_time": "0:04:34.300000",
        "speaker_tag": 2,
        "start_time": "0:04:21.900000",
        "word": "show"
    },
    {
        "end_time": "0:04:34.400000",
        "speaker_tag": 2,
        "start_time": "0:04:34.300000",
        "word": "me"
    },
    {
        "end_time": "0:04:34.900000",
        "speaker_tag": 2,
        "start_time": "0:04:34.400000",
        "word": "that."
    },
    {
        "end_time": "0:04:37.900000",
        "speaker_tag": 2,
        "start_time": "0:04:34.900000",
        "word": "I"
    },
    {
        "end_time": "0:04:38.100000",
        "speaker_tag": 2,
        "start_time": "0:04:37.900000",
        "word": "don't"
    },
    {
        "end_time": "0:04:38.300000",
        "speaker_tag": 2,
        "start_time": "0:04:38.100000",
        "word": "want"
    },
    {
        "end_time": "0:04:38.300000",
        "speaker_tag": 2,
        "start_time": "0:04:38.300000",
        "word": "to"
    },
    {
        "end_time": "0:04:38.500000",
        "speaker_tag": 2,
        "start_time": "0:04:38.300000",
        "word": "be"
    },
    {
        "end_time": "0:04:58.300000",
        "speaker_tag": 2,
        "start_time": "0:04:38.500000",
        "word": "spread"
    },
    {
        "end_time": "0:04:58.700000",
        "speaker_tag": 2,
        "start_time": "0:04:58.300000",
        "word": "by"
    },
    {
        "end_time": "0:04:59.100000",
        "speaker_tag": 2,
        "start_time": "0:04:58.700000",
        "word": "not"
    },
    {
        "end_time": "0:04:59.300000",
        "speaker_tag": 2,
        "start_time": "0:04:59.100000",
        "word": "knowing"
    },
    {
        "end_time": "0:04:59.800000",
        "speaker_tag": 1,
        "start_time": "0:04:59.300000",
        "word": "the"
    },
    {
        "end_time": "0:05:07.400000",
        "speaker_tag": 2,
        "start_time": "0:04:59.800000",
        "word": "language"
    },
    {
        "end_time": "0:05:07.500000",
        "speaker_tag": 2,
        "start_time": "0:05:07.400000",
        "word": "that"
    },
    {
        "end_time": "0:05:07.700000",
        "speaker_tag": 2,
        "start_time": "0:05:07.500000",
        "word": "was"
    },
    {
        "end_time": "0:05:07.800000",
        "speaker_tag": 2,
        "start_time": "0:05:07.700000",
        "word": "a"
    },
    {
        "end_time": "0:05:08.400000",
        "speaker_tag": 2,
        "start_time": "0:05:07.800000",
        "word": "continent"
    },
    {
        "end_time": "0:05:20",
        "speaker_tag": 1,
        "start_time": "0:05:19.600000",
        "word": "and"
    },
    {
        "end_time": "0:05:20.200000",
        "speaker_tag": 1,
        "start_time": "0:05:20",
        "word": "now"
    },
    {
        "end_time": "0:05:20.400000",
        "speaker_tag": 1,
        "start_time": "0:05:20.200000",
        "word": "on"
    },
    {
        "end_time": "0:05:20.500000",
        "speaker_tag": 1,
        "start_time": "0:05:20.400000",
        "word": "to"
    },
    {
        "end_time": "0:05:20.700000",
        "speaker_tag": 1,
        "start_time": "0:05:20.500000",
        "word": "the"
    },
    {
        "end_time": "0:05:21",
        "speaker_tag": 1,
        "start_time": "0:05:20.700000",
        "word": "next"
    },
    {
        "end_time": "0:05:21.200000",
        "speaker_tag": 1,
        "start_time": "0:05:21",
        "word": "question"
    },
    {
        "end_time": "0:05:23.300000",
        "speaker_tag": 1,
        "start_time": "0:05:22.800000",
        "word": "please"
    },
    {
        "end_time": "0:05:23.600000",
        "speaker_tag": 1,
        "start_time": "0:05:23.300000",
        "word": "explain"
    },
    {
        "end_time": "0:05:23.900000",
        "speaker_tag": 1,
        "start_time": "0:05:23.600000",
        "word": "how"
    },
    {
        "end_time": "0:05:24",
        "speaker_tag": 1,
        "start_time": "0:05:23.900000",
        "word": "you"
    },
    {
        "end_time": "0:05:24.300000",
        "speaker_tag": 1,
        "start_time": "0:05:24",
        "word": "make"
    },
    {
        "end_time": "0:05:24.400000",
        "speaker_tag": 1,
        "start_time": "0:05:24.300000",
        "word": "the"
    },
    {
        "end_time": "0:05:24.700000",
        "speaker_tag": 1,
        "start_time": "0:05:24.400000",
        "word": "following"
    },
    {
        "end_time": "0:05:24.900000",
        "speaker_tag": 1,
        "start_time": "0:05:24.700000",
        "word": "yo"
    },
    {
        "end_time": "0:05:25.800000",
        "speaker_tag": 1,
        "start_time": "0:05:24.900000",
        "word": "step-by-step"
    },
    {
        "end_time": "0:05:26.500000",
        "speaker_tag": 2,
        "start_time": "0:05:25.800000",
        "word": "a"
    },
    {
        "end_time": "0:05:26.700000",
        "speaker_tag": 2,
        "start_time": "0:05:26.500000",
        "word": "cup"
    },
    {
        "end_time": "0:05:26.800000",
        "speaker_tag": 2,
        "start_time": "0:05:26.700000",
        "word": "of"
    },
    {
        "end_time": "0:05:27",
        "speaker_tag": 2,
        "start_time": "0:05:26.800000",
        "word": "coffee"
    },
    {
        "end_time": "0:05:28.300000",
        "speaker_tag": 2,
        "start_time": "0:05:27",
        "word": "scrambled"
    },
    {
        "end_time": "0:05:28.700000",
        "speaker_tag": 2,
        "start_time": "0:05:28.300000",
        "word": "eggs"
    },
    {
        "end_time": "0:05:29.300000",
        "speaker_tag": 2,
        "start_time": "0:05:28.700000",
        "word": "and"
    },
    {
        "end_time": "0:05:29.300000",
        "speaker_tag": 2,
        "start_time": "0:05:29.300000",
        "word": "the"
    },
    {
        "end_time": "0:05:29.600000",
        "speaker_tag": 2,
        "start_time": "0:05:29.300000",
        "word": "ball"
    },
    {
        "end_time": "0:05:29.800000",
        "speaker_tag": 2,
        "start_time": "0:05:29.600000",
        "word": "through"
    },
    {
        "end_time": "0:05:31",
        "speaker_tag": 2,
        "start_time": "0:05:29.800000",
        "word": "pretend"
    },
    {
        "end_time": "0:05:31.100000",
        "speaker_tag": 2,
        "start_time": "0:05:31",
        "word": "I"
    },
    {
        "end_time": "0:05:31.200000",
        "speaker_tag": 2,
        "start_time": "0:05:31.100000",
        "word": "do"
    },
    {
        "end_time": "0:05:31.400000",
        "speaker_tag": 2,
        "start_time": "0:05:31.200000",
        "word": "not"
    },
    {
        "end_time": "0:05:31.500000",
        "speaker_tag": 2,
        "start_time": "0:05:31.400000",
        "word": "know"
    },
    {
        "end_time": "0:05:31.700000",
        "speaker_tag": 2,
        "start_time": "0:05:31.500000",
        "word": "how"
    },
    {
        "end_time": "0:05:31.700000",
        "speaker_tag": 2,
        "start_time": "0:05:31.700000",
        "word": "to"
    },
    {
        "end_time": "0:05:32",
        "speaker_tag": 2,
        "start_time": "0:05:31.700000",
        "word": "make"
    },
    {
        "end_time": "0:05:32.100000",
        "speaker_tag": 2,
        "start_time": "0:05:32",
        "word": "the"
    },
    {
        "end_time": "0:05:32.400000",
        "speaker_tag": 2,
        "start_time": "0:05:32.100000",
        "word": "meal"
    },
    {
        "end_time": "0:05:32.600000",
        "speaker_tag": 1,
        "start_time": "0:05:32.400000",
        "word": "and"
    },
    {
        "end_time": "0:05:33",
        "speaker_tag": 1,
        "start_time": "0:05:32.600000",
        "word": "provide"
    },
    {
        "end_time": "0:05:33.500000",
        "speaker_tag": 1,
        "start_time": "0:05:33",
        "word": "details"
    },
    {
        "end_time": "0:05:33.700000",
        "speaker_tag": 1,
        "start_time": "0:05:33.500000",
        "word": "you"
    },
    {
        "end_time": "0:05:33.900000",
        "speaker_tag": 1,
        "start_time": "0:05:33.700000",
        "word": "have"
    },
    {
        "end_time": "0:05:34.100000",
        "speaker_tag": 1,
        "start_time": "0:05:33.900000",
        "word": "5"
    },
    {
        "end_time": "0:05:34.200000",
        "speaker_tag": 1,
        "start_time": "0:05:34.100000",
        "word": "minutes"
    },
    {
        "end_time": "0:05:34.600000",
        "speaker_tag": 2,
        "start_time": "0:05:34.200000",
        "word": "to"
    },
    {
        "end_time": "0:05:36.200000",
        "speaker_tag": 2,
        "start_time": "0:05:34.600000",
        "word": "ready"
    },
    {
        "end_time": "0:05:40.500000",
        "speaker_tag": 2,
        "start_time": "0:05:36.200000",
        "word": "hockey"
    },
    {
        "end_time": "0:05:56.500000",
        "speaker_tag": 2,
        "start_time": "0:05:56.100000",
        "word": "you"
    },
    {
        "end_time": "0:05:56.800000",
        "speaker_tag": 2,
        "start_time": "0:05:56.500000",
        "word": "put"
    },
    {
        "end_time": "0:05:56.900000",
        "speaker_tag": 2,
        "start_time": "0:05:56.800000",
        "word": "that"
    },
    {
        "end_time": "0:05:57.700000",
        "speaker_tag": 2,
        "start_time": "0:05:56.900000",
        "word": "down"
    },
    {
        "end_time": "0:05:58.600000",
        "speaker_tag": 2,
        "start_time": "0:05:57.700000",
        "word": "and"
    },
    {
        "end_time": "0:05:58.800000",
        "speaker_tag": 2,
        "start_time": "0:05:58.600000",
        "word": "grab"
    },
    {
        "end_time": "0:05:58.900000",
        "speaker_tag": 2,
        "start_time": "0:05:58.800000",
        "word": "your"
    },
    {
        "end_time": "0:05:59.100000",
        "speaker_tag": 2,
        "start_time": "0:05:58.900000",
        "word": "bag"
    },
    {
        "end_time": "0:05:59.300000",
        "speaker_tag": 2,
        "start_time": "0:05:59.100000",
        "word": "of"
    },
    {
        "end_time": "0:05:59.500000",
        "speaker_tag": 2,
        "start_time": "0:05:59.300000",
        "word": "coffee"
    },
    {
        "end_time": "0:06:00.400000",
        "speaker_tag": 1,
        "start_time": "0:05:59.500000",
        "word": "preferably"
    },
    {
        "end_time": "0:06:00.700000",
        "speaker_tag": 1,
        "start_time": "0:06:00.400000",
        "word": "out"
    },
    {
        "end_time": "0:06:00.700000",
        "speaker_tag": 1,
        "start_time": "0:06:00.700000",
        "word": "of"
    },
    {
        "end_time": "0:06:00.800000",
        "speaker_tag": 1,
        "start_time": "0:06:00.700000",
        "word": "the"
    },
    {
        "end_time": "0:06:01.200000",
        "speaker_tag": 1,
        "start_time": "0:06:00.800000",
        "word": "freezer"
    },
    {
        "end_time": "0:06:02.600000",
        "speaker_tag": 2,
        "start_time": "0:06:01.200000",
        "word": "like"
    },
    {
        "end_time": "0:06:02.800000",
        "speaker_tag": 2,
        "start_time": "0:06:02.600000",
        "word": "that"
    },
    {
        "end_time": "0:06:09.200000",
        "speaker_tag": 1,
        "start_time": "0:06:02.800000",
        "word": "I"
    },
    {
        "end_time": "0:06:10.300000",
        "speaker_tag": 1,
        "start_time": "0:06:09.200000",
        "word": "got"
    },
    {
        "end_time": "0:06:10.600000",
        "speaker_tag": 1,
        "start_time": "0:06:10.300000",
        "word": "to"
    },
    {
        "end_time": "0:06:28.800000",
        "speaker_tag": 1,
        "start_time": "0:06:11.900000",
        "word": "how"
    },
    {
        "end_time": "0:06:37.200000",
        "speaker_tag": 1,
        "start_time": "0:06:28.800000",
        "word": "to"
    },
    {
        "end_time": "0:06:37.300000",
        "speaker_tag": 1,
        "start_time": "0:06:37.200000",
        "word": "pick"
    },
    {
        "end_time": "0:06:37.400000",
        "speaker_tag": 1,
        "start_time": "0:06:37.300000",
        "word": "the"
    },
    {
        "end_time": "0:06:37.500000",
        "speaker_tag": 1,
        "start_time": "0:06:37.400000",
        "word": "right"
    },
    {
        "end_time": "0:06:37.700000",
        "speaker_tag": 1,
        "start_time": "0:06:37.500000",
        "word": "of"
    },
    {
        "end_time": "0:06:37.800000",
        "speaker_tag": 1,
        "start_time": "0:06:37.700000",
        "word": "the"
    },
    {
        "end_time": "0:06:38.100000",
        "speaker_tag": 1,
        "start_time": "0:06:37.800000",
        "word": "cough"
    },
    {
        "end_time": "0:06:38.400000",
        "speaker_tag": 1,
        "start_time": "0:06:38.100000",
        "word": "but"
    },
    {
        "end_time": "0:06:50.500000",
        "speaker_tag": 1,
        "start_time": "0:06:38.400000",
        "word": "not"
    },
    {
        "end_time": "0:06:50.700000",
        "speaker_tag": 1,
        "start_time": "0:06:50.500000",
        "word": "too"
    },
    {
        "end_time": "0:06:50.800000",
        "speaker_tag": 1,
        "start_time": "0:06:50.700000",
        "word": "much"
    },
    {
        "end_time": "0:06:56.700000",
        "speaker_tag": 2,
        "start_time": "0:06:50.800000",
        "word": "coffee"
    },
    {
        "end_time": "0:06:57.600000",
        "speaker_tag": 2,
        "start_time": "0:06:56.700000",
        "word": "eggs"
    },
    {
        "end_time": "0:06:58.700000",
        "speaker_tag": 2,
        "start_time": "0:06:57.600000",
        "word": "so"
    },
    {
        "end_time": "0:07:00",
        "speaker_tag": 2,
        "start_time": "0:06:58.700000",
        "word": "prefer"
    },
    {
        "end_time": "0:07:00.200000",
        "speaker_tag": 2,
        "start_time": "0:07:00",
        "word": "not"
    },
    {
        "end_time": "0:07:00.400000",
        "speaker_tag": 2,
        "start_time": "0:07:00.200000",
        "word": "to"
    },
    {
        "end_time": "0:07:00.600000",
        "speaker_tag": 2,
        "start_time": "0:07:00.400000",
        "word": "make"
    },
    {
        "end_time": "0:07:01.100000",
        "speaker_tag": 2,
        "start_time": "0:07:00.600000",
        "word": "eggs"
    },
    {
        "end_time": "0:07:12.600000",
        "speaker_tag": 2,
        "start_time": "0:07:12",
        "word": "Carnival"
    },
    {
        "end_time": "0:07:24.200000",
        "speaker_tag": 1,
        "start_time": "0:07:12.600000",
        "word": "Sunshine"
    },
    {
        "end_time": "0:07:28.600000",
        "speaker_tag": 2,
        "start_time": "0:07:26.600000",
        "word": "dad"
    },
    {
        "end_time": "0:07:28.700000",
        "speaker_tag": 2,
        "start_time": "0:07:28.600000",
        "word": "at"
    },
    {
        "end_time": "0:07:28.900000",
        "speaker_tag": 2,
        "start_time": "0:07:28.700000",
        "word": "the"
    },
    {
        "end_time": "0:07:29.400000",
        "speaker_tag": 2,
        "start_time": "0:07:28.900000",
        "word": "scrambled"
    },
    {
        "end_time": "0:07:29.600000",
        "speaker_tag": 2,
        "start_time": "0:07:29.400000",
        "word": "egg"
    },
    {
        "end_time": "0:07:31.900000",
        "speaker_tag": 1,
        "start_time": "0:07:29.600000",
        "word": "and"
    },
    {
        "end_time": "0:07:32.200000",
        "speaker_tag": 1,
        "start_time": "0:07:31.900000",
        "word": "then"
    },
    {
        "end_time": "0:07:32.400000",
        "speaker_tag": 1,
        "start_time": "0:07:32.200000",
        "word": "put"
    },
    {
        "end_time": "0:07:32.500000",
        "speaker_tag": 1,
        "start_time": "0:07:32.400000",
        "word": "it"
    },
    {
        "end_time": "0:07:32.700000",
        "speaker_tag": 1,
        "start_time": "0:07:32.500000",
        "word": "in"
    },
    {
        "end_time": "0:07:32.700000",
        "speaker_tag": 1,
        "start_time": "0:07:32.700000",
        "word": "the"
    },
    {
        "end_time": "0:07:33.200000",
        "speaker_tag": 1,
        "start_time": "0:07:32.700000",
        "word": "pan"
    },
    {
        "end_time": "0:07:49.700000",
        "speaker_tag": 1,
        "start_time": "0:07:48",
        "word": "they're"
    },
    {
        "end_time": "0:07:50",
        "speaker_tag": 1,
        "start_time": "0:07:49.700000",
        "word": "all"
    },
    {
        "end_time": "0:07:50.500000",
        "speaker_tag": 1,
        "start_time": "0:07:50",
        "word": "good."
    },
    {
        "end_time": "0:07:51.100000",
        "speaker_tag": 1,
        "start_time": "0:07:50.500000",
        "word": "No"
    },
    {
        "end_time": "0:07:51.400000",
        "speaker_tag": 1,
        "start_time": "0:07:51.100000",
        "word": "longer"
    },
    {
        "end_time": "0:07:51.700000",
        "speaker_tag": 1,
        "start_time": "0:07:51.400000",
        "word": "to"
    },
    {
        "end_time": "0:07:52.600000",
        "speaker_tag": 1,
        "start_time": "0:07:51.700000",
        "word": "gooey."
    },
    {
        "end_time": "0:07:53.100000",
        "speaker_tag": 1,
        "start_time": "0:07:52.600000",
        "word": "Fluffy"
    },
    {
        "end_time": "0:08:02.600000",
        "speaker_tag": 1,
        "start_time": "0:07:53.100000",
        "word": "in"
    },
    {
        "end_time": "0:08:02.700000",
        "speaker_tag": 1,
        "start_time": "0:08:02.600000",
        "word": "a"
    },
    {
        "end_time": "0:08:02.900000",
        "speaker_tag": 1,
        "start_time": "0:08:02.700000",
        "word": "bowl"
    },
    {
        "end_time": "0:08:03",
        "speaker_tag": 1,
        "start_time": "0:08:02.900000",
        "word": "of"
    },
    {
        "end_time": "0:08:03.400000",
        "speaker_tag": 1,
        "start_time": "0:08:03",
        "word": "fruit"
    },
    {
        "end_time": "0:08:04",
        "speaker_tag": 1,
        "start_time": "0:08:03.400000",
        "word": "painting"
    },
    {
        "end_time": "0:08:04.200000",
        "speaker_tag": 1,
        "start_time": "0:08:04",
        "word": "on"
    },
    {
        "end_time": "0:08:04.200000",
        "speaker_tag": 1,
        "start_time": "0:08:04.200000",
        "word": "the"
    },
    {
        "end_time": "0:08:04.500000",
        "speaker_tag": 1,
        "start_time": "0:08:04.200000",
        "word": "group"
    },
    {
        "end_time": "0:08:04.600000",
        "speaker_tag": 1,
        "start_time": "0:08:04.500000",
        "word": "that"
    },
    {
        "end_time": "0:08:04.700000",
        "speaker_tag": 1,
        "start_time": "0:08:04.600000",
        "word": "she"
    },
    {
        "end_time": "0:08:06.900000",
        "speaker_tag": 2,
        "start_time": "0:08:04.700000",
        "word": "washed"
    },
    {
        "end_time": "0:08:06.900000",
        "speaker_tag": 2,
        "start_time": "0:08:06.900000",
        "word": "it"
    },
    {
        "end_time": "0:08:07.600000",
        "speaker_tag": 2,
        "start_time": "0:08:06.900000",
        "word": "and"
    },
    {
        "end_time": "0:08:07.900000",
        "speaker_tag": 2,
        "start_time": "0:08:07.600000",
        "word": "then"
    },
    {
        "end_time": "0:08:25",
        "speaker_tag": 1,
        "start_time": "0:08:07.900000",
        "word": "sliced"
    },
    {
        "end_time": "0:08:25.100000",
        "speaker_tag": 1,
        "start_time": "0:08:25",
        "word": "you"
    },
    {
        "end_time": "0:08:25.300000",
        "speaker_tag": 1,
        "start_time": "0:08:25.100000",
        "word": "like"
    },
    {
        "end_time": "0:08:25.500000",
        "speaker_tag": 1,
        "start_time": "0:08:25.300000",
        "word": "your"
    },
    {
        "end_time": "0:08:25.800000",
        "speaker_tag": 1,
        "start_time": "0:08:25.500000",
        "word": "fruit"
    },
    {
        "end_time": "0:08:26.200000",
        "speaker_tag": 1,
        "start_time": "0:08:25.800000",
        "word": "will"
    },
    {
        "end_time": "0:08:26.500000",
        "speaker_tag": 1,
        "start_time": "0:08:26.200000",
        "word": "put"
    },
    {
        "end_time": "0:08:26.600000",
        "speaker_tag": 1,
        "start_time": "0:08:26.500000",
        "word": "it"
    },
    {
        "end_time": "0:08:26.700000",
        "speaker_tag": 1,
        "start_time": "0:08:26.600000",
        "word": "in"
    },
    {
        "end_time": "0:08:26.900000",
        "speaker_tag": 1,
        "start_time": "0:08:26.700000",
        "word": "there"
    },
    {
        "end_time": "0:08:27.500000",
        "speaker_tag": 1,
        "start_time": "0:08:26.900000",
        "word": "I'm"
    },
    {
        "end_time": "0:08:27.800000",
        "speaker_tag": 1,
        "start_time": "0:08:27.500000",
        "word": "going"
    },
    {
        "end_time": "0:08:27.900000",
        "speaker_tag": 1,
        "start_time": "0:08:27.800000",
        "word": "to"
    },
    {
        "end_time": "0:08:28.600000",
        "speaker_tag": 1,
        "start_time": "0:08:27.900000",
        "word": "appeal"
    },
    {
        "end_time": "0:08:28.800000",
        "speaker_tag": 1,
        "start_time": "0:08:28.600000",
        "word": "it"
    },
    {
        "end_time": "0:08:29.600000",
        "speaker_tag": 2,
        "start_time": "0:08:28.800000",
        "word": "and"
    },
    {
        "end_time": "0:08:30.100000",
        "speaker_tag": 2,
        "start_time": "0:08:29.600000",
        "word": "then"
    },
    {
        "end_time": "0:08:38.600000",
        "speaker_tag": 1,
        "start_time": "0:08:30.100000",
        "word": "it'll"
    },
    {
        "end_time": "0:08:38.800000",
        "speaker_tag": 1,
        "start_time": "0:08:38.600000",
        "word": "take"
    },
    {
        "end_time": "0:08:39",
        "speaker_tag": 1,
        "start_time": "0:08:38.800000",
        "word": "some"
    },
    {
        "end_time": "0:08:39.300000",
        "speaker_tag": 1,
        "start_time": "0:08:39",
        "word": "crepes"
    },
    {
        "end_time": "0:08:48.100000",
        "speaker_tag": 1,
        "start_time": "0:08:47.700000",
        "word": "show"
    },
    {
        "end_time": "0:08:48.400000",
        "speaker_tag": 1,
        "start_time": "0:08:48.100000",
        "word": "me"
    },
    {
        "end_time": "0:08:48.700000",
        "speaker_tag": 1,
        "start_time": "0:08:48.400000",
        "word": "the"
    },
    {
        "end_time": "0:08:49",
        "speaker_tag": 1,
        "start_time": "0:08:48.700000",
        "word": "line"
    },
    {
        "end_time": "0:08:49.700000",
        "speaker_tag": 2,
        "start_time": "0:08:49",
        "word": "whatever"
    },
    {
        "end_time": "0:08:49.800000",
        "speaker_tag": 2,
        "start_time": "0:08:49.700000",
        "word": "it"
    },
    {
        "end_time": "0:08:50.200000",
        "speaker_tag": 2,
        "start_time": "0:08:49.800000",
        "word": "called"
    },
    {
        "end_time": "0:09:02.500000",
        "speaker_tag": 1,
        "start_time": "0:08:50.200000",
        "word": "at"
    },
    {
        "end_time": "0:09:02.600000",
        "speaker_tag": 1,
        "start_time": "0:09:02.500000",
        "word": "the"
    },
    {
        "end_time": "0:09:02.800000",
        "speaker_tag": 1,
        "start_time": "0:09:02.600000",
        "word": "house"
    },
    {
        "end_time": "0:09:02.900000",
        "speaker_tag": 1,
        "start_time": "0:09:02.800000",
        "word": "in"
    },
    {
        "end_time": "0:09:03",
        "speaker_tag": 1,
        "start_time": "0:09:02.900000",
        "word": "a"
    },
    {
        "end_time": "0:09:03.200000",
        "speaker_tag": 1,
        "start_time": "0:09:03",
        "word": "bowl"
    },
    {
        "end_time": "0:09:05.600000",
        "speaker_tag": 1,
        "start_time": "0:09:03.200000",
        "word": "of"
    },
    {
        "end_time": "0:09:06.200000",
        "speaker_tag": 1,
        "start_time": "0:09:05.600000",
        "word": "fruit"
    },
    {
        "end_time": "0:09:20.200000",
        "speaker_tag": 2,
        "start_time": "0:09:06.200000",
        "word": "you"
    },
    {
        "end_time": "0:09:20.700000",
        "speaker_tag": 2,
        "start_time": "0:09:20.200000",
        "word": "can"
    },
    {
        "end_time": "0:09:22.200000",
        "speaker_tag": 2,
        "start_time": "0:09:20.700000",
        "word": "approve"
    },
    {
        "end_time": "0:09:23.200000",
        "speaker_tag": 2,
        "start_time": "0:09:22.200000",
        "word": "a"
    },
    {
        "end_time": "0:09:26.500000",
        "speaker_tag": 1,
        "start_time": "0:09:23.200000",
        "word": "cup"
    },
    {
        "end_time": "0:09:26.600000",
        "speaker_tag": 1,
        "start_time": "0:09:26.500000",
        "word": "of"
    },
    {
        "end_time": "0:09:26.800000",
        "speaker_tag": 1,
        "start_time": "0:09:26.600000",
        "word": "coffee"
    },
    {
        "end_time": "0:09:36.800000",
        "speaker_tag": 2,
        "start_time": "0:09:30.700000",
        "word": "something"
    },
    {
        "end_time": "0:09:37.100000",
        "speaker_tag": 2,
        "start_time": "0:09:36.800000",
        "word": "else"
    }
]