[
    {
        "end_time": "0:00:00.500000",
        "speaker_tag": 2,
        "start_time": "0:00:00",
        "word": "what"
    },
    {
        "end_time": "0:00:00.500000",
        "speaker_tag": 2,
        "start_time": "0:00:00.500000",
        "word": "are"
    },
    {
        "end_time": "0:00:00.600000",
        "speaker_tag": 2,
        "start_time": "0:00:00.500000",
        "word": "we"
    },
    {
        "end_time": "0:00:00.700000",
        "speaker_tag": 2,
        "start_time": "0:00:00.600000",
        "word": "going"
    },
    {
        "end_time": "0:00:00.800000",
        "speaker_tag": 2,
        "start_time": "0:00:00.700000",
        "word": "to"
    },
    {
        "end_time": "0:00:01",
        "speaker_tag": 2,
        "start_time": "0:00:00.800000",
        "word": "do"
    },
    {
        "end_time": "0:00:01.100000",
        "speaker_tag": 2,
        "start_time": "0:00:01",
        "word": "now"
    },
    {
        "end_time": "0:00:01.300000",
        "speaker_tag": 2,
        "start_time": "0:00:01.100000",
        "word": "is"
    },
    {
        "end_time": "0:00:01.900000",
        "speaker_tag": 2,
        "start_time": "0:00:01.300000",
        "word": "tell"
    },
    {
        "end_time": "0:00:02",
        "speaker_tag": 2,
        "start_time": "0:00:01.900000",
        "word": "me"
    },
    {
        "end_time": "0:00:02.100000",
        "speaker_tag": 2,
        "start_time": "0:00:02",
        "word": "about"
    },
    {
        "end_time": "0:00:02.500000",
        "speaker_tag": 2,
        "start_time": "0:00:02.100000",
        "word": "at"
    },
    {
        "end_time": "0:00:02.800000",
        "speaker_tag": 2,
        "start_time": "0:00:02.500000",
        "word": "3"
    },
    {
        "end_time": "0:00:03.200000",
        "speaker_tag": 2,
        "start_time": "0:00:02.800000",
        "word": "or"
    },
    {
        "end_time": "0:00:03.900000",
        "speaker_tag": 2,
        "start_time": "0:00:03.200000",
        "word": "vacation"
    },
    {
        "end_time": "0:00:04.100000",
        "speaker_tag": 2,
        "start_time": "0:00:03.900000",
        "word": "that"
    },
    {
        "end_time": "0:00:04.200000",
        "speaker_tag": 2,
        "start_time": "0:00:04.100000",
        "word": "you"
    },
    {
        "end_time": "0:00:04.400000",
        "speaker_tag": 2,
        "start_time": "0:00:04.200000",
        "word": "have"
    },
    {
        "end_time": "0:00:04.700000",
        "speaker_tag": 2,
        "start_time": "0:00:04.400000",
        "word": "taken"
    },
    {
        "end_time": "0:00:06.300000",
        "speaker_tag": 2,
        "start_time": "0:00:06",
        "word": "you"
    },
    {
        "end_time": "0:00:06.600000",
        "speaker_tag": 2,
        "start_time": "0:00:06.300000",
        "word": "can"
    },
    {
        "end_time": "0:00:06.900000",
        "speaker_tag": 2,
        "start_time": "0:00:06.600000",
        "word": "provide"
    },
    {
        "end_time": "0:00:07.100000",
        "speaker_tag": 2,
        "start_time": "0:00:06.900000",
        "word": "as"
    },
    {
        "end_time": "0:00:07.500000",
        "speaker_tag": 2,
        "start_time": "0:00:07.100000",
        "word": "many"
    },
    {
        "end_time": "0:00:07.800000",
        "speaker_tag": 2,
        "start_time": "0:00:07.500000",
        "word": "details"
    },
    {
        "end_time": "0:00:08.200000",
        "speaker_tag": 2,
        "start_time": "0:00:07.800000",
        "word": "as"
    },
    {
        "end_time": "0:00:09.500000",
        "speaker_tag": 2,
        "start_time": "0:00:08.200000",
        "word": "necessary"
    },
    {
        "end_time": "0:00:10.600000",
        "speaker_tag": 2,
        "start_time": "0:00:09.500000",
        "word": "you"
    },
    {
        "end_time": "0:00:10.800000",
        "speaker_tag": 2,
        "start_time": "0:00:10.600000",
        "word": "have"
    },
    {
        "end_time": "0:00:11.500000",
        "speaker_tag": 2,
        "start_time": "0:00:10.800000",
        "word": "5"
    },
    {
        "end_time": "0:00:12.900000",
        "speaker_tag": 1,
        "start_time": "0:00:11.500000",
        "word": "minutes."
    },
    {
        "end_time": "0:00:20.800000",
        "speaker_tag": 2,
        "start_time": "0:00:20.400000",
        "word": "I"
    },
    {
        "end_time": "0:00:21.200000",
        "speaker_tag": 2,
        "start_time": "0:00:20.800000",
        "word": "think"
    },
    {
        "end_time": "0:00:21.400000",
        "speaker_tag": 2,
        "start_time": "0:00:21.200000",
        "word": "I'll"
    },
    {
        "end_time": "0:00:22.100000",
        "speaker_tag": 2,
        "start_time": "0:00:21.400000",
        "word": "choose"
    },
    {
        "end_time": "0:00:23.900000",
        "speaker_tag": 2,
        "start_time": "0:00:23.100000",
        "word": "rotary"
    },
    {
        "end_time": "0:00:24.100000",
        "speaker_tag": 2,
        "start_time": "0:00:23.900000",
        "word": "convention"
    },
    {
        "end_time": "0:00:24.800000",
        "speaker_tag": 2,
        "start_time": "0:00:24.100000",
        "word": "I"
    },
    {
        "end_time": "0:00:25.400000",
        "speaker_tag": 2,
        "start_time": "0:00:24.800000",
        "word": "attended"
    },
    {
        "end_time": "0:00:27",
        "speaker_tag": 2,
        "start_time": "0:00:26.500000",
        "word": "no"
    },
    {
        "end_time": "0:00:28.500000",
        "speaker_tag": 2,
        "start_time": "0:00:27",
        "word": "6"
    },
    {
        "end_time": "0:00:28.600000",
        "speaker_tag": 2,
        "start_time": "0:00:28.500000",
        "word": "or"
    },
    {
        "end_time": "0:00:29",
        "speaker_tag": 2,
        "start_time": "0:00:28.600000",
        "word": "7"
    },
    {
        "end_time": "0:00:29.100000",
        "speaker_tag": 2,
        "start_time": "0:00:29",
        "word": "years"
    },
    {
        "end_time": "0:00:29.500000",
        "speaker_tag": 2,
        "start_time": "0:00:29.100000",
        "word": "ago"
    },
    {
        "end_time": "0:00:30.600000",
        "speaker_tag": 2,
        "start_time": "0:00:29.500000",
        "word": "in"
    },
    {
        "end_time": "0:00:31.300000",
        "speaker_tag": 2,
        "start_time": "0:00:30.600000",
        "word": "Birmingham"
    },
    {
        "end_time": "0:00:31.600000",
        "speaker_tag": 2,
        "start_time": "0:00:31.300000",
        "word": "England"
    },
    {
        "end_time": "0:00:33.400000",
        "speaker_tag": 1,
        "start_time": "0:00:32.300000",
        "word": "we"
    },
    {
        "end_time": "0:00:33.800000",
        "speaker_tag": 1,
        "start_time": "0:00:33.400000",
        "word": "flew"
    },
    {
        "end_time": "0:00:35.700000",
        "speaker_tag": 2,
        "start_time": "0:00:35.300000",
        "word": "in"
    },
    {
        "end_time": "0:00:35.900000",
        "speaker_tag": 2,
        "start_time": "0:00:35.700000",
        "word": "the"
    },
    {
        "end_time": "0:00:36.200000",
        "speaker_tag": 2,
        "start_time": "0:00:35.900000",
        "word": "lawn"
    },
    {
        "end_time": "0:00:36.400000",
        "speaker_tag": 2,
        "start_time": "0:00:36.200000",
        "word": "done"
    },
    {
        "end_time": "0:00:36.700000",
        "speaker_tag": 2,
        "start_time": "0:00:36.400000",
        "word": "enough"
    },
    {
        "end_time": "0:00:36.900000",
        "speaker_tag": 2,
        "start_time": "0:00:36.700000",
        "word": "to"
    },
    {
        "end_time": "0:00:37.600000",
        "speaker_tag": 2,
        "start_time": "0:00:36.900000",
        "word": "Birmingham"
    },
    {
        "end_time": "0:00:39.600000",
        "speaker_tag": 2,
        "start_time": "0:00:39",
        "word": "and"
    },
    {
        "end_time": "0:00:40.400000",
        "speaker_tag": 2,
        "start_time": "0:00:39.600000",
        "word": "the"
    },
    {
        "end_time": "0:00:40.800000",
        "speaker_tag": 2,
        "start_time": "0:00:40.400000",
        "word": "English"
    },
    {
        "end_time": "0:00:41.300000",
        "speaker_tag": 2,
        "start_time": "0:00:40.800000",
        "word": "toilet"
    },
    {
        "end_time": "0:00:41.600000",
        "speaker_tag": 2,
        "start_time": "0:00:41.300000",
        "word": "bring"
    },
    {
        "end_time": "0:00:41.700000",
        "speaker_tag": 2,
        "start_time": "0:00:41.600000",
        "word": "them"
    },
    {
        "end_time": "0:00:42.200000",
        "speaker_tag": 2,
        "start_time": "0:00:41.700000",
        "word": "bringing"
    },
    {
        "end_time": "0:00:42.400000",
        "speaker_tag": 2,
        "start_time": "0:00:42.200000",
        "word": "me"
    },
    {
        "end_time": "0:00:43.300000",
        "speaker_tag": 2,
        "start_time": "0:00:42.400000",
        "word": "bringing"
    },
    {
        "end_time": "0:00:45.300000",
        "speaker_tag": 2,
        "start_time": "0:00:43.300000",
        "word": "a"
    },
    {
        "end_time": "0:00:51.400000",
        "speaker_tag": 2,
        "start_time": "0:00:45.300000",
        "word": "hotel"
    },
    {
        "end_time": "0:00:53.900000",
        "speaker_tag": 2,
        "start_time": "0:00:53.600000",
        "word": "oh"
    },
    {
        "end_time": "0:00:54.100000",
        "speaker_tag": 2,
        "start_time": "0:00:53.900000",
        "word": "I"
    },
    {
        "end_time": "0:00:54.400000",
        "speaker_tag": 2,
        "start_time": "0:00:54.100000",
        "word": "guess"
    },
    {
        "end_time": "0:00:54.700000",
        "speaker_tag": 2,
        "start_time": "0:00:54.400000",
        "word": "we're"
    },
    {
        "end_time": "0:00:55",
        "speaker_tag": 2,
        "start_time": "0:00:54.700000",
        "word": "five"
    },
    {
        "end_time": "0:00:55.500000",
        "speaker_tag": 2,
        "start_time": "0:00:55",
        "word": "miles"
    },
    {
        "end_time": "0:00:55.600000",
        "speaker_tag": 2,
        "start_time": "0:00:55.500000",
        "word": "from"
    },
    {
        "end_time": "0:00:55.800000",
        "speaker_tag": 2,
        "start_time": "0:00:55.600000",
        "word": "the"
    },
    {
        "end_time": "0:00:56.500000",
        "speaker_tag": 2,
        "start_time": "0:00:55.800000",
        "word": "convention"
    },
    {
        "end_time": "0:00:56.500000",
        "speaker_tag": 2,
        "start_time": "0:00:56.500000",
        "word": "center"
    },
    {
        "end_time": "0:00:58.400000",
        "speaker_tag": 2,
        "start_time": "0:00:57.800000",
        "word": "but"
    },
    {
        "end_time": "0:00:58.900000",
        "speaker_tag": 2,
        "start_time": "0:00:58.400000",
        "word": "they"
    },
    {
        "end_time": "0:00:59.100000",
        "speaker_tag": 2,
        "start_time": "0:00:58.900000",
        "word": "had"
    },
    {
        "end_time": "0:00:59.200000",
        "speaker_tag": 2,
        "start_time": "0:00:59.100000",
        "word": "a"
    },
    {
        "end_time": "0:00:59.500000",
        "speaker_tag": 2,
        "start_time": "0:00:59.200000",
        "word": "train"
    },
    {
        "end_time": "0:00:59.900000",
        "speaker_tag": 2,
        "start_time": "0:00:59.500000",
        "word": "stopped"
    },
    {
        "end_time": "0:01:00.200000",
        "speaker_tag": 2,
        "start_time": "0:00:59.900000",
        "word": "right"
    },
    {
        "end_time": "0:01:00.900000",
        "speaker_tag": 2,
        "start_time": "0:01:00.200000",
        "word": "convenient"
    },
    {
        "end_time": "0:01:01.100000",
        "speaker_tag": 2,
        "start_time": "0:01:00.900000",
        "word": "to"
    },
    {
        "end_time": "0:01:01.300000",
        "speaker_tag": 2,
        "start_time": "0:01:01.100000",
        "word": "us"
    },
    {
        "end_time": "0:01:01.400000",
        "speaker_tag": 2,
        "start_time": "0:01:01.300000",
        "word": "and"
    },
    {
        "end_time": "0:01:01.600000",
        "speaker_tag": 2,
        "start_time": "0:01:01.400000",
        "word": "we"
    },
    {
        "end_time": "0:01:01.900000",
        "speaker_tag": 2,
        "start_time": "0:01:01.600000",
        "word": "rode"
    },
    {
        "end_time": "0:01:02",
        "speaker_tag": 2,
        "start_time": "0:01:01.900000",
        "word": "the"
    },
    {
        "end_time": "0:01:02.300000",
        "speaker_tag": 2,
        "start_time": "0:01:02",
        "word": "train"
    },
    {
        "end_time": "0:01:02.600000",
        "speaker_tag": 2,
        "start_time": "0:01:02.300000",
        "word": "every"
    },
    {
        "end_time": "0:01:02.800000",
        "speaker_tag": 2,
        "start_time": "0:01:02.600000",
        "word": "time"
    },
    {
        "end_time": "0:01:02.900000",
        "speaker_tag": 2,
        "start_time": "0:01:02.800000",
        "word": "we"
    },
    {
        "end_time": "0:01:03.100000",
        "speaker_tag": 2,
        "start_time": "0:01:02.900000",
        "word": "went"
    },
    {
        "end_time": "0:01:04",
        "speaker_tag": 2,
        "start_time": "0:01:03.100000",
        "word": "convention"
    },
    {
        "end_time": "0:01:04.400000",
        "speaker_tag": 2,
        "start_time": "0:01:04",
        "word": "center"
    },
    {
        "end_time": "0:01:05.500000",
        "speaker_tag": 2,
        "start_time": "0:01:04.400000",
        "word": "and"
    },
    {
        "end_time": "0:01:05.600000",
        "speaker_tag": 2,
        "start_time": "0:01:05.500000",
        "word": "we"
    },
    {
        "end_time": "0:01:05.900000",
        "speaker_tag": 2,
        "start_time": "0:01:05.600000",
        "word": "had"
    },
    {
        "end_time": "0:01:06",
        "speaker_tag": 2,
        "start_time": "0:01:05.900000",
        "word": "a"
    },
    {
        "end_time": "0:01:06.500000",
        "speaker_tag": 2,
        "start_time": "0:01:06",
        "word": "very"
    },
    {
        "end_time": "0:01:06.900000",
        "speaker_tag": 2,
        "start_time": "0:01:06.500000",
        "word": "enjoyable"
    },
    {
        "end_time": "0:01:07.400000",
        "speaker_tag": 2,
        "start_time": "0:01:06.900000",
        "word": "trip"
    },
    {
        "end_time": "0:01:10.700000",
        "speaker_tag": 2,
        "start_time": "0:01:10.400000",
        "word": "I"
    },
    {
        "end_time": "0:01:10.900000",
        "speaker_tag": 2,
        "start_time": "0:01:10.700000",
        "word": "saw"
    },
    {
        "end_time": "0:01:11.100000",
        "speaker_tag": 2,
        "start_time": "0:01:10.900000",
        "word": "a"
    },
    {
        "end_time": "0:01:11.300000",
        "speaker_tag": 2,
        "start_time": "0:01:11.100000",
        "word": "few"
    },
    {
        "end_time": "0:01:11.700000",
        "speaker_tag": 2,
        "start_time": "0:01:11.300000",
        "word": "friends"
    },
    {
        "end_time": "0:01:12.100000",
        "speaker_tag": 2,
        "start_time": "0:01:11.700000",
        "word": "from"
    },
    {
        "end_time": "0:01:12.300000",
        "speaker_tag": 2,
        "start_time": "0:01:12.100000",
        "word": "the"
    },
    {
        "end_time": "0:01:12.900000",
        "speaker_tag": 2,
        "start_time": "0:01:12.300000",
        "word": "states"
    },
    {
        "end_time": "0:01:13.100000",
        "speaker_tag": 2,
        "start_time": "0:01:12.900000",
        "word": "they"
    },
    {
        "end_time": "0:01:13.300000",
        "speaker_tag": 2,
        "start_time": "0:01:13.100000",
        "word": "were"
    },
    {
        "end_time": "0:01:13.600000",
        "speaker_tag": 2,
        "start_time": "0:01:13.300000",
        "word": "attending"
    },
    {
        "end_time": "0:01:13.900000",
        "speaker_tag": 2,
        "start_time": "0:01:13.600000",
        "word": "the"
    },
    {
        "end_time": "0:01:14.200000",
        "speaker_tag": 2,
        "start_time": "0:01:13.900000",
        "word": "same"
    },
    {
        "end_time": "0:01:14.500000",
        "speaker_tag": 2,
        "start_time": "0:01:14.200000",
        "word": "convention"
    },
    {
        "end_time": "0:01:14.900000",
        "speaker_tag": 2,
        "start_time": "0:01:14.500000",
        "word": "we"
    },
    {
        "end_time": "0:01:15.100000",
        "speaker_tag": 2,
        "start_time": "0:01:14.900000",
        "word": "were"
    },
    {
        "end_time": "0:01:16.900000",
        "speaker_tag": 2,
        "start_time": "0:01:16.100000",
        "word": "Anda"
    },
    {
        "end_time": "0:01:19.600000",
        "speaker_tag": 2,
        "start_time": "0:01:18.700000",
        "word": "Lambda"
    },
    {
        "end_time": "0:01:22",
        "speaker_tag": 2,
        "start_time": "0:01:21.300000",
        "word": "instead"
    },
    {
        "end_time": "0:01:22",
        "speaker_tag": 2,
        "start_time": "0:01:22",
        "word": "of"
    },
    {
        "end_time": "0:01:22.300000",
        "speaker_tag": 2,
        "start_time": "0:01:22",
        "word": "flying"
    },
    {
        "end_time": "0:01:22.800000",
        "speaker_tag": 2,
        "start_time": "0:01:22.300000",
        "word": "back"
    },
    {
        "end_time": "0:01:23",
        "speaker_tag": 2,
        "start_time": "0:01:22.800000",
        "word": "to"
    },
    {
        "end_time": "0:01:23.100000",
        "speaker_tag": 2,
        "start_time": "0:01:23",
        "word": "the"
    },
    {
        "end_time": "0:01:23.200000",
        "speaker_tag": 2,
        "start_time": "0:01:23.100000",
        "word": "States"
    },
    {
        "end_time": "0:01:24.500000",
        "speaker_tag": 2,
        "start_time": "0:01:23.200000",
        "word": "we"
    },
    {
        "end_time": "0:01:24.700000",
        "speaker_tag": 2,
        "start_time": "0:01:24.500000",
        "word": "took"
    },
    {
        "end_time": "0:01:25",
        "speaker_tag": 2,
        "start_time": "0:01:24.700000",
        "word": "the"
    },
    {
        "end_time": "0:01:25.300000",
        "speaker_tag": 2,
        "start_time": "0:01:25",
        "word": "Queen"
    },
    {
        "end_time": "0:01:25.600000",
        "speaker_tag": 2,
        "start_time": "0:01:25.300000",
        "word": "Mary"
    },
    {
        "end_time": "0:01:25.700000",
        "speaker_tag": 2,
        "start_time": "0:01:25.600000",
        "word": "2"
    },
    {
        "end_time": "0:01:27.100000",
        "speaker_tag": 2,
        "start_time": "0:01:25.700000",
        "word": "back"
    },
    {
        "end_time": "0:01:27.300000",
        "speaker_tag": 2,
        "start_time": "0:01:27.100000",
        "word": "to"
    },
    {
        "end_time": "0:01:27.400000",
        "speaker_tag": 2,
        "start_time": "0:01:27.300000",
        "word": "the"
    },
    {
        "end_time": "0:01:28.100000",
        "speaker_tag": 2,
        "start_time": "0:01:27.400000",
        "word": "States"
    },
    {
        "end_time": "0:01:28.500000",
        "speaker_tag": 2,
        "start_time": "0:01:28.100000",
        "word": "as"
    },
    {
        "end_time": "0:01:29",
        "speaker_tag": 2,
        "start_time": "0:01:28.500000",
        "word": "kind"
    },
    {
        "end_time": "0:01:29",
        "speaker_tag": 2,
        "start_time": "0:01:29",
        "word": "of"
    },
    {
        "end_time": "0:01:29.100000",
        "speaker_tag": 2,
        "start_time": "0:01:29",
        "word": "a"
    },
    {
        "end_time": "0:01:29.600000",
        "speaker_tag": 2,
        "start_time": "0:01:29.100000",
        "word": "cruise"
    },
    {
        "end_time": "0:01:29.900000",
        "speaker_tag": 2,
        "start_time": "0:01:29.600000",
        "word": "took"
    },
    {
        "end_time": "0:01:30.100000",
        "speaker_tag": 2,
        "start_time": "0:01:29.900000",
        "word": "about"
    },
    {
        "end_time": "0:01:31.400000",
        "speaker_tag": 2,
        "start_time": "0:01:30.100000",
        "word": "5"
    },
    {
        "end_time": "0:01:31.600000",
        "speaker_tag": 2,
        "start_time": "0:01:31.400000",
        "word": "days"
    },
    {
        "end_time": "0:01:32.500000",
        "speaker_tag": 2,
        "start_time": "0:01:31.600000",
        "word": "to"
    },
    {
        "end_time": "0:01:32.800000",
        "speaker_tag": 2,
        "start_time": "0:01:32.500000",
        "word": "cross"
    },
    {
        "end_time": "0:01:33",
        "speaker_tag": 2,
        "start_time": "0:01:32.800000",
        "word": "the"
    },
    {
        "end_time": "0:01:33.100000",
        "speaker_tag": 2,
        "start_time": "0:01:33",
        "word": "Atlantic"
    },
    {
        "end_time": "0:01:33.700000",
        "speaker_tag": 2,
        "start_time": "0:01:33.100000",
        "word": "from"
    },
    {
        "end_time": "0:01:34.300000",
        "speaker_tag": 2,
        "start_time": "0:01:33.700000",
        "word": "England"
    },
    {
        "end_time": "0:01:34.400000",
        "speaker_tag": 2,
        "start_time": "0:01:34.300000",
        "word": "to"
    },
    {
        "end_time": "0:01:35.200000",
        "speaker_tag": 2,
        "start_time": "0:01:34.400000",
        "word": "New"
    },
    {
        "end_time": "0:01:35.400000",
        "speaker_tag": 2,
        "start_time": "0:01:35.200000",
        "word": "York"
    },
    {
        "end_time": "0:01:36.100000",
        "speaker_tag": 2,
        "start_time": "0:01:35.400000",
        "word": "City"
    },
    {
        "end_time": "0:01:36.200000",
        "speaker_tag": 2,
        "start_time": "0:01:36.100000",
        "word": "in"
    },
    {
        "end_time": "0:01:36.400000",
        "speaker_tag": 2,
        "start_time": "0:01:36.200000",
        "word": "in"
    },
    {
        "end_time": "0:01:37.500000",
        "speaker_tag": 2,
        "start_time": "0:01:36.400000",
        "word": "New"
    },
    {
        "end_time": "0:01:37.600000",
        "speaker_tag": 2,
        "start_time": "0:01:37.500000",
        "word": "York"
    },
    {
        "end_time": "0:01:38.100000",
        "speaker_tag": 2,
        "start_time": "0:01:37.600000",
        "word": "City"
    },
    {
        "end_time": "0:01:38.200000",
        "speaker_tag": 2,
        "start_time": "0:01:38.100000",
        "word": "with"
    },
    {
        "end_time": "0:01:38.400000",
        "speaker_tag": 2,
        "start_time": "0:01:38.200000",
        "word": "free"
    },
    {
        "end_time": "0:01:38.800000",
        "speaker_tag": 2,
        "start_time": "0:01:38.400000",
        "word": "home"
    },
    {
        "end_time": "0:01:41",
        "speaker_tag": 2,
        "start_time": "0:01:40.500000",
        "word": "wow"
    },
    {
        "end_time": "0:01:41.400000",
        "speaker_tag": 2,
        "start_time": "0:01:41",
        "word": "that's"
    },
    {
        "end_time": "0:01:41.600000",
        "speaker_tag": 2,
        "start_time": "0:01:41.400000",
        "word": "awesome"
    },
    {
        "end_time": "0:01:42.900000",
        "speaker_tag": 2,
        "start_time": "0:01:41.600000",
        "word": "is"
    },
    {
        "end_time": "0:01:43.100000",
        "speaker_tag": 2,
        "start_time": "0:01:42.900000",
        "word": "used"
    },
    {
        "end_time": "0:01:43.200000",
        "speaker_tag": 2,
        "start_time": "0:01:43.100000",
        "word": "to"
    },
    {
        "end_time": "0:01:43.500000",
        "speaker_tag": 2,
        "start_time": "0:01:43.200000",
        "word": "have"
    },
    {
        "end_time": "0:01:43.700000",
        "speaker_tag": 2,
        "start_time": "0:01:43.500000",
        "word": "some"
    },
    {
        "end_time": "0:01:43.900000",
        "speaker_tag": 2,
        "start_time": "0:01:43.700000",
        "word": "time"
    },
    {
        "end_time": "0:01:44",
        "speaker_tag": 2,
        "start_time": "0:01:43.900000",
        "word": "with"
    },
    {
        "end_time": "0:01:44.200000",
        "speaker_tag": 2,
        "start_time": "0:01:44",
        "word": "you"
    },
    {
        "end_time": "0:01:44.500000",
        "speaker_tag": 2,
        "start_time": "0:01:44.200000",
        "word": "in"
    },
    {
        "end_time": "0:01:44.500000",
        "speaker_tag": 2,
        "start_time": "0:01:44.500000",
        "word": "it"
    },
    {
        "end_time": "0:01:44.800000",
        "speaker_tag": 2,
        "start_time": "0:01:44.500000",
        "word": "can"
    },
    {
        "end_time": "0:01:44.800000",
        "speaker_tag": 2,
        "start_time": "0:01:44.800000",
        "word": "you"
    },
    {
        "end_time": "0:01:45",
        "speaker_tag": 2,
        "start_time": "0:01:44.800000",
        "word": "tell"
    },
    {
        "end_time": "0:01:45.100000",
        "speaker_tag": 2,
        "start_time": "0:01:45",
        "word": "me"
    },
    {
        "end_time": "0:01:45.200000",
        "speaker_tag": 2,
        "start_time": "0:01:45.100000",
        "word": "more"
    },
    {
        "end_time": "0:01:45.400000",
        "speaker_tag": 2,
        "start_time": "0:01:45.200000",
        "word": "details"
    },
    {
        "end_time": "0:01:49.600000",
        "speaker_tag": 1,
        "start_time": "0:01:48.700000",
        "word": "well"
    },
    {
        "end_time": "0:01:51.900000",
        "speaker_tag": 2,
        "start_time": "0:01:51.500000",
        "word": "I"
    },
    {
        "end_time": "0:01:52.100000",
        "speaker_tag": 2,
        "start_time": "0:01:51.900000",
        "word": "don't"
    },
    {
        "end_time": "0:01:52.200000",
        "speaker_tag": 2,
        "start_time": "0:01:52.100000",
        "word": "think"
    },
    {
        "end_time": "0:01:52.600000",
        "speaker_tag": 2,
        "start_time": "0:01:52.200000",
        "word": "I"
    },
    {
        "end_time": "0:01:53.600000",
        "speaker_tag": 2,
        "start_time": "0:01:52.600000",
        "word": "can"
    },
    {
        "end_time": "0:01:53.900000",
        "speaker_tag": 2,
        "start_time": "0:01:53.600000",
        "word": "think"
    },
    {
        "end_time": "0:01:54.100000",
        "speaker_tag": 2,
        "start_time": "0:01:53.900000",
        "word": "of"
    },
    {
        "end_time": "0:01:54.300000",
        "speaker_tag": 2,
        "start_time": "0:01:54.100000",
        "word": "any"
    },
    {
        "end_time": "0:01:54.400000",
        "speaker_tag": 2,
        "start_time": "0:01:54.300000",
        "word": "more"
    },
    {
        "end_time": "0:01:55.300000",
        "speaker_tag": 2,
        "start_time": "0:01:54.400000",
        "word": "details"
    },
    {
        "end_time": "0:01:55.500000",
        "speaker_tag": 2,
        "start_time": "0:01:55.300000",
        "word": "so"
    },
    {
        "end_time": "0:01:56.300000",
        "speaker_tag": 2,
        "start_time": "0:01:55.500000",
        "word": "that"
    },
    {
        "end_time": "0:01:56.500000",
        "speaker_tag": 2,
        "start_time": "0:01:56.300000",
        "word": "all"
    },
    {
        "end_time": "0:01:57.100000",
        "speaker_tag": 2,
        "start_time": "0:01:56.500000",
        "word": "hand"
    },
    {
        "end_time": "0:01:58.400000",
        "speaker_tag": 2,
        "start_time": "0:01:57.100000",
        "word": "about"
    },
    {
        "end_time": "0:01:58.700000",
        "speaker_tag": 2,
        "start_time": "0:01:58.400000",
        "word": "the"
    },
    {
        "end_time": "0:01:59.300000",
        "speaker_tag": 2,
        "start_time": "0:01:58.700000",
        "word": "convention"
    },
    {
        "end_time": "0:01:59.500000",
        "speaker_tag": 2,
        "start_time": "0:01:59.300000",
        "word": "itself"
    },
    {
        "end_time": "0:02:00.100000",
        "speaker_tag": 2,
        "start_time": "0:01:59.500000",
        "word": "it"
    },
    {
        "end_time": "0:02:00.300000",
        "speaker_tag": 2,
        "start_time": "0:02:00.100000",
        "word": "was"
    },
    {
        "end_time": "0:02:00.500000",
        "speaker_tag": 2,
        "start_time": "0:02:00.300000",
        "word": "so"
    },
    {
        "end_time": "0:02:01.200000",
        "speaker_tag": 2,
        "start_time": "0:02:00.500000",
        "word": "I've"
    },
    {
        "end_time": "0:02:01.500000",
        "speaker_tag": 2,
        "start_time": "0:02:01.200000",
        "word": "attended"
    },
    {
        "end_time": "0:02:02",
        "speaker_tag": 2,
        "start_time": "0:02:01.500000",
        "word": "several"
    },
    {
        "end_time": "0:02:02.400000",
        "speaker_tag": 2,
        "start_time": "0:02:02",
        "word": "rotary"
    },
    {
        "end_time": "0:02:02.800000",
        "speaker_tag": 2,
        "start_time": "0:02:02.400000",
        "word": "convention"
    },
    {
        "end_time": "0:02:04.400000",
        "speaker_tag": 2,
        "start_time": "0:02:02.800000",
        "word": "this"
    },
    {
        "end_time": "0:02:04.700000",
        "speaker_tag": 2,
        "start_time": "0:02:04.400000",
        "word": "one"
    },
    {
        "end_time": "0:02:04.800000",
        "speaker_tag": 2,
        "start_time": "0:02:04.700000",
        "word": "does"
    },
    {
        "end_time": "0:02:05",
        "speaker_tag": 2,
        "start_time": "0:02:04.800000",
        "word": "not"
    },
    {
        "end_time": "0:02:05.500000",
        "speaker_tag": 2,
        "start_time": "0:02:05",
        "word": "stick"
    },
    {
        "end_time": "0:02:05.800000",
        "speaker_tag": 2,
        "start_time": "0:02:05.500000",
        "word": "out"
    },
    {
        "end_time": "0:02:05.900000",
        "speaker_tag": 2,
        "start_time": "0:02:05.800000",
        "word": "in"
    },
    {
        "end_time": "0:02:06.100000",
        "speaker_tag": 2,
        "start_time": "0:02:05.900000",
        "word": "my"
    },
    {
        "end_time": "0:02:06.300000",
        "speaker_tag": 2,
        "start_time": "0:02:06.100000",
        "word": "mind"
    },
    {
        "end_time": "0:02:07.800000",
        "speaker_tag": 2,
        "start_time": "0:02:06.300000",
        "word": "as"
    },
    {
        "end_time": "0:02:08",
        "speaker_tag": 2,
        "start_time": "0:02:07.800000",
        "word": "the"
    },
    {
        "end_time": "0:02:08.600000",
        "speaker_tag": 2,
        "start_time": "0:02:08",
        "word": "convention"
    },
    {
        "end_time": "0:02:08.800000",
        "speaker_tag": 2,
        "start_time": "0:02:08.600000",
        "word": "itself"
    },
    {
        "end_time": "0:02:09.300000",
        "speaker_tag": 2,
        "start_time": "0:02:08.800000",
        "word": "but"
    },
    {
        "end_time": "0:02:09.600000",
        "speaker_tag": 2,
        "start_time": "0:02:09.300000",
        "word": "it"
    },
    {
        "end_time": "0:02:09.900000",
        "speaker_tag": 2,
        "start_time": "0:02:09.600000",
        "word": "sticks"
    },
    {
        "end_time": "0:02:10.100000",
        "speaker_tag": 2,
        "start_time": "0:02:09.900000",
        "word": "out"
    },
    {
        "end_time": "0:02:10.300000",
        "speaker_tag": 2,
        "start_time": "0:02:10.100000",
        "word": "in"
    },
    {
        "end_time": "0:02:10.400000",
        "speaker_tag": 2,
        "start_time": "0:02:10.300000",
        "word": "my"
    },
    {
        "end_time": "0:02:10.600000",
        "speaker_tag": 2,
        "start_time": "0:02:10.400000",
        "word": "mind"
    },
    {
        "end_time": "0:02:11",
        "speaker_tag": 2,
        "start_time": "0:02:10.600000",
        "word": "is"
    },
    {
        "end_time": "0:02:11.600000",
        "speaker_tag": 2,
        "start_time": "0:02:11",
        "word": "the"
    },
    {
        "end_time": "0:02:11.900000",
        "speaker_tag": 2,
        "start_time": "0:02:11.600000",
        "word": "time"
    },
    {
        "end_time": "0:02:12",
        "speaker_tag": 2,
        "start_time": "0:02:11.900000",
        "word": "we"
    },
    {
        "end_time": "0:02:12.300000",
        "speaker_tag": 2,
        "start_time": "0:02:12",
        "word": "rode"
    },
    {
        "end_time": "0:02:12.400000",
        "speaker_tag": 2,
        "start_time": "0:02:12.300000",
        "word": "the"
    },
    {
        "end_time": "0:02:12.700000",
        "speaker_tag": 2,
        "start_time": "0:02:12.400000",
        "word": "Queen"
    },
    {
        "end_time": "0:02:13",
        "speaker_tag": 2,
        "start_time": "0:02:12.700000",
        "word": "Mary"
    },
    {
        "end_time": "0:02:13.100000",
        "speaker_tag": 2,
        "start_time": "0:02:13",
        "word": "2"
    },
    {
        "end_time": "0:02:13.600000",
        "speaker_tag": 2,
        "start_time": "0:02:13.100000",
        "word": "hole"
    },
    {
        "end_time": "0:02:15.400000",
        "speaker_tag": 2,
        "start_time": "0:02:13.600000",
        "word": "and"
    },
    {
        "end_time": "0:02:15.500000",
        "speaker_tag": 2,
        "start_time": "0:02:15.400000",
        "word": "it"
    },
    {
        "end_time": "0:02:15.700000",
        "speaker_tag": 2,
        "start_time": "0:02:15.500000",
        "word": "was"
    },
    {
        "end_time": "0:02:15.800000",
        "speaker_tag": 2,
        "start_time": "0:02:15.700000",
        "word": "very"
    },
    {
        "end_time": "0:02:16.200000",
        "speaker_tag": 2,
        "start_time": "0:02:15.800000",
        "word": "enjoyable"
    },
    {
        "end_time": "0:02:19.600000",
        "speaker_tag": 2,
        "start_time": "0:02:18.900000",
        "word": "we"
    },
    {
        "end_time": "0:02:20.200000",
        "speaker_tag": 2,
        "start_time": "0:02:19.600000",
        "word": "stopped"
    },
    {
        "end_time": "0:02:20.300000",
        "speaker_tag": 2,
        "start_time": "0:02:20.200000",
        "word": "in"
    },
    {
        "end_time": "0:02:20.500000",
        "speaker_tag": 2,
        "start_time": "0:02:20.300000",
        "word": "New"
    },
    {
        "end_time": "0:02:20.900000",
        "speaker_tag": 2,
        "start_time": "0:02:20.500000",
        "word": "York"
    },
    {
        "end_time": "0:02:22.700000",
        "speaker_tag": 2,
        "start_time": "0:02:20.900000",
        "word": "ship"
    },
    {
        "end_time": "0:02:23.100000",
        "speaker_tag": 2,
        "start_time": "0:02:22.700000",
        "word": "docked"
    },
    {
        "end_time": "0:02:23.300000",
        "speaker_tag": 2,
        "start_time": "0:02:23.100000",
        "word": "in"
    },
    {
        "end_time": "0:02:23.400000",
        "speaker_tag": 2,
        "start_time": "0:02:23.300000",
        "word": "New"
    },
    {
        "end_time": "0:02:23.800000",
        "speaker_tag": 2,
        "start_time": "0:02:23.400000",
        "word": "York"
    },
    {
        "end_time": "0:02:23.900000",
        "speaker_tag": 2,
        "start_time": "0:02:23.800000",
        "word": "and"
    },
    {
        "end_time": "0:02:25",
        "speaker_tag": 2,
        "start_time": "0:02:23.900000",
        "word": "we"
    },
    {
        "end_time": "0:02:25.300000",
        "speaker_tag": 2,
        "start_time": "0:02:25",
        "word": "caught"
    },
    {
        "end_time": "0:02:25.400000",
        "speaker_tag": 2,
        "start_time": "0:02:25.300000",
        "word": "a"
    },
    {
        "end_time": "0:02:25.600000",
        "speaker_tag": 2,
        "start_time": "0:02:25.400000",
        "word": "plane"
    },
    {
        "end_time": "0:02:26.100000",
        "speaker_tag": 2,
        "start_time": "0:02:25.600000",
        "word": "back"
    },
    {
        "end_time": "0:02:26.200000",
        "speaker_tag": 2,
        "start_time": "0:02:26.100000",
        "word": "to"
    },
    {
        "end_time": "0:02:26.200000",
        "speaker_tag": 2,
        "start_time": "0:02:26.200000",
        "word": "the"
    },
    {
        "end_time": "0:02:26.600000",
        "speaker_tag": 2,
        "start_time": "0:02:26.200000",
        "word": "DFW"
    },
    {
        "end_time": "0:02:27",
        "speaker_tag": 2,
        "start_time": "0:02:26.600000",
        "word": "airport"
    },
    {
        "end_time": "0:02:27.700000",
        "speaker_tag": 2,
        "start_time": "0:02:27",
        "word": "but"
    },
    {
        "end_time": "0:02:29",
        "speaker_tag": 2,
        "start_time": "0:02:28.700000",
        "word": "I"
    },
    {
        "end_time": "0:02:29.300000",
        "speaker_tag": 2,
        "start_time": "0:02:29",
        "word": "don't"
    },
    {
        "end_time": "0:02:29.600000",
        "speaker_tag": 2,
        "start_time": "0:02:29.300000",
        "word": "remember"
    },
    {
        "end_time": "0:02:31.100000",
        "speaker_tag": 2,
        "start_time": "0:02:29.600000",
        "word": "seeing"
    },
    {
        "end_time": "0:02:31.400000",
        "speaker_tag": 2,
        "start_time": "0:02:31.100000",
        "word": "much"
    },
    {
        "end_time": "0:02:31.500000",
        "speaker_tag": 2,
        "start_time": "0:02:31.400000",
        "word": "of"
    },
    {
        "end_time": "0:02:31.700000",
        "speaker_tag": 2,
        "start_time": "0:02:31.500000",
        "word": "New"
    },
    {
        "end_time": "0:02:32.100000",
        "speaker_tag": 2,
        "start_time": "0:02:31.700000",
        "word": "York"
    },
    {
        "end_time": "0:02:32.400000",
        "speaker_tag": 2,
        "start_time": "0:02:32.100000",
        "word": "while"
    },
    {
        "end_time": "0:02:32.500000",
        "speaker_tag": 2,
        "start_time": "0:02:32.400000",
        "word": "we"
    },
    {
        "end_time": "0:02:32.600000",
        "speaker_tag": 2,
        "start_time": "0:02:32.500000",
        "word": "were"
    },
    {
        "end_time": "0:02:32.800000",
        "speaker_tag": 2,
        "start_time": "0:02:32.600000",
        "word": "there"
    },
    {
        "end_time": "0:02:35.600000",
        "speaker_tag": 2,
        "start_time": "0:02:35.200000",
        "word": "what"
    },
    {
        "end_time": "0:02:35.800000",
        "speaker_tag": 2,
        "start_time": "0:02:35.600000",
        "word": "about"
    },
    {
        "end_time": "0:02:36.900000",
        "speaker_tag": 2,
        "start_time": "0:02:35.800000",
        "word": "the"
    },
    {
        "end_time": "0:02:37.200000",
        "speaker_tag": 2,
        "start_time": "0:02:36.900000",
        "word": "trip"
    },
    {
        "end_time": "0:02:37.400000",
        "speaker_tag": 2,
        "start_time": "0:02:37.200000",
        "word": "itself"
    },
    {
        "end_time": "0:02:37.900000",
        "speaker_tag": 2,
        "start_time": "0:02:37.400000",
        "word": "and"
    },
    {
        "end_time": "0:02:38",
        "speaker_tag": 2,
        "start_time": "0:02:37.900000",
        "word": "you"
    },
    {
        "end_time": "0:02:38.200000",
        "speaker_tag": 2,
        "start_time": "0:02:38",
        "word": "tell"
    },
    {
        "end_time": "0:02:38.200000",
        "speaker_tag": 2,
        "start_time": "0:02:38.200000",
        "word": "me"
    },
    {
        "end_time": "0:02:38.400000",
        "speaker_tag": 2,
        "start_time": "0:02:38.200000",
        "word": "more"
    },
    {
        "end_time": "0:02:38.700000",
        "speaker_tag": 2,
        "start_time": "0:02:38.400000",
        "word": "details"
    },
    {
        "end_time": "0:02:39.200000",
        "speaker_tag": 2,
        "start_time": "0:02:38.700000",
        "word": "about"
    },
    {
        "end_time": "0:02:39.600000",
        "speaker_tag": 2,
        "start_time": "0:02:39.200000",
        "word": "it"
    },
    {
        "end_time": "0:02:41.200000",
        "speaker_tag": 2,
        "start_time": "0:02:40.900000",
        "word": "I"
    },
    {
        "end_time": "0:02:41.500000",
        "speaker_tag": 2,
        "start_time": "0:02:41.200000",
        "word": "don't"
    },
    {
        "end_time": "0:02:41.600000",
        "speaker_tag": 2,
        "start_time": "0:02:41.500000",
        "word": "think"
    },
    {
        "end_time": "0:02:41.800000",
        "speaker_tag": 2,
        "start_time": "0:02:41.600000",
        "word": "so"
    },
    {
        "end_time": "0:02:42",
        "speaker_tag": 2,
        "start_time": "0:02:41.800000",
        "word": "I"
    },
    {
        "end_time": "0:02:42.100000",
        "speaker_tag": 2,
        "start_time": "0:02:42",
        "word": "think"
    },
    {
        "end_time": "0:02:42.400000",
        "speaker_tag": 2,
        "start_time": "0:02:42.100000",
        "word": "I"
    },
    {
        "end_time": "0:02:43.400000",
        "speaker_tag": 2,
        "start_time": "0:02:42.400000",
        "word": "remember"
    },
    {
        "end_time": "0:02:43.800000",
        "speaker_tag": 2,
        "start_time": "0:02:43.400000",
        "word": "about"
    },
    {
        "end_time": "0:02:44.100000",
        "speaker_tag": 2,
        "start_time": "0:02:43.800000",
        "word": "it"
    },
    {
        "end_time": "0:02:44.900000",
        "speaker_tag": 2,
        "start_time": "0:02:44.100000",
        "word": "but"
    },
    {
        "end_time": "0:02:45.200000",
        "speaker_tag": 2,
        "start_time": "0:02:44.900000",
        "word": "about"
    },
    {
        "end_time": "0:02:46.600000",
        "speaker_tag": 2,
        "start_time": "0:02:45.200000",
        "word": "to"
    },
    {
        "end_time": "0:02:47",
        "speaker_tag": 2,
        "start_time": "0:02:46.600000",
        "word": "ride"
    },
    {
        "end_time": "0:02:47.300000",
        "speaker_tag": 2,
        "start_time": "0:02:47",
        "word": "in"
    },
    {
        "end_time": "0:02:49.500000",
        "speaker_tag": 2,
        "start_time": "0:02:48.900000",
        "word": "and"
    },
    {
        "end_time": "0:02:49.800000",
        "speaker_tag": 2,
        "start_time": "0:02:49.500000",
        "word": "and"
    },
    {
        "end_time": "0:02:50",
        "speaker_tag": 2,
        "start_time": "0:02:49.800000",
        "word": "and"
    },
    {
        "end_time": "0:02:50.300000",
        "speaker_tag": 2,
        "start_time": "0:02:50",
        "word": "the"
    },
    {
        "end_time": "0:02:50.500000",
        "speaker_tag": 2,
        "start_time": "0:02:50.300000",
        "word": "shape"
    },
    {
        "end_time": "0:02:50.600000",
        "speaker_tag": 2,
        "start_time": "0:02:50.500000",
        "word": "by"
    },
    {
        "end_time": "0:02:50.900000",
        "speaker_tag": 2,
        "start_time": "0:02:50.600000",
        "word": "the"
    },
    {
        "end_time": "0:02:51.100000",
        "speaker_tag": 2,
        "start_time": "0:02:50.900000",
        "word": "Queen"
    },
    {
        "end_time": "0:02:51.300000",
        "speaker_tag": 2,
        "start_time": "0:02:51.100000",
        "word": "Mary"
    },
    {
        "end_time": "0:02:51.400000",
        "speaker_tag": 2,
        "start_time": "0:02:51.300000",
        "word": "2"
    },
    {
        "end_time": "0:02:57.600000",
        "speaker_tag": 2,
        "start_time": "0:02:56.500000",
        "word": "specific"
    },
    {
        "end_time": "0:02:57.800000",
        "speaker_tag": 2,
        "start_time": "0:02:57.600000",
        "word": "details"
    },
    {
        "end_time": "0:02:58.700000",
        "speaker_tag": 2,
        "start_time": "0:02:57.800000",
        "word": "now"
    },
    {
        "end_time": "0:03:01.700000",
        "speaker_tag": 1,
        "start_time": "0:03:01.200000",
        "word": "okay"
    },
    {
        "end_time": "0:03:02.600000",
        "speaker_tag": 1,
        "start_time": "0:03:01.700000",
        "word": "you"
    },
    {
        "end_time": "0:03:02.900000",
        "speaker_tag": 1,
        "start_time": "0:03:02.600000",
        "word": "like"
    },
    {
        "end_time": "0:03:03.100000",
        "speaker_tag": 2,
        "start_time": "0:03:02.900000",
        "word": "to"
    },
    {
        "end_time": "0:03:03.200000",
        "speaker_tag": 2,
        "start_time": "0:03:03.100000",
        "word": "add"
    },
    {
        "end_time": "0:03:03.500000",
        "speaker_tag": 2,
        "start_time": "0:03:03.200000",
        "word": "some"
    },
    {
        "end_time": "0:03:04",
        "speaker_tag": 2,
        "start_time": "0:03:03.500000",
        "word": "all"
    },
    {
        "end_time": "0:03:04.100000",
        "speaker_tag": 2,
        "start_time": "0:03:04",
        "word": "the"
    },
    {
        "end_time": "0:03:04.700000",
        "speaker_tag": 2,
        "start_time": "0:03:04.100000",
        "word": "details"
    },
    {
        "end_time": "0:03:05.100000",
        "speaker_tag": 2,
        "start_time": "0:03:04.700000",
        "word": "about"
    },
    {
        "end_time": "0:03:05.900000",
        "speaker_tag": 2,
        "start_time": "0:03:05.100000",
        "word": "this"
    },
    {
        "end_time": "0:03:06.600000",
        "speaker_tag": 2,
        "start_time": "0:03:05.900000",
        "word": "trip"
    },
    {
        "end_time": "0:03:06.900000",
        "speaker_tag": 2,
        "start_time": "0:03:06.600000",
        "word": "and"
    },
    {
        "end_time": "0:03:07",
        "speaker_tag": 2,
        "start_time": "0:03:06.900000",
        "word": "you"
    },
    {
        "end_time": "0:03:07.300000",
        "speaker_tag": 2,
        "start_time": "0:03:07",
        "word": "had"
    },
    {
        "end_time": "0:03:09.300000",
        "speaker_tag": 2,
        "start_time": "0:03:08.900000",
        "word": "you"
    },
    {
        "end_time": "0:03:09.500000",
        "speaker_tag": 2,
        "start_time": "0:03:09.300000",
        "word": "still"
    },
    {
        "end_time": "0:03:09.600000",
        "speaker_tag": 2,
        "start_time": "0:03:09.500000",
        "word": "have"
    },
    {
        "end_time": "0:03:09.700000",
        "speaker_tag": 2,
        "start_time": "0:03:09.600000",
        "word": "some"
    },
    {
        "end_time": "0:03:10",
        "speaker_tag": 2,
        "start_time": "0:03:09.700000",
        "word": "time"
    },
    {
        "end_time": "0:03:10.300000",
        "speaker_tag": 2,
        "start_time": "0:03:10",
        "word": "as"
    },
    {
        "end_time": "0:03:11.100000",
        "speaker_tag": 2,
        "start_time": "0:03:10.300000",
        "word": "I"
    },
    {
        "end_time": "0:03:11.900000",
        "speaker_tag": 2,
        "start_time": "0:03:11.100000",
        "word": "told"
    },
    {
        "end_time": "0:03:12.100000",
        "speaker_tag": 2,
        "start_time": "0:03:11.900000",
        "word": "you"
    },
    {
        "end_time": "0:03:14.800000",
        "speaker_tag": 2,
        "start_time": "0:03:14.400000",
        "word": "okay"
    },
    {
        "end_time": "0:03:15.500000",
        "speaker_tag": 2,
        "start_time": "0:03:14.800000",
        "word": "alright"
    },
    {
        "end_time": "0:03:18.600000",
        "speaker_tag": 2,
        "start_time": "0:03:18.100000",
        "word": "all"
    },
    {
        "end_time": "0:03:18.900000",
        "speaker_tag": 2,
        "start_time": "0:03:18.600000",
        "word": "right"
    },
    {
        "end_time": "0:03:19.500000",
        "speaker_tag": 2,
        "start_time": "0:03:18.900000",
        "word": "perfect"
    },
    {
        "end_time": "0:03:22",
        "speaker_tag": 2,
        "start_time": "0:03:20.800000",
        "word": "now"
    },
    {
        "end_time": "0:03:22.400000",
        "speaker_tag": 2,
        "start_time": "0:03:22",
        "word": "what"
    },
    {
        "end_time": "0:03:22.500000",
        "speaker_tag": 2,
        "start_time": "0:03:22.400000",
        "word": "are"
    },
    {
        "end_time": "0:03:22.600000",
        "speaker_tag": 2,
        "start_time": "0:03:22.500000",
        "word": "we"
    },
    {
        "end_time": "0:03:22.700000",
        "speaker_tag": 2,
        "start_time": "0:03:22.600000",
        "word": "going"
    },
    {
        "end_time": "0:03:22.800000",
        "speaker_tag": 2,
        "start_time": "0:03:22.700000",
        "word": "to"
    },
    {
        "end_time": "0:03:23",
        "speaker_tag": 2,
        "start_time": "0:03:22.800000",
        "word": "do"
    },
    {
        "end_time": "0:03:23.800000",
        "speaker_tag": 2,
        "start_time": "0:03:23",
        "word": "is"
    },
    {
        "end_time": "0:03:24.400000",
        "speaker_tag": 2,
        "start_time": "0:03:23.800000",
        "word": "sappy"
    },
    {
        "end_time": "0:03:25",
        "speaker_tag": 2,
        "start_time": "0:03:24.400000",
        "word": "please"
    },
    {
        "end_time": "0:03:25.300000",
        "speaker_tag": 2,
        "start_time": "0:03:25",
        "word": "explain"
    },
    {
        "end_time": "0:03:25.700000",
        "speaker_tag": 2,
        "start_time": "0:03:25.300000",
        "word": "how"
    },
    {
        "end_time": "0:03:25.900000",
        "speaker_tag": 2,
        "start_time": "0:03:25.700000",
        "word": "you"
    },
    {
        "end_time": "0:03:26.100000",
        "speaker_tag": 2,
        "start_time": "0:03:25.900000",
        "word": "would"
    },
    {
        "end_time": "0:03:26.400000",
        "speaker_tag": 2,
        "start_time": "0:03:26.100000",
        "word": "make"
    },
    {
        "end_time": "0:03:27.500000",
        "speaker_tag": 2,
        "start_time": "0:03:26.400000",
        "word": "the"
    },
    {
        "end_time": "0:03:27.800000",
        "speaker_tag": 2,
        "start_time": "0:03:27.500000",
        "word": "following"
    },
    {
        "end_time": "0:03:28.300000",
        "speaker_tag": 2,
        "start_time": "0:03:27.800000",
        "word": "meal"
    },
    {
        "end_time": "0:03:30.200000",
        "speaker_tag": 1,
        "start_time": "0:03:29.400000",
        "word": "step-by-step"
    },
    {
        "end_time": "0:03:31.300000",
        "speaker_tag": 1,
        "start_time": "0:03:30.200000",
        "word": "a"
    },
    {
        "end_time": "0:03:31.600000",
        "speaker_tag": 2,
        "start_time": "0:03:31.300000",
        "word": "cup"
    },
    {
        "end_time": "0:03:31.800000",
        "speaker_tag": 2,
        "start_time": "0:03:31.600000",
        "word": "of"
    },
    {
        "end_time": "0:03:32.100000",
        "speaker_tag": 2,
        "start_time": "0:03:31.800000",
        "word": "coffee"
    },
    {
        "end_time": "0:03:33.400000",
        "speaker_tag": 2,
        "start_time": "0:03:32.100000",
        "word": "scrambled"
    },
    {
        "end_time": "0:03:33.900000",
        "speaker_tag": 2,
        "start_time": "0:03:33.400000",
        "word": "eggs"
    },
    {
        "end_time": "0:03:34.300000",
        "speaker_tag": 2,
        "start_time": "0:03:33.900000",
        "word": "in"
    },
    {
        "end_time": "0:03:34.400000",
        "speaker_tag": 2,
        "start_time": "0:03:34.300000",
        "word": "a"
    },
    {
        "end_time": "0:03:34.600000",
        "speaker_tag": 2,
        "start_time": "0:03:34.400000",
        "word": "bowl"
    },
    {
        "end_time": "0:03:35",
        "speaker_tag": 2,
        "start_time": "0:03:34.600000",
        "word": "of"
    },
    {
        "end_time": "0:03:35.400000",
        "speaker_tag": 2,
        "start_time": "0:03:35",
        "word": "fruit"
    },
    {
        "end_time": "0:03:36.400000",
        "speaker_tag": 2,
        "start_time": "0:03:35.400000",
        "word": "pretend"
    },
    {
        "end_time": "0:03:36.600000",
        "speaker_tag": 2,
        "start_time": "0:03:36.400000",
        "word": "that"
    },
    {
        "end_time": "0:03:36.700000",
        "speaker_tag": 2,
        "start_time": "0:03:36.600000",
        "word": "I"
    },
    {
        "end_time": "0:03:37",
        "speaker_tag": 2,
        "start_time": "0:03:36.700000",
        "word": "don't"
    },
    {
        "end_time": "0:03:37.200000",
        "speaker_tag": 2,
        "start_time": "0:03:37",
        "word": "know"
    },
    {
        "end_time": "0:03:37.500000",
        "speaker_tag": 2,
        "start_time": "0:03:37.200000",
        "word": "how"
    },
    {
        "end_time": "0:03:37.700000",
        "speaker_tag": 2,
        "start_time": "0:03:37.500000",
        "word": "to"
    },
    {
        "end_time": "0:03:37.900000",
        "speaker_tag": 2,
        "start_time": "0:03:37.700000",
        "word": "make"
    },
    {
        "end_time": "0:03:38.100000",
        "speaker_tag": 2,
        "start_time": "0:03:37.900000",
        "word": "the"
    },
    {
        "end_time": "0:03:38.400000",
        "speaker_tag": 2,
        "start_time": "0:03:38.100000",
        "word": "meal"
    },
    {
        "end_time": "0:03:38.700000",
        "speaker_tag": 2,
        "start_time": "0:03:38.400000",
        "word": "and"
    },
    {
        "end_time": "0:03:39.100000",
        "speaker_tag": 2,
        "start_time": "0:03:38.700000",
        "word": "provide"
    },
    {
        "end_time": "0:03:39.800000",
        "speaker_tag": 2,
        "start_time": "0:03:39.100000",
        "word": "details"
    },
    {
        "end_time": "0:03:40.500000",
        "speaker_tag": 2,
        "start_time": "0:03:39.800000",
        "word": "you"
    },
    {
        "end_time": "0:03:40.800000",
        "speaker_tag": 2,
        "start_time": "0:03:40.500000",
        "word": "have"
    },
    {
        "end_time": "0:03:41.600000",
        "speaker_tag": 2,
        "start_time": "0:03:40.800000",
        "word": "five"
    },
    {
        "end_time": "0:03:41.600000",
        "speaker_tag": 2,
        "start_time": "0:03:41.600000",
        "word": "minutes"
    },
    {
        "end_time": "0:03:42.400000",
        "speaker_tag": 2,
        "start_time": "0:03:41.600000",
        "word": "to"
    },
    {
        "end_time": "0:03:42.900000",
        "speaker_tag": 2,
        "start_time": "0:03:42.400000",
        "word": "explain"
    },
    {
        "end_time": "0:03:44.500000",
        "speaker_tag": 2,
        "start_time": "0:03:42.900000",
        "word": "go"
    },
    {
        "end_time": "0:03:44.700000",
        "speaker_tag": 2,
        "start_time": "0:03:44.500000",
        "word": "for"
    },
    {
        "end_time": "0:03:44.900000",
        "speaker_tag": 2,
        "start_time": "0:03:44.700000",
        "word": "it"
    },
    {
        "end_time": "0:03:45",
        "speaker_tag": 2,
        "start_time": "0:03:44.900000",
        "word": "sir"
    },
    {
        "end_time": "0:03:53.300000",
        "speaker_tag": 2,
        "start_time": "0:03:53",
        "word": "I"
    },
    {
        "end_time": "0:03:53.600000",
        "speaker_tag": 2,
        "start_time": "0:03:53.300000",
        "word": "don't"
    },
    {
        "end_time": "0:03:53.800000",
        "speaker_tag": 2,
        "start_time": "0:03:53.600000",
        "word": "drink"
    },
    {
        "end_time": "0:03:54.100000",
        "speaker_tag": 2,
        "start_time": "0:03:53.800000",
        "word": "coffee"
    },
    {
        "end_time": "0:03:54.500000",
        "speaker_tag": 2,
        "start_time": "0:03:54.100000",
        "word": "so"
    },
    {
        "end_time": "0:03:54.700000",
        "speaker_tag": 2,
        "start_time": "0:03:54.500000",
        "word": "I'm"
    },
    {
        "end_time": "0:03:54.800000",
        "speaker_tag": 2,
        "start_time": "0:03:54.700000",
        "word": "not"
    },
    {
        "end_time": "0:03:55.100000",
        "speaker_tag": 2,
        "start_time": "0:03:54.800000",
        "word": "very"
    },
    {
        "end_time": "0:03:55.200000",
        "speaker_tag": 2,
        "start_time": "0:03:55.100000",
        "word": "Adept"
    },
    {
        "end_time": "0:03:56.100000",
        "speaker_tag": 2,
        "start_time": "0:03:55.200000",
        "word": "making"
    },
    {
        "end_time": "0:03:56.500000",
        "speaker_tag": 2,
        "start_time": "0:03:56.100000",
        "word": "coffee"
    },
    {
        "end_time": "0:03:57.200000",
        "speaker_tag": 2,
        "start_time": "0:03:56.500000",
        "word": "I"
    },
    {
        "end_time": "0:03:57.700000",
        "speaker_tag": 2,
        "start_time": "0:03:57.200000",
        "word": "haven't"
    },
    {
        "end_time": "0:03:57.700000",
        "speaker_tag": 2,
        "start_time": "0:03:57.700000",
        "word": "done"
    },
    {
        "end_time": "0:03:57.900000",
        "speaker_tag": 2,
        "start_time": "0:03:57.700000",
        "word": "it"
    },
    {
        "end_time": "0:03:58.300000",
        "speaker_tag": 2,
        "start_time": "0:03:57.900000",
        "word": "but"
    },
    {
        "end_time": "0:03:58.600000",
        "speaker_tag": 2,
        "start_time": "0:03:58.300000",
        "word": "a"
    },
    {
        "end_time": "0:03:59",
        "speaker_tag": 2,
        "start_time": "0:03:58.600000",
        "word": "very"
    },
    {
        "end_time": "0:03:59.200000",
        "speaker_tag": 2,
        "start_time": "0:03:59",
        "word": "very"
    },
    {
        "end_time": "0:04:00.100000",
        "speaker_tag": 2,
        "start_time": "0:03:59.200000",
        "word": "rare"
    },
    {
        "end_time": "0:04:00.700000",
        "speaker_tag": 2,
        "start_time": "0:04:00.100000",
        "word": "occasion"
    },
    {
        "end_time": "0:04:01.200000",
        "speaker_tag": 2,
        "start_time": "0:04:00.700000",
        "word": "and"
    },
    {
        "end_time": "0:04:01.400000",
        "speaker_tag": 2,
        "start_time": "0:04:01.200000",
        "word": "it"
    },
    {
        "end_time": "0:04:01.700000",
        "speaker_tag": 2,
        "start_time": "0:04:01.400000",
        "word": "depends"
    },
    {
        "end_time": "0:04:01.800000",
        "speaker_tag": 2,
        "start_time": "0:04:01.700000",
        "word": "on"
    },
    {
        "end_time": "0:04:02.100000",
        "speaker_tag": 2,
        "start_time": "0:04:01.800000",
        "word": "what"
    },
    {
        "end_time": "0:04:02.300000",
        "speaker_tag": 2,
        "start_time": "0:04:02.100000",
        "word": "kind"
    },
    {
        "end_time": "0:04:02.400000",
        "speaker_tag": 2,
        "start_time": "0:04:02.300000",
        "word": "of"
    },
    {
        "end_time": "0:04:03.700000",
        "speaker_tag": 2,
        "start_time": "0:04:02.400000",
        "word": "coffee"
    },
    {
        "end_time": "0:04:04.300000",
        "speaker_tag": 2,
        "start_time": "0:04:03.700000",
        "word": "making"
    },
    {
        "end_time": "0:04:05.900000",
        "speaker_tag": 2,
        "start_time": "0:04:04.300000",
        "word": "apparatus"
    },
    {
        "end_time": "0:04:06.300000",
        "speaker_tag": 2,
        "start_time": "0:04:05.900000",
        "word": "you"
    },
    {
        "end_time": "0:04:06.600000",
        "speaker_tag": 2,
        "start_time": "0:04:06.300000",
        "word": "have"
    },
    {
        "end_time": "0:04:09",
        "speaker_tag": 2,
        "start_time": "0:04:08.600000",
        "word": "I'm"
    },
    {
        "end_time": "0:04:09.200000",
        "speaker_tag": 2,
        "start_time": "0:04:09",
        "word": "leaving"
    },
    {
        "end_time": "0:04:09.500000",
        "speaker_tag": 2,
        "start_time": "0:04:09.200000",
        "word": "home"
    },
    {
        "end_time": "0:04:09.800000",
        "speaker_tag": 2,
        "start_time": "0:04:09.500000",
        "word": "we"
    },
    {
        "end_time": "0:04:10.100000",
        "speaker_tag": 2,
        "start_time": "0:04:09.800000",
        "word": "have"
    },
    {
        "end_time": "0:04:10.500000",
        "speaker_tag": 2,
        "start_time": "0:04:10.100000",
        "word": "what's"
    },
    {
        "end_time": "0:04:10.600000",
        "speaker_tag": 2,
        "start_time": "0:04:10.500000",
        "word": "called"
    },
    {
        "end_time": "0:04:10.900000",
        "speaker_tag": 2,
        "start_time": "0:04:10.600000",
        "word": "her"
    },
    {
        "end_time": "0:04:11.800000",
        "speaker_tag": 2,
        "start_time": "0:04:10.900000",
        "word": "and"
    },
    {
        "end_time": "0:04:12.400000",
        "speaker_tag": 2,
        "start_time": "0:04:11.800000",
        "word": "dripolator"
    },
    {
        "end_time": "0:04:12.600000",
        "speaker_tag": 2,
        "start_time": "0:04:12.400000",
        "word": "do"
    },
    {
        "end_time": "0:04:12.800000",
        "speaker_tag": 2,
        "start_time": "0:04:12.600000",
        "word": "you"
    },
    {
        "end_time": "0:04:13.800000",
        "speaker_tag": 2,
        "start_time": "0:04:12.800000",
        "word": "put"
    },
    {
        "end_time": "0:04:14.600000",
        "speaker_tag": 2,
        "start_time": "0:04:13.800000",
        "word": "coffee"
    },
    {
        "end_time": "0:04:15",
        "speaker_tag": 2,
        "start_time": "0:04:14.600000",
        "word": "grounds"
    },
    {
        "end_time": "0:04:15.300000",
        "speaker_tag": 2,
        "start_time": "0:04:15",
        "word": "in"
    },
    {
        "end_time": "0:04:15.500000",
        "speaker_tag": 2,
        "start_time": "0:04:15.300000",
        "word": "a"
    },
    {
        "end_time": "0:04:18.100000",
        "speaker_tag": 2,
        "start_time": "0:04:17.400000",
        "word": "cabin"
    },
    {
        "end_time": "0:04:18.600000",
        "speaker_tag": 2,
        "start_time": "0:04:18.100000",
        "word": "filter"
    },
    {
        "end_time": "0:04:21.700000",
        "speaker_tag": 2,
        "start_time": "0:04:18.600000",
        "word": "filter"
    },
    {
        "end_time": "0:04:22.900000",
        "speaker_tag": 2,
        "start_time": "0:04:21.700000",
        "word": "and"
    },
    {
        "end_time": "0:04:24.600000",
        "speaker_tag": 2,
        "start_time": "0:04:23.900000",
        "word": "boiling"
    },
    {
        "end_time": "0:04:24.800000",
        "speaker_tag": 2,
        "start_time": "0:04:24.600000",
        "word": "hot"
    },
    {
        "end_time": "0:04:24.900000",
        "speaker_tag": 2,
        "start_time": "0:04:24.800000",
        "word": "water"
    },
    {
        "end_time": "0:04:25.200000",
        "speaker_tag": 2,
        "start_time": "0:04:24.900000",
        "word": "to"
    },
    {
        "end_time": "0:04:25.700000",
        "speaker_tag": 1,
        "start_time": "0:04:25.200000",
        "word": "top"
    },
    {
        "end_time": "0:04:26.900000",
        "speaker_tag": 1,
        "start_time": "0:04:25.700000",
        "word": "and"
    },
    {
        "end_time": "0:04:27",
        "speaker_tag": 1,
        "start_time": "0:04:26.900000",
        "word": "it"
    },
    {
        "end_time": "0:04:27.700000",
        "speaker_tag": 2,
        "start_time": "0:04:27",
        "word": "trickles"
    },
    {
        "end_time": "0:04:27.700000",
        "speaker_tag": 2,
        "start_time": "0:04:27.700000",
        "word": "down"
    },
    {
        "end_time": "0:04:28.200000",
        "speaker_tag": 2,
        "start_time": "0:04:27.700000",
        "word": "through"
    },
    {
        "end_time": "0:04:28.400000",
        "speaker_tag": 2,
        "start_time": "0:04:28.200000",
        "word": "and"
    },
    {
        "end_time": "0:04:28.500000",
        "speaker_tag": 2,
        "start_time": "0:04:28.400000",
        "word": "the"
    },
    {
        "end_time": "0:04:28.800000",
        "speaker_tag": 2,
        "start_time": "0:04:28.500000",
        "word": "coffee"
    },
    {
        "end_time": "0:04:29.200000",
        "speaker_tag": 2,
        "start_time": "0:04:28.800000",
        "word": "comes"
    },
    {
        "end_time": "0:04:29.300000",
        "speaker_tag": 2,
        "start_time": "0:04:29.200000",
        "word": "out"
    },
    {
        "end_time": "0:04:29.500000",
        "speaker_tag": 2,
        "start_time": "0:04:29.300000",
        "word": "in"
    },
    {
        "end_time": "0:04:29.600000",
        "speaker_tag": 2,
        "start_time": "0:04:29.500000",
        "word": "the"
    },
    {
        "end_time": "0:04:30.100000",
        "speaker_tag": 1,
        "start_time": "0:04:29.600000",
        "word": "pot"
    },
    {
        "end_time": "0:04:33.800000",
        "speaker_tag": 2,
        "start_time": "0:04:30.100000",
        "word": "and"
    },
    {
        "end_time": "0:04:36.600000",
        "speaker_tag": 2,
        "start_time": "0:04:36",
        "word": "List"
    },
    {
        "end_time": "0:04:36.900000",
        "speaker_tag": 2,
        "start_time": "0:04:36.600000",
        "word": "born"
    },
    {
        "end_time": "0:04:37",
        "speaker_tag": 2,
        "start_time": "0:04:36.900000",
        "word": "on"
    },
    {
        "end_time": "0:04:37.300000",
        "speaker_tag": 2,
        "start_time": "0:04:37",
        "word": "way"
    },
    {
        "end_time": "0:04:37.400000",
        "speaker_tag": 2,
        "start_time": "0:04:37.300000",
        "word": "to"
    },
    {
        "end_time": "0:04:37.700000",
        "speaker_tag": 2,
        "start_time": "0:04:37.400000",
        "word": "scramble"
    },
    {
        "end_time": "0:04:38.200000",
        "speaker_tag": 2,
        "start_time": "0:04:37.700000",
        "word": "eggs"
    },
    {
        "end_time": "0:04:42.500000",
        "speaker_tag": 2,
        "start_time": "0:04:42.100000",
        "word": "the"
    },
    {
        "end_time": "0:04:42.800000",
        "speaker_tag": 2,
        "start_time": "0:04:42.500000",
        "word": "last"
    },
    {
        "end_time": "0:04:43",
        "speaker_tag": 2,
        "start_time": "0:04:42.800000",
        "word": "time"
    },
    {
        "end_time": "0:04:43.100000",
        "speaker_tag": 2,
        "start_time": "0:04:43",
        "word": "I"
    },
    {
        "end_time": "0:04:43.700000",
        "speaker_tag": 2,
        "start_time": "0:04:43.100000",
        "word": "scrambled"
    },
    {
        "end_time": "0:04:44",
        "speaker_tag": 2,
        "start_time": "0:04:43.700000",
        "word": "eggs"
    },
    {
        "end_time": "0:04:44.600000",
        "speaker_tag": 2,
        "start_time": "0:04:44",
        "word": "I"
    },
    {
        "end_time": "0:04:44.800000",
        "speaker_tag": 2,
        "start_time": "0:04:44.600000",
        "word": "did"
    },
    {
        "end_time": "0:04:45",
        "speaker_tag": 2,
        "start_time": "0:04:44.800000",
        "word": "it"
    },
    {
        "end_time": "0:04:45",
        "speaker_tag": 2,
        "start_time": "0:04:45",
        "word": "in"
    },
    {
        "end_time": "0:04:45.100000",
        "speaker_tag": 2,
        "start_time": "0:04:45",
        "word": "the"
    },
    {
        "end_time": "0:04:45.200000",
        "speaker_tag": 2,
        "start_time": "0:04:45.100000",
        "word": "microwave"
    },
    {
        "end_time": "0:04:47.100000",
        "speaker_tag": 1,
        "start_time": "0:04:45.200000",
        "word": "I"
    },
    {
        "end_time": "0:04:47.400000",
        "speaker_tag": 1,
        "start_time": "0:04:47.100000",
        "word": "miss"
    },
    {
        "end_time": "0:04:47.700000",
        "speaker_tag": 1,
        "start_time": "0:04:47.400000",
        "word": "them"
    },
    {
        "end_time": "0:04:48.800000",
        "speaker_tag": 2,
        "start_time": "0:04:47.700000",
        "word": "little"
    },
    {
        "end_time": "0:04:49.200000",
        "speaker_tag": 2,
        "start_time": "0:04:48.800000",
        "word": "little"
    },
    {
        "end_time": "0:04:49.700000",
        "speaker_tag": 2,
        "start_time": "0:04:49.200000",
        "word": "butter"
    },
    {
        "end_time": "0:04:49.800000",
        "speaker_tag": 2,
        "start_time": "0:04:49.700000",
        "word": "in"
    },
    {
        "end_time": "0:04:49.900000",
        "speaker_tag": 2,
        "start_time": "0:04:49.800000",
        "word": "a"
    },
    {
        "end_time": "0:04:50.200000",
        "speaker_tag": 2,
        "start_time": "0:04:49.900000",
        "word": "bowl"
    },
    {
        "end_time": "0:04:50.400000",
        "speaker_tag": 2,
        "start_time": "0:04:50.200000",
        "word": "and"
    },
    {
        "end_time": "0:04:51.200000",
        "speaker_tag": 2,
        "start_time": "0:04:50.400000",
        "word": "broke"
    },
    {
        "end_time": "0:04:51.400000",
        "speaker_tag": 2,
        "start_time": "0:04:51.200000",
        "word": "two"
    },
    {
        "end_time": "0:04:51.900000",
        "speaker_tag": 2,
        "start_time": "0:04:51.400000",
        "word": "eggs"
    },
    {
        "end_time": "0:04:52.100000",
        "speaker_tag": 2,
        "start_time": "0:04:51.900000",
        "word": "and"
    },
    {
        "end_time": "0:04:53.200000",
        "speaker_tag": 2,
        "start_time": "0:04:52.100000",
        "word": "bowls"
    },
    {
        "end_time": "0:04:54.500000",
        "speaker_tag": 2,
        "start_time": "0:04:53.200000",
        "word": "and"
    },
    {
        "end_time": "0:04:54.900000",
        "speaker_tag": 2,
        "start_time": "0:04:54.500000",
        "word": "not"
    },
    {
        "end_time": "0:04:55.100000",
        "speaker_tag": 2,
        "start_time": "0:04:54.900000",
        "word": "put"
    },
    {
        "end_time": "0:04:55.200000",
        "speaker_tag": 2,
        "start_time": "0:04:55.100000",
        "word": "them"
    },
    {
        "end_time": "0:04:55.200000",
        "speaker_tag": 2,
        "start_time": "0:04:55.200000",
        "word": "in"
    },
    {
        "end_time": "0:04:55.300000",
        "speaker_tag": 2,
        "start_time": "0:04:55.200000",
        "word": "the"
    },
    {
        "end_time": "0:04:55.400000",
        "speaker_tag": 2,
        "start_time": "0:04:55.300000",
        "word": "microwave"
    },
    {
        "end_time": "0:04:56.200000",
        "speaker_tag": 2,
        "start_time": "0:04:55.400000",
        "word": "for"
    },
    {
        "end_time": "0:04:56.900000",
        "speaker_tag": 2,
        "start_time": "0:04:56.200000",
        "word": "I"
    },
    {
        "end_time": "0:04:57.100000",
        "speaker_tag": 2,
        "start_time": "0:04:56.900000",
        "word": "don't"
    },
    {
        "end_time": "0:04:57.400000",
        "speaker_tag": 2,
        "start_time": "0:04:57.100000",
        "word": "remember"
    },
    {
        "end_time": "0:04:57.600000",
        "speaker_tag": 2,
        "start_time": "0:04:57.400000",
        "word": "how"
    },
    {
        "end_time": "0:04:57.700000",
        "speaker_tag": 2,
        "start_time": "0:04:57.600000",
        "word": "long"
    },
    {
        "end_time": "0:04:58.100000",
        "speaker_tag": 2,
        "start_time": "0:04:57.700000",
        "word": "to"
    },
    {
        "end_time": "0:04:58.400000",
        "speaker_tag": 2,
        "start_time": "0:04:58.100000",
        "word": "3"
    },
    {
        "end_time": "0:04:58.800000",
        "speaker_tag": 2,
        "start_time": "0:04:58.400000",
        "word": "minutes"
    },
    {
        "end_time": "0:04:59.100000",
        "speaker_tag": 2,
        "start_time": "0:04:58.800000",
        "word": "probably"
    },
    {
        "end_time": "0:05:00.700000",
        "speaker_tag": 2,
        "start_time": "0:05:00.100000",
        "word": "an"
    },
    {
        "end_time": "0:05:01.300000",
        "speaker_tag": 2,
        "start_time": "0:05:00.700000",
        "word": "osprey"
    },
    {
        "end_time": "0:05:02",
        "speaker_tag": 2,
        "start_time": "0:05:01.300000",
        "word": "eruptum"
    },
    {
        "end_time": "0:05:02.700000",
        "speaker_tag": 2,
        "start_time": "0:05:02",
        "word": "occasion"
    },
    {
        "end_time": "0:05:03.600000",
        "speaker_tag": 2,
        "start_time": "0:05:02.700000",
        "word": "to"
    },
    {
        "end_time": "0:05:04.200000",
        "speaker_tag": 2,
        "start_time": "0:05:03.600000",
        "word": "Sterling"
    },
    {
        "end_time": "0:05:06.700000",
        "speaker_tag": 2,
        "start_time": "0:05:04.200000",
        "word": "so"
    },
    {
        "end_time": "0:05:06.900000",
        "speaker_tag": 2,
        "start_time": "0:05:06.700000",
        "word": "that"
    },
    {
        "end_time": "0:05:07",
        "speaker_tag": 2,
        "start_time": "0:05:06.900000",
        "word": "they"
    },
    {
        "end_time": "0:05:07.200000",
        "speaker_tag": 2,
        "start_time": "0:05:07",
        "word": "get"
    },
    {
        "end_time": "0:05:07.500000",
        "speaker_tag": 2,
        "start_time": "0:05:07.200000",
        "word": "done"
    },
    {
        "end_time": "0:05:07.600000",
        "speaker_tag": 2,
        "start_time": "0:05:07.500000",
        "word": "all"
    },
    {
        "end_time": "0:05:07.700000",
        "speaker_tag": 2,
        "start_time": "0:05:07.600000",
        "word": "the"
    },
    {
        "end_time": "0:05:07.900000",
        "speaker_tag": 2,
        "start_time": "0:05:07.700000",
        "word": "way"
    },
    {
        "end_time": "0:05:08.200000",
        "speaker_tag": 2,
        "start_time": "0:05:07.900000",
        "word": "through"
    },
    {
        "end_time": "0:05:10.100000",
        "speaker_tag": 2,
        "start_time": "0:05:09.400000",
        "word": "and"
    },
    {
        "end_time": "0:05:12.400000",
        "speaker_tag": 1,
        "start_time": "0:05:10.100000",
        "word": "route"
    },
    {
        "end_time": "0:05:14",
        "speaker_tag": 1,
        "start_time": "0:05:13.400000",
        "word": "well"
    },
    {
        "end_time": "0:05:18.700000",
        "speaker_tag": 2,
        "start_time": "0:05:18.200000",
        "word": "well"
    },
    {
        "end_time": "0:05:18.800000",
        "speaker_tag": 2,
        "start_time": "0:05:18.700000",
        "word": "I"
    },
    {
        "end_time": "0:05:19",
        "speaker_tag": 2,
        "start_time": "0:05:18.800000",
        "word": "think"
    },
    {
        "end_time": "0:05:19.400000",
        "speaker_tag": 2,
        "start_time": "0:05:19",
        "word": "of"
    },
    {
        "end_time": "0:05:19.500000",
        "speaker_tag": 2,
        "start_time": "0:05:19.400000",
        "word": "a"
    },
    {
        "end_time": "0:05:19.800000",
        "speaker_tag": 2,
        "start_time": "0:05:19.500000",
        "word": "fruit"
    },
    {
        "end_time": "0:05:20.200000",
        "speaker_tag": 2,
        "start_time": "0:05:19.800000",
        "word": "salad"
    },
    {
        "end_time": "0:05:21.600000",
        "speaker_tag": 2,
        "start_time": "0:05:20.200000",
        "word": "yummy"
    },
    {
        "end_time": "0:05:21.700000",
        "speaker_tag": 2,
        "start_time": "0:05:21.600000",
        "word": "yummy"
    },
    {
        "end_time": "0:05:23.600000",
        "speaker_tag": 2,
        "start_time": "0:05:21.700000",
        "word": "apples"
    },
    {
        "end_time": "0:05:23.900000",
        "speaker_tag": 2,
        "start_time": "0:05:23.600000",
        "word": "oranges"
    },
    {
        "end_time": "0:05:24.200000",
        "speaker_tag": 2,
        "start_time": "0:05:23.900000",
        "word": "and"
    },
    {
        "end_time": "0:05:24.900000",
        "speaker_tag": 2,
        "start_time": "0:05:24.200000",
        "word": "bananas"
    },
    {
        "end_time": "0:05:27.200000",
        "speaker_tag": 2,
        "start_time": "0:05:26",
        "word": "basically"
    },
    {
        "end_time": "0:05:28.200000",
        "speaker_tag": 2,
        "start_time": "0:05:27.200000",
        "word": "but"
    },
    {
        "end_time": "0:05:28.500000",
        "speaker_tag": 2,
        "start_time": "0:05:28.200000",
        "word": "then"
    },
    {
        "end_time": "0:05:30",
        "speaker_tag": 2,
        "start_time": "0:05:28.500000",
        "word": "if"
    },
    {
        "end_time": "0:05:30.200000",
        "speaker_tag": 2,
        "start_time": "0:05:30",
        "word": "you"
    },
    {
        "end_time": "0:05:30.300000",
        "speaker_tag": 2,
        "start_time": "0:05:30.200000",
        "word": "want"
    },
    {
        "end_time": "0:05:30.600000",
        "speaker_tag": 2,
        "start_time": "0:05:30.300000",
        "word": "though"
    },
    {
        "end_time": "0:05:31.600000",
        "speaker_tag": 2,
        "start_time": "0:05:30.600000",
        "word": "it"
    },
    {
        "end_time": "0:05:31.800000",
        "speaker_tag": 2,
        "start_time": "0:05:31.600000",
        "word": "really"
    },
    {
        "end_time": "0:05:32.100000",
        "speaker_tag": 2,
        "start_time": "0:05:31.800000",
        "word": "make"
    },
    {
        "end_time": "0:05:32.200000",
        "speaker_tag": 2,
        "start_time": "0:05:32.100000",
        "word": "it"
    },
    {
        "end_time": "0:05:32.600000",
        "speaker_tag": 2,
        "start_time": "0:05:32.200000",
        "word": "good"
    },
    {
        "end_time": "0:05:36.200000",
        "speaker_tag": 2,
        "start_time": "0:05:32.600000",
        "word": "strawberries"
    },
    {
        "end_time": "0:05:36.300000",
        "speaker_tag": 2,
        "start_time": "0:05:36.200000",
        "word": "or"
    },
    {
        "end_time": "0:05:36.500000",
        "speaker_tag": 2,
        "start_time": "0:05:36.300000",
        "word": "some"
    },
    {
        "end_time": "0:05:37",
        "speaker_tag": 2,
        "start_time": "0:05:36.500000",
        "word": "peaches"
    },
    {
        "end_time": "0:05:37.200000",
        "speaker_tag": 2,
        "start_time": "0:05:37",
        "word": "or"
    },
    {
        "end_time": "0:05:37.700000",
        "speaker_tag": 2,
        "start_time": "0:05:37.200000",
        "word": "something"
    },
    {
        "end_time": "0:05:37.800000",
        "speaker_tag": 2,
        "start_time": "0:05:37.700000",
        "word": "of"
    },
    {
        "end_time": "0:05:37.800000",
        "speaker_tag": 2,
        "start_time": "0:05:37.800000",
        "word": "that"
    },
    {
        "end_time": "0:05:38.100000",
        "speaker_tag": 2,
        "start_time": "0:05:37.800000",
        "word": "sort"
    },
    {
        "end_time": "0:05:39.600000",
        "speaker_tag": 1,
        "start_time": "0:05:38.100000",
        "word": "to"
    },
    {
        "end_time": "0:05:39.800000",
        "speaker_tag": 1,
        "start_time": "0:05:39.600000",
        "word": "make"
    },
    {
        "end_time": "0:05:40",
        "speaker_tag": 1,
        "start_time": "0:05:39.800000",
        "word": "it"
    },
    {
        "end_time": "0:05:41.900000",
        "speaker_tag": 2,
        "start_time": "0:05:41.400000",
        "word": "more"
    },
    {
        "end_time": "0:05:42.100000",
        "speaker_tag": 2,
        "start_time": "0:05:41.900000",
        "word": "free"
    },
    {
        "end_time": "0:05:43.100000",
        "speaker_tag": 2,
        "start_time": "0:05:42.100000",
        "word": "for"
    },
    {
        "end_time": "0:05:43.500000",
        "speaker_tag": 2,
        "start_time": "0:05:43.100000",
        "word": "fruit"
    },
    {
        "end_time": "0:05:44.900000",
        "speaker_tag": 2,
        "start_time": "0:05:43.500000",
        "word": "trees"
    },
    {
        "end_time": "0:05:45.100000",
        "speaker_tag": 2,
        "start_time": "0:05:44.900000",
        "word": "in"
    },
    {
        "end_time": "0:05:45.500000",
        "speaker_tag": 2,
        "start_time": "0:05:45.100000",
        "word": "in"
    },
    {
        "end_time": "0:05:46.600000",
        "speaker_tag": 2,
        "start_time": "0:05:45.500000",
        "word": "the"
    },
    {
        "end_time": "0:05:46.900000",
        "speaker_tag": 1,
        "start_time": "0:05:46.600000",
        "word": "fruit"
    },
    {
        "end_time": "0:05:47.200000",
        "speaker_tag": 1,
        "start_time": "0:05:46.900000",
        "word": "mix"
    },
    {
        "end_time": "0:05:51.100000",
        "speaker_tag": 1,
        "start_time": "0:05:49.200000",
        "word": "show"
    },
    {
        "end_time": "0:05:51.300000",
        "speaker_tag": 1,
        "start_time": "0:05:51.100000",
        "word": "like"
    },
    {
        "end_time": "0:05:52",
        "speaker_tag": 2,
        "start_time": "0:05:51.300000",
        "word": "Twilight"
    },
    {
        "end_time": "0:05:53.800000",
        "speaker_tag": 2,
        "start_time": "0:05:53.300000",
        "word": "something"
    },
    {
        "end_time": "0:05:54.100000",
        "speaker_tag": 2,
        "start_time": "0:05:53.800000",
        "word": "else"
    },
    {
        "end_time": "0:05:55.200000",
        "speaker_tag": 2,
        "start_time": "0:05:54.100000",
        "word": "2"
    },
    {
        "end_time": "0:05:55.600000",
        "speaker_tag": 2,
        "start_time": "0:05:55.200000",
        "word": "minutes"
    },
    {
        "end_time": "0:05:55.700000",
        "speaker_tag": 2,
        "start_time": "0:05:55.600000",
        "word": "has"
    },
    {
        "end_time": "0:05:56.200000",
        "speaker_tag": 2,
        "start_time": "0:05:55.700000",
        "word": "passed"
    },
    {
        "end_time": "0:05:56.500000",
        "speaker_tag": 2,
        "start_time": "0:05:56.200000",
        "word": "you"
    },
    {
        "end_time": "0:05:56.700000",
        "speaker_tag": 2,
        "start_time": "0:05:56.500000",
        "word": "can"
    },
    {
        "end_time": "0:05:56.800000",
        "speaker_tag": 2,
        "start_time": "0:05:56.700000",
        "word": "tell"
    },
    {
        "end_time": "0:05:56.900000",
        "speaker_tag": 2,
        "start_time": "0:05:56.800000",
        "word": "a"
    },
    {
        "end_time": "0:05:57",
        "speaker_tag": 2,
        "start_time": "0:05:56.900000",
        "word": "little"
    },
    {
        "end_time": "0:05:57.100000",
        "speaker_tag": 2,
        "start_time": "0:05:57",
        "word": "bit"
    },
    {
        "end_time": "0:05:57.300000",
        "speaker_tag": 2,
        "start_time": "0:05:57.100000",
        "word": "more"
    },
    {
        "end_time": "0:05:57.800000",
        "speaker_tag": 2,
        "start_time": "0:05:57.300000",
        "word": "detailed"
    },
    {
        "end_time": "0:06:06.700000",
        "speaker_tag": 2,
        "start_time": "0:05:57.800000",
        "word": "rub"
    },
    {
        "end_time": "0:06:06.900000",
        "speaker_tag": 2,
        "start_time": "0:06:06.700000",
        "word": "up"
    },
    {
        "end_time": "0:06:07",
        "speaker_tag": 2,
        "start_time": "0:06:06.900000",
        "word": "on"
    },
    {
        "end_time": "0:06:07.200000",
        "speaker_tag": 2,
        "start_time": "0:06:07",
        "word": "the"
    },
    {
        "end_time": "0:06:07.400000",
        "speaker_tag": 2,
        "start_time": "0:06:07.200000",
        "word": "stove"
    },
    {
        "end_time": "0:06:10.200000",
        "speaker_tag": 2,
        "start_time": "0:06:09.600000",
        "word": "tripping"
    },
    {
        "end_time": "0:06:10.400000",
        "speaker_tag": 2,
        "start_time": "0:06:10.200000",
        "word": "billies"
    },
    {
        "end_time": "0:06:12.400000",
        "speaker_tag": 2,
        "start_time": "0:06:10.400000",
        "word": "you"
    },
    {
        "end_time": "0:06:12.800000",
        "speaker_tag": 1,
        "start_time": "0:06:12.400000",
        "word": "want"
    },
    {
        "end_time": "0:06:15.100000",
        "speaker_tag": 2,
        "start_time": "0:06:13.800000",
        "word": "okay"
    },
    {
        "end_time": "0:06:16.400000",
        "speaker_tag": 2,
        "start_time": "0:06:15.100000",
        "word": "how"
    },
    {
        "end_time": "0:06:16.700000",
        "speaker_tag": 2,
        "start_time": "0:06:16.400000",
        "word": "do"
    },
    {
        "end_time": "0:06:16.800000",
        "speaker_tag": 2,
        "start_time": "0:06:16.700000",
        "word": "you"
    },
    {
        "end_time": "0:06:18",
        "speaker_tag": 2,
        "start_time": "0:06:16.800000",
        "word": "what"
    },
    {
        "end_time": "0:06:18.100000",
        "speaker_tag": 2,
        "start_time": "0:06:18",
        "word": "kind"
    },
    {
        "end_time": "0:06:18.200000",
        "speaker_tag": 2,
        "start_time": "0:06:18.100000",
        "word": "of"
    },
    {
        "end_time": "0:06:18.600000",
        "speaker_tag": 2,
        "start_time": "0:06:18.200000",
        "word": "texture"
    },
    {
        "end_time": "0:06:18.700000",
        "speaker_tag": 2,
        "start_time": "0:06:18.600000",
        "word": "do"
    },
    {
        "end_time": "0:06:18.800000",
        "speaker_tag": 2,
        "start_time": "0:06:18.700000",
        "word": "you"
    },
    {
        "end_time": "0:06:19.200000",
        "speaker_tag": 2,
        "start_time": "0:06:18.800000",
        "word": "like"
    },
    {
        "end_time": "0:06:19.600000",
        "speaker_tag": 2,
        "start_time": "0:06:19.200000",
        "word": "how"
    },
    {
        "end_time": "0:06:20.200000",
        "speaker_tag": 2,
        "start_time": "0:06:19.600000",
        "word": "long"
    },
    {
        "end_time": "0:06:20.500000",
        "speaker_tag": 2,
        "start_time": "0:06:20.200000",
        "word": "would"
    },
    {
        "end_time": "0:06:20.600000",
        "speaker_tag": 2,
        "start_time": "0:06:20.500000",
        "word": "you"
    },
    {
        "end_time": "0:06:20.700000",
        "speaker_tag": 2,
        "start_time": "0:06:20.600000",
        "word": "wait"
    },
    {
        "end_time": "0:06:21.600000",
        "speaker_tag": 2,
        "start_time": "0:06:20.700000",
        "word": "until"
    },
    {
        "end_time": "0:06:22",
        "speaker_tag": 2,
        "start_time": "0:06:21.600000",
        "word": "they're"
    },
    {
        "end_time": "0:06:26.500000",
        "speaker_tag": 2,
        "start_time": "0:06:22",
        "word": "not"
    },
    {
        "end_time": "0:06:26.800000",
        "speaker_tag": 2,
        "start_time": "0:06:26.500000",
        "word": "real"
    },
    {
        "end_time": "0:06:27.100000",
        "speaker_tag": 2,
        "start_time": "0:06:26.800000",
        "word": "well"
    },
    {
        "end_time": "0:06:27.400000",
        "speaker_tag": 2,
        "start_time": "0:06:27.100000",
        "word": "then"
    },
    {
        "end_time": "0:06:28.500000",
        "speaker_tag": 2,
        "start_time": "0:06:27.400000",
        "word": "I"
    },
    {
        "end_time": "0:06:28.600000",
        "speaker_tag": 2,
        "start_time": "0:06:28.500000",
        "word": "will"
    },
    {
        "end_time": "0:06:28.900000",
        "speaker_tag": 2,
        "start_time": "0:06:28.600000",
        "word": "never"
    },
    {
        "end_time": "0:06:29.700000",
        "speaker_tag": 2,
        "start_time": "0:06:28.900000",
        "word": "have"
    },
    {
        "end_time": "0:06:30",
        "speaker_tag": 2,
        "start_time": "0:06:29.700000",
        "word": "made"
    },
    {
        "end_time": "0:06:30.600000",
        "speaker_tag": 2,
        "start_time": "0:06:30",
        "word": "NEX"
    },
    {
        "end_time": "0:06:30.800000",
        "speaker_tag": 2,
        "start_time": "0:06:30.600000",
        "word": "how"
    },
    {
        "end_time": "0:06:31",
        "speaker_tag": 2,
        "start_time": "0:06:30.800000",
        "word": "would"
    },
    {
        "end_time": "0:06:31.100000",
        "speaker_tag": 2,
        "start_time": "0:06:31",
        "word": "you"
    },
    {
        "end_time": "0:06:31.400000",
        "speaker_tag": 2,
        "start_time": "0:06:31.100000",
        "word": "like"
    },
    {
        "end_time": "0:06:31.600000",
        "speaker_tag": 2,
        "start_time": "0:06:31.400000",
        "word": "to"
    },
    {
        "end_time": "0:06:31.800000",
        "speaker_tag": 2,
        "start_time": "0:06:31.600000",
        "word": "tell"
    },
    {
        "end_time": "0:06:31.800000",
        "speaker_tag": 2,
        "start_time": "0:06:31.800000",
        "word": "me"
    },
    {
        "end_time": "0:06:32.200000",
        "speaker_tag": 2,
        "start_time": "0:06:31.800000",
        "word": "to"
    },
    {
        "end_time": "0:06:32.400000",
        "speaker_tag": 2,
        "start_time": "0:06:32.200000",
        "word": "do"
    },
    {
        "end_time": "0:06:32.500000",
        "speaker_tag": 2,
        "start_time": "0:06:32.400000",
        "word": "those"
    },
    {
        "end_time": "0:06:34",
        "speaker_tag": 2,
        "start_time": "0:06:32.500000",
        "word": "just"
    },
    {
        "end_time": "0:06:34.200000",
        "speaker_tag": 2,
        "start_time": "0:06:34",
        "word": "like"
    },
    {
        "end_time": "0:06:34.400000",
        "speaker_tag": 2,
        "start_time": "0:06:34.200000",
        "word": "I've"
    },
    {
        "end_time": "0:06:34.500000",
        "speaker_tag": 2,
        "start_time": "0:06:34.400000",
        "word": "already"
    },
    {
        "end_time": "0:06:34.800000",
        "speaker_tag": 2,
        "start_time": "0:06:34.500000",
        "word": "told"
    },
    {
        "end_time": "0:06:35.100000",
        "speaker_tag": 2,
        "start_time": "0:06:34.800000",
        "word": "you"
    },
    {
        "end_time": "0:06:37.800000",
        "speaker_tag": 2,
        "start_time": "0:06:35.100000",
        "word": "everything"
    },
    {
        "end_time": "0:06:38.400000",
        "speaker_tag": 2,
        "start_time": "0:06:37.800000",
        "word": "outside"
    },
    {
        "end_time": "0:06:39.900000",
        "speaker_tag": 2,
        "start_time": "0:06:38.400000",
        "word": "okay"
    },
    {
        "end_time": "0:06:40.100000",
        "speaker_tag": 2,
        "start_time": "0:06:39.900000",
        "word": "would"
    },
    {
        "end_time": "0:06:40.200000",
        "speaker_tag": 2,
        "start_time": "0:06:40.100000",
        "word": "you"
    },
    {
        "end_time": "0:06:40.400000",
        "speaker_tag": 2,
        "start_time": "0:06:40.200000",
        "word": "like"
    },
    {
        "end_time": "0:06:40.800000",
        "speaker_tag": 2,
        "start_time": "0:06:40.400000",
        "word": "something"
    },
    {
        "end_time": "0:06:40.900000",
        "speaker_tag": 2,
        "start_time": "0:06:40.800000",
        "word": "else"
    },
    {
        "end_time": "0:06:41.100000",
        "speaker_tag": 2,
        "start_time": "0:06:40.900000",
        "word": "to"
    },
    {
        "end_time": "0:06:41.200000",
        "speaker_tag": 2,
        "start_time": "0:06:41.100000",
        "word": "the"
    },
    {
        "end_time": "0:06:41.600000",
        "speaker_tag": 2,
        "start_time": "0:06:41.200000",
        "word": "x"
    },
    {
        "end_time": "0:06:43.200000",
        "speaker_tag": 2,
        "start_time": "0:06:42.800000",
        "word": "what"
    },
    {
        "end_time": "0:06:43.700000",
        "speaker_tag": 2,
        "start_time": "0:06:43.200000",
        "word": "salt"
    },
    {
        "end_time": "0:06:43.700000",
        "speaker_tag": 2,
        "start_time": "0:06:43.700000",
        "word": "in"
    },
    {
        "end_time": "0:06:43.800000",
        "speaker_tag": 2,
        "start_time": "0:06:43.700000",
        "word": "a"
    },
    {
        "end_time": "0:06:44.100000",
        "speaker_tag": 2,
        "start_time": "0:06:43.800000",
        "word": "little"
    },
    {
        "end_time": "0:06:44.300000",
        "speaker_tag": 2,
        "start_time": "0:06:44.100000",
        "word": "bit"
    },
    {
        "end_time": "0:06:44.500000",
        "speaker_tag": 2,
        "start_time": "0:06:44.300000",
        "word": "before"
    },
    {
        "end_time": "0:06:44.800000",
        "speaker_tag": 1,
        "start_time": "0:06:44.500000",
        "word": "I"
    },
    {
        "end_time": "0:06:45",
        "speaker_tag": 1,
        "start_time": "0:06:44.800000",
        "word": "am"
    },
    {
        "end_time": "0:06:49",
        "speaker_tag": 1,
        "start_time": "0:06:48.200000",
        "word": "alright"
    },
    {
        "end_time": "0:06:49.700000",
        "speaker_tag": 1,
        "start_time": "0:06:49",
        "word": "thank"
    },
    {
        "end_time": "0:06:49.800000",
        "speaker_tag": 1,
        "start_time": "0:06:49.700000",
        "word": "you"
    },
    {
        "end_time": "0:06:52.900000",
        "speaker_tag": 1,
        "start_time": "0:06:52.100000",
        "word": "perfect"
    }
]