[
    {
        "end_time": "0:00:00.700000",
        "speaker_tag": 2,
        "start_time": "0:00:00.300000",
        "word": "I'm"
    },
    {
        "end_time": "0:00:01",
        "speaker_tag": 2,
        "start_time": "0:00:00.700000",
        "word": "going"
    },
    {
        "end_time": "0:00:01.100000",
        "speaker_tag": 2,
        "start_time": "0:00:01",
        "word": "to"
    },
    {
        "end_time": "0:00:01.200000",
        "speaker_tag": 2,
        "start_time": "0:00:01.100000",
        "word": "ask"
    },
    {
        "end_time": "0:00:01.400000",
        "speaker_tag": 2,
        "start_time": "0:00:01.200000",
        "word": "you"
    },
    {
        "end_time": "0:00:01.500000",
        "speaker_tag": 2,
        "start_time": "0:00:01.400000",
        "word": "to"
    },
    {
        "end_time": "0:00:01.700000",
        "speaker_tag": 2,
        "start_time": "0:00:01.500000",
        "word": "just"
    },
    {
        "end_time": "0:00:02",
        "speaker_tag": 2,
        "start_time": "0:00:01.700000",
        "word": "tell"
    },
    {
        "end_time": "0:00:02",
        "speaker_tag": 2,
        "start_time": "0:00:02",
        "word": "me"
    },
    {
        "end_time": "0:00:02.200000",
        "speaker_tag": 2,
        "start_time": "0:00:02",
        "word": "about"
    },
    {
        "end_time": "0:00:02.600000",
        "speaker_tag": 2,
        "start_time": "0:00:02.200000",
        "word": "a"
    },
    {
        "end_time": "0:00:03",
        "speaker_tag": 2,
        "start_time": "0:00:02.600000",
        "word": "trip"
    },
    {
        "end_time": "0:00:03.100000",
        "speaker_tag": 2,
        "start_time": "0:00:03",
        "word": "or"
    },
    {
        "end_time": "0:00:03.100000",
        "speaker_tag": 2,
        "start_time": "0:00:03.100000",
        "word": "vacation"
    },
    {
        "end_time": "0:00:03.800000",
        "speaker_tag": 2,
        "start_time": "0:00:03.100000",
        "word": "that"
    },
    {
        "end_time": "0:00:04.100000",
        "speaker_tag": 2,
        "start_time": "0:00:03.800000",
        "word": "you've"
    },
    {
        "end_time": "0:00:04.300000",
        "speaker_tag": 2,
        "start_time": "0:00:04.100000",
        "word": "taken"
    },
    {
        "end_time": "0:00:05.600000",
        "speaker_tag": 2,
        "start_time": "0:00:04.300000",
        "word": "and"
    },
    {
        "end_time": "0:00:05.800000",
        "speaker_tag": 2,
        "start_time": "0:00:05.600000",
        "word": "you"
    },
    {
        "end_time": "0:00:06",
        "speaker_tag": 2,
        "start_time": "0:00:05.800000",
        "word": "can"
    },
    {
        "end_time": "0:00:06.300000",
        "speaker_tag": 2,
        "start_time": "0:00:06",
        "word": "provide"
    },
    {
        "end_time": "0:00:06.500000",
        "speaker_tag": 2,
        "start_time": "0:00:06.300000",
        "word": "as"
    },
    {
        "end_time": "0:00:06.700000",
        "speaker_tag": 2,
        "start_time": "0:00:06.500000",
        "word": "many"
    },
    {
        "end_time": "0:00:07",
        "speaker_tag": 2,
        "start_time": "0:00:06.700000",
        "word": "details"
    },
    {
        "end_time": "0:00:07.600000",
        "speaker_tag": 2,
        "start_time": "0:00:07",
        "word": "as"
    },
    {
        "end_time": "0:00:08.500000",
        "speaker_tag": 2,
        "start_time": "0:00:07.600000",
        "word": "necessary"
    },
    {
        "end_time": "0:00:09.300000",
        "speaker_tag": 2,
        "start_time": "0:00:08.500000",
        "word": "and"
    },
    {
        "end_time": "0:00:10.300000",
        "speaker_tag": 2,
        "start_time": "0:00:09.300000",
        "word": "I'll"
    },
    {
        "end_time": "0:00:10.500000",
        "speaker_tag": 2,
        "start_time": "0:00:10.300000",
        "word": "tell"
    },
    {
        "end_time": "0:00:10.800000",
        "speaker_tag": 2,
        "start_time": "0:00:10.500000",
        "word": "you"
    },
    {
        "end_time": "0:00:11.100000",
        "speaker_tag": 2,
        "start_time": "0:00:10.800000",
        "word": "if"
    },
    {
        "end_time": "0:00:11.300000",
        "speaker_tag": 2,
        "start_time": "0:00:11.100000",
        "word": "and"
    },
    {
        "end_time": "0:00:11.600000",
        "speaker_tag": 2,
        "start_time": "0:00:11.300000",
        "word": "when"
    },
    {
        "end_time": "0:00:11.600000",
        "speaker_tag": 2,
        "start_time": "0:00:11.600000",
        "word": "to"
    },
    {
        "end_time": "0:00:12",
        "speaker_tag": 2,
        "start_time": "0:00:11.600000",
        "word": "stop"
    },
    {
        "end_time": "0:00:12.800000",
        "speaker_tag": 1,
        "start_time": "0:00:12",
        "word": "and"
    },
    {
        "end_time": "0:00:13",
        "speaker_tag": 1,
        "start_time": "0:00:12.800000",
        "word": "you"
    },
    {
        "end_time": "0:00:13",
        "speaker_tag": 1,
        "start_time": "0:00:13",
        "word": "don't"
    },
    {
        "end_time": "0:00:13.300000",
        "speaker_tag": 1,
        "start_time": "0:00:13",
        "word": "care"
    },
    {
        "end_time": "0:00:13.500000",
        "speaker_tag": 1,
        "start_time": "0:00:13.300000",
        "word": "what"
    },
    {
        "end_time": "0:00:13.600000",
        "speaker_tag": 1,
        "start_time": "0:00:13.500000",
        "word": "I"
    },
    {
        "end_time": "0:00:13.900000",
        "speaker_tag": 1,
        "start_time": "0:00:13.600000",
        "word": "need"
    },
    {
        "end_time": "0:00:14.100000",
        "speaker_tag": 1,
        "start_time": "0:00:13.900000",
        "word": "you"
    },
    {
        "end_time": "0:00:14.100000",
        "speaker_tag": 1,
        "start_time": "0:00:14.100000",
        "word": "to"
    },
    {
        "end_time": "0:00:14.400000",
        "speaker_tag": 1,
        "start_time": "0:00:14.100000",
        "word": "be"
    },
    {
        "end_time": "0:00:14.700000",
        "speaker_tag": 1,
        "start_time": "0:00:14.400000",
        "word": "like"
    },
    {
        "end_time": "0:00:14.800000",
        "speaker_tag": 1,
        "start_time": "0:00:14.700000",
        "word": "them"
    },
    {
        "end_time": "0:00:16.200000",
        "speaker_tag": 2,
        "start_time": "0:00:14.800000",
        "word": "anything"
    },
    {
        "end_time": "0:00:16.400000",
        "speaker_tag": 2,
        "start_time": "0:00:16.200000",
        "word": "you"
    },
    {
        "end_time": "0:00:16.600000",
        "speaker_tag": 2,
        "start_time": "0:00:16.400000",
        "word": "want"
    },
    {
        "end_time": "0:00:16.600000",
        "speaker_tag": 2,
        "start_time": "0:00:16.600000",
        "word": "to"
    },
    {
        "end_time": "0:00:16.700000",
        "speaker_tag": 2,
        "start_time": "0:00:16.600000",
        "word": "tell"
    },
    {
        "end_time": "0:00:16.800000",
        "speaker_tag": 2,
        "start_time": "0:00:16.700000",
        "word": "me"
    },
    {
        "end_time": "0:00:16.900000",
        "speaker_tag": 2,
        "start_time": "0:00:16.800000",
        "word": "about"
    },
    {
        "end_time": "0:00:17.300000",
        "speaker_tag": 2,
        "start_time": "0:00:16.900000",
        "word": "any"
    },
    {
        "end_time": "0:00:17.600000",
        "speaker_tag": 2,
        "start_time": "0:00:17.300000",
        "word": "trip"
    },
    {
        "end_time": "0:00:17.600000",
        "speaker_tag": 2,
        "start_time": "0:00:17.600000",
        "word": "or"
    },
    {
        "end_time": "0:00:17.700000",
        "speaker_tag": 2,
        "start_time": "0:00:17.600000",
        "word": "vacation"
    },
    {
        "end_time": "0:00:23.200000",
        "speaker_tag": 1,
        "start_time": "0:00:22.800000",
        "word": "all"
    },
    {
        "end_time": "0:00:23.600000",
        "speaker_tag": 1,
        "start_time": "0:00:23.200000",
        "word": "right"
    },
    {
        "end_time": "0:00:25",
        "speaker_tag": 1,
        "start_time": "0:00:24.600000",
        "word": "well"
    },
    {
        "end_time": "0:00:25.300000",
        "speaker_tag": 1,
        "start_time": "0:00:25",
        "word": "when"
    },
    {
        "end_time": "0:00:25.400000",
        "speaker_tag": 1,
        "start_time": "0:00:25.300000",
        "word": "I"
    },
    {
        "end_time": "0:00:25.800000",
        "speaker_tag": 1,
        "start_time": "0:00:25.400000",
        "word": "was"
    },
    {
        "end_time": "0:00:26.300000",
        "speaker_tag": 1,
        "start_time": "0:00:25.800000",
        "word": "I"
    },
    {
        "end_time": "0:00:26.600000",
        "speaker_tag": 1,
        "start_time": "0:00:26.300000",
        "word": "would"
    },
    {
        "end_time": "0:00:26.800000",
        "speaker_tag": 1,
        "start_time": "0:00:26.600000",
        "word": "I"
    },
    {
        "end_time": "0:00:27.100000",
        "speaker_tag": 1,
        "start_time": "0:00:26.800000",
        "word": "be"
    },
    {
        "end_time": "0:00:27.400000",
        "speaker_tag": 1,
        "start_time": "0:00:27.100000",
        "word": "about"
    },
    {
        "end_time": "0:00:28.100000",
        "speaker_tag": 1,
        "start_time": "0:00:27.400000",
        "word": "13"
    },
    {
        "end_time": "0:00:28.700000",
        "speaker_tag": 1,
        "start_time": "0:00:28.100000",
        "word": "14"
    },
    {
        "end_time": "0:00:30.900000",
        "speaker_tag": 1,
        "start_time": "0:00:29.700000",
        "word": "my"
    },
    {
        "end_time": "0:00:31.200000",
        "speaker_tag": 1,
        "start_time": "0:00:30.900000",
        "word": "father"
    },
    {
        "end_time": "0:00:31.400000",
        "speaker_tag": 1,
        "start_time": "0:00:31.200000",
        "word": "was"
    },
    {
        "end_time": "0:00:31.500000",
        "speaker_tag": 1,
        "start_time": "0:00:31.400000",
        "word": "a"
    },
    {
        "end_time": "0:00:31.600000",
        "speaker_tag": 1,
        "start_time": "0:00:31.500000",
        "word": "professor"
    },
    {
        "end_time": "0:00:32.100000",
        "speaker_tag": 1,
        "start_time": "0:00:31.600000",
        "word": "at"
    },
    {
        "end_time": "0:00:32.500000",
        "speaker_tag": 1,
        "start_time": "0:00:32.100000",
        "word": "Texas"
    },
    {
        "end_time": "0:00:32.700000",
        "speaker_tag": 1,
        "start_time": "0:00:32.500000",
        "word": "Tech"
    },
    {
        "end_time": "0:00:33.300000",
        "speaker_tag": 1,
        "start_time": "0:00:32.700000",
        "word": "in"
    },
    {
        "end_time": "0:00:33.600000",
        "speaker_tag": 1,
        "start_time": "0:00:33.300000",
        "word": "civil"
    },
    {
        "end_time": "0:00:33.700000",
        "speaker_tag": 1,
        "start_time": "0:00:33.600000",
        "word": "engineering"
    },
    {
        "end_time": "0:00:34.400000",
        "speaker_tag": 1,
        "start_time": "0:00:33.700000",
        "word": "and"
    },
    {
        "end_time": "0:00:34.800000",
        "speaker_tag": 1,
        "start_time": "0:00:34.400000",
        "word": "they"
    },
    {
        "end_time": "0:00:34.900000",
        "speaker_tag": 1,
        "start_time": "0:00:34.800000",
        "word": "were"
    },
    {
        "end_time": "0:00:35.300000",
        "speaker_tag": 1,
        "start_time": "0:00:34.900000",
        "word": "about"
    },
    {
        "end_time": "0:00:35.700000",
        "speaker_tag": 1,
        "start_time": "0:00:35.300000",
        "word": "to"
    },
    {
        "end_time": "0:00:37.400000",
        "speaker_tag": 1,
        "start_time": "0:00:35.700000",
        "word": "get"
    },
    {
        "end_time": "0:00:37.900000",
        "speaker_tag": 1,
        "start_time": "0:00:37.400000",
        "word": "funding"
    },
    {
        "end_time": "0:00:38.200000",
        "speaker_tag": 1,
        "start_time": "0:00:37.900000",
        "word": "for"
    },
    {
        "end_time": "0:00:38.300000",
        "speaker_tag": 1,
        "start_time": "0:00:38.200000",
        "word": "a"
    },
    {
        "end_time": "0:00:38.400000",
        "speaker_tag": 1,
        "start_time": "0:00:38.300000",
        "word": "new"
    },
    {
        "end_time": "0:00:39",
        "speaker_tag": 1,
        "start_time": "0:00:38.400000",
        "word": "engineering"
    },
    {
        "end_time": "0:00:39.100000",
        "speaker_tag": 1,
        "start_time": "0:00:39",
        "word": "building"
    },
    {
        "end_time": "0:00:39.800000",
        "speaker_tag": 1,
        "start_time": "0:00:39.100000",
        "word": "and"
    },
    {
        "end_time": "0:00:40",
        "speaker_tag": 1,
        "start_time": "0:00:39.800000",
        "word": "he"
    },
    {
        "end_time": "0:00:40.300000",
        "speaker_tag": 1,
        "start_time": "0:00:40",
        "word": "wanted"
    },
    {
        "end_time": "0:00:40.600000",
        "speaker_tag": 1,
        "start_time": "0:00:40.300000",
        "word": "to"
    },
    {
        "end_time": "0:00:41",
        "speaker_tag": 1,
        "start_time": "0:00:40.600000",
        "word": "travel"
    },
    {
        "end_time": "0:00:43.300000",
        "speaker_tag": 1,
        "start_time": "0:00:41",
        "word": "the"
    },
    {
        "end_time": "0:00:43.500000",
        "speaker_tag": 1,
        "start_time": "0:00:43.300000",
        "word": "many"
    },
    {
        "end_time": "0:00:44",
        "speaker_tag": 1,
        "start_time": "0:00:43.500000",
        "word": "states"
    },
    {
        "end_time": "0:00:44.100000",
        "speaker_tag": 1,
        "start_time": "0:00:44",
        "word": "and"
    },
    {
        "end_time": "0:00:44.500000",
        "speaker_tag": 1,
        "start_time": "0:00:44.100000",
        "word": "looked"
    },
    {
        "end_time": "0:00:44.700000",
        "speaker_tag": 1,
        "start_time": "0:00:44.500000",
        "word": "at"
    },
    {
        "end_time": "0:00:45.500000",
        "speaker_tag": 1,
        "start_time": "0:00:44.700000",
        "word": "schools"
    },
    {
        "end_time": "0:00:45.600000",
        "speaker_tag": 1,
        "start_time": "0:00:45.500000",
        "word": "of"
    },
    {
        "end_time": "0:00:45.700000",
        "speaker_tag": 1,
        "start_time": "0:00:45.600000",
        "word": "Engineering"
    },
    {
        "end_time": "0:00:47.200000",
        "speaker_tag": 1,
        "start_time": "0:00:45.700000",
        "word": "Building"
    },
    {
        "end_time": "0:00:47.600000",
        "speaker_tag": 1,
        "start_time": "0:00:47.200000",
        "word": "still"
    },
    {
        "end_time": "0:00:48.100000",
        "speaker_tag": 1,
        "start_time": "0:00:47.600000",
        "word": "you"
    },
    {
        "end_time": "0:00:48.300000",
        "speaker_tag": 1,
        "start_time": "0:00:48.100000",
        "word": "know"
    },
    {
        "end_time": "0:00:48.700000",
        "speaker_tag": 1,
        "start_time": "0:00:48.300000",
        "word": "it"
    },
    {
        "end_time": "0:00:48.900000",
        "speaker_tag": 1,
        "start_time": "0:00:48.700000",
        "word": "all"
    },
    {
        "end_time": "0:00:49.100000",
        "speaker_tag": 1,
        "start_time": "0:00:48.900000",
        "word": "the"
    },
    {
        "end_time": "0:00:49.500000",
        "speaker_tag": 1,
        "start_time": "0:00:49.100000",
        "word": "best"
    },
    {
        "end_time": "0:00:49.800000",
        "speaker_tag": 1,
        "start_time": "0:00:49.500000",
        "word": "type"
    },
    {
        "end_time": "0:00:50.100000",
        "speaker_tag": 1,
        "start_time": "0:00:49.800000",
        "word": "is"
    },
    {
        "end_time": "0:00:51.500000",
        "speaker_tag": 1,
        "start_time": "0:00:51",
        "word": "and"
    },
    {
        "end_time": "0:00:51.700000",
        "speaker_tag": 1,
        "start_time": "0:00:51.500000",
        "word": "so"
    },
    {
        "end_time": "0:00:51.900000",
        "speaker_tag": 1,
        "start_time": "0:00:51.700000",
        "word": "it"
    },
    {
        "end_time": "0:00:52",
        "speaker_tag": 1,
        "start_time": "0:00:51.900000",
        "word": "was"
    },
    {
        "end_time": "0:00:52.200000",
        "speaker_tag": 1,
        "start_time": "0:00:52",
        "word": "a"
    },
    {
        "end_time": "0:00:52.600000",
        "speaker_tag": 1,
        "start_time": "0:00:52.200000",
        "word": "sort"
    },
    {
        "end_time": "0:00:52.700000",
        "speaker_tag": 1,
        "start_time": "0:00:52.600000",
        "word": "of"
    },
    {
        "end_time": "0:00:54.300000",
        "speaker_tag": 1,
        "start_time": "0:00:52.700000",
        "word": "multi-stage"
    },
    {
        "end_time": "0:00:55.800000",
        "speaker_tag": 1,
        "start_time": "0:00:55.300000",
        "word": "trip"
    },
    {
        "end_time": "0:00:56.700000",
        "speaker_tag": 1,
        "start_time": "0:00:55.800000",
        "word": "we"
    },
    {
        "end_time": "0:00:56.800000",
        "speaker_tag": 1,
        "start_time": "0:00:56.700000",
        "word": "would"
    },
    {
        "end_time": "0:00:57",
        "speaker_tag": 1,
        "start_time": "0:00:56.800000",
        "word": "go"
    },
    {
        "end_time": "0:00:57.100000",
        "speaker_tag": 1,
        "start_time": "0:00:57",
        "word": "out"
    },
    {
        "end_time": "0:00:58.500000",
        "speaker_tag": 1,
        "start_time": "0:00:57.100000",
        "word": "one"
    },
    {
        "end_time": "0:00:58.800000",
        "speaker_tag": 1,
        "start_time": "0:00:58.500000",
        "word": "week"
    },
    {
        "end_time": "0:00:58.900000",
        "speaker_tag": 1,
        "start_time": "0:00:58.800000",
        "word": "and"
    },
    {
        "end_time": "0:00:59",
        "speaker_tag": 1,
        "start_time": "0:00:58.900000",
        "word": "then"
    },
    {
        "end_time": "0:00:59.400000",
        "speaker_tag": 1,
        "start_time": "0:00:59",
        "word": "home"
    },
    {
        "end_time": "0:00:59.500000",
        "speaker_tag": 1,
        "start_time": "0:00:59.400000",
        "word": "for"
    },
    {
        "end_time": "0:00:59.600000",
        "speaker_tag": 1,
        "start_time": "0:00:59.500000",
        "word": "a"
    },
    {
        "end_time": "0:00:59.800000",
        "speaker_tag": 1,
        "start_time": "0:00:59.600000",
        "word": "week"
    },
    {
        "end_time": "0:01:00",
        "speaker_tag": 1,
        "start_time": "0:00:59.800000",
        "word": "and"
    },
    {
        "end_time": "0:01:00.100000",
        "speaker_tag": 1,
        "start_time": "0:01:00",
        "word": "then"
    },
    {
        "end_time": "0:01:00.300000",
        "speaker_tag": 1,
        "start_time": "0:01:00.100000",
        "word": "out"
    },
    {
        "end_time": "0:01:00.400000",
        "speaker_tag": 1,
        "start_time": "0:01:00.300000",
        "word": "for"
    },
    {
        "end_time": "0:01:00.500000",
        "speaker_tag": 1,
        "start_time": "0:01:00.400000",
        "word": "a"
    },
    {
        "end_time": "0:01:00.800000",
        "speaker_tag": 1,
        "start_time": "0:01:00.500000",
        "word": "week"
    },
    {
        "end_time": "0:01:01",
        "speaker_tag": 1,
        "start_time": "0:01:00.800000",
        "word": "but"
    },
    {
        "end_time": "0:01:01.100000",
        "speaker_tag": 1,
        "start_time": "0:01:01",
        "word": "we"
    },
    {
        "end_time": "0:01:01.700000",
        "speaker_tag": 1,
        "start_time": "0:01:01.100000",
        "word": "traveled"
    },
    {
        "end_time": "0:01:03.100000",
        "speaker_tag": 1,
        "start_time": "0:01:01.700000",
        "word": "to"
    },
    {
        "end_time": "0:01:03.500000",
        "speaker_tag": 1,
        "start_time": "0:01:03.100000",
        "word": "a"
    },
    {
        "end_time": "0:01:04",
        "speaker_tag": 1,
        "start_time": "0:01:03.500000",
        "word": "lot"
    },
    {
        "end_time": "0:01:04.100000",
        "speaker_tag": 1,
        "start_time": "0:01:04",
        "word": "of"
    },
    {
        "end_time": "0:01:04.300000",
        "speaker_tag": 1,
        "start_time": "0:01:04.100000",
        "word": "major"
    },
    {
        "end_time": "0:01:05.200000",
        "speaker_tag": 1,
        "start_time": "0:01:04.300000",
        "word": "universities"
    },
    {
        "end_time": "0:01:05.400000",
        "speaker_tag": 1,
        "start_time": "0:01:05.200000",
        "word": "in"
    },
    {
        "end_time": "0:01:05.700000",
        "speaker_tag": 1,
        "start_time": "0:01:05.400000",
        "word": "the"
    },
    {
        "end_time": "0:01:06.100000",
        "speaker_tag": 1,
        "start_time": "0:01:05.700000",
        "word": "western"
    },
    {
        "end_time": "0:01:06.400000",
        "speaker_tag": 1,
        "start_time": "0:01:06.100000",
        "word": "half"
    },
    {
        "end_time": "0:01:06.400000",
        "speaker_tag": 1,
        "start_time": "0:01:06.400000",
        "word": "of"
    },
    {
        "end_time": "0:01:06.500000",
        "speaker_tag": 1,
        "start_time": "0:01:06.400000",
        "word": "the"
    },
    {
        "end_time": "0:01:07.800000",
        "speaker_tag": 1,
        "start_time": "0:01:06.500000",
        "word": "US"
    },
    {
        "end_time": "0:01:12.600000",
        "speaker_tag": 1,
        "start_time": "0:01:12.100000",
        "word": "went"
    },
    {
        "end_time": "0:01:12.800000",
        "speaker_tag": 1,
        "start_time": "0:01:12.600000",
        "word": "and"
    },
    {
        "end_time": "0:01:13.100000",
        "speaker_tag": 1,
        "start_time": "0:01:12.800000",
        "word": "looked"
    },
    {
        "end_time": "0:01:13.300000",
        "speaker_tag": 1,
        "start_time": "0:01:13.100000",
        "word": "at"
    },
    {
        "end_time": "0:01:13.400000",
        "speaker_tag": 1,
        "start_time": "0:01:13.300000",
        "word": "the"
    },
    {
        "end_time": "0:01:13.800000",
        "speaker_tag": 1,
        "start_time": "0:01:13.400000",
        "word": "engineering"
    },
    {
        "end_time": "0:01:14.300000",
        "speaker_tag": 1,
        "start_time": "0:01:13.800000",
        "word": "buildings"
    },
    {
        "end_time": "0:01:14.500000",
        "speaker_tag": 1,
        "start_time": "0:01:14.300000",
        "word": "we"
    },
    {
        "end_time": "0:01:14.600000",
        "speaker_tag": 1,
        "start_time": "0:01:14.500000",
        "word": "would"
    },
    {
        "end_time": "0:01:14.900000",
        "speaker_tag": 1,
        "start_time": "0:01:14.600000",
        "word": "hang"
    },
    {
        "end_time": "0:01:15",
        "speaker_tag": 1,
        "start_time": "0:01:14.900000",
        "word": "out"
    },
    {
        "end_time": "0:01:15.200000",
        "speaker_tag": 1,
        "start_time": "0:01:15",
        "word": "at"
    },
    {
        "end_time": "0:01:15.600000",
        "speaker_tag": 1,
        "start_time": "0:01:15.200000",
        "word": "swimming"
    },
    {
        "end_time": "0:01:16.100000",
        "speaker_tag": 1,
        "start_time": "0:01:15.600000",
        "word": "pools"
    },
    {
        "end_time": "0:01:16.200000",
        "speaker_tag": 1,
        "start_time": "0:01:16.100000",
        "word": "and"
    },
    {
        "end_time": "0:01:16.400000",
        "speaker_tag": 1,
        "start_time": "0:01:16.200000",
        "word": "so"
    },
    {
        "end_time": "0:01:16.800000",
        "speaker_tag": 1,
        "start_time": "0:01:16.400000",
        "word": "forth"
    },
    {
        "end_time": "0:01:16.900000",
        "speaker_tag": 1,
        "start_time": "0:01:16.800000",
        "word": "but"
    },
    {
        "end_time": "0:01:17.200000",
        "speaker_tag": 1,
        "start_time": "0:01:16.900000",
        "word": "it's"
    },
    {
        "end_time": "0:01:17.400000",
        "speaker_tag": 1,
        "start_time": "0:01:17.200000",
        "word": "kind"
    },
    {
        "end_time": "0:01:17.500000",
        "speaker_tag": 1,
        "start_time": "0:01:17.400000",
        "word": "of"
    },
    {
        "end_time": "0:01:17.600000",
        "speaker_tag": 1,
        "start_time": "0:01:17.500000",
        "word": "a"
    },
    {
        "end_time": "0:01:18.300000",
        "speaker_tag": 1,
        "start_time": "0:01:17.600000",
        "word": "classic"
    },
    {
        "end_time": "0:01:18.600000",
        "speaker_tag": 1,
        "start_time": "0:01:18.300000",
        "word": "trip"
    },
    {
        "end_time": "0:01:19.600000",
        "speaker_tag": 1,
        "start_time": "0:01:18.600000",
        "word": "in"
    },
    {
        "end_time": "0:01:19.800000",
        "speaker_tag": 1,
        "start_time": "0:01:19.600000",
        "word": "my"
    },
    {
        "end_time": "0:01:20.200000",
        "speaker_tag": 2,
        "start_time": "0:01:19.800000",
        "word": "mind"
    },
    {
        "end_time": "0:01:23.400000",
        "speaker_tag": 2,
        "start_time": "0:01:22.900000",
        "word": "okay"
    },
    {
        "end_time": "0:01:24.500000",
        "speaker_tag": 2,
        "start_time": "0:01:23.400000",
        "word": "now"
    },
    {
        "end_time": "0:01:24.700000",
        "speaker_tag": 2,
        "start_time": "0:01:24.500000",
        "word": "I"
    },
    {
        "end_time": "0:01:24.800000",
        "speaker_tag": 2,
        "start_time": "0:01:24.700000",
        "word": "have"
    },
    {
        "end_time": "0:01:24.900000",
        "speaker_tag": 2,
        "start_time": "0:01:24.800000",
        "word": "another"
    },
    {
        "end_time": "0:01:26.900000",
        "speaker_tag": 2,
        "start_time": "0:01:26.400000",
        "word": "another"
    },
    {
        "end_time": "0:01:27.100000",
        "speaker_tag": 2,
        "start_time": "0:01:26.900000",
        "word": "question"
    },
    {
        "end_time": "0:01:27.400000",
        "speaker_tag": 2,
        "start_time": "0:01:27.100000",
        "word": "for"
    },
    {
        "end_time": "0:01:27.700000",
        "speaker_tag": 2,
        "start_time": "0:01:27.400000",
        "word": "you"
    },
    {
        "end_time": "0:01:29.900000",
        "speaker_tag": 2,
        "start_time": "0:01:29.600000",
        "word": "I"
    },
    {
        "end_time": "0:01:30.100000",
        "speaker_tag": 2,
        "start_time": "0:01:29.900000",
        "word": "want"
    },
    {
        "end_time": "0:01:30.200000",
        "speaker_tag": 2,
        "start_time": "0:01:30.100000",
        "word": "you"
    },
    {
        "end_time": "0:01:30.300000",
        "speaker_tag": 2,
        "start_time": "0:01:30.200000",
        "word": "to"
    },
    {
        "end_time": "0:01:30.400000",
        "speaker_tag": 2,
        "start_time": "0:01:30.300000",
        "word": "explain"
    },
    {
        "end_time": "0:01:32.600000",
        "speaker_tag": 2,
        "start_time": "0:01:32.200000",
        "word": "how"
    },
    {
        "end_time": "0:01:32.700000",
        "speaker_tag": 2,
        "start_time": "0:01:32.600000",
        "word": "you"
    },
    {
        "end_time": "0:01:32.900000",
        "speaker_tag": 2,
        "start_time": "0:01:32.700000",
        "word": "make"
    },
    {
        "end_time": "0:01:33",
        "speaker_tag": 2,
        "start_time": "0:01:32.900000",
        "word": "the"
    },
    {
        "end_time": "0:01:33.300000",
        "speaker_tag": 2,
        "start_time": "0:01:33",
        "word": "following"
    },
    {
        "end_time": "0:01:33.800000",
        "speaker_tag": 2,
        "start_time": "0:01:33.300000",
        "word": "meal"
    },
    {
        "end_time": "0:01:34.800000",
        "speaker_tag": 2,
        "start_time": "0:01:33.800000",
        "word": "step-by-step"
    },
    {
        "end_time": "0:01:35.900000",
        "speaker_tag": 2,
        "start_time": "0:01:34.800000",
        "word": "a"
    },
    {
        "end_time": "0:01:36.100000",
        "speaker_tag": 2,
        "start_time": "0:01:35.900000",
        "word": "cup"
    },
    {
        "end_time": "0:01:36.200000",
        "speaker_tag": 2,
        "start_time": "0:01:36.100000",
        "word": "of"
    },
    {
        "end_time": "0:01:36.500000",
        "speaker_tag": 2,
        "start_time": "0:01:36.200000",
        "word": "coffee"
    },
    {
        "end_time": "0:01:37.900000",
        "speaker_tag": 2,
        "start_time": "0:01:36.500000",
        "word": "scrambled"
    },
    {
        "end_time": "0:01:38.300000",
        "speaker_tag": 2,
        "start_time": "0:01:37.900000",
        "word": "eggs"
    },
    {
        "end_time": "0:01:38.600000",
        "speaker_tag": 2,
        "start_time": "0:01:38.300000",
        "word": "in"
    },
    {
        "end_time": "0:01:38.700000",
        "speaker_tag": 2,
        "start_time": "0:01:38.600000",
        "word": "a"
    },
    {
        "end_time": "0:01:38.900000",
        "speaker_tag": 2,
        "start_time": "0:01:38.700000",
        "word": "bowl"
    },
    {
        "end_time": "0:01:39",
        "speaker_tag": 2,
        "start_time": "0:01:38.900000",
        "word": "of"
    },
    {
        "end_time": "0:01:39.300000",
        "speaker_tag": 2,
        "start_time": "0:01:39",
        "word": "fruit"
    },
    {
        "end_time": "0:01:40",
        "speaker_tag": 2,
        "start_time": "0:01:39.300000",
        "word": "pretend"
    },
    {
        "end_time": "0:01:40.100000",
        "speaker_tag": 2,
        "start_time": "0:01:40",
        "word": "I"
    },
    {
        "end_time": "0:01:40.200000",
        "speaker_tag": 2,
        "start_time": "0:01:40.100000",
        "word": "don't"
    },
    {
        "end_time": "0:01:40.600000",
        "speaker_tag": 2,
        "start_time": "0:01:40.200000",
        "word": "know"
    },
    {
        "end_time": "0:01:41",
        "speaker_tag": 2,
        "start_time": "0:01:40.600000",
        "word": "how"
    },
    {
        "end_time": "0:01:41.100000",
        "speaker_tag": 2,
        "start_time": "0:01:41",
        "word": "to"
    },
    {
        "end_time": "0:01:41.200000",
        "speaker_tag": 2,
        "start_time": "0:01:41.100000",
        "word": "do"
    },
    {
        "end_time": "0:01:41.400000",
        "speaker_tag": 2,
        "start_time": "0:01:41.200000",
        "word": "any"
    },
    {
        "end_time": "0:01:41.500000",
        "speaker_tag": 2,
        "start_time": "0:01:41.400000",
        "word": "of"
    },
    {
        "end_time": "0:01:41.600000",
        "speaker_tag": 2,
        "start_time": "0:01:41.500000",
        "word": "that"
    },
    {
        "end_time": "0:01:42",
        "speaker_tag": 2,
        "start_time": "0:01:41.600000",
        "word": "and"
    },
    {
        "end_time": "0:01:42.500000",
        "speaker_tag": 2,
        "start_time": "0:01:42",
        "word": "provide"
    },
    {
        "end_time": "0:01:43.500000",
        "speaker_tag": 2,
        "start_time": "0:01:42.500000",
        "word": "details"
    },
    {
        "end_time": "0:01:44.600000",
        "speaker_tag": 2,
        "start_time": "0:01:43.500000",
        "word": "and"
    },
    {
        "end_time": "0:01:44.900000",
        "speaker_tag": 2,
        "start_time": "0:01:44.600000",
        "word": "I'll"
    },
    {
        "end_time": "0:01:45.100000",
        "speaker_tag": 2,
        "start_time": "0:01:44.900000",
        "word": "tell"
    },
    {
        "end_time": "0:01:45.200000",
        "speaker_tag": 2,
        "start_time": "0:01:45.100000",
        "word": "you"
    },
    {
        "end_time": "0:01:45.800000",
        "speaker_tag": 1,
        "start_time": "0:01:45.200000",
        "word": "when"
    },
    {
        "end_time": "0:01:45.900000",
        "speaker_tag": 1,
        "start_time": "0:01:45.800000",
        "word": "it's"
    },
    {
        "end_time": "0:01:46.200000",
        "speaker_tag": 1,
        "start_time": "0:01:45.900000",
        "word": "off"
    },
    {
        "end_time": "0:01:48.600000",
        "speaker_tag": 1,
        "start_time": "0:01:48.200000",
        "word": "all"
    },
    {
        "end_time": "0:01:48.800000",
        "speaker_tag": 1,
        "start_time": "0:01:48.600000",
        "word": "right"
    },
    {
        "end_time": "0:01:49.100000",
        "speaker_tag": 1,
        "start_time": "0:01:48.800000",
        "word": "well"
    },
    {
        "end_time": "0:01:49.600000",
        "speaker_tag": 1,
        "start_time": "0:01:49.100000",
        "word": "let's"
    },
    {
        "end_time": "0:01:49.800000",
        "speaker_tag": 1,
        "start_time": "0:01:49.600000",
        "word": "start"
    },
    {
        "end_time": "0:01:49.900000",
        "speaker_tag": 1,
        "start_time": "0:01:49.800000",
        "word": "with"
    },
    {
        "end_time": "0:01:50",
        "speaker_tag": 1,
        "start_time": "0:01:49.900000",
        "word": "a"
    },
    {
        "end_time": "0:01:50.400000",
        "speaker_tag": 1,
        "start_time": "0:01:50",
        "word": "coffee"
    },
    {
        "end_time": "0:01:50.600000",
        "speaker_tag": 1,
        "start_time": "0:01:50.400000",
        "word": "which"
    },
    {
        "end_time": "0:01:50.700000",
        "speaker_tag": 1,
        "start_time": "0:01:50.600000",
        "word": "I"
    },
    {
        "end_time": "0:01:50.900000",
        "speaker_tag": 1,
        "start_time": "0:01:50.700000",
        "word": "never"
    },
    {
        "end_time": "0:01:51.100000",
        "speaker_tag": 1,
        "start_time": "0:01:50.900000",
        "word": "ever"
    },
    {
        "end_time": "0:01:51.700000",
        "speaker_tag": 1,
        "start_time": "0:01:51.100000",
        "word": "drink"
    },
    {
        "end_time": "0:01:52",
        "speaker_tag": 1,
        "start_time": "0:01:51.700000",
        "word": "up"
    },
    {
        "end_time": "0:01:52.500000",
        "speaker_tag": 1,
        "start_time": "0:01:52",
        "word": "but"
    },
    {
        "end_time": "0:01:52.600000",
        "speaker_tag": 1,
        "start_time": "0:01:52.500000",
        "word": "I"
    },
    {
        "end_time": "0:01:52.900000",
        "speaker_tag": 1,
        "start_time": "0:01:52.600000",
        "word": "did"
    },
    {
        "end_time": "0:01:53.400000",
        "speaker_tag": 1,
        "start_time": "0:01:52.900000",
        "word": "recently"
    },
    {
        "end_time": "0:01:53.500000",
        "speaker_tag": 1,
        "start_time": "0:01:53.400000",
        "word": "in"
    },
    {
        "end_time": "0:01:53.700000",
        "speaker_tag": 1,
        "start_time": "0:01:53.500000",
        "word": "here"
    },
    {
        "end_time": "0:01:53.900000",
        "speaker_tag": 1,
        "start_time": "0:01:53.700000",
        "word": "at"
    },
    {
        "end_time": "0:01:54",
        "speaker_tag": 1,
        "start_time": "0:01:53.900000",
        "word": "my"
    },
    {
        "end_time": "0:01:54.300000",
        "speaker_tag": 1,
        "start_time": "0:01:54",
        "word": "mother's"
    },
    {
        "end_time": "0:01:54.900000",
        "speaker_tag": 1,
        "start_time": "0:01:54.300000",
        "word": "carrying"
    },
    {
        "end_time": "0:01:55.200000",
        "speaker_tag": 1,
        "start_time": "0:01:54.900000",
        "word": "so"
    },
    {
        "end_time": "0:01:55.300000",
        "speaker_tag": 1,
        "start_time": "0:01:55.200000",
        "word": "I"
    },
    {
        "end_time": "0:01:55.600000",
        "speaker_tag": 1,
        "start_time": "0:01:55.300000",
        "word": "could"
    },
    {
        "end_time": "0:01:55.700000",
        "speaker_tag": 1,
        "start_time": "0:01:55.600000",
        "word": "get"
    },
    {
        "end_time": "0:01:56.200000",
        "speaker_tag": 1,
        "start_time": "0:01:55.700000",
        "word": "my"
    },
    {
        "end_time": "0:01:57.900000",
        "speaker_tag": 1,
        "start_time": "0:01:56.200000",
        "word": "coffee"
    },
    {
        "end_time": "0:02:00.600000",
        "speaker_tag": 2,
        "start_time": "0:01:57.900000",
        "word": "I"
    },
    {
        "end_time": "0:02:01.300000",
        "speaker_tag": 1,
        "start_time": "0:02:00.600000",
        "word": "want"
    },
    {
        "end_time": "0:02:03",
        "speaker_tag": 2,
        "start_time": "0:02:02.200000",
        "word": "11b"
    },
    {
        "end_time": "0:02:03.600000",
        "speaker_tag": 2,
        "start_time": "0:02:03",
        "word": "Taylor"
    },
    {
        "end_time": "0:02:05.400000",
        "speaker_tag": 2,
        "start_time": "0:02:03.600000",
        "word": "yeah"
    },
    {
        "end_time": "0:02:05.800000",
        "speaker_tag": 2,
        "start_time": "0:02:05.400000",
        "word": "yeah"
    },
    {
        "end_time": "0:02:14.300000",
        "speaker_tag": 1,
        "start_time": "0:02:05.800000",
        "word": "and"
    },
    {
        "end_time": "0:02:17.300000",
        "speaker_tag": 1,
        "start_time": "0:02:14.300000",
        "word": "I"
    },
    {
        "end_time": "0:02:19.100000",
        "speaker_tag": 1,
        "start_time": "0:02:17.300000",
        "word": "don't"
    },
    {
        "end_time": "0:02:19.200000",
        "speaker_tag": 1,
        "start_time": "0:02:19.100000",
        "word": "have"
    },
    {
        "end_time": "0:02:19.400000",
        "speaker_tag": 1,
        "start_time": "0:02:19.200000",
        "word": "your"
    },
    {
        "end_time": "0:02:19.600000",
        "speaker_tag": 1,
        "start_time": "0:02:19.400000",
        "word": "coffee"
    },
    {
        "end_time": "0:02:21.300000",
        "speaker_tag": 1,
        "start_time": "0:02:19.600000",
        "word": "scrambled"
    },
    {
        "end_time": "0:02:21.700000",
        "speaker_tag": 1,
        "start_time": "0:02:21.300000",
        "word": "eggs"
    },
    {
        "end_time": "0:02:26",
        "speaker_tag": 1,
        "start_time": "0:02:25.600000",
        "word": "so"
    },
    {
        "end_time": "0:02:27.500000",
        "speaker_tag": 1,
        "start_time": "0:02:26",
        "word": "get"
    },
    {
        "end_time": "0:02:27.500000",
        "speaker_tag": 1,
        "start_time": "0:02:27.500000",
        "word": "a"
    },
    {
        "end_time": "0:02:27.800000",
        "speaker_tag": 1,
        "start_time": "0:02:27.500000",
        "word": "couple"
    },
    {
        "end_time": "0:02:28.100000",
        "speaker_tag": 1,
        "start_time": "0:02:27.800000",
        "word": "eggs"
    },
    {
        "end_time": "0:02:28.800000",
        "speaker_tag": 1,
        "start_time": "0:02:28.100000",
        "word": "smell"
    },
    {
        "end_time": "0:02:31.500000",
        "speaker_tag": 1,
        "start_time": "0:02:30.700000",
        "word": "salt"
    },
    {
        "end_time": "0:02:31.600000",
        "speaker_tag": 1,
        "start_time": "0:02:31.500000",
        "word": "and"
    },
    {
        "end_time": "0:02:31.900000",
        "speaker_tag": 1,
        "start_time": "0:02:31.600000",
        "word": "pepper"
    },
    {
        "end_time": "0:02:33",
        "speaker_tag": 1,
        "start_time": "0:02:31.900000",
        "word": "mix"
    },
    {
        "end_time": "0:02:33.100000",
        "speaker_tag": 1,
        "start_time": "0:02:33",
        "word": "it"
    },
    {
        "end_time": "0:02:33.100000",
        "speaker_tag": 1,
        "start_time": "0:02:33.100000",
        "word": "all"
    },
    {
        "end_time": "0:02:33.400000",
        "speaker_tag": 1,
        "start_time": "0:02:33.100000",
        "word": "up"
    },
    {
        "end_time": "0:02:33.700000",
        "speaker_tag": 1,
        "start_time": "0:02:33.400000",
        "word": "and"
    },
    {
        "end_time": "0:02:34",
        "speaker_tag": 1,
        "start_time": "0:02:33.700000",
        "word": "put"
    },
    {
        "end_time": "0:02:34.200000",
        "speaker_tag": 1,
        "start_time": "0:02:34",
        "word": "it"
    },
    {
        "end_time": "0:02:34.300000",
        "speaker_tag": 1,
        "start_time": "0:02:34.200000",
        "word": "in"
    },
    {
        "end_time": "0:02:34.400000",
        "speaker_tag": 1,
        "start_time": "0:02:34.300000",
        "word": "the"
    },
    {
        "end_time": "0:02:34.800000",
        "speaker_tag": 1,
        "start_time": "0:02:34.400000",
        "word": "pan"
    },
    {
        "end_time": "0:02:43.800000",
        "speaker_tag": 2,
        "start_time": "0:02:34.800000",
        "word": "and"
    },
    {
        "end_time": "0:02:43.900000",
        "speaker_tag": 2,
        "start_time": "0:02:43.800000",
        "word": "the"
    },
    {
        "end_time": "0:02:44.100000",
        "speaker_tag": 2,
        "start_time": "0:02:43.900000",
        "word": "other"
    },
    {
        "end_time": "0:02:44.200000",
        "speaker_tag": 2,
        "start_time": "0:02:44.100000",
        "word": "thing"
    },
    {
        "end_time": "0:02:44.300000",
        "speaker_tag": 2,
        "start_time": "0:02:44.200000",
        "word": "is"
    },
    {
        "end_time": "0:02:44.500000",
        "speaker_tag": 2,
        "start_time": "0:02:44.300000",
        "word": "a"
    },
    {
        "end_time": "0:02:44.800000",
        "speaker_tag": 2,
        "start_time": "0:02:44.500000",
        "word": "bowl"
    },
    {
        "end_time": "0:02:44.900000",
        "speaker_tag": 2,
        "start_time": "0:02:44.800000",
        "word": "of"
    },
    {
        "end_time": "0:02:45.300000",
        "speaker_tag": 2,
        "start_time": "0:02:44.900000",
        "word": "fruit"
    },
    {
        "end_time": "0:02:51.200000",
        "speaker_tag": 2,
        "start_time": "0:02:50.800000",
        "word": "you"
    },
    {
        "end_time": "0:02:51.400000",
        "speaker_tag": 2,
        "start_time": "0:02:51.200000",
        "word": "might"
    },
    {
        "end_time": "0:02:51.400000",
        "speaker_tag": 2,
        "start_time": "0:02:51.400000",
        "word": "have"
    },
    {
        "end_time": "0:02:51.700000",
        "speaker_tag": 2,
        "start_time": "0:02:51.400000",
        "word": "had"
    },
    {
        "end_time": "0:02:51.900000",
        "speaker_tag": 2,
        "start_time": "0:02:51.700000",
        "word": "to"
    },
    {
        "end_time": "0:02:52",
        "speaker_tag": 2,
        "start_time": "0:02:51.900000",
        "word": "been"
    },
    {
        "end_time": "0:02:53.100000",
        "speaker_tag": 1,
        "start_time": "0:02:52",
        "word": "living"
    },
    {
        "end_time": "0:02:53.200000",
        "speaker_tag": 1,
        "start_time": "0:02:53.100000",
        "word": "in"
    },
    {
        "end_time": "0:02:53.500000",
        "speaker_tag": 1,
        "start_time": "0:02:53.200000",
        "word": "mind"
    },
    {
        "end_time": "0:03:03.200000",
        "speaker_tag": 2,
        "start_time": "0:03:02.800000",
        "word": "all"
    },
    {
        "end_time": "0:03:03.500000",
        "speaker_tag": 2,
        "start_time": "0:03:03.200000",
        "word": "right"
    }
]