[
    {
        "end_time": "0:00:01.300000",
        "speaker_tag": 2,
        "start_time": "0:00:00.700000",
        "word": "alright"
    },
    {
        "end_time": "0:00:02.100000",
        "speaker_tag": 2,
        "start_time": "0:00:01.300000",
        "word": "so"
    },
    {
        "end_time": "0:00:02.100000",
        "speaker_tag": 2,
        "start_time": "0:00:02.100000",
        "word": "I"
    },
    {
        "end_time": "0:00:02.300000",
        "speaker_tag": 2,
        "start_time": "0:00:02.100000",
        "word": "want"
    },
    {
        "end_time": "0:00:02.500000",
        "speaker_tag": 2,
        "start_time": "0:00:02.300000",
        "word": "you"
    },
    {
        "end_time": "0:00:02.500000",
        "speaker_tag": 2,
        "start_time": "0:00:02.500000",
        "word": "to"
    },
    {
        "end_time": "0:00:02.800000",
        "speaker_tag": 2,
        "start_time": "0:00:02.500000",
        "word": "tell"
    },
    {
        "end_time": "0:00:02.900000",
        "speaker_tag": 2,
        "start_time": "0:00:02.800000",
        "word": "me"
    },
    {
        "end_time": "0:00:03.100000",
        "speaker_tag": 2,
        "start_time": "0:00:02.900000",
        "word": "about"
    },
    {
        "end_time": "0:00:03.300000",
        "speaker_tag": 2,
        "start_time": "0:00:03.100000",
        "word": "a"
    },
    {
        "end_time": "0:00:03.700000",
        "speaker_tag": 2,
        "start_time": "0:00:03.300000",
        "word": "trip"
    },
    {
        "end_time": "0:00:03.800000",
        "speaker_tag": 2,
        "start_time": "0:00:03.700000",
        "word": "or"
    },
    {
        "end_time": "0:00:03.900000",
        "speaker_tag": 2,
        "start_time": "0:00:03.800000",
        "word": "vacation"
    },
    {
        "end_time": "0:00:04.500000",
        "speaker_tag": 2,
        "start_time": "0:00:03.900000",
        "word": "that"
    },
    {
        "end_time": "0:00:04.600000",
        "speaker_tag": 2,
        "start_time": "0:00:04.500000",
        "word": "you"
    },
    {
        "end_time": "0:00:05",
        "speaker_tag": 2,
        "start_time": "0:00:04.600000",
        "word": "taken"
    },
    {
        "end_time": "0:00:05.600000",
        "speaker_tag": 2,
        "start_time": "0:00:05",
        "word": "you"
    },
    {
        "end_time": "0:00:05.700000",
        "speaker_tag": 2,
        "start_time": "0:00:05.600000",
        "word": "can"
    },
    {
        "end_time": "0:00:06",
        "speaker_tag": 2,
        "start_time": "0:00:05.700000",
        "word": "provide"
    },
    {
        "end_time": "0:00:06.300000",
        "speaker_tag": 2,
        "start_time": "0:00:06",
        "word": "as"
    },
    {
        "end_time": "0:00:06.600000",
        "speaker_tag": 2,
        "start_time": "0:00:06.300000",
        "word": "many"
    },
    {
        "end_time": "0:00:06.900000",
        "speaker_tag": 2,
        "start_time": "0:00:06.600000",
        "word": "details"
    },
    {
        "end_time": "0:00:07.300000",
        "speaker_tag": 2,
        "start_time": "0:00:06.900000",
        "word": "as"
    },
    {
        "end_time": "0:00:08",
        "speaker_tag": 2,
        "start_time": "0:00:07.300000",
        "word": "necessary"
    },
    {
        "end_time": "0:00:08.300000",
        "speaker_tag": 2,
        "start_time": "0:00:08",
        "word": "and"
    },
    {
        "end_time": "0:00:08.500000",
        "speaker_tag": 2,
        "start_time": "0:00:08.300000",
        "word": "I'll"
    },
    {
        "end_time": "0:00:08.700000",
        "speaker_tag": 2,
        "start_time": "0:00:08.500000",
        "word": "tell"
    },
    {
        "end_time": "0:00:08.900000",
        "speaker_tag": 2,
        "start_time": "0:00:08.700000",
        "word": "you"
    },
    {
        "end_time": "0:00:09.100000",
        "speaker_tag": 2,
        "start_time": "0:00:08.900000",
        "word": "when"
    },
    {
        "end_time": "0:00:09.200000",
        "speaker_tag": 2,
        "start_time": "0:00:09.100000",
        "word": "to"
    },
    {
        "end_time": "0:00:09.200000",
        "speaker_tag": 2,
        "start_time": "0:00:09.200000",
        "word": "stop"
    },
    {
        "end_time": "0:00:11.400000",
        "speaker_tag": 2,
        "start_time": "0:00:11",
        "word": "okay"
    },
    {
        "end_time": "0:00:12.100000",
        "speaker_tag": 2,
        "start_time": "0:00:11.400000",
        "word": "go"
    },
    {
        "end_time": "0:00:12.100000",
        "speaker_tag": 2,
        "start_time": "0:00:12.100000",
        "word": "ahead"
    },
    {
        "end_time": "0:00:15.200000",
        "speaker_tag": 1,
        "start_time": "0:00:12.100000",
        "word": "we"
    },
    {
        "end_time": "0:00:16.800000",
        "speaker_tag": 2,
        "start_time": "0:00:15.200000",
        "word": "travel"
    },
    {
        "end_time": "0:00:16.900000",
        "speaker_tag": 2,
        "start_time": "0:00:16.800000",
        "word": "the"
    },
    {
        "end_time": "0:00:17",
        "speaker_tag": 2,
        "start_time": "0:00:16.900000",
        "word": "world"
    },
    {
        "end_time": "0:00:17.800000",
        "speaker_tag": 2,
        "start_time": "0:00:17",
        "word": "and"
    },
    {
        "end_time": "0:00:18",
        "speaker_tag": 2,
        "start_time": "0:00:17.800000",
        "word": "we"
    },
    {
        "end_time": "0:00:18.300000",
        "speaker_tag": 2,
        "start_time": "0:00:18",
        "word": "went"
    },
    {
        "end_time": "0:00:18.500000",
        "speaker_tag": 2,
        "start_time": "0:00:18.300000",
        "word": "to"
    },
    {
        "end_time": "0:00:20.600000",
        "speaker_tag": 2,
        "start_time": "0:00:18.500000",
        "word": "Destin"
    },
    {
        "end_time": "0:00:21",
        "speaker_tag": 2,
        "start_time": "0:00:20.600000",
        "word": "first"
    },
    {
        "end_time": "0:00:21.700000",
        "speaker_tag": 2,
        "start_time": "0:00:21",
        "word": "the"
    },
    {
        "end_time": "0:00:22",
        "speaker_tag": 2,
        "start_time": "0:00:21.700000",
        "word": "beginning"
    },
    {
        "end_time": "0:00:22.100000",
        "speaker_tag": 2,
        "start_time": "0:00:22",
        "word": "of"
    },
    {
        "end_time": "0:00:22.200000",
        "speaker_tag": 2,
        "start_time": "0:00:22.100000",
        "word": "the"
    },
    {
        "end_time": "0:00:22.300000",
        "speaker_tag": 2,
        "start_time": "0:00:22.200000",
        "word": "summer"
    },
    {
        "end_time": "0:00:23.100000",
        "speaker_tag": 2,
        "start_time": "0:00:22.300000",
        "word": "and"
    },
    {
        "end_time": "0:00:23.900000",
        "speaker_tag": 2,
        "start_time": "0:00:23.100000",
        "word": "we"
    },
    {
        "end_time": "0:00:24.100000",
        "speaker_tag": 2,
        "start_time": "0:00:23.900000",
        "word": "drove"
    },
    {
        "end_time": "0:00:24.400000",
        "speaker_tag": 2,
        "start_time": "0:00:24.100000",
        "word": "it"
    },
    {
        "end_time": "0:00:24.500000",
        "speaker_tag": 2,
        "start_time": "0:00:24.400000",
        "word": "was"
    },
    {
        "end_time": "0:00:24.600000",
        "speaker_tag": 2,
        "start_time": "0:00:24.500000",
        "word": "about"
    },
    {
        "end_time": "0:00:27.600000",
        "speaker_tag": 2,
        "start_time": "0:00:24.600000",
        "word": "but"
    },
    {
        "end_time": "0:00:27.800000",
        "speaker_tag": 2,
        "start_time": "0:00:27.600000",
        "word": "we"
    },
    {
        "end_time": "0:00:28.500000",
        "speaker_tag": 2,
        "start_time": "0:00:27.800000",
        "word": "left"
    },
    {
        "end_time": "0:00:28.700000",
        "speaker_tag": 2,
        "start_time": "0:00:28.500000",
        "word": "the"
    },
    {
        "end_time": "0:00:28.900000",
        "speaker_tag": 2,
        "start_time": "0:00:28.700000",
        "word": "first"
    },
    {
        "end_time": "0:00:29.200000",
        "speaker_tag": 2,
        "start_time": "0:00:28.900000",
        "word": "night"
    },
    {
        "end_time": "0:00:29.900000",
        "speaker_tag": 2,
        "start_time": "0:00:29.200000",
        "word": "and"
    },
    {
        "end_time": "0:00:30.100000",
        "speaker_tag": 2,
        "start_time": "0:00:29.900000",
        "word": "drove"
    },
    {
        "end_time": "0:00:30.300000",
        "speaker_tag": 2,
        "start_time": "0:00:30.100000",
        "word": "through"
    },
    {
        "end_time": "0:00:30.400000",
        "speaker_tag": 2,
        "start_time": "0:00:30.300000",
        "word": "the"
    },
    {
        "end_time": "0:00:30.700000",
        "speaker_tag": 2,
        "start_time": "0:00:30.400000",
        "word": "night"
    },
    {
        "end_time": "0:00:30.900000",
        "speaker_tag": 2,
        "start_time": "0:00:30.700000",
        "word": "stopped"
    },
    {
        "end_time": "0:00:31.100000",
        "speaker_tag": 2,
        "start_time": "0:00:30.900000",
        "word": "in"
    },
    {
        "end_time": "0:00:31.400000",
        "speaker_tag": 2,
        "start_time": "0:00:31.100000",
        "word": "Biloxi"
    },
    {
        "end_time": "0:00:32.500000",
        "speaker_tag": 2,
        "start_time": "0:00:31.400000",
        "word": "and"
    },
    {
        "end_time": "0:00:33",
        "speaker_tag": 2,
        "start_time": "0:00:32.500000",
        "word": "took"
    },
    {
        "end_time": "0:00:33.100000",
        "speaker_tag": 2,
        "start_time": "0:00:33",
        "word": "a"
    },
    {
        "end_time": "0:00:33.200000",
        "speaker_tag": 2,
        "start_time": "0:00:33.100000",
        "word": "nap"
    },
    {
        "end_time": "0:00:33.500000",
        "speaker_tag": 2,
        "start_time": "0:00:33.200000",
        "word": "for"
    },
    {
        "end_time": "0:00:33.600000",
        "speaker_tag": 2,
        "start_time": "0:00:33.500000",
        "word": "an"
    },
    {
        "end_time": "0:00:33.700000",
        "speaker_tag": 2,
        "start_time": "0:00:33.600000",
        "word": "hour"
    },
    {
        "end_time": "0:00:34.100000",
        "speaker_tag": 2,
        "start_time": "0:00:33.700000",
        "word": "and"
    },
    {
        "end_time": "0:00:34.200000",
        "speaker_tag": 2,
        "start_time": "0:00:34.100000",
        "word": "then"
    },
    {
        "end_time": "0:00:34.500000",
        "speaker_tag": 2,
        "start_time": "0:00:34.200000",
        "word": "got"
    },
    {
        "end_time": "0:00:34.600000",
        "speaker_tag": 2,
        "start_time": "0:00:34.500000",
        "word": "up"
    },
    {
        "end_time": "0:00:34.900000",
        "speaker_tag": 2,
        "start_time": "0:00:34.600000",
        "word": "and"
    },
    {
        "end_time": "0:00:36.500000",
        "speaker_tag": 2,
        "start_time": "0:00:34.900000",
        "word": "went"
    },
    {
        "end_time": "0:00:36.800000",
        "speaker_tag": 2,
        "start_time": "0:00:36.500000",
        "word": "into"
    },
    {
        "end_time": "0:00:37.300000",
        "speaker_tag": 2,
        "start_time": "0:00:36.800000",
        "word": "Destin"
    },
    {
        "end_time": "0:00:37.800000",
        "speaker_tag": 1,
        "start_time": "0:00:37.300000",
        "word": "we"
    },
    {
        "end_time": "0:00:38.700000",
        "speaker_tag": 1,
        "start_time": "0:00:37.800000",
        "word": "were"
    },
    {
        "end_time": "0:00:39",
        "speaker_tag": 1,
        "start_time": "0:00:38.700000",
        "word": "told"
    },
    {
        "end_time": "0:00:39.100000",
        "speaker_tag": 1,
        "start_time": "0:00:39",
        "word": "to"
    },
    {
        "end_time": "0:00:39.300000",
        "speaker_tag": 2,
        "start_time": "0:00:39.100000",
        "word": "take"
    },
    {
        "end_time": "0:00:39.500000",
        "speaker_tag": 2,
        "start_time": "0:00:39.300000",
        "word": "the"
    },
    {
        "end_time": "0:00:39.800000",
        "speaker_tag": 2,
        "start_time": "0:00:39.500000",
        "word": "scenic"
    },
    {
        "end_time": "0:00:39.900000",
        "speaker_tag": 2,
        "start_time": "0:00:39.800000",
        "word": "route"
    },
    {
        "end_time": "0:00:40.200000",
        "speaker_tag": 2,
        "start_time": "0:00:39.900000",
        "word": "cuz"
    },
    {
        "end_time": "0:00:40.300000",
        "speaker_tag": 2,
        "start_time": "0:00:40.200000",
        "word": "we"
    },
    {
        "end_time": "0:00:40.400000",
        "speaker_tag": 2,
        "start_time": "0:00:40.300000",
        "word": "were"
    },
    {
        "end_time": "0:00:40.500000",
        "speaker_tag": 2,
        "start_time": "0:00:40.400000",
        "word": "going"
    },
    {
        "end_time": "0:00:40.600000",
        "speaker_tag": 2,
        "start_time": "0:00:40.500000",
        "word": "to"
    },
    {
        "end_time": "0:00:40.600000",
        "speaker_tag": 2,
        "start_time": "0:00:40.600000",
        "word": "get"
    },
    {
        "end_time": "0:00:40.900000",
        "speaker_tag": 2,
        "start_time": "0:00:40.600000",
        "word": "to"
    },
    {
        "end_time": "0:00:42.800000",
        "speaker_tag": 2,
        "start_time": "0:00:40.900000",
        "word": "drive"
    },
    {
        "end_time": "0:00:43.200000",
        "speaker_tag": 2,
        "start_time": "0:00:42.800000",
        "word": "by"
    },
    {
        "end_time": "0:00:43.500000",
        "speaker_tag": 2,
        "start_time": "0:00:43.200000",
        "word": "the"
    },
    {
        "end_time": "0:00:44.900000",
        "speaker_tag": 2,
        "start_time": "0:00:43.500000",
        "word": "by"
    },
    {
        "end_time": "0:00:44.900000",
        "speaker_tag": 2,
        "start_time": "0:00:44.900000",
        "word": "the"
    },
    {
        "end_time": "0:00:45.200000",
        "speaker_tag": 2,
        "start_time": "0:00:44.900000",
        "word": "water"
    },
    {
        "end_time": "0:00:45.400000",
        "speaker_tag": 2,
        "start_time": "0:00:45.200000",
        "word": "for"
    },
    {
        "end_time": "0:00:45.400000",
        "speaker_tag": 2,
        "start_time": "0:00:45.400000",
        "word": "about"
    },
    {
        "end_time": "0:00:46.600000",
        "speaker_tag": 2,
        "start_time": "0:00:45.400000",
        "word": "a"
    },
    {
        "end_time": "0:00:46.900000",
        "speaker_tag": 2,
        "start_time": "0:00:46.600000",
        "word": "month"
    },
    {
        "end_time": "0:00:47.800000",
        "speaker_tag": 2,
        "start_time": "0:00:46.900000",
        "word": "and"
    },
    {
        "end_time": "0:00:48",
        "speaker_tag": 2,
        "start_time": "0:00:47.800000",
        "word": "the"
    },
    {
        "end_time": "0:00:48",
        "speaker_tag": 2,
        "start_time": "0:00:48",
        "word": "rest"
    },
    {
        "end_time": "0:00:48.200000",
        "speaker_tag": 2,
        "start_time": "0:00:48",
        "word": "of"
    },
    {
        "end_time": "0:00:48.400000",
        "speaker_tag": 2,
        "start_time": "0:00:48.200000",
        "word": "it"
    },
    {
        "end_time": "0:00:48.400000",
        "speaker_tag": 2,
        "start_time": "0:00:48.400000",
        "word": "was"
    },
    {
        "end_time": "0:00:48.700000",
        "speaker_tag": 2,
        "start_time": "0:00:48.400000",
        "word": "just"
    },
    {
        "end_time": "0:00:48.800000",
        "speaker_tag": 2,
        "start_time": "0:00:48.700000",
        "word": "through"
    },
    {
        "end_time": "0:00:49.300000",
        "speaker_tag": 2,
        "start_time": "0:00:48.800000",
        "word": "towns"
    },
    {
        "end_time": "0:00:49.300000",
        "speaker_tag": 2,
        "start_time": "0:00:49.300000",
        "word": "and"
    },
    {
        "end_time": "0:00:50.400000",
        "speaker_tag": 2,
        "start_time": "0:00:49.300000",
        "word": "not"
    },
    {
        "end_time": "0:00:50.600000",
        "speaker_tag": 2,
        "start_time": "0:00:50.400000",
        "word": "so"
    },
    {
        "end_time": "0:00:50.900000",
        "speaker_tag": 2,
        "start_time": "0:00:50.600000",
        "word": "pretty"
    },
    {
        "end_time": "0:00:51.400000",
        "speaker_tag": 2,
        "start_time": "0:00:50.900000",
        "word": "scenery"
    },
    {
        "end_time": "0:00:52",
        "speaker_tag": 2,
        "start_time": "0:00:51.400000",
        "word": "but"
    },
    {
        "end_time": "0:00:52.300000",
        "speaker_tag": 2,
        "start_time": "0:00:52",
        "word": "we"
    },
    {
        "end_time": "0:00:52.400000",
        "speaker_tag": 2,
        "start_time": "0:00:52.300000",
        "word": "get"
    },
    {
        "end_time": "0:00:52.500000",
        "speaker_tag": 2,
        "start_time": "0:00:52.400000",
        "word": "to"
    },
    {
        "end_time": "0:00:53.200000",
        "speaker_tag": 2,
        "start_time": "0:00:52.500000",
        "word": "Destin"
    },
    {
        "end_time": "0:00:53.600000",
        "speaker_tag": 2,
        "start_time": "0:00:53.200000",
        "word": "and"
    },
    {
        "end_time": "0:00:53.800000",
        "speaker_tag": 2,
        "start_time": "0:00:53.600000",
        "word": "we"
    },
    {
        "end_time": "0:00:53.900000",
        "speaker_tag": 2,
        "start_time": "0:00:53.800000",
        "word": "just"
    },
    {
        "end_time": "0:00:54",
        "speaker_tag": 2,
        "start_time": "0:00:53.900000",
        "word": "hang"
    },
    {
        "end_time": "0:00:54.100000",
        "speaker_tag": 2,
        "start_time": "0:00:54",
        "word": "out"
    },
    {
        "end_time": "0:00:54.200000",
        "speaker_tag": 2,
        "start_time": "0:00:54.100000",
        "word": "at"
    },
    {
        "end_time": "0:00:54.300000",
        "speaker_tag": 2,
        "start_time": "0:00:54.200000",
        "word": "the"
    },
    {
        "end_time": "0:00:54.400000",
        "speaker_tag": 2,
        "start_time": "0:00:54.300000",
        "word": "beach"
    },
    {
        "end_time": "0:00:54.600000",
        "speaker_tag": 2,
        "start_time": "0:00:54.400000",
        "word": "a"
    },
    {
        "end_time": "0:00:54.700000",
        "speaker_tag": 2,
        "start_time": "0:00:54.600000",
        "word": "lot"
    },
    {
        "end_time": "0:00:54.800000",
        "speaker_tag": 2,
        "start_time": "0:00:54.700000",
        "word": "of"
    },
    {
        "end_time": "0:00:54.900000",
        "speaker_tag": 2,
        "start_time": "0:00:54.800000",
        "word": "the"
    },
    {
        "end_time": "0:00:55.300000",
        "speaker_tag": 2,
        "start_time": "0:00:54.900000",
        "word": "time"
    },
    {
        "end_time": "0:00:55.700000",
        "speaker_tag": 2,
        "start_time": "0:00:55.300000",
        "word": "we"
    },
    {
        "end_time": "0:00:56",
        "speaker_tag": 2,
        "start_time": "0:00:55.700000",
        "word": "went"
    },
    {
        "end_time": "0:00:56.200000",
        "speaker_tag": 2,
        "start_time": "0:00:56",
        "word": "to"
    },
    {
        "end_time": "0:00:59.600000",
        "speaker_tag": 2,
        "start_time": "0:00:58.900000",
        "word": "what"
    },
    {
        "end_time": "0:00:59.700000",
        "speaker_tag": 2,
        "start_time": "0:00:59.600000",
        "word": "is"
    },
    {
        "end_time": "0:00:59.800000",
        "speaker_tag": 2,
        "start_time": "0:00:59.700000",
        "word": "it"
    },
    {
        "end_time": "0:01:00.100000",
        "speaker_tag": 2,
        "start_time": "0:00:59.800000",
        "word": "called"
    },
    {
        "end_time": "0:01:00.300000",
        "speaker_tag": 2,
        "start_time": "0:01:00.100000",
        "word": "when"
    },
    {
        "end_time": "0:01:00.300000",
        "speaker_tag": 2,
        "start_time": "0:01:00.300000",
        "word": "a"
    },
    {
        "end_time": "0:01:00.600000",
        "speaker_tag": 2,
        "start_time": "0:01:00.300000",
        "word": "jet"
    },
    {
        "end_time": "0:01:00.900000",
        "speaker_tag": 2,
        "start_time": "0:01:00.600000",
        "word": "skiing"
    },
    {
        "end_time": "0:01:01.400000",
        "speaker_tag": 2,
        "start_time": "0:01:00.900000",
        "word": "and"
    },
    {
        "end_time": "0:01:01.500000",
        "speaker_tag": 2,
        "start_time": "0:01:01.400000",
        "word": "got"
    },
    {
        "end_time": "0:01:01.700000",
        "speaker_tag": 2,
        "start_time": "0:01:01.500000",
        "word": "to"
    },
    {
        "end_time": "0:01:01.800000",
        "speaker_tag": 2,
        "start_time": "0:01:01.700000",
        "word": "see"
    },
    {
        "end_time": "0:01:02.100000",
        "speaker_tag": 1,
        "start_time": "0:01:01.800000",
        "word": "Dalton"
    },
    {
        "end_time": "0:01:03",
        "speaker_tag": 1,
        "start_time": "0:01:02.100000",
        "word": "and"
    },
    {
        "end_time": "0:01:03.600000",
        "speaker_tag": 1,
        "start_time": "0:01:03",
        "word": "then"
    },
    {
        "end_time": "0:01:04.300000",
        "speaker_tag": 1,
        "start_time": "0:01:03.600000",
        "word": "we"
    },
    {
        "end_time": "0:01:04.500000",
        "speaker_tag": 1,
        "start_time": "0:01:04.300000",
        "word": "went"
    },
    {
        "end_time": "0:01:06.400000",
        "speaker_tag": 2,
        "start_time": "0:01:06.100000",
        "word": "the"
    },
    {
        "end_time": "0:01:06.800000",
        "speaker_tag": 2,
        "start_time": "0:01:06.400000",
        "word": "next"
    },
    {
        "end_time": "0:01:07",
        "speaker_tag": 2,
        "start_time": "0:01:06.800000",
        "word": "day"
    },
    {
        "end_time": "0:01:07.900000",
        "speaker_tag": 2,
        "start_time": "0:01:07",
        "word": "we"
    },
    {
        "end_time": "0:01:08.100000",
        "speaker_tag": 2,
        "start_time": "0:01:07.900000",
        "word": "took"
    },
    {
        "end_time": "0:01:08.300000",
        "speaker_tag": 2,
        "start_time": "0:01:08.100000",
        "word": "a"
    },
    {
        "end_time": "0:01:08.800000",
        "speaker_tag": 2,
        "start_time": "0:01:08.300000",
        "word": "pontoon"
    },
    {
        "end_time": "0:01:09.100000",
        "speaker_tag": 2,
        "start_time": "0:01:08.800000",
        "word": "boat"
    },
    {
        "end_time": "0:01:09.400000",
        "speaker_tag": 2,
        "start_time": "0:01:09.100000",
        "word": "out"
    },
    {
        "end_time": "0:01:09.500000",
        "speaker_tag": 2,
        "start_time": "0:01:09.400000",
        "word": "for"
    },
    {
        "end_time": "0:01:09.700000",
        "speaker_tag": 2,
        "start_time": "0:01:09.500000",
        "word": "like"
    },
    {
        "end_time": "0:01:09.800000",
        "speaker_tag": 2,
        "start_time": "0:01:09.700000",
        "word": "8"
    },
    {
        "end_time": "0:01:09.900000",
        "speaker_tag": 2,
        "start_time": "0:01:09.800000",
        "word": "hours"
    },
    {
        "end_time": "0:01:10.400000",
        "speaker_tag": 2,
        "start_time": "0:01:09.900000",
        "word": "and"
    },
    {
        "end_time": "0:01:10.500000",
        "speaker_tag": 2,
        "start_time": "0:01:10.400000",
        "word": "got"
    },
    {
        "end_time": "0:01:10.700000",
        "speaker_tag": 2,
        "start_time": "0:01:10.500000",
        "word": "to"
    },
    {
        "end_time": "0:01:10.800000",
        "speaker_tag": 2,
        "start_time": "0:01:10.700000",
        "word": "just"
    },
    {
        "end_time": "0:01:11",
        "speaker_tag": 2,
        "start_time": "0:01:10.800000",
        "word": "going"
    },
    {
        "end_time": "0:01:11",
        "speaker_tag": 2,
        "start_time": "0:01:11",
        "word": "to"
    },
    {
        "end_time": "0:01:11.200000",
        "speaker_tag": 2,
        "start_time": "0:01:11",
        "word": "go"
    },
    {
        "end_time": "0:01:11.200000",
        "speaker_tag": 2,
        "start_time": "0:01:11.200000",
        "word": "to"
    },
    {
        "end_time": "0:01:11.300000",
        "speaker_tag": 2,
        "start_time": "0:01:11.200000",
        "word": "a"
    },
    {
        "end_time": "0:01:11.700000",
        "speaker_tag": 2,
        "start_time": "0:01:11.300000",
        "word": "private"
    },
    {
        "end_time": "0:01:12.700000",
        "speaker_tag": 2,
        "start_time": "0:01:11.700000",
        "word": "islands"
    },
    {
        "end_time": "0:01:12.900000",
        "speaker_tag": 2,
        "start_time": "0:01:12.700000",
        "word": "and"
    },
    {
        "end_time": "0:01:14.100000",
        "speaker_tag": 1,
        "start_time": "0:01:12.900000",
        "word": "the"
    },
    {
        "end_time": "0:01:14.400000",
        "speaker_tag": 1,
        "start_time": "0:01:14.100000",
        "word": "Crab"
    },
    {
        "end_time": "0:01:14.600000",
        "speaker_tag": 1,
        "start_time": "0:01:14.400000",
        "word": "Island"
    },
    {
        "end_time": "0:01:15.200000",
        "speaker_tag": 1,
        "start_time": "0:01:14.600000",
        "word": "just"
    },
    {
        "end_time": "0:01:15.400000",
        "speaker_tag": 1,
        "start_time": "0:01:15.200000",
        "word": "hung"
    },
    {
        "end_time": "0:01:15.500000",
        "speaker_tag": 1,
        "start_time": "0:01:15.400000",
        "word": "out"
    },
    {
        "end_time": "0:01:15.800000",
        "speaker_tag": 1,
        "start_time": "0:01:15.500000",
        "word": "for"
    },
    {
        "end_time": "0:01:16",
        "speaker_tag": 1,
        "start_time": "0:01:15.800000",
        "word": "the"
    },
    {
        "end_time": "0:01:16.200000",
        "speaker_tag": 1,
        "start_time": "0:01:16",
        "word": "day"
    },
    {
        "end_time": "0:01:17.800000",
        "speaker_tag": 2,
        "start_time": "0:01:16.200000",
        "word": "the"
    },
    {
        "end_time": "0:01:17.900000",
        "speaker_tag": 2,
        "start_time": "0:01:17.800000",
        "word": "rest"
    },
    {
        "end_time": "0:01:18.100000",
        "speaker_tag": 2,
        "start_time": "0:01:17.900000",
        "word": "of"
    },
    {
        "end_time": "0:01:18.100000",
        "speaker_tag": 2,
        "start_time": "0:01:18.100000",
        "word": "the"
    },
    {
        "end_time": "0:01:18.200000",
        "speaker_tag": 2,
        "start_time": "0:01:18.100000",
        "word": "vacation"
    },
    {
        "end_time": "0:01:18.700000",
        "speaker_tag": 2,
        "start_time": "0:01:18.200000",
        "word": "of"
    },
    {
        "end_time": "0:01:19",
        "speaker_tag": 2,
        "start_time": "0:01:18.700000",
        "word": "Saint"
    },
    {
        "end_time": "0:01:19.500000",
        "speaker_tag": 2,
        "start_time": "0:01:19",
        "word": "just"
    },
    {
        "end_time": "0:01:21.100000",
        "speaker_tag": 2,
        "start_time": "0:01:20.600000",
        "word": "hanging"
    },
    {
        "end_time": "0:01:21.400000",
        "speaker_tag": 2,
        "start_time": "0:01:21.100000",
        "word": "out"
    },
    {
        "end_time": "0:01:21.600000",
        "speaker_tag": 2,
        "start_time": "0:01:21.400000",
        "word": "on"
    },
    {
        "end_time": "0:01:21.800000",
        "speaker_tag": 2,
        "start_time": "0:01:21.600000",
        "word": "the"
    },
    {
        "end_time": "0:01:21.800000",
        "speaker_tag": 2,
        "start_time": "0:01:21.800000",
        "word": "beach"
    },
    {
        "end_time": "0:01:22.300000",
        "speaker_tag": 2,
        "start_time": "0:01:21.800000",
        "word": "that"
    },
    {
        "end_time": "0:01:22.400000",
        "speaker_tag": 2,
        "start_time": "0:01:22.300000",
        "word": "are"
    },
    {
        "end_time": "0:01:22.900000",
        "speaker_tag": 2,
        "start_time": "0:01:22.400000",
        "word": "Resort"
    },
    {
        "end_time": "0:01:23.100000",
        "speaker_tag": 2,
        "start_time": "0:01:22.900000",
        "word": "and"
    },
    {
        "end_time": "0:01:23.400000",
        "speaker_tag": 2,
        "start_time": "0:01:23.100000",
        "word": "then"
    },
    {
        "end_time": "0:01:24.100000",
        "speaker_tag": 2,
        "start_time": "0:01:23.400000",
        "word": "we"
    },
    {
        "end_time": "0:01:24.200000",
        "speaker_tag": 2,
        "start_time": "0:01:24.100000",
        "word": "went"
    },
    {
        "end_time": "0:01:24.400000",
        "speaker_tag": 2,
        "start_time": "0:01:24.200000",
        "word": "home"
    },
    {
        "end_time": "0:01:24.800000",
        "speaker_tag": 2,
        "start_time": "0:01:24.400000",
        "word": "and"
    },
    {
        "end_time": "0:01:25.100000",
        "speaker_tag": 2,
        "start_time": "0:01:24.800000",
        "word": "then"
    },
    {
        "end_time": "0:01:25.300000",
        "speaker_tag": 2,
        "start_time": "0:01:25.100000",
        "word": "a"
    },
    {
        "end_time": "0:01:25.500000",
        "speaker_tag": 2,
        "start_time": "0:01:25.300000",
        "word": "week"
    },
    {
        "end_time": "0:01:25.600000",
        "speaker_tag": 2,
        "start_time": "0:01:25.500000",
        "word": "later"
    },
    {
        "end_time": "0:01:26",
        "speaker_tag": 2,
        "start_time": "0:01:25.600000",
        "word": "we"
    },
    {
        "end_time": "0:01:26.100000",
        "speaker_tag": 2,
        "start_time": "0:01:26",
        "word": "went"
    },
    {
        "end_time": "0:01:26.900000",
        "speaker_tag": 2,
        "start_time": "0:01:26.100000",
        "word": "on"
    },
    {
        "end_time": "0:01:27.100000",
        "speaker_tag": 2,
        "start_time": "0:01:26.900000",
        "word": "another"
    },
    {
        "end_time": "0:01:27.400000",
        "speaker_tag": 2,
        "start_time": "0:01:27.100000",
        "word": "vacation"
    },
    {
        "end_time": "0:01:28.500000",
        "speaker_tag": 2,
        "start_time": "0:01:27.400000",
        "word": "and"
    },
    {
        "end_time": "0:01:28.600000",
        "speaker_tag": 2,
        "start_time": "0:01:28.500000",
        "word": "we"
    },
    {
        "end_time": "0:01:28.800000",
        "speaker_tag": 2,
        "start_time": "0:01:28.600000",
        "word": "went"
    },
    {
        "end_time": "0:01:29",
        "speaker_tag": 2,
        "start_time": "0:01:28.800000",
        "word": "to"
    },
    {
        "end_time": "0:01:30.700000",
        "speaker_tag": 2,
        "start_time": "0:01:29",
        "word": "Louisiana"
    },
    {
        "end_time": "0:01:31.400000",
        "speaker_tag": 2,
        "start_time": "0:01:30.700000",
        "word": "overnight"
    },
    {
        "end_time": "0:01:31.600000",
        "speaker_tag": 2,
        "start_time": "0:01:31.400000",
        "word": "and"
    },
    {
        "end_time": "0:01:31.700000",
        "speaker_tag": 2,
        "start_time": "0:01:31.600000",
        "word": "then"
    },
    {
        "end_time": "0:01:32.800000",
        "speaker_tag": 2,
        "start_time": "0:01:31.700000",
        "word": "drive"
    },
    {
        "end_time": "0:01:33.100000",
        "speaker_tag": 2,
        "start_time": "0:01:32.800000",
        "word": "3"
    },
    {
        "end_time": "0:01:33.200000",
        "speaker_tag": 2,
        "start_time": "0:01:33.100000",
        "word": "hours"
    },
    {
        "end_time": "0:01:33.700000",
        "speaker_tag": 2,
        "start_time": "0:01:33.200000",
        "word": "into"
    },
    {
        "end_time": "0:01:33.900000",
        "speaker_tag": 2,
        "start_time": "0:01:33.700000",
        "word": "Gulf"
    },
    {
        "end_time": "0:01:34.300000",
        "speaker_tag": 2,
        "start_time": "0:01:33.900000",
        "word": "Shores"
    },
    {
        "end_time": "0:01:34.400000",
        "speaker_tag": 2,
        "start_time": "0:01:34.300000",
        "word": "and"
    },
    {
        "end_time": "0:01:34.500000",
        "speaker_tag": 2,
        "start_time": "0:01:34.400000",
        "word": "we"
    },
    {
        "end_time": "0:01:34.700000",
        "speaker_tag": 2,
        "start_time": "0:01:34.500000",
        "word": "just"
    },
    {
        "end_time": "0:01:34.800000",
        "speaker_tag": 2,
        "start_time": "0:01:34.700000",
        "word": "hung"
    },
    {
        "end_time": "0:01:34.900000",
        "speaker_tag": 2,
        "start_time": "0:01:34.800000",
        "word": "out"
    },
    {
        "end_time": "0:01:35",
        "speaker_tag": 2,
        "start_time": "0:01:34.900000",
        "word": "at"
    },
    {
        "end_time": "0:01:35.100000",
        "speaker_tag": 2,
        "start_time": "0:01:35",
        "word": "the"
    },
    {
        "end_time": "0:01:35.400000",
        "speaker_tag": 2,
        "start_time": "0:01:35.100000",
        "word": "pool"
    },
    {
        "end_time": "0:01:36.700000",
        "speaker_tag": 2,
        "start_time": "0:01:35.400000",
        "word": "and"
    },
    {
        "end_time": "0:01:36.900000",
        "speaker_tag": 2,
        "start_time": "0:01:36.700000",
        "word": "went"
    },
    {
        "end_time": "0:01:50.800000",
        "speaker_tag": 1,
        "start_time": "0:01:50.500000",
        "word": "how"
    },
    {
        "end_time": "0:01:51",
        "speaker_tag": 1,
        "start_time": "0:01:50.800000",
        "word": "long"
    },
    {
        "end_time": "0:01:51.200000",
        "speaker_tag": 1,
        "start_time": "0:01:51",
        "word": "do"
    },
    {
        "end_time": "0:01:51.200000",
        "speaker_tag": 1,
        "start_time": "0:01:51.200000",
        "word": "I"
    },
    {
        "end_time": "0:01:51.300000",
        "speaker_tag": 1,
        "start_time": "0:01:51.200000",
        "word": "have"
    },
    {
        "end_time": "0:01:51.500000",
        "speaker_tag": 1,
        "start_time": "0:01:51.300000",
        "word": "to"
    },
    {
        "end_time": "0:01:51.700000",
        "speaker_tag": 1,
        "start_time": "0:01:51.500000",
        "word": "keep"
    },
    {
        "end_time": "0:01:52.700000",
        "speaker_tag": 2,
        "start_time": "0:01:51.700000",
        "word": "spinning"
    },
    {
        "end_time": "0:01:52.800000",
        "speaker_tag": 2,
        "start_time": "0:01:52.700000",
        "word": "when"
    },
    {
        "end_time": "0:01:52.900000",
        "speaker_tag": 2,
        "start_time": "0:01:52.800000",
        "word": "you're"
    },
    {
        "end_time": "0:01:53.200000",
        "speaker_tag": 2,
        "start_time": "0:01:52.900000",
        "word": "finished"
    },
    {
        "end_time": "0:01:53.300000",
        "speaker_tag": 2,
        "start_time": "0:01:53.200000",
        "word": "or"
    },
    {
        "end_time": "0:01:53.700000",
        "speaker_tag": 2,
        "start_time": "0:01:53.300000",
        "word": "finished"
    },
    {
        "end_time": "0:01:59.600000",
        "speaker_tag": 2,
        "start_time": "0:01:58.900000",
        "word": "Hoffman's"
    },
    {
        "end_time": "0:02:00.100000",
        "speaker_tag": 2,
        "start_time": "0:01:59.600000",
        "word": "detailing"
    },
    {
        "end_time": "0:02:05.600000",
        "speaker_tag": 2,
        "start_time": "0:02:00.100000",
        "word": "how"
    },
    {
        "end_time": "0:02:05.800000",
        "speaker_tag": 2,
        "start_time": "0:02:05.600000",
        "word": "you"
    },
    {
        "end_time": "0:02:05.900000",
        "speaker_tag": 2,
        "start_time": "0:02:05.800000",
        "word": "would"
    },
    {
        "end_time": "0:02:06.100000",
        "speaker_tag": 2,
        "start_time": "0:02:05.900000",
        "word": "make"
    },
    {
        "end_time": "0:02:06.300000",
        "speaker_tag": 2,
        "start_time": "0:02:06.100000",
        "word": "the"
    },
    {
        "end_time": "0:02:06.700000",
        "speaker_tag": 2,
        "start_time": "0:02:06.300000",
        "word": "following"
    },
    {
        "end_time": "0:02:07.200000",
        "speaker_tag": 2,
        "start_time": "0:02:06.700000",
        "word": "meal"
    },
    {
        "end_time": "0:02:07.600000",
        "speaker_tag": 2,
        "start_time": "0:02:07.200000",
        "word": "step"
    },
    {
        "end_time": "0:02:07.700000",
        "speaker_tag": 2,
        "start_time": "0:02:07.600000",
        "word": "by"
    },
    {
        "end_time": "0:02:08.200000",
        "speaker_tag": 2,
        "start_time": "0:02:07.700000",
        "word": "step"
    },
    {
        "end_time": "0:02:08.700000",
        "speaker_tag": 2,
        "start_time": "0:02:08.200000",
        "word": "by"
    },
    {
        "end_time": "0:02:08.800000",
        "speaker_tag": 2,
        "start_time": "0:02:08.700000",
        "word": "a"
    },
    {
        "end_time": "0:02:09",
        "speaker_tag": 2,
        "start_time": "0:02:08.800000",
        "word": "cup"
    },
    {
        "end_time": "0:02:09.100000",
        "speaker_tag": 2,
        "start_time": "0:02:09",
        "word": "of"
    },
    {
        "end_time": "0:02:09.400000",
        "speaker_tag": 2,
        "start_time": "0:02:09.100000",
        "word": "coffee"
    },
    {
        "end_time": "0:02:10.900000",
        "speaker_tag": 2,
        "start_time": "0:02:09.400000",
        "word": "scrambled"
    },
    {
        "end_time": "0:02:11.300000",
        "speaker_tag": 2,
        "start_time": "0:02:10.900000",
        "word": "eggs"
    },
    {
        "end_time": "0:02:11.600000",
        "speaker_tag": 2,
        "start_time": "0:02:11.300000",
        "word": "and"
    },
    {
        "end_time": "0:02:11.700000",
        "speaker_tag": 2,
        "start_time": "0:02:11.600000",
        "word": "a"
    },
    {
        "end_time": "0:02:11.900000",
        "speaker_tag": 2,
        "start_time": "0:02:11.700000",
        "word": "bowl"
    },
    {
        "end_time": "0:02:12",
        "speaker_tag": 2,
        "start_time": "0:02:11.900000",
        "word": "of"
    },
    {
        "end_time": "0:02:12.300000",
        "speaker_tag": 2,
        "start_time": "0:02:12",
        "word": "fruit"
    },
    {
        "end_time": "0:02:12.800000",
        "speaker_tag": 2,
        "start_time": "0:02:12.300000",
        "word": "pretend"
    },
    {
        "end_time": "0:02:13",
        "speaker_tag": 2,
        "start_time": "0:02:12.800000",
        "word": "I"
    },
    {
        "end_time": "0:02:13.200000",
        "speaker_tag": 2,
        "start_time": "0:02:13",
        "word": "don't"
    },
    {
        "end_time": "0:02:13.400000",
        "speaker_tag": 2,
        "start_time": "0:02:13.200000",
        "word": "know"
    },
    {
        "end_time": "0:02:13.400000",
        "speaker_tag": 2,
        "start_time": "0:02:13.400000",
        "word": "how"
    },
    {
        "end_time": "0:02:13.600000",
        "speaker_tag": 2,
        "start_time": "0:02:13.400000",
        "word": "to"
    },
    {
        "end_time": "0:02:13.700000",
        "speaker_tag": 2,
        "start_time": "0:02:13.600000",
        "word": "make"
    },
    {
        "end_time": "0:02:14",
        "speaker_tag": 2,
        "start_time": "0:02:13.700000",
        "word": "the"
    },
    {
        "end_time": "0:02:14.300000",
        "speaker_tag": 2,
        "start_time": "0:02:14",
        "word": "meal"
    },
    {
        "end_time": "0:02:14.800000",
        "speaker_tag": 2,
        "start_time": "0:02:14.300000",
        "word": "and"
    },
    {
        "end_time": "0:02:15.100000",
        "speaker_tag": 2,
        "start_time": "0:02:14.800000",
        "word": "provide"
    },
    {
        "end_time": "0:02:15.600000",
        "speaker_tag": 2,
        "start_time": "0:02:15.100000",
        "word": "details"
    },
    {
        "end_time": "0:02:15.700000",
        "speaker_tag": 2,
        "start_time": "0:02:15.600000",
        "word": "and"
    },
    {
        "end_time": "0:02:15.800000",
        "speaker_tag": 2,
        "start_time": "0:02:15.700000",
        "word": "I'll"
    },
    {
        "end_time": "0:02:16.100000",
        "speaker_tag": 2,
        "start_time": "0:02:15.800000",
        "word": "tell"
    },
    {
        "end_time": "0:02:16.200000",
        "speaker_tag": 2,
        "start_time": "0:02:16.100000",
        "word": "you"
    },
    {
        "end_time": "0:02:16.300000",
        "speaker_tag": 2,
        "start_time": "0:02:16.200000",
        "word": "when"
    },
    {
        "end_time": "0:02:16.300000",
        "speaker_tag": 2,
        "start_time": "0:02:16.300000",
        "word": "to"
    },
    {
        "end_time": "0:02:16.400000",
        "speaker_tag": 2,
        "start_time": "0:02:16.300000",
        "word": "stop"
    },
    {
        "end_time": "0:02:17.700000",
        "speaker_tag": 2,
        "start_time": "0:02:17.300000",
        "word": "okay"
    },
    {
        "end_time": "0:02:19.600000",
        "speaker_tag": 2,
        "start_time": "0:02:19.200000",
        "word": "the"
    },
    {
        "end_time": "0:02:20.300000",
        "speaker_tag": 2,
        "start_time": "0:02:19.600000",
        "word": "first"
    },
    {
        "end_time": "0:02:20.700000",
        "speaker_tag": 2,
        "start_time": "0:02:20.300000",
        "word": "I"
    },
    {
        "end_time": "0:02:20.800000",
        "speaker_tag": 2,
        "start_time": "0:02:20.700000",
        "word": "would"
    },
    {
        "end_time": "0:02:21.100000",
        "speaker_tag": 2,
        "start_time": "0:02:20.800000",
        "word": "start"
    },
    {
        "end_time": "0:02:21.100000",
        "speaker_tag": 2,
        "start_time": "0:02:21.100000",
        "word": "with"
    },
    {
        "end_time": "0:02:21.500000",
        "speaker_tag": 2,
        "start_time": "0:02:21.100000",
        "word": "fruit"
    },
    {
        "end_time": "0:02:21.600000",
        "speaker_tag": 2,
        "start_time": "0:02:21.500000",
        "word": "and"
    },
    {
        "end_time": "0:02:21.900000",
        "speaker_tag": 2,
        "start_time": "0:02:21.600000",
        "word": "it's"
    },
    {
        "end_time": "0:02:22.100000",
        "speaker_tag": 2,
        "start_time": "0:02:21.900000",
        "word": "in"
    },
    {
        "end_time": "0:02:22.400000",
        "speaker_tag": 2,
        "start_time": "0:02:22.100000",
        "word": "like"
    },
    {
        "end_time": "0:02:22.600000",
        "speaker_tag": 2,
        "start_time": "0:02:22.400000",
        "word": "what"
    },
    {
        "end_time": "0:02:22.700000",
        "speaker_tag": 2,
        "start_time": "0:02:22.600000",
        "word": "kind"
    },
    {
        "end_time": "0:02:22.800000",
        "speaker_tag": 2,
        "start_time": "0:02:22.700000",
        "word": "of"
    },
    {
        "end_time": "0:02:23",
        "speaker_tag": 2,
        "start_time": "0:02:22.800000",
        "word": "fruit"
    },
    {
        "end_time": "0:02:23",
        "speaker_tag": 2,
        "start_time": "0:02:23",
        "word": "you"
    },
    {
        "end_time": "0:02:23.300000",
        "speaker_tag": 2,
        "start_time": "0:02:23",
        "word": "like"
    },
    {
        "end_time": "0:02:23.600000",
        "speaker_tag": 2,
        "start_time": "0:02:23.300000",
        "word": "so"
    },
    {
        "end_time": "0:02:24.300000",
        "speaker_tag": 2,
        "start_time": "0:02:23.600000",
        "word": "I"
    },
    {
        "end_time": "0:02:25.100000",
        "speaker_tag": 2,
        "start_time": "0:02:24.300000",
        "word": "really"
    },
    {
        "end_time": "0:02:25.500000",
        "speaker_tag": 2,
        "start_time": "0:02:25.100000",
        "word": "like"
    },
    {
        "end_time": "0:02:26.100000",
        "speaker_tag": 2,
        "start_time": "0:02:25.500000",
        "word": "grapes"
    },
    {
        "end_time": "0:02:26.300000",
        "speaker_tag": 2,
        "start_time": "0:02:26.100000",
        "word": "and"
    },
    {
        "end_time": "0:02:26.500000",
        "speaker_tag": 2,
        "start_time": "0:02:26.300000",
        "word": "bananas"
    },
    {
        "end_time": "0:02:27.800000",
        "speaker_tag": 2,
        "start_time": "0:02:26.500000",
        "word": "and"
    },
    {
        "end_time": "0:02:28.700000",
        "speaker_tag": 2,
        "start_time": "0:02:27.800000",
        "word": "oranges"
    },
    {
        "end_time": "0:02:29.100000",
        "speaker_tag": 2,
        "start_time": "0:02:28.700000",
        "word": "so"
    },
    {
        "end_time": "0:02:29.400000",
        "speaker_tag": 2,
        "start_time": "0:02:29.100000",
        "word": "I"
    },
    {
        "end_time": "0:02:29.800000",
        "speaker_tag": 2,
        "start_time": "0:02:29.400000",
        "word": "would"
    },
    {
        "end_time": "0:02:30.100000",
        "speaker_tag": 2,
        "start_time": "0:02:29.800000",
        "word": "peel"
    },
    {
        "end_time": "0:02:30.200000",
        "speaker_tag": 2,
        "start_time": "0:02:30.100000",
        "word": "the"
    },
    {
        "end_time": "0:02:30.400000",
        "speaker_tag": 2,
        "start_time": "0:02:30.200000",
        "word": "orange"
    },
    {
        "end_time": "0:02:31.600000",
        "speaker_tag": 2,
        "start_time": "0:02:30.400000",
        "word": "peel"
    },
    {
        "end_time": "0:02:31.700000",
        "speaker_tag": 2,
        "start_time": "0:02:31.600000",
        "word": "the"
    },
    {
        "end_time": "0:02:31.900000",
        "speaker_tag": 2,
        "start_time": "0:02:31.700000",
        "word": "skin"
    },
    {
        "end_time": "0:02:32",
        "speaker_tag": 2,
        "start_time": "0:02:31.900000",
        "word": "off"
    },
    {
        "end_time": "0:02:32.100000",
        "speaker_tag": 2,
        "start_time": "0:02:32",
        "word": "of"
    },
    {
        "end_time": "0:02:32.400000",
        "speaker_tag": 2,
        "start_time": "0:02:32.100000",
        "word": "it"
    },
    {
        "end_time": "0:02:32.600000",
        "speaker_tag": 2,
        "start_time": "0:02:32.400000",
        "word": "and"
    },
    {
        "end_time": "0:02:32.800000",
        "speaker_tag": 1,
        "start_time": "0:02:32.600000",
        "word": "then"
    },
    {
        "end_time": "0:02:33.900000",
        "speaker_tag": 1,
        "start_time": "0:02:32.800000",
        "word": "orange"
    },
    {
        "end_time": "0:02:34.100000",
        "speaker_tag": 1,
        "start_time": "0:02:33.900000",
        "word": "after"
    },
    {
        "end_time": "0:02:34.200000",
        "speaker_tag": 1,
        "start_time": "0:02:34.100000",
        "word": "you"
    },
    {
        "end_time": "0:02:34.400000",
        "speaker_tag": 1,
        "start_time": "0:02:34.200000",
        "word": "peel"
    },
    {
        "end_time": "0:02:34.400000",
        "speaker_tag": 1,
        "start_time": "0:02:34.400000",
        "word": "the"
    },
    {
        "end_time": "0:02:34.500000",
        "speaker_tag": 2,
        "start_time": "0:02:34.400000",
        "word": "skin"
    },
    {
        "end_time": "0:02:34.700000",
        "speaker_tag": 2,
        "start_time": "0:02:34.500000",
        "word": "off"
    },
    {
        "end_time": "0:02:35",
        "speaker_tag": 2,
        "start_time": "0:02:34.700000",
        "word": "its"
    },
    {
        "end_time": "0:02:35.200000",
        "speaker_tag": 2,
        "start_time": "0:02:35",
        "word": "kind"
    },
    {
        "end_time": "0:02:35.300000",
        "speaker_tag": 2,
        "start_time": "0:02:35.200000",
        "word": "of"
    },
    {
        "end_time": "0:02:35.600000",
        "speaker_tag": 2,
        "start_time": "0:02:35.300000",
        "word": "divided"
    },
    {
        "end_time": "0:02:35.800000",
        "speaker_tag": 2,
        "start_time": "0:02:35.600000",
        "word": "into"
    },
    {
        "end_time": "0:02:36.100000",
        "speaker_tag": 2,
        "start_time": "0:02:35.800000",
        "word": "sections"
    },
    {
        "end_time": "0:02:36.300000",
        "speaker_tag": 2,
        "start_time": "0:02:36.100000",
        "word": "and"
    },
    {
        "end_time": "0:02:36.500000",
        "speaker_tag": 2,
        "start_time": "0:02:36.300000",
        "word": "you"
    },
    {
        "end_time": "0:02:36.600000",
        "speaker_tag": 2,
        "start_time": "0:02:36.500000",
        "word": "can"
    },
    {
        "end_time": "0:02:36.700000",
        "speaker_tag": 2,
        "start_time": "0:02:36.600000",
        "word": "just"
    },
    {
        "end_time": "0:02:36.900000",
        "speaker_tag": 2,
        "start_time": "0:02:36.700000",
        "word": "pull"
    },
    {
        "end_time": "0:02:37",
        "speaker_tag": 2,
        "start_time": "0:02:36.900000",
        "word": "them"
    },
    {
        "end_time": "0:02:37.100000",
        "speaker_tag": 2,
        "start_time": "0:02:37",
        "word": "apart"
    },
    {
        "end_time": "0:02:38.300000",
        "speaker_tag": 2,
        "start_time": "0:02:37.100000",
        "word": "and"
    },
    {
        "end_time": "0:02:38.400000",
        "speaker_tag": 2,
        "start_time": "0:02:38.300000",
        "word": "are"
    },
    {
        "end_time": "0:02:38.700000",
        "speaker_tag": 1,
        "start_time": "0:02:38.400000",
        "word": "probably"
    },
    {
        "end_time": "0:02:39.300000",
        "speaker_tag": 1,
        "start_time": "0:02:38.700000",
        "word": "cut"
    },
    {
        "end_time": "0:02:39.600000",
        "speaker_tag": 1,
        "start_time": "0:02:39.300000",
        "word": "all"
    },
    {
        "end_time": "0:02:39.700000",
        "speaker_tag": 1,
        "start_time": "0:02:39.600000",
        "word": "the"
    },
    {
        "end_time": "0:02:40.100000",
        "speaker_tag": 1,
        "start_time": "0:02:39.700000",
        "word": "slices"
    },
    {
        "end_time": "0:02:40.300000",
        "speaker_tag": 1,
        "start_time": "0:02:40.100000",
        "word": "and"
    },
    {
        "end_time": "0:02:40.300000",
        "speaker_tag": 1,
        "start_time": "0:02:40.300000",
        "word": "a"
    },
    {
        "end_time": "0:02:40.500000",
        "speaker_tag": 1,
        "start_time": "0:02:40.300000",
        "word": "half"
    },
    {
        "end_time": "0:02:40.600000",
        "speaker_tag": 1,
        "start_time": "0:02:40.500000",
        "word": "to"
    },
    {
        "end_time": "0:02:40.700000",
        "speaker_tag": 1,
        "start_time": "0:02:40.600000",
        "word": "get"
    },
    {
        "end_time": "0:02:40.900000",
        "speaker_tag": 1,
        "start_time": "0:02:40.700000",
        "word": "some"
    },
    {
        "end_time": "0:02:41",
        "speaker_tag": 1,
        "start_time": "0:02:40.900000",
        "word": "the"
    },
    {
        "end_time": "0:02:41.300000",
        "speaker_tag": 1,
        "start_time": "0:02:41",
        "word": "juice"
    },
    {
        "end_time": "0:02:41.500000",
        "speaker_tag": 1,
        "start_time": "0:02:41.300000",
        "word": "in"
    },
    {
        "end_time": "0:02:41.700000",
        "speaker_tag": 1,
        "start_time": "0:02:41.500000",
        "word": "there"
    },
    {
        "end_time": "0:02:42",
        "speaker_tag": 1,
        "start_time": "0:02:41.700000",
        "word": "and"
    },
    {
        "end_time": "0:02:42.100000",
        "speaker_tag": 1,
        "start_time": "0:02:42",
        "word": "then"
    },
    {
        "end_time": "0:02:43.200000",
        "speaker_tag": 1,
        "start_time": "0:02:42.100000",
        "word": "you"
    },
    {
        "end_time": "0:02:44",
        "speaker_tag": 1,
        "start_time": "0:02:43.200000",
        "word": "would"
    },
    {
        "end_time": "0:02:44.800000",
        "speaker_tag": 1,
        "start_time": "0:02:44",
        "word": "pull"
    },
    {
        "end_time": "0:02:44.900000",
        "speaker_tag": 1,
        "start_time": "0:02:44.800000",
        "word": "the"
    },
    {
        "end_time": "0:02:45.300000",
        "speaker_tag": 1,
        "start_time": "0:02:44.900000",
        "word": "crates"
    },
    {
        "end_time": "0:02:45.500000",
        "speaker_tag": 1,
        "start_time": "0:02:45.300000",
        "word": "off"
    },
    {
        "end_time": "0:02:45.900000",
        "speaker_tag": 1,
        "start_time": "0:02:45.500000",
        "word": "of"
    },
    {
        "end_time": "0:02:46.600000",
        "speaker_tag": 1,
        "start_time": "0:02:45.900000",
        "word": "Gendron"
    },
    {
        "end_time": "0:02:47.100000",
        "speaker_tag": 1,
        "start_time": "0:02:46.600000",
        "word": "small"
    },
    {
        "end_time": "0:02:47.900000",
        "speaker_tag": 1,
        "start_time": "0:02:47.100000",
        "word": "and"
    },
    {
        "end_time": "0:02:48",
        "speaker_tag": 1,
        "start_time": "0:02:47.900000",
        "word": "then"
    },
    {
        "end_time": "0:02:48.200000",
        "speaker_tag": 1,
        "start_time": "0:02:48",
        "word": "put"
    },
    {
        "end_time": "0:02:48.400000",
        "speaker_tag": 1,
        "start_time": "0:02:48.200000",
        "word": "them"
    },
    {
        "end_time": "0:02:48.600000",
        "speaker_tag": 1,
        "start_time": "0:02:48.400000",
        "word": "in"
    },
    {
        "end_time": "0:02:48.900000",
        "speaker_tag": 1,
        "start_time": "0:02:48.600000",
        "word": "there"
    },
    {
        "end_time": "0:02:49.200000",
        "speaker_tag": 1,
        "start_time": "0:02:48.900000",
        "word": "and"
    },
    {
        "end_time": "0:02:50.100000",
        "speaker_tag": 1,
        "start_time": "0:02:49.200000",
        "word": "then"
    },
    {
        "end_time": "0:02:50.300000",
        "speaker_tag": 1,
        "start_time": "0:02:50.100000",
        "word": "peel"
    },
    {
        "end_time": "0:02:50.400000",
        "speaker_tag": 1,
        "start_time": "0:02:50.300000",
        "word": "the"
    },
    {
        "end_time": "0:02:50.500000",
        "speaker_tag": 1,
        "start_time": "0:02:50.400000",
        "word": "banana"
    },
    {
        "end_time": "0:02:51.400000",
        "speaker_tag": 1,
        "start_time": "0:02:50.500000",
        "word": "peel"
    },
    {
        "end_time": "0:02:51.500000",
        "speaker_tag": 1,
        "start_time": "0:02:51.400000",
        "word": "the"
    },
    {
        "end_time": "0:02:51.900000",
        "speaker_tag": 1,
        "start_time": "0:02:51.500000",
        "word": "skin"
    },
    {
        "end_time": "0:02:51.900000",
        "speaker_tag": 1,
        "start_time": "0:02:51.900000",
        "word": "off"
    },
    {
        "end_time": "0:02:52.100000",
        "speaker_tag": 1,
        "start_time": "0:02:51.900000",
        "word": "of"
    },
    {
        "end_time": "0:02:52.400000",
        "speaker_tag": 1,
        "start_time": "0:02:52.100000",
        "word": "it"
    },
    {
        "end_time": "0:02:52.500000",
        "speaker_tag": 1,
        "start_time": "0:02:52.400000",
        "word": "and"
    },
    {
        "end_time": "0:02:52.800000",
        "speaker_tag": 1,
        "start_time": "0:02:52.500000",
        "word": "chop"
    },
    {
        "end_time": "0:02:52.800000",
        "speaker_tag": 1,
        "start_time": "0:02:52.800000",
        "word": "it"
    },
    {
        "end_time": "0:02:52.900000",
        "speaker_tag": 1,
        "start_time": "0:02:52.800000",
        "word": "up"
    },
    {
        "end_time": "0:02:53.100000",
        "speaker_tag": 1,
        "start_time": "0:02:52.900000",
        "word": "into"
    },
    {
        "end_time": "0:02:53.600000",
        "speaker_tag": 1,
        "start_time": "0:02:53.100000",
        "word": "slices"
    },
    {
        "end_time": "0:02:53.900000",
        "speaker_tag": 1,
        "start_time": "0:02:53.600000",
        "word": "and"
    },
    {
        "end_time": "0:02:56.900000",
        "speaker_tag": 1,
        "start_time": "0:02:53.900000",
        "word": "probably"
    },
    {
        "end_time": "0:02:57.100000",
        "speaker_tag": 1,
        "start_time": "0:02:56.900000",
        "word": "some"
    },
    {
        "end_time": "0:02:57.800000",
        "speaker_tag": 1,
        "start_time": "0:02:57.100000",
        "word": "strawberries"
    },
    {
        "end_time": "0:02:58.400000",
        "speaker_tag": 1,
        "start_time": "0:02:57.800000",
        "word": "in"
    },
    {
        "end_time": "0:02:58.500000",
        "speaker_tag": 1,
        "start_time": "0:02:58.400000",
        "word": "there"
    },
    {
        "end_time": "0:02:58.900000",
        "speaker_tag": 1,
        "start_time": "0:02:58.500000",
        "word": "to"
    },
    {
        "end_time": "0:02:59.400000",
        "speaker_tag": 1,
        "start_time": "0:02:58.900000",
        "word": "cut"
    },
    {
        "end_time": "0:02:59.500000",
        "speaker_tag": 1,
        "start_time": "0:02:59.400000",
        "word": "it"
    },
    {
        "end_time": "0:02:59.500000",
        "speaker_tag": 1,
        "start_time": "0:02:59.500000",
        "word": "up"
    },
    {
        "end_time": "0:03:00",
        "speaker_tag": 1,
        "start_time": "0:02:59.500000",
        "word": "into"
    },
    {
        "end_time": "0:03:01.100000",
        "speaker_tag": 1,
        "start_time": "0:03:00",
        "word": "slices"
    },
    {
        "end_time": "0:03:01.500000",
        "speaker_tag": 1,
        "start_time": "0:03:01.100000",
        "word": "come"
    },
    {
        "end_time": "0:03:01.700000",
        "speaker_tag": 1,
        "start_time": "0:03:01.500000",
        "word": "in"
    },
    {
        "end_time": "0:03:02.100000",
        "speaker_tag": 1,
        "start_time": "0:03:01.700000",
        "word": "half"
    },
    {
        "end_time": "0:03:03.100000",
        "speaker_tag": 1,
        "start_time": "0:03:02.100000",
        "word": "and"
    },
    {
        "end_time": "0:03:03.300000",
        "speaker_tag": 1,
        "start_time": "0:03:03.100000",
        "word": "throw"
    },
    {
        "end_time": "0:03:03.500000",
        "speaker_tag": 1,
        "start_time": "0:03:03.300000",
        "word": "them"
    },
    {
        "end_time": "0:03:03.600000",
        "speaker_tag": 1,
        "start_time": "0:03:03.500000",
        "word": "in"
    },
    {
        "end_time": "0:03:03.800000",
        "speaker_tag": 1,
        "start_time": "0:03:03.600000",
        "word": "there"
    },
    {
        "end_time": "0:03:04.200000",
        "speaker_tag": 1,
        "start_time": "0:03:03.800000",
        "word": "and"
    },
    {
        "end_time": "0:03:04.400000",
        "speaker_tag": 1,
        "start_time": "0:03:04.200000",
        "word": "then"
    },
    {
        "end_time": "0:03:05.100000",
        "speaker_tag": 1,
        "start_time": "0:03:04.400000",
        "word": "would"
    },
    {
        "end_time": "0:03:05.300000",
        "speaker_tag": 1,
        "start_time": "0:03:05.100000",
        "word": "make"
    },
    {
        "end_time": "0:03:05.500000",
        "speaker_tag": 1,
        "start_time": "0:03:05.300000",
        "word": "my"
    },
    {
        "end_time": "0:03:05.800000",
        "speaker_tag": 1,
        "start_time": "0:03:05.500000",
        "word": "eggs"
    },
    {
        "end_time": "0:03:07.400000",
        "speaker_tag": 1,
        "start_time": "0:03:06.600000",
        "word": "and"
    },
    {
        "end_time": "0:03:07.600000",
        "speaker_tag": 1,
        "start_time": "0:03:07.400000",
        "word": "I"
    },
    {
        "end_time": "0:03:07.900000",
        "speaker_tag": 1,
        "start_time": "0:03:07.600000",
        "word": "would"
    },
    {
        "end_time": "0:03:08.100000",
        "speaker_tag": 1,
        "start_time": "0:03:07.900000",
        "word": "crap"
    },
    {
        "end_time": "0:03:08.600000",
        "speaker_tag": 1,
        "start_time": "0:03:08.100000",
        "word": "eggs"
    },
    {
        "end_time": "0:03:08.700000",
        "speaker_tag": 1,
        "start_time": "0:03:08.600000",
        "word": "put"
    },
    {
        "end_time": "0:03:08.800000",
        "speaker_tag": 1,
        "start_time": "0:03:08.700000",
        "word": "them"
    },
    {
        "end_time": "0:03:08.900000",
        "speaker_tag": 1,
        "start_time": "0:03:08.800000",
        "word": "in"
    },
    {
        "end_time": "0:03:09",
        "speaker_tag": 1,
        "start_time": "0:03:08.900000",
        "word": "a"
    },
    {
        "end_time": "0:03:10.400000",
        "speaker_tag": 1,
        "start_time": "0:03:09",
        "word": "bowl,"
    },
    {
        "end_time": "0:03:10.600000",
        "speaker_tag": 1,
        "start_time": "0:03:10.400000",
        "word": "whisk"
    },
    {
        "end_time": "0:03:10.800000",
        "speaker_tag": 1,
        "start_time": "0:03:10.600000",
        "word": "him"
    },
    {
        "end_time": "0:03:11.100000",
        "speaker_tag": 1,
        "start_time": "0:03:10.800000",
        "word": "up"
    },
    {
        "end_time": "0:03:12",
        "speaker_tag": 1,
        "start_time": "0:03:11.100000",
        "word": "and"
    },
    {
        "end_time": "0:03:12.700000",
        "speaker_tag": 1,
        "start_time": "0:03:12",
        "word": "I"
    },
    {
        "end_time": "0:03:12.700000",
        "speaker_tag": 1,
        "start_time": "0:03:12.700000",
        "word": "got"
    },
    {
        "end_time": "0:03:12.900000",
        "speaker_tag": 1,
        "start_time": "0:03:12.700000",
        "word": "a"
    },
    {
        "end_time": "0:03:13",
        "speaker_tag": 1,
        "start_time": "0:03:12.900000",
        "word": "little"
    },
    {
        "end_time": "0:03:13.100000",
        "speaker_tag": 1,
        "start_time": "0:03:13",
        "word": "bit"
    },
    {
        "end_time": "0:03:13.200000",
        "speaker_tag": 1,
        "start_time": "0:03:13.100000",
        "word": "of"
    },
    {
        "end_time": "0:03:13.600000",
        "speaker_tag": 1,
        "start_time": "0:03:13.200000",
        "word": "milk"
    },
    {
        "end_time": "0:03:14.300000",
        "speaker_tag": 1,
        "start_time": "0:03:13.600000",
        "word": "probably"
    },
    {
        "end_time": "0:03:14.700000",
        "speaker_tag": 1,
        "start_time": "0:03:14.300000",
        "word": "about"
    },
    {
        "end_time": "0:03:15.800000",
        "speaker_tag": 1,
        "start_time": "0:03:14.700000",
        "word": "tbsp"
    },
    {
        "end_time": "0:03:16.100000",
        "speaker_tag": 1,
        "start_time": "0:03:15.800000",
        "word": "milk"
    },
    {
        "end_time": "0:03:18",
        "speaker_tag": 1,
        "start_time": "0:03:17.200000",
        "word": "small"
    },
    {
        "end_time": "0:03:18.600000",
        "speaker_tag": 1,
        "start_time": "0:03:18",
        "word": "handful"
    },
    {
        "end_time": "0:03:19",
        "speaker_tag": 1,
        "start_time": "0:03:18.600000",
        "word": "of"
    },
    {
        "end_time": "0:03:19.400000",
        "speaker_tag": 1,
        "start_time": "0:03:19",
        "word": "cheese"
    },
    {
        "end_time": "0:03:19.900000",
        "speaker_tag": 1,
        "start_time": "0:03:19.400000",
        "word": "sliced"
    },
    {
        "end_time": "0:03:20.300000",
        "speaker_tag": 1,
        "start_time": "0:03:19.900000",
        "word": "cheese"
    },
    {
        "end_time": "0:03:21",
        "speaker_tag": 1,
        "start_time": "0:03:20.300000",
        "word": "and"
    },
    {
        "end_time": "0:03:22.300000",
        "speaker_tag": 1,
        "start_time": "0:03:21",
        "word": "put"
    },
    {
        "end_time": "0:03:22.600000",
        "speaker_tag": 1,
        "start_time": "0:03:22.300000",
        "word": "them"
    },
    {
        "end_time": "0:03:23.100000",
        "speaker_tag": 1,
        "start_time": "0:03:22.600000",
        "word": "in"
    },
    {
        "end_time": "0:03:23.200000",
        "speaker_tag": 1,
        "start_time": "0:03:23.100000",
        "word": "the"
    },
    {
        "end_time": "0:03:23.700000",
        "speaker_tag": 1,
        "start_time": "0:03:23.200000",
        "word": "pan"
    },
    {
        "end_time": "0:03:24.600000",
        "speaker_tag": 1,
        "start_time": "0:03:23.700000",
        "word": "on"
    },
    {
        "end_time": "0:03:25.400000",
        "speaker_tag": 1,
        "start_time": "0:03:24.600000",
        "word": "like"
    },
    {
        "end_time": "0:03:25.500000",
        "speaker_tag": 1,
        "start_time": "0:03:25.400000",
        "word": "a"
    },
    {
        "end_time": "0:03:26",
        "speaker_tag": 1,
        "start_time": "0:03:25.500000",
        "word": "medium"
    },
    {
        "end_time": "0:03:26.400000",
        "speaker_tag": 1,
        "start_time": "0:03:26",
        "word": "setting"
    },
    {
        "end_time": "0:03:27.200000",
        "speaker_tag": 1,
        "start_time": "0:03:26.400000",
        "word": "with"
    },
    {
        "end_time": "0:03:28.100000",
        "speaker_tag": 1,
        "start_time": "0:03:27.200000",
        "word": "oil"
    },
    {
        "end_time": "0:03:28.200000",
        "speaker_tag": 1,
        "start_time": "0:03:28.100000",
        "word": "in"
    },
    {
        "end_time": "0:03:28.200000",
        "speaker_tag": 1,
        "start_time": "0:03:28.200000",
        "word": "it"
    },
    {
        "end_time": "0:03:28.500000",
        "speaker_tag": 1,
        "start_time": "0:03:28.200000",
        "word": "so"
    },
    {
        "end_time": "0:03:28.700000",
        "speaker_tag": 1,
        "start_time": "0:03:28.500000",
        "word": "your"
    },
    {
        "end_time": "0:03:29",
        "speaker_tag": 1,
        "start_time": "0:03:28.700000",
        "word": "eggs"
    },
    {
        "end_time": "0:03:29.100000",
        "speaker_tag": 1,
        "start_time": "0:03:29",
        "word": "to"
    },
    {
        "end_time": "0:03:29.700000",
        "speaker_tag": 1,
        "start_time": "0:03:29.100000",
        "word": "check"
    },
    {
        "end_time": "0:03:31.500000",
        "speaker_tag": 1,
        "start_time": "0:03:29.700000",
        "word": "and"
    },
    {
        "end_time": "0:03:31.900000",
        "speaker_tag": 1,
        "start_time": "0:03:31.500000",
        "word": "as"
    },
    {
        "end_time": "0:03:32.100000",
        "speaker_tag": 1,
        "start_time": "0:03:31.900000",
        "word": "they"
    },
    {
        "end_time": "0:03:32.500000",
        "speaker_tag": 1,
        "start_time": "0:03:32.100000",
        "word": "heat"
    },
    {
        "end_time": "0:03:32.500000",
        "speaker_tag": 1,
        "start_time": "0:03:32.500000",
        "word": "up"
    },
    {
        "end_time": "0:03:32.900000",
        "speaker_tag": 1,
        "start_time": "0:03:32.500000",
        "word": "you"
    },
    {
        "end_time": "0:03:33.100000",
        "speaker_tag": 1,
        "start_time": "0:03:32.900000",
        "word": "just"
    },
    {
        "end_time": "0:03:33.300000",
        "speaker_tag": 1,
        "start_time": "0:03:33.100000",
        "word": "use"
    },
    {
        "end_time": "0:03:33.300000",
        "speaker_tag": 1,
        "start_time": "0:03:33.300000",
        "word": "a"
    },
    {
        "end_time": "0:03:33.800000",
        "speaker_tag": 1,
        "start_time": "0:03:33.300000",
        "word": "spatula"
    },
    {
        "end_time": "0:03:34.100000",
        "speaker_tag": 1,
        "start_time": "0:03:33.800000",
        "word": "and"
    },
    {
        "end_time": "0:03:34.500000",
        "speaker_tag": 1,
        "start_time": "0:03:34.100000",
        "word": "stirring"
    },
    {
        "end_time": "0:03:34.700000",
        "speaker_tag": 1,
        "start_time": "0:03:34.500000",
        "word": "with"
    },
    {
        "end_time": "0:03:34.800000",
        "speaker_tag": 1,
        "start_time": "0:03:34.700000",
        "word": "when"
    },
    {
        "end_time": "0:03:35",
        "speaker_tag": 1,
        "start_time": "0:03:34.800000",
        "word": "they"
    },
    {
        "end_time": "0:03:35.200000",
        "speaker_tag": 1,
        "start_time": "0:03:35",
        "word": "start"
    },
    {
        "end_time": "0:03:35.300000",
        "speaker_tag": 1,
        "start_time": "0:03:35.200000",
        "word": "to"
    },
    {
        "end_time": "0:03:35.400000",
        "speaker_tag": 1,
        "start_time": "0:03:35.300000",
        "word": "get"
    },
    {
        "end_time": "0:03:35.400000",
        "speaker_tag": 1,
        "start_time": "0:03:35.400000",
        "word": "a"
    },
    {
        "end_time": "0:03:35.400000",
        "speaker_tag": 1,
        "start_time": "0:03:35.400000",
        "word": "little"
    },
    {
        "end_time": "0:03:35.900000",
        "speaker_tag": 1,
        "start_time": "0:03:35.400000",
        "word": "lumpy"
    },
    {
        "end_time": "0:03:36.100000",
        "speaker_tag": 1,
        "start_time": "0:03:35.900000",
        "word": "and"
    },
    {
        "end_time": "0:03:36.400000",
        "speaker_tag": 1,
        "start_time": "0:03:36.100000",
        "word": "then"
    },
    {
        "end_time": "0:03:36.700000",
        "speaker_tag": 1,
        "start_time": "0:03:36.400000",
        "word": "there"
    },
    {
        "end_time": "0:03:37.900000",
        "speaker_tag": 1,
        "start_time": "0:03:36.700000",
        "word": "whenever"
    },
    {
        "end_time": "0:03:38.200000",
        "speaker_tag": 1,
        "start_time": "0:03:37.900000",
        "word": "all"
    },
    {
        "end_time": "0:03:38.300000",
        "speaker_tag": 1,
        "start_time": "0:03:38.200000",
        "word": "the"
    },
    {
        "end_time": "0:03:38.900000",
        "speaker_tag": 1,
        "start_time": "0:03:38.300000",
        "word": "liquid"
    },
    {
        "end_time": "0:03:39",
        "speaker_tag": 1,
        "start_time": "0:03:38.900000",
        "word": "is"
    },
    {
        "end_time": "0:03:39.400000",
        "speaker_tag": 1,
        "start_time": "0:03:39",
        "word": "gone"
    },
    {
        "end_time": "0:03:39.700000",
        "speaker_tag": 1,
        "start_time": "0:03:39.400000",
        "word": "they're"
    },
    {
        "end_time": "0:03:40",
        "speaker_tag": 1,
        "start_time": "0:03:39.700000",
        "word": "cut"
    },
    {
        "end_time": "0:03:40.900000",
        "speaker_tag": 1,
        "start_time": "0:03:40",
        "word": "need"
    },
    {
        "end_time": "0:03:41.100000",
        "speaker_tag": 1,
        "start_time": "0:03:40.900000",
        "word": "for"
    },
    {
        "end_time": "0:03:41.100000",
        "speaker_tag": 1,
        "start_time": "0:03:41.100000",
        "word": "a"
    },
    {
        "end_time": "0:03:41.600000",
        "speaker_tag": 1,
        "start_time": "0:03:41.100000",
        "word": "flight"
    },
    {
        "end_time": "0:03:41.900000",
        "speaker_tag": 1,
        "start_time": "0:03:41.600000",
        "word": "and"
    },
    {
        "end_time": "0:03:42.400000",
        "speaker_tag": 1,
        "start_time": "0:03:41.900000",
        "word": "then"
    },
    {
        "end_time": "0:03:44",
        "speaker_tag": 2,
        "start_time": "0:03:43.600000",
        "word": "I'm"
    },
    {
        "end_time": "0:03:44.100000",
        "speaker_tag": 2,
        "start_time": "0:03:44",
        "word": "a"
    },
    {
        "end_time": "0:03:44.500000",
        "speaker_tag": 2,
        "start_time": "0:03:44.100000",
        "word": "Keurig"
    },
    {
        "end_time": "0:03:44.900000",
        "speaker_tag": 2,
        "start_time": "0:03:44.500000",
        "word": "person"
    },
    {
        "end_time": "0:03:45.100000",
        "speaker_tag": 2,
        "start_time": "0:03:44.900000",
        "word": "so"
    },
    {
        "end_time": "0:03:45.200000",
        "speaker_tag": 2,
        "start_time": "0:03:45.100000",
        "word": "you"
    },
    {
        "end_time": "0:03:45.400000",
        "speaker_tag": 2,
        "start_time": "0:03:45.200000",
        "word": "just"
    },
    {
        "end_time": "0:03:45.500000",
        "speaker_tag": 2,
        "start_time": "0:03:45.400000",
        "word": "a"
    },
    {
        "end_time": "0:03:45.700000",
        "speaker_tag": 2,
        "start_time": "0:03:45.500000",
        "word": "little"
    },
    {
        "end_time": "0:03:46.100000",
        "speaker_tag": 2,
        "start_time": "0:03:45.700000",
        "word": "cake"
    },
    {
        "end_time": "0:03:46.300000",
        "speaker_tag": 2,
        "start_time": "0:03:46.100000",
        "word": "up"
    },
    {
        "end_time": "0:03:46.600000",
        "speaker_tag": 2,
        "start_time": "0:03:46.300000",
        "word": "down"
    },
    {
        "end_time": "0:03:46.700000",
        "speaker_tag": 2,
        "start_time": "0:03:46.600000",
        "word": "in"
    },
    {
        "end_time": "0:03:47",
        "speaker_tag": 1,
        "start_time": "0:03:46.700000",
        "word": "there"
    },
    {
        "end_time": "0:03:47.200000",
        "speaker_tag": 1,
        "start_time": "0:03:47",
        "word": "and"
    },
    {
        "end_time": "0:03:47.300000",
        "speaker_tag": 1,
        "start_time": "0:03:47.200000",
        "word": "you"
    },
    {
        "end_time": "0:03:48.200000",
        "speaker_tag": 1,
        "start_time": "0:03:47.300000",
        "word": "you"
    },
    {
        "end_time": "0:03:48.400000",
        "speaker_tag": 1,
        "start_time": "0:03:48.200000",
        "word": "and"
    },
    {
        "end_time": "0:03:48.700000",
        "speaker_tag": 1,
        "start_time": "0:03:48.400000",
        "word": "I"
    },
    {
        "end_time": "0:03:49",
        "speaker_tag": 2,
        "start_time": "0:03:48.700000",
        "word": "feel"
    },
    {
        "end_time": "0:03:49.100000",
        "speaker_tag": 2,
        "start_time": "0:03:49",
        "word": "to"
    },
    {
        "end_time": "0:03:49.400000",
        "speaker_tag": 2,
        "start_time": "0:03:49.100000",
        "word": "handle"
    },
    {
        "end_time": "0:03:49.500000",
        "speaker_tag": 2,
        "start_time": "0:03:49.400000",
        "word": "if"
    },
    {
        "end_time": "0:03:49.600000",
        "speaker_tag": 2,
        "start_time": "0:03:49.500000",
        "word": "you"
    },
    {
        "end_time": "0:03:49.700000",
        "speaker_tag": 2,
        "start_time": "0:03:49.600000",
        "word": "put"
    },
    {
        "end_time": "0:03:49.800000",
        "speaker_tag": 2,
        "start_time": "0:03:49.700000",
        "word": "the"
    },
    {
        "end_time": "0:03:50.200000",
        "speaker_tag": 2,
        "start_time": "0:03:49.800000",
        "word": "K-Cup"
    },
    {
        "end_time": "0:03:50.400000",
        "speaker_tag": 2,
        "start_time": "0:03:50.200000",
        "word": "in"
    },
    {
        "end_time": "0:03:50.500000",
        "speaker_tag": 2,
        "start_time": "0:03:50.400000",
        "word": "and"
    },
    {
        "end_time": "0:03:50.600000",
        "speaker_tag": 2,
        "start_time": "0:03:50.500000",
        "word": "then"
    },
    {
        "end_time": "0:03:50.800000",
        "speaker_tag": 2,
        "start_time": "0:03:50.600000",
        "word": "you"
    },
    {
        "end_time": "0:03:51.100000",
        "speaker_tag": 2,
        "start_time": "0:03:50.800000",
        "word": "close"
    },
    {
        "end_time": "0:03:51.200000",
        "speaker_tag": 2,
        "start_time": "0:03:51.100000",
        "word": "the"
    },
    {
        "end_time": "0:03:51.700000",
        "speaker_tag": 2,
        "start_time": "0:03:51.200000",
        "word": "handle"
    },
    {
        "end_time": "0:03:52.600000",
        "speaker_tag": 2,
        "start_time": "0:03:51.700000",
        "word": "and"
    },
    {
        "end_time": "0:03:53.800000",
        "speaker_tag": 2,
        "start_time": "0:03:52.600000",
        "word": "put"
    },
    {
        "end_time": "0:03:53.900000",
        "speaker_tag": 1,
        "start_time": "0:03:53.800000",
        "word": "your"
    },
    {
        "end_time": "0:03:54.300000",
        "speaker_tag": 1,
        "start_time": "0:03:53.900000",
        "word": "cup"
    },
    {
        "end_time": "0:03:54.700000",
        "speaker_tag": 1,
        "start_time": "0:03:54.300000",
        "word": "under"
    },
    {
        "end_time": "0:03:54.900000",
        "speaker_tag": 1,
        "start_time": "0:03:54.700000",
        "word": "the"
    },
    {
        "end_time": "0:03:55.500000",
        "speaker_tag": 1,
        "start_time": "0:03:54.900000",
        "word": "dispenser"
    },
    {
        "end_time": "0:03:55.800000",
        "speaker_tag": 1,
        "start_time": "0:03:55.500000",
        "word": "and"
    },
    {
        "end_time": "0:03:56",
        "speaker_tag": 1,
        "start_time": "0:03:55.800000",
        "word": "push"
    },
    {
        "end_time": "0:03:56.600000",
        "speaker_tag": 1,
        "start_time": "0:03:56",
        "word": "start"
    },
    {
        "end_time": "0:03:57.600000",
        "speaker_tag": 1,
        "start_time": "0:03:56.600000",
        "word": "that"
    },
    {
        "end_time": "0:03:58",
        "speaker_tag": 1,
        "start_time": "0:03:57.600000",
        "word": "dispenses"
    },
    {
        "end_time": "0:03:58.100000",
        "speaker_tag": 1,
        "start_time": "0:03:58",
        "word": "the"
    },
    {
        "end_time": "0:03:58.600000",
        "speaker_tag": 1,
        "start_time": "0:03:58.100000",
        "word": "coffee"
    },
    {
        "end_time": "0:03:58.700000",
        "speaker_tag": 1,
        "start_time": "0:03:58.600000",
        "word": "and"
    },
    {
        "end_time": "0:03:58.800000",
        "speaker_tag": 1,
        "start_time": "0:03:58.700000",
        "word": "then"
    },
    {
        "end_time": "0:03:58.900000",
        "speaker_tag": 1,
        "start_time": "0:03:58.800000",
        "word": "I"
    },
    {
        "end_time": "0:03:59.100000",
        "speaker_tag": 1,
        "start_time": "0:03:58.900000",
        "word": "put"
    },
    {
        "end_time": "0:03:59.300000",
        "speaker_tag": 2,
        "start_time": "0:03:59.100000",
        "word": "about"
    },
    {
        "end_time": "0:04:00.800000",
        "speaker_tag": 2,
        "start_time": "0:03:59.300000",
        "word": "tbsp"
    },
    {
        "end_time": "0:04:01",
        "speaker_tag": 2,
        "start_time": "0:04:00.800000",
        "word": "tbsp"
    },
    {
        "end_time": "0:04:01.300000",
        "speaker_tag": 2,
        "start_time": "0:04:01",
        "word": "in"
    },
    {
        "end_time": "0:04:01.400000",
        "speaker_tag": 2,
        "start_time": "0:04:01.300000",
        "word": "the"
    },
    {
        "end_time": "0:04:01.600000",
        "speaker_tag": 1,
        "start_time": "0:04:01.400000",
        "word": "house"
    },
    {
        "end_time": "0:04:01.700000",
        "speaker_tag": 1,
        "start_time": "0:04:01.600000",
        "word": "of"
    },
    {
        "end_time": "0:04:02.100000",
        "speaker_tag": 1,
        "start_time": "0:04:01.700000",
        "word": "creamer"
    },
    {
        "end_time": "0:04:02.200000",
        "speaker_tag": 1,
        "start_time": "0:04:02.100000",
        "word": "in"
    },
    {
        "end_time": "0:04:02.400000",
        "speaker_tag": 1,
        "start_time": "0:04:02.200000",
        "word": "it"
    },
    {
        "end_time": "0:04:02.700000",
        "speaker_tag": 1,
        "start_time": "0:04:02.400000",
        "word": "start"
    },
    {
        "end_time": "0:04:02.900000",
        "speaker_tag": 1,
        "start_time": "0:04:02.700000",
        "word": "up"
    },
    {
        "end_time": "0:04:03.100000",
        "speaker_tag": 1,
        "start_time": "0:04:02.900000",
        "word": "and"
    },
    {
        "end_time": "0:04:04.300000",
        "speaker_tag": 1,
        "start_time": "0:04:03.100000",
        "word": "good"
    },
    {
        "end_time": "0:04:04.400000",
        "speaker_tag": 1,
        "start_time": "0:04:04.300000",
        "word": "to"
    },
    {
        "end_time": "0:04:04.600000",
        "speaker_tag": 1,
        "start_time": "0:04:04.400000",
        "word": "cover"
    },
    {
        "end_time": "0:04:07.800000",
        "speaker_tag": 2,
        "start_time": "0:04:04.600000",
        "word": "sounds"
    },
    {
        "end_time": "0:04:07.900000",
        "speaker_tag": 2,
        "start_time": "0:04:07.800000",
        "word": "like"
    },
    {
        "end_time": "0:04:07.900000",
        "speaker_tag": 2,
        "start_time": "0:04:07.900000",
        "word": "a"
    },
    {
        "end_time": "0:04:08.100000",
        "speaker_tag": 2,
        "start_time": "0:04:07.900000",
        "word": "good"
    },
    {
        "end_time": "0:04:08.300000",
        "speaker_tag": 2,
        "start_time": "0:04:08.100000",
        "word": "breakfast"
    }
]