[
    {
        "end_time": "0:00:01.300000",
        "speaker_tag": 2,
        "start_time": "0:00:00.800000",
        "word": "alright"
    },
    {
        "end_time": "0:00:01.500000",
        "speaker_tag": 2,
        "start_time": "0:00:01.300000",
        "word": "I"
    },
    {
        "end_time": "0:00:01.600000",
        "speaker_tag": 2,
        "start_time": "0:00:01.500000",
        "word": "would"
    },
    {
        "end_time": "0:00:01.800000",
        "speaker_tag": 2,
        "start_time": "0:00:01.600000",
        "word": "like"
    },
    {
        "end_time": "0:00:01.800000",
        "speaker_tag": 2,
        "start_time": "0:00:01.800000",
        "word": "for"
    },
    {
        "end_time": "0:00:02",
        "speaker_tag": 2,
        "start_time": "0:00:01.800000",
        "word": "you"
    },
    {
        "end_time": "0:00:02",
        "speaker_tag": 2,
        "start_time": "0:00:02",
        "word": "to"
    },
    {
        "end_time": "0:00:02.400000",
        "speaker_tag": 2,
        "start_time": "0:00:02",
        "word": "tell"
    },
    {
        "end_time": "0:00:02.500000",
        "speaker_tag": 2,
        "start_time": "0:00:02.400000",
        "word": "me"
    },
    {
        "end_time": "0:00:03",
        "speaker_tag": 2,
        "start_time": "0:00:02.500000",
        "word": "about"
    },
    {
        "end_time": "0:00:03.200000",
        "speaker_tag": 2,
        "start_time": "0:00:03",
        "word": "a"
    },
    {
        "end_time": "0:00:03.600000",
        "speaker_tag": 2,
        "start_time": "0:00:03.200000",
        "word": "trip"
    },
    {
        "end_time": "0:00:03.700000",
        "speaker_tag": 2,
        "start_time": "0:00:03.600000",
        "word": "or"
    },
    {
        "end_time": "0:00:03.800000",
        "speaker_tag": 2,
        "start_time": "0:00:03.700000",
        "word": "vacation"
    },
    {
        "end_time": "0:00:04.600000",
        "speaker_tag": 2,
        "start_time": "0:00:03.800000",
        "word": "you've"
    },
    {
        "end_time": "0:00:04.900000",
        "speaker_tag": 2,
        "start_time": "0:00:04.600000",
        "word": "taken"
    },
    {
        "end_time": "0:00:06.100000",
        "speaker_tag": 2,
        "start_time": "0:00:04.900000",
        "word": "provide"
    },
    {
        "end_time": "0:00:06.400000",
        "speaker_tag": 2,
        "start_time": "0:00:06.100000",
        "word": "as"
    },
    {
        "end_time": "0:00:06.700000",
        "speaker_tag": 2,
        "start_time": "0:00:06.400000",
        "word": "many"
    },
    {
        "end_time": "0:00:07.100000",
        "speaker_tag": 2,
        "start_time": "0:00:06.700000",
        "word": "details"
    },
    {
        "end_time": "0:00:07.600000",
        "speaker_tag": 2,
        "start_time": "0:00:07.100000",
        "word": "as"
    },
    {
        "end_time": "0:00:08.600000",
        "speaker_tag": 2,
        "start_time": "0:00:07.600000",
        "word": "necessary"
    },
    {
        "end_time": "0:00:09",
        "speaker_tag": 2,
        "start_time": "0:00:08.600000",
        "word": "and"
    },
    {
        "end_time": "0:00:09.200000",
        "speaker_tag": 2,
        "start_time": "0:00:09",
        "word": "I'll"
    },
    {
        "end_time": "0:00:09.400000",
        "speaker_tag": 2,
        "start_time": "0:00:09.200000",
        "word": "tell"
    },
    {
        "end_time": "0:00:09.600000",
        "speaker_tag": 2,
        "start_time": "0:00:09.400000",
        "word": "you"
    },
    {
        "end_time": "0:00:09.800000",
        "speaker_tag": 2,
        "start_time": "0:00:09.600000",
        "word": "when"
    },
    {
        "end_time": "0:00:09.900000",
        "speaker_tag": 2,
        "start_time": "0:00:09.800000",
        "word": "to"
    },
    {
        "end_time": "0:00:10",
        "speaker_tag": 2,
        "start_time": "0:00:09.900000",
        "word": "stop"
    },
    {
        "end_time": "0:00:13.100000",
        "speaker_tag": 2,
        "start_time": "0:00:10",
        "word": "bike"
    },
    {
        "end_time": "0:00:13.400000",
        "speaker_tag": 2,
        "start_time": "0:00:13.100000",
        "word": "trips"
    },
    {
        "end_time": "0:00:20.500000",
        "speaker_tag": 1,
        "start_time": "0:00:18.900000",
        "word": "Vancouver"
    },
    {
        "end_time": "0:00:20.900000",
        "speaker_tag": 1,
        "start_time": "0:00:20.500000",
        "word": "trip"
    },
    {
        "end_time": "0:00:22.900000",
        "speaker_tag": 2,
        "start_time": "0:00:22.500000",
        "word": "I"
    },
    {
        "end_time": "0:00:23",
        "speaker_tag": 2,
        "start_time": "0:00:22.900000",
        "word": "could"
    },
    {
        "end_time": "0:00:23.100000",
        "speaker_tag": 2,
        "start_time": "0:00:23",
        "word": "be"
    },
    {
        "end_time": "0:00:23.300000",
        "speaker_tag": 2,
        "start_time": "0:00:23.100000",
        "word": "a"
    },
    {
        "end_time": "0:00:24.200000",
        "speaker_tag": 2,
        "start_time": "0:00:23.300000",
        "word": "any"
    },
    {
        "end_time": "0:00:24.500000",
        "speaker_tag": 2,
        "start_time": "0:00:24.200000",
        "word": "kind"
    },
    {
        "end_time": "0:00:24.600000",
        "speaker_tag": 2,
        "start_time": "0:00:24.500000",
        "word": "of"
    },
    {
        "end_time": "0:00:25.400000",
        "speaker_tag": 2,
        "start_time": "0:00:24.600000",
        "word": "trip"
    },
    {
        "end_time": "0:00:25.600000",
        "speaker_tag": 2,
        "start_time": "0:00:25.400000",
        "word": "that"
    },
    {
        "end_time": "0:00:25.700000",
        "speaker_tag": 2,
        "start_time": "0:00:25.600000",
        "word": "you"
    },
    {
        "end_time": "0:00:25.900000",
        "speaker_tag": 2,
        "start_time": "0:00:25.700000",
        "word": "take"
    },
    {
        "end_time": "0:00:26.100000",
        "speaker_tag": 2,
        "start_time": "0:00:25.900000",
        "word": "in"
    },
    {
        "end_time": "0:00:26.400000",
        "speaker_tag": 2,
        "start_time": "0:00:26.100000",
        "word": "maybe"
    },
    {
        "end_time": "0:00:26.500000",
        "speaker_tag": 2,
        "start_time": "0:00:26.400000",
        "word": "to"
    },
    {
        "end_time": "0:00:26.700000",
        "speaker_tag": 2,
        "start_time": "0:00:26.500000",
        "word": "visit"
    },
    {
        "end_time": "0:00:26.800000",
        "speaker_tag": 2,
        "start_time": "0:00:26.700000",
        "word": "family"
    },
    {
        "end_time": "0:00:27.200000",
        "speaker_tag": 2,
        "start_time": "0:00:26.800000",
        "word": "or"
    },
    {
        "end_time": "0:00:27.500000",
        "speaker_tag": 2,
        "start_time": "0:00:27.200000",
        "word": "two"
    },
    {
        "end_time": "0:00:27.600000",
        "speaker_tag": 2,
        "start_time": "0:00:27.500000",
        "word": "maybe"
    },
    {
        "end_time": "0:00:27.800000",
        "speaker_tag": 2,
        "start_time": "0:00:27.600000",
        "word": "do"
    },
    {
        "end_time": "0:00:28.800000",
        "speaker_tag": 2,
        "start_time": "0:00:27.800000",
        "word": "see"
    },
    {
        "end_time": "0:00:29",
        "speaker_tag": 2,
        "start_time": "0:00:28.800000",
        "word": "if"
    },
    {
        "end_time": "0:00:29.500000",
        "speaker_tag": 2,
        "start_time": "0:00:29",
        "word": "friend"
    },
    {
        "end_time": "0:00:29.600000",
        "speaker_tag": 2,
        "start_time": "0:00:29.500000",
        "word": "or"
    },
    {
        "end_time": "0:00:29.800000",
        "speaker_tag": 2,
        "start_time": "0:00:29.600000",
        "word": "something"
    },
    {
        "end_time": "0:00:30",
        "speaker_tag": 2,
        "start_time": "0:00:29.800000",
        "word": "like"
    },
    {
        "end_time": "0:00:30.100000",
        "speaker_tag": 2,
        "start_time": "0:00:30",
        "word": "that"
    },
    {
        "end_time": "0:00:33.600000",
        "speaker_tag": 1,
        "start_time": "0:00:32.900000",
        "word": "I'll"
    },
    {
        "end_time": "0:00:33.800000",
        "speaker_tag": 1,
        "start_time": "0:00:33.600000",
        "word": "have"
    },
    {
        "end_time": "0:00:33.900000",
        "speaker_tag": 1,
        "start_time": "0:00:33.800000",
        "word": "to"
    },
    {
        "end_time": "0:00:34",
        "speaker_tag": 1,
        "start_time": "0:00:33.900000",
        "word": "go"
    },
    {
        "end_time": "0:00:34.200000",
        "speaker_tag": 1,
        "start_time": "0:00:34",
        "word": "back"
    },
    {
        "end_time": "0:00:34.400000",
        "speaker_tag": 1,
        "start_time": "0:00:34.200000",
        "word": "to"
    },
    {
        "end_time": "0:00:45.700000",
        "speaker_tag": 2,
        "start_time": "0:00:34.400000",
        "word": "the"
    },
    {
        "end_time": "0:00:45.900000",
        "speaker_tag": 2,
        "start_time": "0:00:45.700000",
        "word": "store"
    },
    {
        "end_time": "0:00:46.400000",
        "speaker_tag": 2,
        "start_time": "0:00:45.900000",
        "word": "I"
    },
    {
        "end_time": "0:00:46.600000",
        "speaker_tag": 2,
        "start_time": "0:00:46.400000",
        "word": "have"
    },
    {
        "end_time": "0:00:46.700000",
        "speaker_tag": 2,
        "start_time": "0:00:46.600000",
        "word": "to"
    },
    {
        "end_time": "0:00:47",
        "speaker_tag": 2,
        "start_time": "0:00:46.700000",
        "word": "tell"
    },
    {
        "end_time": "0:00:47.100000",
        "speaker_tag": 2,
        "start_time": "0:00:47",
        "word": "the"
    },
    {
        "end_time": "0:00:47.500000",
        "speaker_tag": 2,
        "start_time": "0:00:47.100000",
        "word": "story"
    },
    {
        "end_time": "0:00:47.900000",
        "speaker_tag": 2,
        "start_time": "0:00:47.500000",
        "word": "I'll"
    },
    {
        "end_time": "0:00:48",
        "speaker_tag": 2,
        "start_time": "0:00:47.900000",
        "word": "tell"
    },
    {
        "end_time": "0:00:48.300000",
        "speaker_tag": 2,
        "start_time": "0:00:48",
        "word": "you"
    },
    {
        "end_time": "0:00:48.500000",
        "speaker_tag": 2,
        "start_time": "0:00:48.300000",
        "word": "when"
    },
    {
        "end_time": "0:00:48.500000",
        "speaker_tag": 2,
        "start_time": "0:00:48.500000",
        "word": "to"
    },
    {
        "end_time": "0:00:48.700000",
        "speaker_tag": 2,
        "start_time": "0:00:48.500000",
        "word": "stop"
    },
    {
        "end_time": "0:00:54.100000",
        "speaker_tag": 2,
        "start_time": "0:00:53.300000",
        "word": "go"
    },
    {
        "end_time": "0:00:54.100000",
        "speaker_tag": 2,
        "start_time": "0:00:54.100000",
        "word": "ahead"
    },
    {
        "end_time": "0:00:54.400000",
        "speaker_tag": 2,
        "start_time": "0:00:54.100000",
        "word": "and"
    },
    {
        "end_time": "0:00:54.400000",
        "speaker_tag": 2,
        "start_time": "0:00:54.400000",
        "word": "talk"
    },
    {
        "end_time": "0:00:55",
        "speaker_tag": 2,
        "start_time": "0:00:54.400000",
        "word": "about"
    },
    {
        "end_time": "0:00:55.500000",
        "speaker_tag": 2,
        "start_time": "0:00:55",
        "word": "20"
    },
    {
        "end_time": "0:00:55.800000",
        "speaker_tag": 2,
        "start_time": "0:00:55.500000",
        "word": "years"
    },
    {
        "end_time": "0:00:55.900000",
        "speaker_tag": 2,
        "start_time": "0:00:55.800000",
        "word": "ago"
    },
    {
        "end_time": "0:00:56.800000",
        "speaker_tag": 2,
        "start_time": "0:00:55.900000",
        "word": "left"
    },
    {
        "end_time": "0:00:57",
        "speaker_tag": 2,
        "start_time": "0:00:56.800000",
        "word": "from"
    },
    {
        "end_time": "0:00:57.200000",
        "speaker_tag": 2,
        "start_time": "0:00:57",
        "word": "here"
    },
    {
        "end_time": "0:00:58",
        "speaker_tag": 1,
        "start_time": "0:00:57.200000",
        "word": "what"
    },
    {
        "end_time": "0:00:58.100000",
        "speaker_tag": 1,
        "start_time": "0:00:58",
        "word": "did"
    },
    {
        "end_time": "0:00:58.500000",
        "speaker_tag": 1,
        "start_time": "0:00:58.100000",
        "word": "Alice"
    },
    {
        "end_time": "0:00:59.600000",
        "speaker_tag": 1,
        "start_time": "0:00:58.500000",
        "word": "but"
    },
    {
        "end_time": "0:00:59.800000",
        "speaker_tag": 1,
        "start_time": "0:00:59.600000",
        "word": "with"
    },
    {
        "end_time": "0:00:59.900000",
        "speaker_tag": 1,
        "start_time": "0:00:59.800000",
        "word": "all"
    },
    {
        "end_time": "0:01:00",
        "speaker_tag": 1,
        "start_time": "0:00:59.900000",
        "word": "my"
    },
    {
        "end_time": "0:01:00.200000",
        "speaker_tag": 1,
        "start_time": "0:01:00",
        "word": "family"
    },
    {
        "end_time": "0:01:01.400000",
        "speaker_tag": 1,
        "start_time": "0:01:00.200000",
        "word": "stayed"
    },
    {
        "end_time": "0:01:01.500000",
        "speaker_tag": 1,
        "start_time": "0:01:01.400000",
        "word": "in"
    },
    {
        "end_time": "0:01:01.600000",
        "speaker_tag": 1,
        "start_time": "0:01:01.500000",
        "word": "a"
    },
    {
        "end_time": "0:01:01.700000",
        "speaker_tag": 1,
        "start_time": "0:01:01.600000",
        "word": "hotel"
    },
    {
        "end_time": "0:01:02.200000",
        "speaker_tag": 1,
        "start_time": "0:01:01.700000",
        "word": "or"
    },
    {
        "end_time": "0:01:02.400000",
        "speaker_tag": 1,
        "start_time": "0:01:02.200000",
        "word": "got"
    },
    {
        "end_time": "0:01:02.600000",
        "speaker_tag": 1,
        "start_time": "0:01:02.400000",
        "word": "up"
    },
    {
        "end_time": "0:01:02.700000",
        "speaker_tag": 1,
        "start_time": "0:01:02.600000",
        "word": "the"
    },
    {
        "end_time": "0:01:02.800000",
        "speaker_tag": 1,
        "start_time": "0:01:02.700000",
        "word": "next"
    },
    {
        "end_time": "0:01:03.100000",
        "speaker_tag": 2,
        "start_time": "0:01:02.800000",
        "word": "morning"
    },
    {
        "end_time": "0:01:03.500000",
        "speaker_tag": 2,
        "start_time": "0:01:03.100000",
        "word": "got"
    },
    {
        "end_time": "0:01:03.700000",
        "speaker_tag": 2,
        "start_time": "0:01:03.500000",
        "word": "on"
    },
    {
        "end_time": "0:01:03.700000",
        "speaker_tag": 2,
        "start_time": "0:01:03.700000",
        "word": "a"
    },
    {
        "end_time": "0:01:03.800000",
        "speaker_tag": 2,
        "start_time": "0:01:03.700000",
        "word": "plane"
    },
    {
        "end_time": "0:01:04.600000",
        "speaker_tag": 2,
        "start_time": "0:01:03.800000",
        "word": "and"
    },
    {
        "end_time": "0:01:04.900000",
        "speaker_tag": 2,
        "start_time": "0:01:04.600000",
        "word": "went"
    },
    {
        "end_time": "0:01:05.500000",
        "speaker_tag": 1,
        "start_time": "0:01:04.900000",
        "word": "to"
    },
    {
        "end_time": "0:01:05.900000",
        "speaker_tag": 1,
        "start_time": "0:01:05.500000",
        "word": "Florida"
    },
    {
        "end_time": "0:01:07.300000",
        "speaker_tag": 1,
        "start_time": "0:01:06.900000",
        "word": "then"
    },
    {
        "end_time": "0:01:07.400000",
        "speaker_tag": 1,
        "start_time": "0:01:07.300000",
        "word": "we"
    },
    {
        "end_time": "0:01:07.700000",
        "speaker_tag": 1,
        "start_time": "0:01:07.400000",
        "word": "got"
    },
    {
        "end_time": "0:01:08.100000",
        "speaker_tag": 1,
        "start_time": "0:01:07.700000",
        "word": "off"
    },
    {
        "end_time": "0:01:08.600000",
        "speaker_tag": 2,
        "start_time": "0:01:08.100000",
        "word": "and"
    },
    {
        "end_time": "0:01:08.800000",
        "speaker_tag": 2,
        "start_time": "0:01:08.600000",
        "word": "wake"
    },
    {
        "end_time": "0:01:09",
        "speaker_tag": 2,
        "start_time": "0:01:08.800000",
        "word": "up"
    },
    {
        "end_time": "0:01:09.100000",
        "speaker_tag": 2,
        "start_time": "0:01:09",
        "word": "the"
    },
    {
        "end_time": "0:01:09.600000",
        "speaker_tag": 2,
        "start_time": "0:01:09.100000",
        "word": "little"
    },
    {
        "end_time": "0:01:10.200000",
        "speaker_tag": 2,
        "start_time": "0:01:09.600000",
        "word": "taxi"
    },
    {
        "end_time": "0:01:10.600000",
        "speaker_tag": 2,
        "start_time": "0:01:10.200000",
        "word": "over"
    },
    {
        "end_time": "0:01:10.900000",
        "speaker_tag": 2,
        "start_time": "0:01:10.600000",
        "word": "to"
    },
    {
        "end_time": "0:01:12",
        "speaker_tag": 2,
        "start_time": "0:01:10.900000",
        "word": "Disney"
    },
    {
        "end_time": "0:01:12.400000",
        "speaker_tag": 1,
        "start_time": "0:01:12",
        "word": "World"
    },
    {
        "end_time": "0:01:15.200000",
        "speaker_tag": 2,
        "start_time": "0:01:13.500000",
        "word": "we"
    },
    {
        "end_time": "0:01:15.500000",
        "speaker_tag": 2,
        "start_time": "0:01:15.200000",
        "word": "checked"
    },
    {
        "end_time": "0:01:15.700000",
        "speaker_tag": 2,
        "start_time": "0:01:15.500000",
        "word": "into"
    },
    {
        "end_time": "0:01:15.800000",
        "speaker_tag": 2,
        "start_time": "0:01:15.700000",
        "word": "our"
    },
    {
        "end_time": "0:01:16.200000",
        "speaker_tag": 2,
        "start_time": "0:01:15.800000",
        "word": "rooms"
    },
    {
        "end_time": "0:01:16.400000",
        "speaker_tag": 2,
        "start_time": "0:01:16.200000",
        "word": "everything"
    },
    {
        "end_time": "0:01:16.800000",
        "speaker_tag": 2,
        "start_time": "0:01:16.400000",
        "word": "we"
    },
    {
        "end_time": "0:01:17",
        "speaker_tag": 2,
        "start_time": "0:01:16.800000",
        "word": "went"
    },
    {
        "end_time": "0:01:17.100000",
        "speaker_tag": 2,
        "start_time": "0:01:17",
        "word": "to"
    },
    {
        "end_time": "0:01:17.200000",
        "speaker_tag": 2,
        "start_time": "0:01:17.100000",
        "word": "the"
    },
    {
        "end_time": "0:01:17.600000",
        "speaker_tag": 2,
        "start_time": "0:01:17.200000",
        "word": "Magic"
    },
    {
        "end_time": "0:01:17.800000",
        "speaker_tag": 2,
        "start_time": "0:01:17.600000",
        "word": "Kingdom"
    },
    {
        "end_time": "0:01:18.100000",
        "speaker_tag": 2,
        "start_time": "0:01:17.800000",
        "word": "to"
    },
    {
        "end_time": "0:01:18.600000",
        "speaker_tag": 2,
        "start_time": "0:01:18.100000",
        "word": "start"
    },
    {
        "end_time": "0:01:19.600000",
        "speaker_tag": 2,
        "start_time": "0:01:18.600000",
        "word": "first"
    },
    {
        "end_time": "0:01:19.700000",
        "speaker_tag": 2,
        "start_time": "0:01:19.600000",
        "word": "thing"
    },
    {
        "end_time": "0:01:20",
        "speaker_tag": 2,
        "start_time": "0:01:19.700000",
        "word": "I"
    },
    {
        "end_time": "0:01:20.200000",
        "speaker_tag": 2,
        "start_time": "0:01:20",
        "word": "did"
    },
    {
        "end_time": "0:01:20.700000",
        "speaker_tag": 2,
        "start_time": "0:01:20.200000",
        "word": "I"
    },
    {
        "end_time": "0:01:20.900000",
        "speaker_tag": 2,
        "start_time": "0:01:20.700000",
        "word": "saw"
    },
    {
        "end_time": "0:01:21.300000",
        "speaker_tag": 2,
        "start_time": "0:01:20.900000",
        "word": "Saloon"
    },
    {
        "end_time": "0:01:21.800000",
        "speaker_tag": 2,
        "start_time": "0:01:21.300000",
        "word": "times"
    },
    {
        "end_time": "0:01:21.900000",
        "speaker_tag": 2,
        "start_time": "0:01:21.800000",
        "word": "I"
    },
    {
        "end_time": "0:01:22",
        "speaker_tag": 2,
        "start_time": "0:01:21.900000",
        "word": "thought"
    },
    {
        "end_time": "0:01:22.200000",
        "speaker_tag": 2,
        "start_time": "0:01:22",
        "word": "they"
    },
    {
        "end_time": "0:01:22.300000",
        "speaker_tag": 2,
        "start_time": "0:01:22.200000",
        "word": "were"
    },
    {
        "end_time": "0:01:25.800000",
        "speaker_tag": 2,
        "start_time": "0:01:22.300000",
        "word": "so"
    },
    {
        "end_time": "0:01:26",
        "speaker_tag": 2,
        "start_time": "0:01:25.800000",
        "word": "we"
    },
    {
        "end_time": "0:01:26.300000",
        "speaker_tag": 2,
        "start_time": "0:01:26",
        "word": "did"
    },
    {
        "end_time": "0:01:26.500000",
        "speaker_tag": 2,
        "start_time": "0:01:26.300000",
        "word": "all"
    },
    {
        "end_time": "0:01:26.700000",
        "speaker_tag": 2,
        "start_time": "0:01:26.500000",
        "word": "the"
    },
    {
        "end_time": "0:01:27",
        "speaker_tag": 2,
        "start_time": "0:01:26.700000",
        "word": "rides"
    },
    {
        "end_time": "0:01:27.100000",
        "speaker_tag": 2,
        "start_time": "0:01:27",
        "word": "and"
    },
    {
        "end_time": "0:01:27.900000",
        "speaker_tag": 2,
        "start_time": "0:01:27.100000",
        "word": "everything"
    },
    {
        "end_time": "0:01:28",
        "speaker_tag": 2,
        "start_time": "0:01:27.900000",
        "word": "and"
    },
    {
        "end_time": "0:01:29.300000",
        "speaker_tag": 2,
        "start_time": "0:01:28",
        "word": "get"
    },
    {
        "end_time": "0:01:29.800000",
        "speaker_tag": 2,
        "start_time": "0:01:29.300000",
        "word": "strokes"
    },
    {
        "end_time": "0:01:30.300000",
        "speaker_tag": 2,
        "start_time": "0:01:29.800000",
        "word": "nuts"
    },
    {
        "end_time": "0:01:30.500000",
        "speaker_tag": 2,
        "start_time": "0:01:30.300000",
        "word": "and"
    },
    {
        "end_time": "0:01:31.900000",
        "speaker_tag": 2,
        "start_time": "0:01:31.500000",
        "word": "what"
    },
    {
        "end_time": "0:01:32.300000",
        "speaker_tag": 2,
        "start_time": "0:01:31.900000",
        "word": "back"
    },
    {
        "end_time": "0:01:32.900000",
        "speaker_tag": 2,
        "start_time": "0:01:32.300000",
        "word": "at"
    },
    {
        "end_time": "0:01:33.200000",
        "speaker_tag": 2,
        "start_time": "0:01:32.900000",
        "word": "dinner"
    },
    {
        "end_time": "0:01:33.400000",
        "speaker_tag": 2,
        "start_time": "0:01:33.200000",
        "word": "all"
    },
    {
        "end_time": "0:01:33.600000",
        "speaker_tag": 2,
        "start_time": "0:01:33.400000",
        "word": "that"
    },
    {
        "end_time": "0:01:33.800000",
        "speaker_tag": 2,
        "start_time": "0:01:33.600000",
        "word": "good"
    },
    {
        "end_time": "0:01:33.900000",
        "speaker_tag": 2,
        "start_time": "0:01:33.800000",
        "word": "stuff"
    },
    {
        "end_time": "0:01:34.300000",
        "speaker_tag": 2,
        "start_time": "0:01:33.900000",
        "word": "got"
    },
    {
        "end_time": "0:01:34.500000",
        "speaker_tag": 2,
        "start_time": "0:01:34.300000",
        "word": "up"
    },
    {
        "end_time": "0:01:34.600000",
        "speaker_tag": 2,
        "start_time": "0:01:34.500000",
        "word": "the"
    },
    {
        "end_time": "0:01:34.700000",
        "speaker_tag": 2,
        "start_time": "0:01:34.600000",
        "word": "next"
    },
    {
        "end_time": "0:01:34.900000",
        "speaker_tag": 2,
        "start_time": "0:01:34.700000",
        "word": "day"
    },
    {
        "end_time": "0:01:35.600000",
        "speaker_tag": 2,
        "start_time": "0:01:34.900000",
        "word": "continued"
    },
    {
        "end_time": "0:01:35.900000",
        "speaker_tag": 2,
        "start_time": "0:01:35.600000",
        "word": "on"
    },
    {
        "end_time": "0:01:36",
        "speaker_tag": 2,
        "start_time": "0:01:35.900000",
        "word": "to"
    },
    {
        "end_time": "0:01:36.300000",
        "speaker_tag": 2,
        "start_time": "0:01:36",
        "word": "Magic"
    },
    {
        "end_time": "0:01:36.600000",
        "speaker_tag": 2,
        "start_time": "0:01:36.300000",
        "word": "Kingdom"
    },
    {
        "end_time": "0:01:37.300000",
        "speaker_tag": 2,
        "start_time": "0:01:36.600000",
        "word": "I"
    },
    {
        "end_time": "0:01:37.400000",
        "speaker_tag": 2,
        "start_time": "0:01:37.300000",
        "word": "mean"
    },
    {
        "end_time": "0:01:37.600000",
        "speaker_tag": 2,
        "start_time": "0:01:37.400000",
        "word": "not"
    },
    {
        "end_time": "0:01:38",
        "speaker_tag": 2,
        "start_time": "0:01:37.600000",
        "word": "Magic"
    },
    {
        "end_time": "0:01:38.300000",
        "speaker_tag": 2,
        "start_time": "0:01:38",
        "word": "Kingdom"
    },
    {
        "end_time": "0:01:38.500000",
        "speaker_tag": 2,
        "start_time": "0:01:38.300000",
        "word": "but"
    },
    {
        "end_time": "0:01:39.100000",
        "speaker_tag": 2,
        "start_time": "0:01:38.500000",
        "word": "Epcot"
    },
    {
        "end_time": "0:01:40",
        "speaker_tag": 2,
        "start_time": "0:01:39.100000",
        "word": "if"
    },
    {
        "end_time": "0:01:40.700000",
        "speaker_tag": 1,
        "start_time": "0:01:40",
        "word": "I"
    },
    {
        "end_time": "0:01:44.100000",
        "speaker_tag": 2,
        "start_time": "0:01:40.700000",
        "word": "had"
    },
    {
        "end_time": "0:01:44.400000",
        "speaker_tag": 2,
        "start_time": "0:01:44.100000",
        "word": "their"
    },
    {
        "end_time": "0:01:45.500000",
        "speaker_tag": 2,
        "start_time": "0:01:44.400000",
        "word": "own"
    },
    {
        "end_time": "0:01:46.600000",
        "speaker_tag": 2,
        "start_time": "0:01:45.500000",
        "word": "mango"
    },
    {
        "end_time": "0:01:46.800000",
        "speaker_tag": 2,
        "start_time": "0:01:46.600000",
        "word": "in"
    },
    {
        "end_time": "0:01:46.800000",
        "speaker_tag": 2,
        "start_time": "0:01:46.800000",
        "word": "a"
    },
    {
        "end_time": "0:01:47.100000",
        "speaker_tag": 2,
        "start_time": "0:01:46.800000",
        "word": "picture"
    },
    {
        "end_time": "0:01:47.300000",
        "speaker_tag": 2,
        "start_time": "0:01:47.100000",
        "word": "one"
    },
    {
        "end_time": "0:01:47.400000",
        "speaker_tag": 2,
        "start_time": "0:01:47.300000",
        "word": "time"
    },
    {
        "end_time": "0:01:47.800000",
        "speaker_tag": 2,
        "start_time": "0:01:47.400000",
        "word": "everybody"
    },
    {
        "end_time": "0:01:48.100000",
        "speaker_tag": 2,
        "start_time": "0:01:47.800000",
        "word": "loves"
    },
    {
        "end_time": "0:01:48.300000",
        "speaker_tag": 2,
        "start_time": "0:01:48.100000",
        "word": "at"
    },
    {
        "end_time": "0:01:55.700000",
        "speaker_tag": 2,
        "start_time": "0:01:48.300000",
        "word": "all"
    },
    {
        "end_time": "0:01:55.900000",
        "speaker_tag": 2,
        "start_time": "0:01:55.700000",
        "word": "the"
    },
    {
        "end_time": "0:01:56.400000",
        "speaker_tag": 2,
        "start_time": "0:01:55.900000",
        "word": "jobs"
    },
    {
        "end_time": "0:01:56.800000",
        "speaker_tag": 2,
        "start_time": "0:01:56.400000",
        "word": "DeLand"
    },
    {
        "end_time": "0:01:57",
        "speaker_tag": 2,
        "start_time": "0:01:56.800000",
        "word": "we"
    },
    {
        "end_time": "0:01:57.300000",
        "speaker_tag": 2,
        "start_time": "0:01:57",
        "word": "saw"
    },
    {
        "end_time": "0:01:59.500000",
        "speaker_tag": 2,
        "start_time": "0:01:59",
        "word": "Honey"
    },
    {
        "end_time": "0:01:59.600000",
        "speaker_tag": 2,
        "start_time": "0:01:59.500000",
        "word": "I"
    },
    {
        "end_time": "0:01:59.700000",
        "speaker_tag": 2,
        "start_time": "0:01:59.600000",
        "word": "Shrunk"
    },
    {
        "end_time": "0:02:00.100000",
        "speaker_tag": 2,
        "start_time": "0:01:59.700000",
        "word": "the"
    },
    {
        "end_time": "0:02:00.300000",
        "speaker_tag": 2,
        "start_time": "0:02:00.100000",
        "word": "Kids"
    },
    {
        "end_time": "0:02:01.200000",
        "speaker_tag": 2,
        "start_time": "0:02:00.300000",
        "word": "and"
    },
    {
        "end_time": "0:02:01.500000",
        "speaker_tag": 2,
        "start_time": "0:02:01.200000",
        "word": "all"
    },
    {
        "end_time": "0:02:01.700000",
        "speaker_tag": 2,
        "start_time": "0:02:01.500000",
        "word": "that"
    },
    {
        "end_time": "0:02:02",
        "speaker_tag": 2,
        "start_time": "0:02:01.700000",
        "word": "good"
    },
    {
        "end_time": "0:02:02.200000",
        "speaker_tag": 2,
        "start_time": "0:02:02",
        "word": "stuff"
    },
    {
        "end_time": "0:02:03.100000",
        "speaker_tag": 2,
        "start_time": "0:02:02.200000",
        "word": "and"
    },
    {
        "end_time": "0:02:03.500000",
        "speaker_tag": 2,
        "start_time": "0:02:03.100000",
        "word": "kids"
    },
    {
        "end_time": "0:02:03.600000",
        "speaker_tag": 2,
        "start_time": "0:02:03.500000",
        "word": "had"
    },
    {
        "end_time": "0:02:03.700000",
        "speaker_tag": 2,
        "start_time": "0:02:03.600000",
        "word": "a"
    },
    {
        "end_time": "0:02:03.800000",
        "speaker_tag": 2,
        "start_time": "0:02:03.700000",
        "word": "good"
    },
    {
        "end_time": "0:02:03.900000",
        "speaker_tag": 2,
        "start_time": "0:02:03.800000",
        "word": "time"
    },
    {
        "end_time": "0:02:04.400000",
        "speaker_tag": 2,
        "start_time": "0:02:03.900000",
        "word": "we"
    },
    {
        "end_time": "0:02:04.600000",
        "speaker_tag": 2,
        "start_time": "0:02:04.400000",
        "word": "just"
    },
    {
        "end_time": "0:02:05",
        "speaker_tag": 2,
        "start_time": "0:02:04.600000",
        "word": "wrote"
    },
    {
        "end_time": "0:02:05.100000",
        "speaker_tag": 2,
        "start_time": "0:02:05",
        "word": "all"
    },
    {
        "end_time": "0:02:05.200000",
        "speaker_tag": 2,
        "start_time": "0:02:05.100000",
        "word": "the"
    },
    {
        "end_time": "0:02:05.500000",
        "speaker_tag": 2,
        "start_time": "0:02:05.200000",
        "word": "rights"
    },
    {
        "end_time": "0:02:05.600000",
        "speaker_tag": 2,
        "start_time": "0:02:05.500000",
        "word": "and"
    },
    {
        "end_time": "0:02:05.800000",
        "speaker_tag": 2,
        "start_time": "0:02:05.600000",
        "word": "wants"
    },
    {
        "end_time": "0:02:06",
        "speaker_tag": 2,
        "start_time": "0:02:05.800000",
        "word": "to"
    },
    {
        "end_time": "0:02:06.600000",
        "speaker_tag": 2,
        "start_time": "0:02:06",
        "word": "ride"
    },
    {
        "end_time": "0:02:08",
        "speaker_tag": 1,
        "start_time": "0:02:06.600000",
        "word": "and"
    },
    {
        "end_time": "0:02:09.500000",
        "speaker_tag": 2,
        "start_time": "0:02:08.900000",
        "word": "then"
    },
    {
        "end_time": "0:02:09.600000",
        "speaker_tag": 2,
        "start_time": "0:02:09.500000",
        "word": "I"
    },
    {
        "end_time": "0:02:10",
        "speaker_tag": 2,
        "start_time": "0:02:09.600000",
        "word": "guess"
    },
    {
        "end_time": "0:02:10.100000",
        "speaker_tag": 2,
        "start_time": "0:02:10",
        "word": "the"
    },
    {
        "end_time": "0:02:10.300000",
        "speaker_tag": 2,
        "start_time": "0:02:10.100000",
        "word": "next"
    },
    {
        "end_time": "0:02:10.700000",
        "speaker_tag": 2,
        "start_time": "0:02:10.300000",
        "word": "day"
    },
    {
        "end_time": "0:02:10.900000",
        "speaker_tag": 2,
        "start_time": "0:02:10.700000",
        "word": "we"
    },
    {
        "end_time": "0:02:11.200000",
        "speaker_tag": 2,
        "start_time": "0:02:10.900000",
        "word": "went"
    },
    {
        "end_time": "0:02:11.400000",
        "speaker_tag": 2,
        "start_time": "0:02:11.200000",
        "word": "to"
    },
    {
        "end_time": "0:02:11.500000",
        "speaker_tag": 2,
        "start_time": "0:02:11.400000",
        "word": "one"
    },
    {
        "end_time": "0:02:11.600000",
        "speaker_tag": 2,
        "start_time": "0:02:11.500000",
        "word": "of"
    },
    {
        "end_time": "0:02:11.700000",
        "speaker_tag": 2,
        "start_time": "0:02:11.600000",
        "word": "the"
    },
    {
        "end_time": "0:02:11.800000",
        "speaker_tag": 2,
        "start_time": "0:02:11.700000",
        "word": "other"
    },
    {
        "end_time": "0:02:12.400000",
        "speaker_tag": 2,
        "start_time": "0:02:11.800000",
        "word": "parts"
    },
    {
        "end_time": "0:02:12.500000",
        "speaker_tag": 2,
        "start_time": "0:02:12.400000",
        "word": "I"
    },
    {
        "end_time": "0:02:12.700000",
        "speaker_tag": 2,
        "start_time": "0:02:12.500000",
        "word": "do"
    },
    {
        "end_time": "0:02:12.800000",
        "speaker_tag": 2,
        "start_time": "0:02:12.700000",
        "word": "I"
    },
    {
        "end_time": "0:02:13",
        "speaker_tag": 2,
        "start_time": "0:02:12.800000",
        "word": "get"
    },
    {
        "end_time": "0:02:13.200000",
        "speaker_tag": 2,
        "start_time": "0:02:13",
        "word": "them"
    },
    {
        "end_time": "0:02:13.300000",
        "speaker_tag": 2,
        "start_time": "0:02:13.200000",
        "word": "confused"
    },
    {
        "end_time": "0:02:13.900000",
        "speaker_tag": 2,
        "start_time": "0:02:13.300000",
        "word": "so"
    },
    {
        "end_time": "0:02:16",
        "speaker_tag": 2,
        "start_time": "0:02:15.200000",
        "word": "I"
    },
    {
        "end_time": "0:02:16.200000",
        "speaker_tag": 2,
        "start_time": "0:02:16",
        "word": "don't"
    },
    {
        "end_time": "0:02:16.500000",
        "speaker_tag": 2,
        "start_time": "0:02:16.200000",
        "word": "remember"
    },
    {
        "end_time": "0:02:16.700000",
        "speaker_tag": 2,
        "start_time": "0:02:16.500000",
        "word": "where"
    },
    {
        "end_time": "0:02:17",
        "speaker_tag": 2,
        "start_time": "0:02:16.700000",
        "word": "we"
    },
    {
        "end_time": "0:02:19.900000",
        "speaker_tag": 1,
        "start_time": "0:02:17",
        "word": "win."
    },
    {
        "end_time": "0:02:23",
        "speaker_tag": 2,
        "start_time": "0:02:22.400000",
        "word": "And"
    },
    {
        "end_time": "0:02:23.200000",
        "speaker_tag": 2,
        "start_time": "0:02:23",
        "word": "that's"
    },
    {
        "end_time": "0:02:23.400000",
        "speaker_tag": 2,
        "start_time": "0:02:23.200000",
        "word": "pretty"
    },
    {
        "end_time": "0:02:23.600000",
        "speaker_tag": 2,
        "start_time": "0:02:23.400000",
        "word": "much"
    },
    {
        "end_time": "0:02:24.400000",
        "speaker_tag": 2,
        "start_time": "0:02:23.600000",
        "word": "we"
    },
    {
        "end_time": "0:02:24.600000",
        "speaker_tag": 2,
        "start_time": "0:02:24.400000",
        "word": "got"
    },
    {
        "end_time": "0:02:25.100000",
        "speaker_tag": 2,
        "start_time": "0:02:24.600000",
        "word": "back"
    },
    {
        "end_time": "0:02:25.200000",
        "speaker_tag": 2,
        "start_time": "0:02:25.100000",
        "word": "and"
    },
    {
        "end_time": "0:02:25.600000",
        "speaker_tag": 2,
        "start_time": "0:02:25.200000",
        "word": "everybody"
    },
    {
        "end_time": "0:02:25.700000",
        "speaker_tag": 2,
        "start_time": "0:02:25.600000",
        "word": "had"
    },
    {
        "end_time": "0:02:25.800000",
        "speaker_tag": 2,
        "start_time": "0:02:25.700000",
        "word": "to"
    },
    {
        "end_time": "0:02:25.900000",
        "speaker_tag": 2,
        "start_time": "0:02:25.800000",
        "word": "go"
    },
    {
        "end_time": "0:02:26",
        "speaker_tag": 2,
        "start_time": "0:02:25.900000",
        "word": "right"
    },
    {
        "end_time": "0:02:26.200000",
        "speaker_tag": 2,
        "start_time": "0:02:26",
        "word": "now"
    },
    {
        "end_time": "0:02:26.300000",
        "speaker_tag": 2,
        "start_time": "0:02:26.200000",
        "word": "and"
    },
    {
        "end_time": "0:02:26.600000",
        "speaker_tag": 2,
        "start_time": "0:02:26.300000",
        "word": "got"
    },
    {
        "end_time": "0:02:26.700000",
        "speaker_tag": 2,
        "start_time": "0:02:26.600000",
        "word": "on"
    },
    {
        "end_time": "0:02:26.800000",
        "speaker_tag": 2,
        "start_time": "0:02:26.700000",
        "word": "the"
    },
    {
        "end_time": "0:02:27.100000",
        "speaker_tag": 2,
        "start_time": "0:02:26.800000",
        "word": "plane"
    },
    {
        "end_time": "0:02:27.300000",
        "speaker_tag": 2,
        "start_time": "0:02:27.100000",
        "word": "flew"
    },
    {
        "end_time": "0:02:27.600000",
        "speaker_tag": 2,
        "start_time": "0:02:27.300000",
        "word": "back"
    },
    {
        "end_time": "0:02:27.700000",
        "speaker_tag": 2,
        "start_time": "0:02:27.600000",
        "word": "to"
    },
    {
        "end_time": "0:02:28.300000",
        "speaker_tag": 2,
        "start_time": "0:02:27.700000",
        "word": "Dallas"
    },
    {
        "end_time": "0:02:29.100000",
        "speaker_tag": 2,
        "start_time": "0:02:28.300000",
        "word": "and"
    },
    {
        "end_time": "0:02:29.100000",
        "speaker_tag": 2,
        "start_time": "0:02:29.100000",
        "word": "back"
    },
    {
        "end_time": "0:02:29.600000",
        "speaker_tag": 2,
        "start_time": "0:02:29.100000",
        "word": "home"
    },
    {
        "end_time": "0:02:30.200000",
        "speaker_tag": 2,
        "start_time": "0:02:29.600000",
        "word": "that"
    },
    {
        "end_time": "0:02:30.400000",
        "speaker_tag": 2,
        "start_time": "0:02:30.200000",
        "word": "was"
    },
    {
        "end_time": "0:02:30.700000",
        "speaker_tag": 2,
        "start_time": "0:02:30.400000",
        "word": "pretty"
    },
    {
        "end_time": "0:02:30.700000",
        "speaker_tag": 2,
        "start_time": "0:02:30.700000",
        "word": "much"
    },
    {
        "end_time": "0:02:35.100000",
        "speaker_tag": 2,
        "start_time": "0:02:30.700000",
        "word": "nothing."
    },
    {
        "end_time": "0:02:40.700000",
        "speaker_tag": 2,
        "start_time": "0:02:35.100000",
        "word": "I"
    },
    {
        "end_time": "0:02:40.900000",
        "speaker_tag": 2,
        "start_time": "0:02:40.700000",
        "word": "would"
    },
    {
        "end_time": "0:02:41",
        "speaker_tag": 2,
        "start_time": "0:02:40.900000",
        "word": "like"
    },
    {
        "end_time": "0:02:41.200000",
        "speaker_tag": 2,
        "start_time": "0:02:41",
        "word": "for"
    },
    {
        "end_time": "0:02:41.500000",
        "speaker_tag": 2,
        "start_time": "0:02:41.200000",
        "word": "you"
    },
    {
        "end_time": "0:02:41.600000",
        "speaker_tag": 2,
        "start_time": "0:02:41.500000",
        "word": "to"
    },
    {
        "end_time": "0:02:42",
        "speaker_tag": 2,
        "start_time": "0:02:41.600000",
        "word": "please"
    },
    {
        "end_time": "0:02:42.600000",
        "speaker_tag": 2,
        "start_time": "0:02:42",
        "word": "explain"
    },
    {
        "end_time": "0:02:43.500000",
        "speaker_tag": 2,
        "start_time": "0:02:42.600000",
        "word": "how"
    },
    {
        "end_time": "0:02:43.600000",
        "speaker_tag": 2,
        "start_time": "0:02:43.500000",
        "word": "you"
    },
    {
        "end_time": "0:02:43.800000",
        "speaker_tag": 2,
        "start_time": "0:02:43.600000",
        "word": "would"
    },
    {
        "end_time": "0:02:43.900000",
        "speaker_tag": 2,
        "start_time": "0:02:43.800000",
        "word": "make"
    },
    {
        "end_time": "0:02:44.100000",
        "speaker_tag": 2,
        "start_time": "0:02:43.900000",
        "word": "the"
    },
    {
        "end_time": "0:02:44.600000",
        "speaker_tag": 2,
        "start_time": "0:02:44.100000",
        "word": "following"
    },
    {
        "end_time": "0:02:45",
        "speaker_tag": 2,
        "start_time": "0:02:44.600000",
        "word": "meals"
    },
    {
        "end_time": "0:02:46.100000",
        "speaker_tag": 2,
        "start_time": "0:02:45",
        "word": "step-by-step"
    },
    {
        "end_time": "0:02:47.100000",
        "speaker_tag": 2,
        "start_time": "0:02:46.100000",
        "word": "a"
    },
    {
        "end_time": "0:02:47.400000",
        "speaker_tag": 2,
        "start_time": "0:02:47.100000",
        "word": "cup"
    },
    {
        "end_time": "0:02:47.500000",
        "speaker_tag": 2,
        "start_time": "0:02:47.400000",
        "word": "of"
    },
    {
        "end_time": "0:02:47.800000",
        "speaker_tag": 2,
        "start_time": "0:02:47.500000",
        "word": "coffee"
    },
    {
        "end_time": "0:02:49.400000",
        "speaker_tag": 2,
        "start_time": "0:02:47.800000",
        "word": "scrambled"
    },
    {
        "end_time": "0:02:49.900000",
        "speaker_tag": 2,
        "start_time": "0:02:49.400000",
        "word": "eggs"
    },
    {
        "end_time": "0:02:50.400000",
        "speaker_tag": 2,
        "start_time": "0:02:49.900000",
        "word": "and"
    },
    {
        "end_time": "0:02:50.600000",
        "speaker_tag": 2,
        "start_time": "0:02:50.400000",
        "word": "a"
    },
    {
        "end_time": "0:02:50.800000",
        "speaker_tag": 2,
        "start_time": "0:02:50.600000",
        "word": "bowl"
    },
    {
        "end_time": "0:02:50.900000",
        "speaker_tag": 2,
        "start_time": "0:02:50.800000",
        "word": "of"
    },
    {
        "end_time": "0:02:51.400000",
        "speaker_tag": 2,
        "start_time": "0:02:50.900000",
        "word": "fruit"
    },
    {
        "end_time": "0:02:52.500000",
        "speaker_tag": 2,
        "start_time": "0:02:51.400000",
        "word": "pretend"
    },
    {
        "end_time": "0:02:52.600000",
        "speaker_tag": 2,
        "start_time": "0:02:52.500000",
        "word": "I"
    },
    {
        "end_time": "0:02:52.800000",
        "speaker_tag": 2,
        "start_time": "0:02:52.600000",
        "word": "don't"
    },
    {
        "end_time": "0:02:53",
        "speaker_tag": 2,
        "start_time": "0:02:52.800000",
        "word": "know"
    },
    {
        "end_time": "0:02:53.100000",
        "speaker_tag": 2,
        "start_time": "0:02:53",
        "word": "how"
    },
    {
        "end_time": "0:02:53.300000",
        "speaker_tag": 2,
        "start_time": "0:02:53.100000",
        "word": "to"
    },
    {
        "end_time": "0:02:53.400000",
        "speaker_tag": 2,
        "start_time": "0:02:53.300000",
        "word": "make"
    },
    {
        "end_time": "0:02:53.700000",
        "speaker_tag": 2,
        "start_time": "0:02:53.400000",
        "word": "the"
    },
    {
        "end_time": "0:02:54",
        "speaker_tag": 2,
        "start_time": "0:02:53.700000",
        "word": "the"
    },
    {
        "end_time": "0:02:54.300000",
        "speaker_tag": 2,
        "start_time": "0:02:54",
        "word": "meal"
    },
    {
        "end_time": "0:02:54.900000",
        "speaker_tag": 2,
        "start_time": "0:02:54.300000",
        "word": "and"
    },
    {
        "end_time": "0:02:55.400000",
        "speaker_tag": 2,
        "start_time": "0:02:54.900000",
        "word": "provide"
    },
    {
        "end_time": "0:02:56",
        "speaker_tag": 2,
        "start_time": "0:02:55.400000",
        "word": "details"
    },
    {
        "end_time": "0:02:56.300000",
        "speaker_tag": 2,
        "start_time": "0:02:56",
        "word": "and"
    },
    {
        "end_time": "0:02:56.500000",
        "speaker_tag": 2,
        "start_time": "0:02:56.300000",
        "word": "I'll"
    },
    {
        "end_time": "0:02:56.800000",
        "speaker_tag": 2,
        "start_time": "0:02:56.500000",
        "word": "tell"
    },
    {
        "end_time": "0:02:56.900000",
        "speaker_tag": 2,
        "start_time": "0:02:56.800000",
        "word": "you"
    },
    {
        "end_time": "0:02:57.100000",
        "speaker_tag": 2,
        "start_time": "0:02:56.900000",
        "word": "when"
    },
    {
        "end_time": "0:02:57.100000",
        "speaker_tag": 2,
        "start_time": "0:02:57.100000",
        "word": "to"
    },
    {
        "end_time": "0:02:57.200000",
        "speaker_tag": 2,
        "start_time": "0:02:57.100000",
        "word": "stop"
    },
    {
        "end_time": "0:02:59.600000",
        "speaker_tag": 1,
        "start_time": "0:02:58.300000",
        "word": "I've"
    },
    {
        "end_time": "0:02:59.800000",
        "speaker_tag": 1,
        "start_time": "0:02:59.600000",
        "word": "got"
    },
    {
        "end_time": "0:02:59.900000",
        "speaker_tag": 1,
        "start_time": "0:02:59.800000",
        "word": "to"
    },
    {
        "end_time": "0:02:59.900000",
        "speaker_tag": 1,
        "start_time": "0:02:59.900000",
        "word": "make"
    },
    {
        "end_time": "0:03:00.100000",
        "speaker_tag": 1,
        "start_time": "0:02:59.900000",
        "word": "a"
    },
    {
        "end_time": "0:03:00.300000",
        "speaker_tag": 1,
        "start_time": "0:03:00.100000",
        "word": "cup"
    },
    {
        "end_time": "0:03:00.400000",
        "speaker_tag": 1,
        "start_time": "0:03:00.300000",
        "word": "of"
    },
    {
        "end_time": "0:03:00.500000",
        "speaker_tag": 1,
        "start_time": "0:03:00.400000",
        "word": "coffee"
    },
    {
        "end_time": "0:03:01.400000",
        "speaker_tag": 2,
        "start_time": "0:03:00.500000",
        "word": "cup"
    },
    {
        "end_time": "0:03:01.500000",
        "speaker_tag": 2,
        "start_time": "0:03:01.400000",
        "word": "of"
    },
    {
        "end_time": "0:03:01.900000",
        "speaker_tag": 2,
        "start_time": "0:03:01.500000",
        "word": "coffee"
    },
    {
        "end_time": "0:03:02.900000",
        "speaker_tag": 2,
        "start_time": "0:03:01.900000",
        "word": "scrambled"
    },
    {
        "end_time": "0:03:03.400000",
        "speaker_tag": 2,
        "start_time": "0:03:02.900000",
        "word": "eggs"
    },
    {
        "end_time": "0:03:05",
        "speaker_tag": 2,
        "start_time": "0:03:03.400000",
        "word": "out"
    },
    {
        "end_time": "0:03:11.100000",
        "speaker_tag": 2,
        "start_time": "0:03:05",
        "word": "of"
    },
    {
        "end_time": "0:03:11.200000",
        "speaker_tag": 2,
        "start_time": "0:03:11.100000",
        "word": "a"
    },
    {
        "end_time": "0:03:11.600000",
        "speaker_tag": 2,
        "start_time": "0:03:11.200000",
        "word": "bag"
    },
    {
        "end_time": "0:03:11.800000",
        "speaker_tag": 2,
        "start_time": "0:03:11.600000",
        "word": "of"
    },
    {
        "end_time": "0:03:12.200000",
        "speaker_tag": 2,
        "start_time": "0:03:11.800000",
        "word": "mixed"
    },
    {
        "end_time": "0:03:14.300000",
        "speaker_tag": 2,
        "start_time": "0:03:12.200000",
        "word": "so"
    },
    {
        "end_time": "0:03:14.600000",
        "speaker_tag": 2,
        "start_time": "0:03:14.300000",
        "word": "tell"
    },
    {
        "end_time": "0:03:14.700000",
        "speaker_tag": 2,
        "start_time": "0:03:14.600000",
        "word": "me"
    },
    {
        "end_time": "0:03:14.800000",
        "speaker_tag": 2,
        "start_time": "0:03:14.700000",
        "word": "how"
    },
    {
        "end_time": "0:03:14.900000",
        "speaker_tag": 2,
        "start_time": "0:03:14.800000",
        "word": "you"
    },
    {
        "end_time": "0:03:15.100000",
        "speaker_tag": 2,
        "start_time": "0:03:14.900000",
        "word": "would"
    },
    {
        "end_time": "0:03:15.200000",
        "speaker_tag": 2,
        "start_time": "0:03:15.100000",
        "word": "do"
    },
    {
        "end_time": "0:03:15.200000",
        "speaker_tag": 2,
        "start_time": "0:03:15.200000",
        "word": "it"
    },
    {
        "end_time": "0:03:22.400000",
        "speaker_tag": 2,
        "start_time": "0:03:15.200000",
        "word": "till"
    },
    {
        "end_time": "0:03:22.500000",
        "speaker_tag": 2,
        "start_time": "0:03:22.400000",
        "word": "the"
    },
    {
        "end_time": "0:03:22.800000",
        "speaker_tag": 2,
        "start_time": "0:03:22.500000",
        "word": "water"
    },
    {
        "end_time": "0:03:23.200000",
        "speaker_tag": 2,
        "start_time": "0:03:22.800000",
        "word": "level"
    },
    {
        "end_time": "0:03:23.400000",
        "speaker_tag": 2,
        "start_time": "0:03:23.200000",
        "word": "up"
    },
    {
        "end_time": "0:03:23.600000",
        "speaker_tag": 2,
        "start_time": "0:03:23.400000",
        "word": "to"
    },
    {
        "end_time": "0:03:23.800000",
        "speaker_tag": 2,
        "start_time": "0:03:23.600000",
        "word": "the"
    },
    {
        "end_time": "0:03:24.700000",
        "speaker_tag": 2,
        "start_time": "0:03:23.800000",
        "word": "amount"
    },
    {
        "end_time": "0:03:24.900000",
        "speaker_tag": 2,
        "start_time": "0:03:24.700000",
        "word": "it"
    },
    {
        "end_time": "0:03:25.200000",
        "speaker_tag": 2,
        "start_time": "0:03:24.900000",
        "word": "needs"
    },
    {
        "end_time": "0:03:25.300000",
        "speaker_tag": 2,
        "start_time": "0:03:25.200000",
        "word": "for"
    },
    {
        "end_time": "0:03:25.600000",
        "speaker_tag": 2,
        "start_time": "0:03:25.300000",
        "word": "that"
    },
    {
        "end_time": "0:03:25.900000",
        "speaker_tag": 2,
        "start_time": "0:03:25.600000",
        "word": "cup"
    },
    {
        "end_time": "0:03:26.600000",
        "speaker_tag": 2,
        "start_time": "0:03:25.900000",
        "word": "and"
    },
    {
        "end_time": "0:03:26.700000",
        "speaker_tag": 2,
        "start_time": "0:03:26.600000",
        "word": "I'm"
    },
    {
        "end_time": "0:03:26.800000",
        "speaker_tag": 2,
        "start_time": "0:03:26.700000",
        "word": "going"
    },
    {
        "end_time": "0:03:26.900000",
        "speaker_tag": 2,
        "start_time": "0:03:26.800000",
        "word": "to"
    },
    {
        "end_time": "0:03:27",
        "speaker_tag": 2,
        "start_time": "0:03:26.900000",
        "word": "hit"
    },
    {
        "end_time": "0:03:27.100000",
        "speaker_tag": 2,
        "start_time": "0:03:27",
        "word": "the"
    },
    {
        "end_time": "0:03:27.300000",
        "speaker_tag": 2,
        "start_time": "0:03:27.100000",
        "word": "home"
    },
    {
        "end_time": "0:03:27.400000",
        "speaker_tag": 2,
        "start_time": "0:03:27.300000",
        "word": "button"
    },
    {
        "end_time": "0:03:27.700000",
        "speaker_tag": 2,
        "start_time": "0:03:27.400000",
        "word": "and"
    },
    {
        "end_time": "0:03:27.900000",
        "speaker_tag": 2,
        "start_time": "0:03:27.700000",
        "word": "make"
    },
    {
        "end_time": "0:03:28",
        "speaker_tag": 2,
        "start_time": "0:03:27.900000",
        "word": "you"
    },
    {
        "end_time": "0:03:28",
        "speaker_tag": 2,
        "start_time": "0:03:28",
        "word": "a"
    },
    {
        "end_time": "0:03:28.200000",
        "speaker_tag": 2,
        "start_time": "0:03:28",
        "word": "cup"
    },
    {
        "end_time": "0:03:28.300000",
        "speaker_tag": 2,
        "start_time": "0:03:28.200000",
        "word": "of"
    },
    {
        "end_time": "0:03:28.400000",
        "speaker_tag": 2,
        "start_time": "0:03:28.300000",
        "word": "coffee"
    },
    {
        "end_time": "0:03:29.300000",
        "speaker_tag": 2,
        "start_time": "0:03:28.400000",
        "word": "then"
    },
    {
        "end_time": "0:03:29.400000",
        "speaker_tag": 2,
        "start_time": "0:03:29.300000",
        "word": "I'm"
    },
    {
        "end_time": "0:03:29.600000",
        "speaker_tag": 2,
        "start_time": "0:03:29.400000",
        "word": "going"
    },
    {
        "end_time": "0:03:29.600000",
        "speaker_tag": 2,
        "start_time": "0:03:29.600000",
        "word": "to"
    },
    {
        "end_time": "0:03:29.700000",
        "speaker_tag": 2,
        "start_time": "0:03:29.600000",
        "word": "get"
    },
    {
        "end_time": "0:03:29.800000",
        "speaker_tag": 2,
        "start_time": "0:03:29.700000",
        "word": "a"
    },
    {
        "end_time": "0:03:30.100000",
        "speaker_tag": 2,
        "start_time": "0:03:29.800000",
        "word": "skill"
    },
    {
        "end_time": "0:03:30.200000",
        "speaker_tag": 2,
        "start_time": "0:03:30.100000",
        "word": "it"
    },
    {
        "end_time": "0:03:30.500000",
        "speaker_tag": 2,
        "start_time": "0:03:30.200000",
        "word": "out"
    },
    {
        "end_time": "0:03:30.900000",
        "speaker_tag": 2,
        "start_time": "0:03:30.500000",
        "word": "and"
    },
    {
        "end_time": "0:03:31",
        "speaker_tag": 2,
        "start_time": "0:03:30.900000",
        "word": "I'm"
    },
    {
        "end_time": "0:03:31.100000",
        "speaker_tag": 2,
        "start_time": "0:03:31",
        "word": "going"
    },
    {
        "end_time": "0:03:31.200000",
        "speaker_tag": 2,
        "start_time": "0:03:31.100000",
        "word": "to"
    },
    {
        "end_time": "0:03:31.300000",
        "speaker_tag": 2,
        "start_time": "0:03:31.200000",
        "word": "go"
    },
    {
        "end_time": "0:03:31.400000",
        "speaker_tag": 2,
        "start_time": "0:03:31.300000",
        "word": "over"
    },
    {
        "end_time": "0:03:32.300000",
        "speaker_tag": 2,
        "start_time": "0:03:31.400000",
        "word": "and"
    },
    {
        "end_time": "0:03:32.500000",
        "speaker_tag": 2,
        "start_time": "0:03:32.300000",
        "word": "I'm"
    },
    {
        "end_time": "0:03:32.500000",
        "speaker_tag": 2,
        "start_time": "0:03:32.500000",
        "word": "going"
    },
    {
        "end_time": "0:03:32.700000",
        "speaker_tag": 2,
        "start_time": "0:03:32.500000",
        "word": "to"
    },
    {
        "end_time": "0:03:32.900000",
        "speaker_tag": 2,
        "start_time": "0:03:32.700000",
        "word": "bust"
    },
    {
        "end_time": "0:03:33",
        "speaker_tag": 2,
        "start_time": "0:03:32.900000",
        "word": "a"
    },
    {
        "end_time": "0:03:33.100000",
        "speaker_tag": 2,
        "start_time": "0:03:33",
        "word": "couple"
    },
    {
        "end_time": "0:03:33.400000",
        "speaker_tag": 2,
        "start_time": "0:03:33.100000",
        "word": "of"
    },
    {
        "end_time": "0:03:33.900000",
        "speaker_tag": 2,
        "start_time": "0:03:33.400000",
        "word": "bags"
    },
    {
        "end_time": "0:03:35",
        "speaker_tag": 2,
        "start_time": "0:03:34.400000",
        "word": "turn"
    },
    {
        "end_time": "0:03:35.100000",
        "speaker_tag": 2,
        "start_time": "0:03:35",
        "word": "on"
    },
    {
        "end_time": "0:03:35.400000",
        "speaker_tag": 2,
        "start_time": "0:03:35.100000",
        "word": "Skillet"
    },
    {
        "end_time": "0:03:35.600000",
        "speaker_tag": 2,
        "start_time": "0:03:35.400000",
        "word": "on"
    },
    {
        "end_time": "0:03:36",
        "speaker_tag": 2,
        "start_time": "0:03:35.600000",
        "word": "bus"
    },
    {
        "end_time": "0:03:36.300000",
        "speaker_tag": 2,
        "start_time": "0:03:36",
        "word": "couple"
    },
    {
        "end_time": "0:03:36.400000",
        "speaker_tag": 2,
        "start_time": "0:03:36.300000",
        "word": "of"
    },
    {
        "end_time": "0:03:36.900000",
        "speaker_tag": 2,
        "start_time": "0:03:36.400000",
        "word": "eggs"
    },
    {
        "end_time": "0:03:37.600000",
        "speaker_tag": 2,
        "start_time": "0:03:36.900000",
        "word": "just"
    },
    {
        "end_time": "0:03:37.800000",
        "speaker_tag": 2,
        "start_time": "0:03:37.600000",
        "word": "keep"
    },
    {
        "end_time": "0:03:38.400000",
        "speaker_tag": 2,
        "start_time": "0:03:37.800000",
        "word": "sternum"
    },
    {
        "end_time": "0:03:38.500000",
        "speaker_tag": 2,
        "start_time": "0:03:38.400000",
        "word": "and"
    },
    {
        "end_time": "0:03:39.100000",
        "speaker_tag": 2,
        "start_time": "0:03:38.500000",
        "word": "sternum"
    },
    {
        "end_time": "0:03:39.600000",
        "speaker_tag": 2,
        "start_time": "0:03:39.100000",
        "word": "and"
    },
    {
        "end_time": "0:03:39.800000",
        "speaker_tag": 2,
        "start_time": "0:03:39.600000",
        "word": "then"
    },
    {
        "end_time": "0:03:39.900000",
        "speaker_tag": 2,
        "start_time": "0:03:39.800000",
        "word": "you"
    },
    {
        "end_time": "0:03:40",
        "speaker_tag": 2,
        "start_time": "0:03:39.900000",
        "word": "will"
    },
    {
        "end_time": "0:03:40.100000",
        "speaker_tag": 2,
        "start_time": "0:03:40",
        "word": "have"
    },
    {
        "end_time": "0:03:40.500000",
        "speaker_tag": 2,
        "start_time": "0:03:40.100000",
        "word": "scrambled"
    },
    {
        "end_time": "0:03:40.700000",
        "speaker_tag": 2,
        "start_time": "0:03:40.500000",
        "word": "eggs"
    },
    {
        "end_time": "0:03:41",
        "speaker_tag": 2,
        "start_time": "0:03:40.700000",
        "word": "and"
    },
    {
        "end_time": "0:03:42",
        "speaker_tag": 2,
        "start_time": "0:03:41",
        "word": "then"
    },
    {
        "end_time": "0:03:42.600000",
        "speaker_tag": 2,
        "start_time": "0:03:42",
        "word": "if"
    },
    {
        "end_time": "0:03:42.700000",
        "speaker_tag": 2,
        "start_time": "0:03:42.600000",
        "word": "you"
    },
    {
        "end_time": "0:03:42.900000",
        "speaker_tag": 2,
        "start_time": "0:03:42.700000",
        "word": "want"
    },
    {
        "end_time": "0:03:43.100000",
        "speaker_tag": 2,
        "start_time": "0:03:42.900000",
        "word": "some"
    },
    {
        "end_time": "0:03:43.400000",
        "speaker_tag": 2,
        "start_time": "0:03:43.100000",
        "word": "mixed"
    },
    {
        "end_time": "0:03:43.700000",
        "speaker_tag": 2,
        "start_time": "0:03:43.400000",
        "word": "fruit"
    },
    {
        "end_time": "0:03:43.800000",
        "speaker_tag": 2,
        "start_time": "0:03:43.700000",
        "word": "to"
    },
    {
        "end_time": "0:03:44.100000",
        "speaker_tag": 2,
        "start_time": "0:03:43.800000",
        "word": "easiest"
    },
    {
        "end_time": "0:03:44.400000",
        "speaker_tag": 2,
        "start_time": "0:03:44.100000",
        "word": "way"
    },
    {
        "end_time": "0:03:44.600000",
        "speaker_tag": 2,
        "start_time": "0:03:44.400000",
        "word": "to"
    },
    {
        "end_time": "0:03:44.900000",
        "speaker_tag": 2,
        "start_time": "0:03:44.600000",
        "word": "it"
    },
    {
        "end_time": "0:03:45.300000",
        "speaker_tag": 2,
        "start_time": "0:03:44.900000",
        "word": "go"
    },
    {
        "end_time": "0:03:45.400000",
        "speaker_tag": 2,
        "start_time": "0:03:45.300000",
        "word": "to"
    },
    {
        "end_time": "0:03:45.500000",
        "speaker_tag": 2,
        "start_time": "0:03:45.400000",
        "word": "the"
    },
    {
        "end_time": "0:03:45.800000",
        "speaker_tag": 2,
        "start_time": "0:03:45.500000",
        "word": "grocery"
    },
    {
        "end_time": "0:03:45.900000",
        "speaker_tag": 2,
        "start_time": "0:03:45.800000",
        "word": "store"
    },
    {
        "end_time": "0:03:46.900000",
        "speaker_tag": 2,
        "start_time": "0:03:45.900000",
        "word": "it's"
    },
    {
        "end_time": "0:03:47.800000",
        "speaker_tag": 2,
        "start_time": "0:03:46.900000",
        "word": "cantaloupe"
    },
    {
        "end_time": "0:03:48.200000",
        "speaker_tag": 2,
        "start_time": "0:03:47.800000",
        "word": "and"
    },
    {
        "end_time": "0:03:48.300000",
        "speaker_tag": 2,
        "start_time": "0:03:48.200000",
        "word": "watermelon"
    },
    {
        "end_time": "0:03:49.300000",
        "speaker_tag": 2,
        "start_time": "0:03:48.300000",
        "word": "a"
    },
    {
        "end_time": "0:03:50",
        "speaker_tag": 2,
        "start_time": "0:03:49.300000",
        "word": "peaches"
    },
    {
        "end_time": "0:03:50.200000",
        "speaker_tag": 2,
        "start_time": "0:03:50",
        "word": "all"
    },
    {
        "end_time": "0:03:50.300000",
        "speaker_tag": 2,
        "start_time": "0:03:50.200000",
        "word": "in"
    },
    {
        "end_time": "0:03:50.400000",
        "speaker_tag": 2,
        "start_time": "0:03:50.300000",
        "word": "a"
    },
    {
        "end_time": "0:03:50.800000",
        "speaker_tag": 2,
        "start_time": "0:03:50.400000",
        "word": "bag"
    },
    {
        "end_time": "0:03:51.500000",
        "speaker_tag": 2,
        "start_time": "0:03:50.800000",
        "word": "and"
    },
    {
        "end_time": "0:03:51.700000",
        "speaker_tag": 2,
        "start_time": "0:03:51.500000",
        "word": "that's"
    },
    {
        "end_time": "0:03:51.900000",
        "speaker_tag": 2,
        "start_time": "0:03:51.700000",
        "word": "how"
    },
    {
        "end_time": "0:03:52",
        "speaker_tag": 2,
        "start_time": "0:03:51.900000",
        "word": "I"
    },
    {
        "end_time": "0:03:52.100000",
        "speaker_tag": 2,
        "start_time": "0:03:52",
        "word": "was"
    },
    {
        "end_time": "0:03:52.500000",
        "speaker_tag": 2,
        "start_time": "0:03:52.100000",
        "word": "certain"
    },
    {
        "end_time": "0:03:52.800000",
        "speaker_tag": 2,
        "start_time": "0:03:52.500000",
        "word": "crew"
    },
    {
        "end_time": "0:03:59.200000",
        "speaker_tag": 2,
        "start_time": "0:03:58.100000",
        "word": "okay"
    }
]