[
    {
        "end_time": "0:00:00.300000",
        "speaker_tag": 1,
        "start_time": "0:00:00",
        "word": "good"
    },
    {
        "end_time": "0:00:00.500000",
        "speaker_tag": 1,
        "start_time": "0:00:00.300000",
        "word": "for"
    },
    {
        "end_time": "0:00:00.600000",
        "speaker_tag": 1,
        "start_time": "0:00:00.500000",
        "word": "the"
    },
    {
        "end_time": "0:00:00.900000",
        "speaker_tag": 1,
        "start_time": "0:00:00.600000",
        "word": "first"
    },
    {
        "end_time": "0:00:01.500000",
        "speaker_tag": 1,
        "start_time": "0:00:00.900000",
        "word": "one"
    },
    {
        "end_time": "0:00:02.700000",
        "speaker_tag": 1,
        "start_time": "0:00:01.500000",
        "word": "I"
    },
    {
        "end_time": "0:00:03",
        "speaker_tag": 1,
        "start_time": "0:00:02.700000",
        "word": "want"
    },
    {
        "end_time": "0:00:03",
        "speaker_tag": 1,
        "start_time": "0:00:03",
        "word": "you"
    },
    {
        "end_time": "0:00:03.100000",
        "speaker_tag": 1,
        "start_time": "0:00:03",
        "word": "to"
    },
    {
        "end_time": "0:00:03.400000",
        "speaker_tag": 1,
        "start_time": "0:00:03.100000",
        "word": "tell"
    },
    {
        "end_time": "0:00:03.500000",
        "speaker_tag": 1,
        "start_time": "0:00:03.400000",
        "word": "me"
    },
    {
        "end_time": "0:00:03.700000",
        "speaker_tag": 1,
        "start_time": "0:00:03.500000",
        "word": "about"
    },
    {
        "end_time": "0:00:04",
        "speaker_tag": 1,
        "start_time": "0:00:03.700000",
        "word": "a"
    },
    {
        "end_time": "0:00:04.400000",
        "speaker_tag": 1,
        "start_time": "0:00:04",
        "word": "trip"
    },
    {
        "end_time": "0:00:04.600000",
        "speaker_tag": 1,
        "start_time": "0:00:04.400000",
        "word": "or"
    },
    {
        "end_time": "0:00:04.700000",
        "speaker_tag": 1,
        "start_time": "0:00:04.600000",
        "word": "vacation"
    },
    {
        "end_time": "0:00:05.400000",
        "speaker_tag": 1,
        "start_time": "0:00:04.700000",
        "word": "that"
    },
    {
        "end_time": "0:00:05.600000",
        "speaker_tag": 1,
        "start_time": "0:00:05.400000",
        "word": "you"
    },
    {
        "end_time": "0:00:05.700000",
        "speaker_tag": 1,
        "start_time": "0:00:05.600000",
        "word": "have"
    },
    {
        "end_time": "0:00:06",
        "speaker_tag": 1,
        "start_time": "0:00:05.700000",
        "word": "taken"
    },
    {
        "end_time": "0:00:06.900000",
        "speaker_tag": 1,
        "start_time": "0:00:06",
        "word": "you"
    },
    {
        "end_time": "0:00:07.100000",
        "speaker_tag": 1,
        "start_time": "0:00:06.900000",
        "word": "can"
    },
    {
        "end_time": "0:00:07.300000",
        "speaker_tag": 1,
        "start_time": "0:00:07.100000",
        "word": "provide"
    },
    {
        "end_time": "0:00:07.500000",
        "speaker_tag": 1,
        "start_time": "0:00:07.300000",
        "word": "as"
    },
    {
        "end_time": "0:00:07.800000",
        "speaker_tag": 1,
        "start_time": "0:00:07.500000",
        "word": "many"
    },
    {
        "end_time": "0:00:08",
        "speaker_tag": 1,
        "start_time": "0:00:07.800000",
        "word": "details"
    },
    {
        "end_time": "0:00:08.300000",
        "speaker_tag": 1,
        "start_time": "0:00:08",
        "word": "as"
    },
    {
        "end_time": "0:00:09.100000",
        "speaker_tag": 1,
        "start_time": "0:00:08.300000",
        "word": "necessary"
    },
    {
        "end_time": "0:00:09.900000",
        "speaker_tag": 1,
        "start_time": "0:00:09.100000",
        "word": "you"
    },
    {
        "end_time": "0:00:10",
        "speaker_tag": 1,
        "start_time": "0:00:09.900000",
        "word": "have"
    },
    {
        "end_time": "0:00:10.300000",
        "speaker_tag": 1,
        "start_time": "0:00:10",
        "word": "5"
    },
    {
        "end_time": "0:00:10.400000",
        "speaker_tag": 1,
        "start_time": "0:00:10.300000",
        "word": "minutes"
    },
    {
        "end_time": "0:00:11.400000",
        "speaker_tag": 1,
        "start_time": "0:00:10.400000",
        "word": "and"
    },
    {
        "end_time": "0:00:11.600000",
        "speaker_tag": 1,
        "start_time": "0:00:11.400000",
        "word": "if"
    },
    {
        "end_time": "0:00:11.700000",
        "speaker_tag": 1,
        "start_time": "0:00:11.600000",
        "word": "you"
    },
    {
        "end_time": "0:00:11.800000",
        "speaker_tag": 1,
        "start_time": "0:00:11.700000",
        "word": "feel"
    },
    {
        "end_time": "0:00:11.900000",
        "speaker_tag": 1,
        "start_time": "0:00:11.800000",
        "word": "like"
    },
    {
        "end_time": "0:00:13.300000",
        "speaker_tag": 1,
        "start_time": "0:00:11.900000",
        "word": "you"
    },
    {
        "end_time": "0:00:13.400000",
        "speaker_tag": 1,
        "start_time": "0:00:13.300000",
        "word": "have"
    },
    {
        "end_time": "0:00:13.700000",
        "speaker_tag": 1,
        "start_time": "0:00:13.400000",
        "word": "nothing"
    },
    {
        "end_time": "0:00:13.700000",
        "speaker_tag": 1,
        "start_time": "0:00:13.700000",
        "word": "else"
    },
    {
        "end_time": "0:00:14",
        "speaker_tag": 1,
        "start_time": "0:00:13.700000",
        "word": "to"
    },
    {
        "end_time": "0:00:14",
        "speaker_tag": 1,
        "start_time": "0:00:14",
        "word": "say"
    },
    {
        "end_time": "0:00:14.400000",
        "speaker_tag": 1,
        "start_time": "0:00:14",
        "word": "or"
    },
    {
        "end_time": "0:00:14.600000",
        "speaker_tag": 1,
        "start_time": "0:00:14.400000",
        "word": "you"
    },
    {
        "end_time": "0:00:15.500000",
        "speaker_tag": 1,
        "start_time": "0:00:14.600000",
        "word": "over"
    },
    {
        "end_time": "0:00:15.600000",
        "speaker_tag": 1,
        "start_time": "0:00:15.500000",
        "word": "and"
    },
    {
        "end_time": "0:00:15.600000",
        "speaker_tag": 1,
        "start_time": "0:00:15.600000",
        "word": "then"
    },
    {
        "end_time": "0:00:15.800000",
        "speaker_tag": 1,
        "start_time": "0:00:15.600000",
        "word": "we"
    },
    {
        "end_time": "0:00:16",
        "speaker_tag": 1,
        "start_time": "0:00:15.800000",
        "word": "can"
    },
    {
        "end_time": "0:00:16.200000",
        "speaker_tag": 1,
        "start_time": "0:00:16",
        "word": "stop"
    },
    {
        "end_time": "0:00:16.400000",
        "speaker_tag": 1,
        "start_time": "0:00:16.200000",
        "word": "as"
    },
    {
        "end_time": "0:00:16.400000",
        "speaker_tag": 1,
        "start_time": "0:00:16.400000",
        "word": "well"
    },
    {
        "end_time": "0:00:19.900000",
        "speaker_tag": 2,
        "start_time": "0:00:19.200000",
        "word": "okay"
    },
    {
        "end_time": "0:00:20.300000",
        "speaker_tag": 2,
        "start_time": "0:00:19.900000",
        "word": "I"
    },
    {
        "end_time": "0:00:20.500000",
        "speaker_tag": 2,
        "start_time": "0:00:20.300000",
        "word": "went"
    },
    {
        "end_time": "0:00:20.700000",
        "speaker_tag": 2,
        "start_time": "0:00:20.500000",
        "word": "to"
    },
    {
        "end_time": "0:00:21.600000",
        "speaker_tag": 2,
        "start_time": "0:00:20.700000",
        "word": "Colorado"
    },
    {
        "end_time": "0:00:22.400000",
        "speaker_tag": 2,
        "start_time": "0:00:21.600000",
        "word": "many"
    },
    {
        "end_time": "0:00:22.600000",
        "speaker_tag": 2,
        "start_time": "0:00:22.400000",
        "word": "years"
    },
    {
        "end_time": "0:00:22.900000",
        "speaker_tag": 2,
        "start_time": "0:00:22.600000",
        "word": "ago"
    },
    {
        "end_time": "0:00:24.300000",
        "speaker_tag": 2,
        "start_time": "0:00:22.900000",
        "word": "and"
    },
    {
        "end_time": "0:00:26.600000",
        "speaker_tag": 2,
        "start_time": "0:00:24.300000",
        "word": "the"
    },
    {
        "end_time": "0:00:27",
        "speaker_tag": 2,
        "start_time": "0:00:26.600000",
        "word": "trip"
    },
    {
        "end_time": "0:00:27.300000",
        "speaker_tag": 2,
        "start_time": "0:00:27",
        "word": "there"
    },
    {
        "end_time": "0:00:27.600000",
        "speaker_tag": 2,
        "start_time": "0:00:27.300000",
        "word": "was"
    },
    {
        "end_time": "0:00:28",
        "speaker_tag": 2,
        "start_time": "0:00:27.600000",
        "word": "very"
    },
    {
        "end_time": "0:00:28.700000",
        "speaker_tag": 2,
        "start_time": "0:00:28",
        "word": "exciting"
    },
    {
        "end_time": "0:00:28.800000",
        "speaker_tag": 2,
        "start_time": "0:00:28.700000",
        "word": "because"
    },
    {
        "end_time": "0:00:29.100000",
        "speaker_tag": 2,
        "start_time": "0:00:28.800000",
        "word": "I"
    },
    {
        "end_time": "0:00:29.400000",
        "speaker_tag": 2,
        "start_time": "0:00:29.100000",
        "word": "just"
    },
    {
        "end_time": "0:00:29.600000",
        "speaker_tag": 2,
        "start_time": "0:00:29.400000",
        "word": "see"
    },
    {
        "end_time": "0:00:29.700000",
        "speaker_tag": 2,
        "start_time": "0:00:29.600000",
        "word": "a"
    },
    {
        "end_time": "0:00:29.900000",
        "speaker_tag": 2,
        "start_time": "0:00:29.700000",
        "word": "lot"
    },
    {
        "end_time": "0:00:30",
        "speaker_tag": 2,
        "start_time": "0:00:29.900000",
        "word": "of"
    },
    {
        "end_time": "0:00:31.600000",
        "speaker_tag": 1,
        "start_time": "0:00:30",
        "word": "money"
    },
    {
        "end_time": "0:00:32.800000",
        "speaker_tag": 1,
        "start_time": "0:00:31.600000",
        "word": "that"
    },
    {
        "end_time": "0:00:33.100000",
        "speaker_tag": 1,
        "start_time": "0:00:32.800000",
        "word": "the"
    },
    {
        "end_time": "0:00:33.700000",
        "speaker_tag": 1,
        "start_time": "0:00:33.100000",
        "word": "Colorado"
    },
    {
        "end_time": "0:00:35.200000",
        "speaker_tag": 1,
        "start_time": "0:00:33.700000",
        "word": "we"
    },
    {
        "end_time": "0:00:36.700000",
        "speaker_tag": 1,
        "start_time": "0:00:35.200000",
        "word": "stayed"
    },
    {
        "end_time": "0:00:36.800000",
        "speaker_tag": 1,
        "start_time": "0:00:36.700000",
        "word": "in"
    },
    {
        "end_time": "0:00:37",
        "speaker_tag": 1,
        "start_time": "0:00:36.800000",
        "word": "a"
    },
    {
        "end_time": "0:00:37.100000",
        "speaker_tag": 1,
        "start_time": "0:00:37",
        "word": "motel"
    },
    {
        "end_time": "0:00:38.300000",
        "speaker_tag": 2,
        "start_time": "0:00:37.100000",
        "word": "horse"
    },
    {
        "end_time": "0:00:39.600000",
        "speaker_tag": 2,
        "start_time": "0:00:38.300000",
        "word": "and"
    },
    {
        "end_time": "0:00:42.200000",
        "speaker_tag": 1,
        "start_time": "0:00:41.700000",
        "word": "it"
    },
    {
        "end_time": "0:00:42.700000",
        "speaker_tag": 1,
        "start_time": "0:00:42.200000",
        "word": "was"
    },
    {
        "end_time": "0:00:43.400000",
        "speaker_tag": 1,
        "start_time": "0:00:42.700000",
        "word": "surprising"
    },
    {
        "end_time": "0:00:43.600000",
        "speaker_tag": 1,
        "start_time": "0:00:43.400000",
        "word": "because"
    },
    {
        "end_time": "0:00:43.800000",
        "speaker_tag": 1,
        "start_time": "0:00:43.600000",
        "word": "there"
    },
    {
        "end_time": "0:00:44",
        "speaker_tag": 1,
        "start_time": "0:00:43.800000",
        "word": "was"
    },
    {
        "end_time": "0:00:44.200000",
        "speaker_tag": 1,
        "start_time": "0:00:44",
        "word": "no"
    },
    {
        "end_time": "0:00:44.400000",
        "speaker_tag": 1,
        "start_time": "0:00:44.200000",
        "word": "air"
    },
    {
        "end_time": "0:00:45",
        "speaker_tag": 1,
        "start_time": "0:00:44.400000",
        "word": "conditioning"
    },
    {
        "end_time": "0:00:45.100000",
        "speaker_tag": 1,
        "start_time": "0:00:45",
        "word": "in"
    },
    {
        "end_time": "0:00:45.300000",
        "speaker_tag": 1,
        "start_time": "0:00:45.100000",
        "word": "the"
    },
    {
        "end_time": "0:00:45.800000",
        "speaker_tag": 1,
        "start_time": "0:00:45.300000",
        "word": "room"
    },
    {
        "end_time": "0:00:46.300000",
        "speaker_tag": 1,
        "start_time": "0:00:45.800000",
        "word": "but"
    },
    {
        "end_time": "0:00:46.500000",
        "speaker_tag": 1,
        "start_time": "0:00:46.300000",
        "word": "they"
    },
    {
        "end_time": "0:00:46.600000",
        "speaker_tag": 1,
        "start_time": "0:00:46.500000",
        "word": "were"
    },
    {
        "end_time": "0:00:46.800000",
        "speaker_tag": 1,
        "start_time": "0:00:46.600000",
        "word": "you"
    },
    {
        "end_time": "0:00:47.100000",
        "speaker_tag": 1,
        "start_time": "0:00:46.800000",
        "word": "learned"
    },
    {
        "end_time": "0:00:47.200000",
        "speaker_tag": 1,
        "start_time": "0:00:47.100000",
        "word": "at"
    },
    {
        "end_time": "0:00:47.600000",
        "speaker_tag": 1,
        "start_time": "0:00:47.200000",
        "word": "night"
    },
    {
        "end_time": "0:00:47.800000",
        "speaker_tag": 1,
        "start_time": "0:00:47.600000",
        "word": "that"
    },
    {
        "end_time": "0:00:48",
        "speaker_tag": 1,
        "start_time": "0:00:47.800000",
        "word": "we"
    },
    {
        "end_time": "0:00:48.200000",
        "speaker_tag": 1,
        "start_time": "0:00:48",
        "word": "did"
    },
    {
        "end_time": "0:00:48.200000",
        "speaker_tag": 1,
        "start_time": "0:00:48.200000",
        "word": "not"
    },
    {
        "end_time": "0:00:48.600000",
        "speaker_tag": 1,
        "start_time": "0:00:48.200000",
        "word": "need"
    },
    {
        "end_time": "0:00:48.700000",
        "speaker_tag": 1,
        "start_time": "0:00:48.600000",
        "word": "it"
    },
    {
        "end_time": "0:00:49",
        "speaker_tag": 1,
        "start_time": "0:00:48.700000",
        "word": "or"
    },
    {
        "end_time": "0:00:49.200000",
        "speaker_tag": 1,
        "start_time": "0:00:49",
        "word": "because"
    },
    {
        "end_time": "0:00:49.400000",
        "speaker_tag": 1,
        "start_time": "0:00:49.200000",
        "word": "it"
    },
    {
        "end_time": "0:00:49.600000",
        "speaker_tag": 1,
        "start_time": "0:00:49.400000",
        "word": "was"
    },
    {
        "end_time": "0:00:49.900000",
        "speaker_tag": 1,
        "start_time": "0:00:49.600000",
        "word": "real"
    },
    {
        "end_time": "0:00:50.100000",
        "speaker_tag": 1,
        "start_time": "0:00:49.900000",
        "word": "cool"
    },
    {
        "end_time": "0:00:51.400000",
        "speaker_tag": 2,
        "start_time": "0:00:50.100000",
        "word": "with"
    },
    {
        "end_time": "0:00:51.500000",
        "speaker_tag": 2,
        "start_time": "0:00:51.400000",
        "word": "so"
    },
    {
        "end_time": "0:00:51.700000",
        "speaker_tag": 2,
        "start_time": "0:00:51.500000",
        "word": "many"
    },
    {
        "end_time": "0:00:52",
        "speaker_tag": 2,
        "start_time": "0:00:51.700000",
        "word": "of"
    },
    {
        "end_time": "0:00:52.100000",
        "speaker_tag": 2,
        "start_time": "0:00:52",
        "word": "the"
    },
    {
        "end_time": "0:00:52.700000",
        "speaker_tag": 2,
        "start_time": "0:00:52.100000",
        "word": "sites"
    },
    {
        "end_time": "0:00:53.300000",
        "speaker_tag": 2,
        "start_time": "0:00:52.700000",
        "word": "around,"
    },
    {
        "end_time": "0:00:53.800000",
        "speaker_tag": 2,
        "start_time": "0:00:53.300000",
        "word": "we"
    },
    {
        "end_time": "0:00:54",
        "speaker_tag": 2,
        "start_time": "0:00:53.800000",
        "word": "went"
    },
    {
        "end_time": "0:00:54.100000",
        "speaker_tag": 2,
        "start_time": "0:00:54",
        "word": "up"
    },
    {
        "end_time": "0:00:54.400000",
        "speaker_tag": 2,
        "start_time": "0:00:54.100000",
        "word": "on"
    },
    {
        "end_time": "0:00:54.700000",
        "speaker_tag": 2,
        "start_time": "0:00:54.400000",
        "word": "top"
    },
    {
        "end_time": "0:00:54.800000",
        "speaker_tag": 2,
        "start_time": "0:00:54.700000",
        "word": "of"
    },
    {
        "end_time": "0:00:55.700000",
        "speaker_tag": 2,
        "start_time": "0:00:54.800000",
        "word": "Pikes"
    },
    {
        "end_time": "0:00:55.900000",
        "speaker_tag": 2,
        "start_time": "0:00:55.700000",
        "word": "Peak"
    },
    {
        "end_time": "0:00:56.400000",
        "speaker_tag": 2,
        "start_time": "0:00:55.900000",
        "word": "it"
    },
    {
        "end_time": "0:00:56.600000",
        "speaker_tag": 2,
        "start_time": "0:00:56.400000",
        "word": "was"
    },
    {
        "end_time": "0:00:56.700000",
        "speaker_tag": 2,
        "start_time": "0:00:56.600000",
        "word": "in"
    },
    {
        "end_time": "0:00:57.600000",
        "speaker_tag": 2,
        "start_time": "0:00:56.700000",
        "word": "August"
    },
    {
        "end_time": "0:00:58.100000",
        "speaker_tag": 2,
        "start_time": "0:00:57.600000",
        "word": "and"
    },
    {
        "end_time": "0:00:58.600000",
        "speaker_tag": 2,
        "start_time": "0:00:58.100000",
        "word": "it"
    },
    {
        "end_time": "0:00:58.800000",
        "speaker_tag": 2,
        "start_time": "0:00:58.600000",
        "word": "was"
    },
    {
        "end_time": "0:00:59.100000",
        "speaker_tag": 2,
        "start_time": "0:00:58.800000",
        "word": "snowing"
    },
    {
        "end_time": "0:00:59.700000",
        "speaker_tag": 2,
        "start_time": "0:00:59.100000",
        "word": "you"
    },
    {
        "end_time": "0:01:00",
        "speaker_tag": 1,
        "start_time": "0:00:59.700000",
        "word": "so"
    },
    {
        "end_time": "0:01:00.400000",
        "speaker_tag": 1,
        "start_time": "0:01:00",
        "word": "pretty"
    },
    {
        "end_time": "0:01:01.300000",
        "speaker_tag": 1,
        "start_time": "0:01:00.400000",
        "word": "luckily"
    },
    {
        "end_time": "0:01:01.500000",
        "speaker_tag": 2,
        "start_time": "0:01:01.300000",
        "word": "we"
    },
    {
        "end_time": "0:01:01.800000",
        "speaker_tag": 2,
        "start_time": "0:01:01.500000",
        "word": "could"
    },
    {
        "end_time": "0:01:02.100000",
        "speaker_tag": 2,
        "start_time": "0:01:01.800000",
        "word": "put"
    },
    {
        "end_time": "0:01:02.600000",
        "speaker_tag": 2,
        "start_time": "0:01:02.100000",
        "word": "coats"
    },
    {
        "end_time": "0:01:02.700000",
        "speaker_tag": 2,
        "start_time": "0:01:02.600000",
        "word": "in"
    },
    {
        "end_time": "0:01:02.900000",
        "speaker_tag": 2,
        "start_time": "0:01:02.700000",
        "word": "my"
    },
    {
        "end_time": "0:01:03.300000",
        "speaker_tag": 2,
        "start_time": "0:01:02.900000",
        "word": "car"
    },
    {
        "end_time": "0:01:04.100000",
        "speaker_tag": 2,
        "start_time": "0:01:03.300000",
        "word": "my"
    },
    {
        "end_time": "0:01:04.700000",
        "speaker_tag": 2,
        "start_time": "0:01:04.100000",
        "word": "husband"
    },
    {
        "end_time": "0:01:04.900000",
        "speaker_tag": 2,
        "start_time": "0:01:04.700000",
        "word": "is"
    },
    {
        "end_time": "0:01:04.900000",
        "speaker_tag": 2,
        "start_time": "0:01:04.900000",
        "word": "a"
    },
    {
        "end_time": "0:01:05.500000",
        "speaker_tag": 2,
        "start_time": "0:01:04.900000",
        "word": "drive-in"
    },
    {
        "end_time": "0:01:09.600000",
        "speaker_tag": 2,
        "start_time": "0:01:08.500000",
        "word": "mountain"
    },
    {
        "end_time": "0:01:10.400000",
        "speaker_tag": 2,
        "start_time": "0:01:09.600000",
        "word": "and"
    },
    {
        "end_time": "0:01:10.400000",
        "speaker_tag": 2,
        "start_time": "0:01:10.400000",
        "word": "it"
    },
    {
        "end_time": "0:01:10.600000",
        "speaker_tag": 2,
        "start_time": "0:01:10.400000",
        "word": "was"
    },
    {
        "end_time": "0:01:10.700000",
        "speaker_tag": 2,
        "start_time": "0:01:10.600000",
        "word": "very"
    },
    {
        "end_time": "0:01:11.100000",
        "speaker_tag": 2,
        "start_time": "0:01:10.700000",
        "word": "scary"
    },
    {
        "end_time": "0:01:11.600000",
        "speaker_tag": 2,
        "start_time": "0:01:11.100000",
        "word": "because"
    },
    {
        "end_time": "0:01:12.300000",
        "speaker_tag": 1,
        "start_time": "0:01:11.600000",
        "word": "Mesquite"
    },
    {
        "end_time": "0:01:12.400000",
        "speaker_tag": 1,
        "start_time": "0:01:12.300000",
        "word": "it"
    },
    {
        "end_time": "0:01:12.700000",
        "speaker_tag": 1,
        "start_time": "0:01:12.400000",
        "word": "is"
    },
    {
        "end_time": "0:01:13",
        "speaker_tag": 1,
        "start_time": "0:01:12.700000",
        "word": "that"
    },
    {
        "end_time": "0:01:13.100000",
        "speaker_tag": 1,
        "start_time": "0:01:13",
        "word": "kind"
    },
    {
        "end_time": "0:01:13.300000",
        "speaker_tag": 1,
        "start_time": "0:01:13.100000",
        "word": "of"
    },
    {
        "end_time": "0:01:13.700000",
        "speaker_tag": 1,
        "start_time": "0:01:13.300000",
        "word": "thing"
    },
    {
        "end_time": "0:01:14.900000",
        "speaker_tag": 2,
        "start_time": "0:01:13.700000",
        "word": "as"
    },
    {
        "end_time": "0:01:15",
        "speaker_tag": 2,
        "start_time": "0:01:14.900000",
        "word": "we"
    },
    {
        "end_time": "0:01:15.200000",
        "speaker_tag": 2,
        "start_time": "0:01:15",
        "word": "came"
    },
    {
        "end_time": "0:01:15.600000",
        "speaker_tag": 2,
        "start_time": "0:01:15.200000",
        "word": "back"
    },
    {
        "end_time": "0:01:16",
        "speaker_tag": 2,
        "start_time": "0:01:15.600000",
        "word": "we"
    },
    {
        "end_time": "0:01:16.300000",
        "speaker_tag": 2,
        "start_time": "0:01:16",
        "word": "went"
    },
    {
        "end_time": "0:01:16.400000",
        "speaker_tag": 2,
        "start_time": "0:01:16.300000",
        "word": "through"
    },
    {
        "end_time": "0:01:17.100000",
        "speaker_tag": 2,
        "start_time": "0:01:16.400000",
        "word": "Arizona"
    },
    {
        "end_time": "0:01:18.200000",
        "speaker_tag": 2,
        "start_time": "0:01:17.100000",
        "word": "because"
    },
    {
        "end_time": "0:01:18.400000",
        "speaker_tag": 2,
        "start_time": "0:01:18.200000",
        "word": "he"
    },
    {
        "end_time": "0:01:18.600000",
        "speaker_tag": 2,
        "start_time": "0:01:18.400000",
        "word": "was"
    },
    {
        "end_time": "0:01:19.200000",
        "speaker_tag": 2,
        "start_time": "0:01:18.600000",
        "word": "stationed"
    },
    {
        "end_time": "0:01:19.400000",
        "speaker_tag": 2,
        "start_time": "0:01:19.200000",
        "word": "at"
    },
    {
        "end_time": "0:01:19.700000",
        "speaker_tag": 2,
        "start_time": "0:01:19.400000",
        "word": "all"
    },
    {
        "end_time": "0:01:20.400000",
        "speaker_tag": 1,
        "start_time": "0:01:19.700000",
        "word": "army"
    },
    {
        "end_time": "0:01:20.600000",
        "speaker_tag": 1,
        "start_time": "0:01:20.400000",
        "word": "bases"
    },
    {
        "end_time": "0:01:21.500000",
        "speaker_tag": 1,
        "start_time": "0:01:20.600000",
        "word": "Phoenix"
    },
    {
        "end_time": "0:01:22.300000",
        "speaker_tag": 1,
        "start_time": "0:01:21.500000",
        "word": "ale"
    },
    {
        "end_time": "0:01:23.600000",
        "speaker_tag": 1,
        "start_time": "0:01:22.300000",
        "word": "and"
    },
    {
        "end_time": "0:01:25.200000",
        "speaker_tag": 2,
        "start_time": "0:01:24.300000",
        "word": "he"
    },
    {
        "end_time": "0:01:26.400000",
        "speaker_tag": 2,
        "start_time": "0:01:25.200000",
        "word": "wanted"
    },
    {
        "end_time": "0:01:26.500000",
        "speaker_tag": 2,
        "start_time": "0:01:26.400000",
        "word": "to"
    },
    {
        "end_time": "0:01:26.700000",
        "speaker_tag": 2,
        "start_time": "0:01:26.500000",
        "word": "see"
    },
    {
        "end_time": "0:01:27",
        "speaker_tag": 2,
        "start_time": "0:01:26.700000",
        "word": "some"
    },
    {
        "end_time": "0:01:27.600000",
        "speaker_tag": 1,
        "start_time": "0:01:27",
        "word": "sides"
    },
    {
        "end_time": "0:01:27.700000",
        "speaker_tag": 1,
        "start_time": "0:01:27.600000",
        "word": "that"
    },
    {
        "end_time": "0:01:28.100000",
        "speaker_tag": 1,
        "start_time": "0:01:27.700000",
        "word": "he"
    },
    {
        "end_time": "0:01:28.300000",
        "speaker_tag": 1,
        "start_time": "0:01:28.100000",
        "word": "had"
    },
    {
        "end_time": "0:01:28.600000",
        "speaker_tag": 1,
        "start_time": "0:01:28.300000",
        "word": "visited"
    },
    {
        "end_time": "0:01:32.300000",
        "speaker_tag": 1,
        "start_time": "0:01:28.600000",
        "word": "we"
    },
    {
        "end_time": "0:01:32.800000",
        "speaker_tag": 1,
        "start_time": "0:01:32.300000",
        "word": "went"
    },
    {
        "end_time": "0:01:33",
        "speaker_tag": 1,
        "start_time": "0:01:32.800000",
        "word": "to"
    },
    {
        "end_time": "0:01:33",
        "speaker_tag": 1,
        "start_time": "0:01:33",
        "word": "I"
    },
    {
        "end_time": "0:01:33.300000",
        "speaker_tag": 1,
        "start_time": "0:01:33",
        "word": "can't"
    },
    {
        "end_time": "0:01:33.400000",
        "speaker_tag": 1,
        "start_time": "0:01:33.300000",
        "word": "even"
    },
    {
        "end_time": "0:01:33.500000",
        "speaker_tag": 1,
        "start_time": "0:01:33.400000",
        "word": "think"
    },
    {
        "end_time": "0:01:33.700000",
        "speaker_tag": 1,
        "start_time": "0:01:33.500000",
        "word": "about"
    },
    {
        "end_time": "0:01:33.900000",
        "speaker_tag": 1,
        "start_time": "0:01:33.700000",
        "word": "the"
    },
    {
        "end_time": "0:01:34.200000",
        "speaker_tag": 1,
        "start_time": "0:01:33.900000",
        "word": "four"
    },
    {
        "end_time": "0:01:34.700000",
        "speaker_tag": 1,
        "start_time": "0:01:34.200000",
        "word": "states"
    },
    {
        "end_time": "0:01:34.800000",
        "speaker_tag": 1,
        "start_time": "0:01:34.700000",
        "word": "are"
    },
    {
        "end_time": "0:01:35",
        "speaker_tag": 1,
        "start_time": "0:01:34.800000",
        "word": "we"
    },
    {
        "end_time": "0:01:35.300000",
        "speaker_tag": 1,
        "start_time": "0:01:35",
        "word": "went"
    },
    {
        "end_time": "0:01:35.400000",
        "speaker_tag": 1,
        "start_time": "0:01:35.300000",
        "word": "and"
    },
    {
        "end_time": "0:01:35.700000",
        "speaker_tag": 1,
        "start_time": "0:01:35.400000",
        "word": "stood"
    },
    {
        "end_time": "0:01:35.900000",
        "speaker_tag": 1,
        "start_time": "0:01:35.700000",
        "word": "on"
    },
    {
        "end_time": "0:01:36.200000",
        "speaker_tag": 1,
        "start_time": "0:01:35.900000",
        "word": "where"
    },
    {
        "end_time": "0:01:36.300000",
        "speaker_tag": 1,
        "start_time": "0:01:36.200000",
        "word": "I"
    },
    {
        "end_time": "0:01:36.800000",
        "speaker_tag": 1,
        "start_time": "0:01:36.300000",
        "word": "forced"
    },
    {
        "end_time": "0:01:36.900000",
        "speaker_tag": 1,
        "start_time": "0:01:36.800000",
        "word": "a"
    },
    {
        "end_time": "0:01:37.600000",
        "speaker_tag": 1,
        "start_time": "0:01:36.900000",
        "word": "raggedy"
    },
    {
        "end_time": "0:01:39.300000",
        "speaker_tag": 1,
        "start_time": "0:01:37.600000",
        "word": "and"
    },
    {
        "end_time": "0:01:41.300000",
        "speaker_tag": 2,
        "start_time": "0:01:40.800000",
        "word": "coming"
    },
    {
        "end_time": "0:01:41.500000",
        "speaker_tag": 2,
        "start_time": "0:01:41.300000",
        "word": "back"
    },
    {
        "end_time": "0:01:42.200000",
        "speaker_tag": 2,
        "start_time": "0:01:41.500000",
        "word": "we"
    },
    {
        "end_time": "0:01:44.700000",
        "speaker_tag": 1,
        "start_time": "0:01:44.100000",
        "word": "I"
    },
    {
        "end_time": "0:01:44.900000",
        "speaker_tag": 1,
        "start_time": "0:01:44.700000",
        "word": "don't"
    },
    {
        "end_time": "0:01:45.100000",
        "speaker_tag": 1,
        "start_time": "0:01:44.900000",
        "word": "remember"
    },
    {
        "end_time": "0:01:45.400000",
        "speaker_tag": 1,
        "start_time": "0:01:45.100000",
        "word": "what"
    },
    {
        "end_time": "0:01:45.800000",
        "speaker_tag": 1,
        "start_time": "0:01:45.400000",
        "word": "chance"
    },
    {
        "end_time": "0:01:45.900000",
        "speaker_tag": 1,
        "start_time": "0:01:45.800000",
        "word": "has"
    },
    {
        "end_time": "0:01:46.200000",
        "speaker_tag": 1,
        "start_time": "0:01:45.900000",
        "word": "been"
    },
    {
        "end_time": "0:01:46.200000",
        "speaker_tag": 1,
        "start_time": "0:01:46.200000",
        "word": "a"
    },
    {
        "end_time": "0:01:46.300000",
        "speaker_tag": 1,
        "start_time": "0:01:46.200000",
        "word": "long"
    },
    {
        "end_time": "0:01:46.500000",
        "speaker_tag": 1,
        "start_time": "0:01:46.300000",
        "word": "time"
    },
    {
        "end_time": "0:01:46.600000",
        "speaker_tag": 1,
        "start_time": "0:01:46.500000",
        "word": "ago"
    },
    {
        "end_time": "0:01:47",
        "speaker_tag": 1,
        "start_time": "0:01:46.600000",
        "word": "when"
    },
    {
        "end_time": "0:01:47.100000",
        "speaker_tag": 1,
        "start_time": "0:01:47",
        "word": "we"
    },
    {
        "end_time": "0:01:48",
        "speaker_tag": 1,
        "start_time": "0:01:47.100000",
        "word": "can"
    },
    {
        "end_time": "0:01:48.300000",
        "speaker_tag": 1,
        "start_time": "0:01:48",
        "word": "heal"
    },
    {
        "end_time": "0:01:48.700000",
        "speaker_tag": 2,
        "start_time": "0:01:48.300000",
        "word": "snow"
    },
    {
        "end_time": "0:01:49.100000",
        "speaker_tag": 2,
        "start_time": "0:01:48.700000",
        "word": "up"
    },
    {
        "end_time": "0:01:49.700000",
        "speaker_tag": 2,
        "start_time": "0:01:49.100000",
        "word": "telling"
    },
    {
        "end_time": "0:01:50.900000",
        "speaker_tag": 2,
        "start_time": "0:01:49.700000",
        "word": "anywhere"
    },
    {
        "end_time": "0:01:51",
        "speaker_tag": 1,
        "start_time": "0:01:50.900000",
        "word": "in"
    },
    {
        "end_time": "0:01:51",
        "speaker_tag": 1,
        "start_time": "0:01:51",
        "word": "that"
    },
    {
        "end_time": "0:01:51.500000",
        "speaker_tag": 1,
        "start_time": "0:01:51",
        "word": "town"
    },
    {
        "end_time": "0:01:52",
        "speaker_tag": 1,
        "start_time": "0:01:51.500000",
        "word": "available"
    },
    {
        "end_time": "0:01:52.200000",
        "speaker_tag": 1,
        "start_time": "0:01:52",
        "word": "you're"
    },
    {
        "end_time": "0:01:52.500000",
        "speaker_tag": 1,
        "start_time": "0:01:52.200000",
        "word": "not"
    },
    {
        "end_time": "0:01:53.100000",
        "speaker_tag": 1,
        "start_time": "0:01:52.500000",
        "word": "made"
    },
    {
        "end_time": "0:01:53.100000",
        "speaker_tag": 1,
        "start_time": "0:01:53.100000",
        "word": "reservations"
    },
    {
        "end_time": "0:01:54",
        "speaker_tag": 1,
        "start_time": "0:01:53.100000",
        "word": "right"
    },
    {
        "end_time": "0:01:55",
        "speaker_tag": 2,
        "start_time": "0:01:54",
        "word": "so"
    },
    {
        "end_time": "0:01:55.200000",
        "speaker_tag": 2,
        "start_time": "0:01:55",
        "word": "we"
    },
    {
        "end_time": "0:01:55.400000",
        "speaker_tag": 2,
        "start_time": "0:01:55.200000",
        "word": "had"
    },
    {
        "end_time": "0:01:55.500000",
        "speaker_tag": 2,
        "start_time": "0:01:55.400000",
        "word": "to"
    },
    {
        "end_time": "0:01:55.700000",
        "speaker_tag": 2,
        "start_time": "0:01:55.500000",
        "word": "drive"
    },
    {
        "end_time": "0:01:58.800000",
        "speaker_tag": 1,
        "start_time": "0:01:55.700000",
        "word": "home"
    },
    {
        "end_time": "0:01:59.100000",
        "speaker_tag": 1,
        "start_time": "0:01:58.800000",
        "word": "with"
    },
    {
        "end_time": "0:01:59.200000",
        "speaker_tag": 1,
        "start_time": "0:01:59.100000",
        "word": "me"
    },
    {
        "end_time": "0:01:59.400000",
        "speaker_tag": 2,
        "start_time": "0:01:59.200000",
        "word": "so"
    },
    {
        "end_time": "0:01:59.500000",
        "speaker_tag": 2,
        "start_time": "0:01:59.400000",
        "word": "very"
    },
    {
        "end_time": "0:02:00.300000",
        "speaker_tag": 2,
        "start_time": "0:01:59.500000",
        "word": "enjoyable"
    },
    {
        "end_time": "0:02:00.900000",
        "speaker_tag": 1,
        "start_time": "0:02:00.300000",
        "word": "Trail"
    },
    {
        "end_time": "0:02:02.900000",
        "speaker_tag": 1,
        "start_time": "0:02:01.600000",
        "word": "alright"
    },
    {
        "end_time": "0:02:03.800000",
        "speaker_tag": 1,
        "start_time": "0:02:02.900000",
        "word": "thank"
    },
    {
        "end_time": "0:02:03.900000",
        "speaker_tag": 1,
        "start_time": "0:02:03.800000",
        "word": "you"
    },
    {
        "end_time": "0:02:10.800000",
        "speaker_tag": 1,
        "start_time": "0:02:07.800000",
        "word": "for"
    },
    {
        "end_time": "0:02:10.900000",
        "speaker_tag": 1,
        "start_time": "0:02:10.800000",
        "word": "the"
    },
    {
        "end_time": "0:02:11",
        "speaker_tag": 1,
        "start_time": "0:02:10.900000",
        "word": "next"
    },
    {
        "end_time": "0:02:11.700000",
        "speaker_tag": 1,
        "start_time": "0:02:11",
        "word": "prompted"
    },
    {
        "end_time": "0:02:12.300000",
        "speaker_tag": 1,
        "start_time": "0:02:11.700000",
        "word": "please"
    },
    {
        "end_time": "0:02:12.800000",
        "speaker_tag": 1,
        "start_time": "0:02:12.300000",
        "word": "explain"
    },
    {
        "end_time": "0:02:13.500000",
        "speaker_tag": 1,
        "start_time": "0:02:12.800000",
        "word": "how"
    },
    {
        "end_time": "0:02:13.700000",
        "speaker_tag": 1,
        "start_time": "0:02:13.500000",
        "word": "you"
    },
    {
        "end_time": "0:02:13.800000",
        "speaker_tag": 1,
        "start_time": "0:02:13.700000",
        "word": "would"
    },
    {
        "end_time": "0:02:13.900000",
        "speaker_tag": 1,
        "start_time": "0:02:13.800000",
        "word": "make"
    },
    {
        "end_time": "0:02:14.100000",
        "speaker_tag": 1,
        "start_time": "0:02:13.900000",
        "word": "the"
    },
    {
        "end_time": "0:02:14.400000",
        "speaker_tag": 1,
        "start_time": "0:02:14.100000",
        "word": "following"
    },
    {
        "end_time": "0:02:14.900000",
        "speaker_tag": 1,
        "start_time": "0:02:14.400000",
        "word": "meal"
    },
    {
        "end_time": "0:02:16.200000",
        "speaker_tag": 1,
        "start_time": "0:02:14.900000",
        "word": "step-by-step"
    },
    {
        "end_time": "0:02:16.900000",
        "speaker_tag": 1,
        "start_time": "0:02:16.200000",
        "word": "a"
    },
    {
        "end_time": "0:02:17.100000",
        "speaker_tag": 1,
        "start_time": "0:02:16.900000",
        "word": "cup"
    },
    {
        "end_time": "0:02:17.300000",
        "speaker_tag": 1,
        "start_time": "0:02:17.100000",
        "word": "of"
    },
    {
        "end_time": "0:02:17.500000",
        "speaker_tag": 1,
        "start_time": "0:02:17.300000",
        "word": "coffee"
    },
    {
        "end_time": "0:02:19.100000",
        "speaker_tag": 1,
        "start_time": "0:02:17.500000",
        "word": "scrambled"
    },
    {
        "end_time": "0:02:19.600000",
        "speaker_tag": 1,
        "start_time": "0:02:19.100000",
        "word": "eggs"
    },
    {
        "end_time": "0:02:20",
        "speaker_tag": 1,
        "start_time": "0:02:19.600000",
        "word": "edible"
    },
    {
        "end_time": "0:02:20.400000",
        "speaker_tag": 1,
        "start_time": "0:02:20",
        "word": "if"
    },
    {
        "end_time": "0:02:20.600000",
        "speaker_tag": 1,
        "start_time": "0:02:20.400000",
        "word": "you"
    },
    {
        "end_time": "0:02:21.900000",
        "speaker_tag": 1,
        "start_time": "0:02:20.600000",
        "word": "pretend"
    },
    {
        "end_time": "0:02:21.900000",
        "speaker_tag": 1,
        "start_time": "0:02:21.900000",
        "word": "I"
    },
    {
        "end_time": "0:02:22.100000",
        "speaker_tag": 1,
        "start_time": "0:02:21.900000",
        "word": "do"
    },
    {
        "end_time": "0:02:22.400000",
        "speaker_tag": 1,
        "start_time": "0:02:22.100000",
        "word": "not"
    },
    {
        "end_time": "0:02:22.500000",
        "speaker_tag": 1,
        "start_time": "0:02:22.400000",
        "word": "know"
    },
    {
        "end_time": "0:02:22.600000",
        "speaker_tag": 1,
        "start_time": "0:02:22.500000",
        "word": "how"
    },
    {
        "end_time": "0:02:22.700000",
        "speaker_tag": 1,
        "start_time": "0:02:22.600000",
        "word": "to"
    },
    {
        "end_time": "0:02:22.900000",
        "speaker_tag": 1,
        "start_time": "0:02:22.700000",
        "word": "make"
    },
    {
        "end_time": "0:02:23",
        "speaker_tag": 1,
        "start_time": "0:02:22.900000",
        "word": "the"
    },
    {
        "end_time": "0:02:23.300000",
        "speaker_tag": 1,
        "start_time": "0:02:23",
        "word": "mule"
    },
    {
        "end_time": "0:02:23.800000",
        "speaker_tag": 1,
        "start_time": "0:02:23.300000",
        "word": "and"
    },
    {
        "end_time": "0:02:24.200000",
        "speaker_tag": 1,
        "start_time": "0:02:23.800000",
        "word": "provide"
    },
    {
        "end_time": "0:02:24.800000",
        "speaker_tag": 1,
        "start_time": "0:02:24.200000",
        "word": "details"
    },
    {
        "end_time": "0:02:25.600000",
        "speaker_tag": 1,
        "start_time": "0:02:24.800000",
        "word": "you"
    },
    {
        "end_time": "0:02:25.800000",
        "speaker_tag": 1,
        "start_time": "0:02:25.600000",
        "word": "have"
    },
    {
        "end_time": "0:02:26",
        "speaker_tag": 1,
        "start_time": "0:02:25.800000",
        "word": "5"
    },
    {
        "end_time": "0:02:26.100000",
        "speaker_tag": 1,
        "start_time": "0:02:26",
        "word": "minutes"
    },
    {
        "end_time": "0:02:26.600000",
        "speaker_tag": 1,
        "start_time": "0:02:26.100000",
        "word": "to"
    },
    {
        "end_time": "0:02:26.900000",
        "speaker_tag": 1,
        "start_time": "0:02:26.600000",
        "word": "explain"
    },
    {
        "end_time": "0:02:29",
        "speaker_tag": 2,
        "start_time": "0:02:26.900000",
        "word": "at"
    },
    {
        "end_time": "0:02:29.400000",
        "speaker_tag": 2,
        "start_time": "0:02:29",
        "word": "first"
    },
    {
        "end_time": "0:02:29.600000",
        "speaker_tag": 2,
        "start_time": "0:02:29.400000",
        "word": "we"
    },
    {
        "end_time": "0:02:29.800000",
        "speaker_tag": 2,
        "start_time": "0:02:29.600000",
        "word": "make"
    },
    {
        "end_time": "0:02:30",
        "speaker_tag": 2,
        "start_time": "0:02:29.800000",
        "word": "sure"
    },
    {
        "end_time": "0:02:30.100000",
        "speaker_tag": 2,
        "start_time": "0:02:30",
        "word": "the"
    },
    {
        "end_time": "0:02:30.500000",
        "speaker_tag": 2,
        "start_time": "0:02:30.100000",
        "word": "coffee"
    },
    {
        "end_time": "0:02:31",
        "speaker_tag": 2,
        "start_time": "0:02:30.500000",
        "word": "pot"
    },
    {
        "end_time": "0:02:31.200000",
        "speaker_tag": 2,
        "start_time": "0:02:31",
        "word": "use"
    },
    {
        "end_time": "0:02:31.800000",
        "speaker_tag": 2,
        "start_time": "0:02:31.200000",
        "word": "and"
    },
    {
        "end_time": "0:02:34.200000",
        "speaker_tag": 2,
        "start_time": "0:02:31.800000",
        "word": "then"
    },
    {
        "end_time": "0:02:35",
        "speaker_tag": 2,
        "start_time": "0:02:34.200000",
        "word": "I"
    },
    {
        "end_time": "0:02:35.200000",
        "speaker_tag": 2,
        "start_time": "0:02:35",
        "word": "was"
    },
    {
        "end_time": "0:02:35.500000",
        "speaker_tag": 2,
        "start_time": "0:02:35.200000",
        "word": "looking"
    },
    {
        "end_time": "0:02:35.700000",
        "speaker_tag": 1,
        "start_time": "0:02:35.500000",
        "word": "for"
    },
    {
        "end_time": "0:02:35.700000",
        "speaker_tag": 1,
        "start_time": "0:02:35.700000",
        "word": "the"
    },
    {
        "end_time": "0:02:36.300000",
        "speaker_tag": 1,
        "start_time": "0:02:35.700000",
        "word": "coffee"
    },
    {
        "end_time": "0:02:36.500000",
        "speaker_tag": 1,
        "start_time": "0:02:36.300000",
        "word": "and"
    },
    {
        "end_time": "0:02:36.800000",
        "speaker_tag": 1,
        "start_time": "0:02:36.500000",
        "word": "what"
    },
    {
        "end_time": "0:02:37",
        "speaker_tag": 1,
        "start_time": "0:02:36.800000",
        "word": "they"
    },
    {
        "end_time": "0:02:37.100000",
        "speaker_tag": 1,
        "start_time": "0:02:37",
        "word": "do"
    },
    {
        "end_time": "0:02:37.300000",
        "speaker_tag": 1,
        "start_time": "0:02:37.100000",
        "word": "not"
    },
    {
        "end_time": "0:02:37.500000",
        "speaker_tag": 1,
        "start_time": "0:02:37.300000",
        "word": "want"
    },
    {
        "end_time": "0:02:37.600000",
        "speaker_tag": 1,
        "start_time": "0:02:37.500000",
        "word": "to"
    },
    {
        "end_time": "0:02:37.800000",
        "speaker_tag": 1,
        "start_time": "0:02:37.600000",
        "word": "drink"
    },
    {
        "end_time": "0:02:38",
        "speaker_tag": 1,
        "start_time": "0:02:37.800000",
        "word": "it"
    },
    {
        "end_time": "0:02:38.100000",
        "speaker_tag": 1,
        "start_time": "0:02:38",
        "word": "while"
    },
    {
        "end_time": "0:02:38.300000",
        "speaker_tag": 1,
        "start_time": "0:02:38.100000",
        "word": "we're"
    },
    {
        "end_time": "0:02:39.200000",
        "speaker_tag": 1,
        "start_time": "0:02:38.300000",
        "word": "fixing"
    },
    {
        "end_time": "0:02:39.400000",
        "speaker_tag": 1,
        "start_time": "0:02:39.200000",
        "word": "for"
    },
    {
        "end_time": "0:02:39.900000",
        "speaker_tag": 1,
        "start_time": "0:02:39.400000",
        "word": "American"
    },
    {
        "end_time": "0:02:40.500000",
        "speaker_tag": 2,
        "start_time": "0:02:39.900000",
        "word": "breakfast"
    },
    {
        "end_time": "0:02:42.600000",
        "speaker_tag": 1,
        "start_time": "0:02:40.500000",
        "word": "he"
    },
    {
        "end_time": "0:02:42.800000",
        "speaker_tag": 1,
        "start_time": "0:02:42.600000",
        "word": "said"
    },
    {
        "end_time": "0:02:43.200000",
        "speaker_tag": 1,
        "start_time": "0:02:42.800000",
        "word": "scrambled"
    },
    {
        "end_time": "0:02:43.600000",
        "speaker_tag": 1,
        "start_time": "0:02:43.200000",
        "word": "eggs"
    },
    {
        "end_time": "0:02:43.700000",
        "speaker_tag": 1,
        "start_time": "0:02:43.600000",
        "word": "and"
    },
    {
        "end_time": "0:02:45",
        "speaker_tag": 1,
        "start_time": "0:02:43.700000",
        "word": "the"
    },
    {
        "end_time": "0:02:45.400000",
        "speaker_tag": 1,
        "start_time": "0:02:45",
        "word": "next"
    },
    {
        "end_time": "0:02:45.400000",
        "speaker_tag": 1,
        "start_time": "0:02:45.400000",
        "word": "thing"
    },
    {
        "end_time": "0:02:45.600000",
        "speaker_tag": 1,
        "start_time": "0:02:45.400000",
        "word": "I"
    },
    {
        "end_time": "0:02:45.800000",
        "speaker_tag": 1,
        "start_time": "0:02:45.600000",
        "word": "would"
    },
    {
        "end_time": "0:02:46",
        "speaker_tag": 1,
        "start_time": "0:02:45.800000",
        "word": "do"
    },
    {
        "end_time": "0:02:46.500000",
        "speaker_tag": 1,
        "start_time": "0:02:46",
        "word": "with"
    },
    {
        "end_time": "0:02:46.900000",
        "speaker_tag": 1,
        "start_time": "0:02:46.500000",
        "word": "be"
    },
    {
        "end_time": "0:02:47.300000",
        "speaker_tag": 2,
        "start_time": "0:02:46.900000",
        "word": "prepare"
    },
    {
        "end_time": "0:02:47.500000",
        "speaker_tag": 2,
        "start_time": "0:02:47.300000",
        "word": "the"
    },
    {
        "end_time": "0:02:48",
        "speaker_tag": 2,
        "start_time": "0:02:47.500000",
        "word": "fruit"
    },
    {
        "end_time": "0:02:49.100000",
        "speaker_tag": 2,
        "start_time": "0:02:48",
        "word": "because"
    },
    {
        "end_time": "0:02:50",
        "speaker_tag": 2,
        "start_time": "0:02:49.100000",
        "word": "I"
    },
    {
        "end_time": "0:02:50.700000",
        "speaker_tag": 2,
        "start_time": "0:02:50",
        "word": "won't"
    },
    {
        "end_time": "0:02:51",
        "speaker_tag": 2,
        "start_time": "0:02:50.700000",
        "word": "the"
    },
    {
        "end_time": "0:02:51.500000",
        "speaker_tag": 2,
        "start_time": "0:02:51",
        "word": "eggs"
    },
    {
        "end_time": "0:02:51.700000",
        "speaker_tag": 1,
        "start_time": "0:02:51.500000",
        "word": "to"
    },
    {
        "end_time": "0:02:51.800000",
        "speaker_tag": 1,
        "start_time": "0:02:51.700000",
        "word": "be"
    },
    {
        "end_time": "0:02:52.400000",
        "speaker_tag": 1,
        "start_time": "0:02:51.800000",
        "word": "warm"
    },
    {
        "end_time": "0:02:53.800000",
        "speaker_tag": 2,
        "start_time": "0:02:52.400000",
        "word": "so"
    },
    {
        "end_time": "0:02:54",
        "speaker_tag": 2,
        "start_time": "0:02:53.800000",
        "word": "I"
    },
    {
        "end_time": "0:02:54.200000",
        "speaker_tag": 2,
        "start_time": "0:02:54",
        "word": "would"
    },
    {
        "end_time": "0:02:54.400000",
        "speaker_tag": 2,
        "start_time": "0:02:54.200000",
        "word": "cut"
    },
    {
        "end_time": "0:02:54.700000",
        "speaker_tag": 2,
        "start_time": "0:02:54.400000",
        "word": "up"
    },
    {
        "end_time": "0:02:55.200000",
        "speaker_tag": 2,
        "start_time": "0:02:54.700000",
        "word": "some"
    },
    {
        "end_time": "0:02:57.900000",
        "speaker_tag": 2,
        "start_time": "0:02:56.800000",
        "word": "bananas"
    },
    {
        "end_time": "0:02:58.200000",
        "speaker_tag": 2,
        "start_time": "0:02:57.900000",
        "word": "and"
    },
    {
        "end_time": "0:02:58.600000",
        "speaker_tag": 2,
        "start_time": "0:02:58.200000",
        "word": "maybe"
    },
    {
        "end_time": "0:02:59.500000",
        "speaker_tag": 2,
        "start_time": "0:02:58.600000",
        "word": "Apple"
    },
    {
        "end_time": "0:03:00.600000",
        "speaker_tag": 2,
        "start_time": "0:02:59.500000",
        "word": "I'm"
    },
    {
        "end_time": "0:03:01.100000",
        "speaker_tag": 2,
        "start_time": "0:03:00.600000",
        "word": "getting"
    },
    {
        "end_time": "0:03:01.500000",
        "speaker_tag": 2,
        "start_time": "0:03:01.100000",
        "word": "raped"
    },
    {
        "end_time": "0:03:01.700000",
        "speaker_tag": 2,
        "start_time": "0:03:01.500000",
        "word": "in"
    },
    {
        "end_time": "0:03:02.400000",
        "speaker_tag": 2,
        "start_time": "0:03:01.700000",
        "word": "Washington"
    },
    {
        "end_time": "0:03:02.800000",
        "speaker_tag": 2,
        "start_time": "0:03:02.400000",
        "word": "was"
    },
    {
        "end_time": "0:03:03",
        "speaker_tag": 2,
        "start_time": "0:03:02.800000",
        "word": "in"
    },
    {
        "end_time": "0:03:03.400000",
        "speaker_tag": 1,
        "start_time": "0:03:03",
        "word": "there"
    },
    {
        "end_time": "0:03:04.400000",
        "speaker_tag": 1,
        "start_time": "0:03:03.400000",
        "word": "and"
    },
    {
        "end_time": "0:03:04.700000",
        "speaker_tag": 1,
        "start_time": "0:03:04.400000",
        "word": "wash"
    },
    {
        "end_time": "0:03:04.900000",
        "speaker_tag": 1,
        "start_time": "0:03:04.700000",
        "word": "the"
    },
    {
        "end_time": "0:03:05.200000",
        "speaker_tag": 1,
        "start_time": "0:03:04.900000",
        "word": "Apple"
    },
    {
        "end_time": "0:03:05.500000",
        "speaker_tag": 1,
        "start_time": "0:03:05.200000",
        "word": "before"
    },
    {
        "end_time": "0:03:05.600000",
        "speaker_tag": 1,
        "start_time": "0:03:05.500000",
        "word": "I"
    },
    {
        "end_time": "0:03:05.800000",
        "speaker_tag": 1,
        "start_time": "0:03:05.600000",
        "word": "cut"
    },
    {
        "end_time": "0:03:05.900000",
        "speaker_tag": 1,
        "start_time": "0:03:05.800000",
        "word": "it"
    },
    {
        "end_time": "0:03:06.100000",
        "speaker_tag": 1,
        "start_time": "0:03:05.900000",
        "word": "up"
    },
    {
        "end_time": "0:03:06.400000",
        "speaker_tag": 1,
        "start_time": "0:03:06.100000",
        "word": "to"
    },
    {
        "end_time": "0:03:07.900000",
        "speaker_tag": 1,
        "start_time": "0:03:06.400000",
        "word": "and"
    },
    {
        "end_time": "0:03:11.500000",
        "speaker_tag": 1,
        "start_time": "0:03:09.900000",
        "word": "Gucci"
    },
    {
        "end_time": "0:03:12",
        "speaker_tag": 1,
        "start_time": "0:03:11.500000",
        "word": "reason"
    },
    {
        "end_time": "0:03:12.600000",
        "speaker_tag": 1,
        "start_time": "0:03:12",
        "word": "Mary"
    },
    {
        "end_time": "0:03:13",
        "speaker_tag": 1,
        "start_time": "0:03:12.600000",
        "word": "some"
    },
    {
        "end_time": "0:03:15.700000",
        "speaker_tag": 1,
        "start_time": "0:03:14.200000",
        "word": "I"
    },
    {
        "end_time": "0:03:16",
        "speaker_tag": 1,
        "start_time": "0:03:15.700000",
        "word": "have"
    },
    {
        "end_time": "0:03:16.200000",
        "speaker_tag": 1,
        "start_time": "0:03:16",
        "word": "a"
    },
    {
        "end_time": "0:03:16.600000",
        "speaker_tag": 1,
        "start_time": "0:03:16.200000",
        "word": "lock"
    },
    {
        "end_time": "0:03:16.800000",
        "speaker_tag": 1,
        "start_time": "0:03:16.600000",
        "word": "open"
    },
    {
        "end_time": "0:03:19.200000",
        "speaker_tag": 2,
        "start_time": "0:03:16.800000",
        "word": "then"
    },
    {
        "end_time": "0:03:19.300000",
        "speaker_tag": 2,
        "start_time": "0:03:19.200000",
        "word": "I"
    },
    {
        "end_time": "0:03:19.400000",
        "speaker_tag": 2,
        "start_time": "0:03:19.300000",
        "word": "will"
    },
    {
        "end_time": "0:03:19.600000",
        "speaker_tag": 2,
        "start_time": "0:03:19.400000",
        "word": "put"
    },
    {
        "end_time": "0:03:19.800000",
        "speaker_tag": 2,
        "start_time": "0:03:19.600000",
        "word": "those"
    },
    {
        "end_time": "0:03:20.500000",
        "speaker_tag": 2,
        "start_time": "0:03:19.800000",
        "word": "in"
    },
    {
        "end_time": "0:03:22.400000",
        "speaker_tag": 2,
        "start_time": "0:03:21.900000",
        "word": "and"
    },
    {
        "end_time": "0:03:23",
        "speaker_tag": 2,
        "start_time": "0:03:22.400000",
        "word": "Lobos"
    },
    {
        "end_time": "0:03:23.900000",
        "speaker_tag": 2,
        "start_time": "0:03:23",
        "word": "and"
    },
    {
        "end_time": "0:03:24.200000",
        "speaker_tag": 2,
        "start_time": "0:03:23.900000",
        "word": "maybe"
    },
    {
        "end_time": "0:03:24.500000",
        "speaker_tag": 2,
        "start_time": "0:03:24.200000",
        "word": "send"
    },
    {
        "end_time": "0:03:24.600000",
        "speaker_tag": 2,
        "start_time": "0:03:24.500000",
        "word": "me"
    },
    {
        "end_time": "0:03:24.700000",
        "speaker_tag": 2,
        "start_time": "0:03:24.600000",
        "word": "the"
    },
    {
        "end_time": "0:03:28.100000",
        "speaker_tag": 2,
        "start_time": "0:03:24.700000",
        "word": "next"
    },
    {
        "end_time": "0:03:28.300000",
        "speaker_tag": 2,
        "start_time": "0:03:28.100000",
        "word": "time"
    },
    {
        "end_time": "0:03:28.400000",
        "speaker_tag": 2,
        "start_time": "0:03:28.300000",
        "word": "I"
    },
    {
        "end_time": "0:03:28.400000",
        "speaker_tag": 2,
        "start_time": "0:03:28.400000",
        "word": "would"
    },
    {
        "end_time": "0:03:28.700000",
        "speaker_tag": 2,
        "start_time": "0:03:28.400000",
        "word": "get"
    },
    {
        "end_time": "0:03:28.900000",
        "speaker_tag": 2,
        "start_time": "0:03:28.700000",
        "word": "out"
    },
    {
        "end_time": "0:03:30.400000",
        "speaker_tag": 2,
        "start_time": "0:03:28.900000",
        "word": "a"
    },
    {
        "end_time": "0:03:31",
        "speaker_tag": 2,
        "start_time": "0:03:30.400000",
        "word": "bowl"
    },
    {
        "end_time": "0:03:32.800000",
        "speaker_tag": 1,
        "start_time": "0:03:32.200000",
        "word": "and"
    },
    {
        "end_time": "0:03:33.700000",
        "speaker_tag": 1,
        "start_time": "0:03:32.800000",
        "word": "afore"
    },
    {
        "end_time": "0:03:34.300000",
        "speaker_tag": 1,
        "start_time": "0:03:33.700000",
        "word": "for"
    },
    {
        "end_time": "0:03:34.900000",
        "speaker_tag": 2,
        "start_time": "0:03:34.300000",
        "word": "Astatula"
    },
    {
        "end_time": "0:03:35.400000",
        "speaker_tag": 2,
        "start_time": "0:03:34.900000",
        "word": "and"
    },
    {
        "end_time": "0:03:36.500000",
        "speaker_tag": 2,
        "start_time": "0:03:35.400000",
        "word": "I"
    },
    {
        "end_time": "0:03:36.700000",
        "speaker_tag": 2,
        "start_time": "0:03:36.500000",
        "word": "get"
    },
    {
        "end_time": "0:03:36.800000",
        "speaker_tag": 2,
        "start_time": "0:03:36.700000",
        "word": "out"
    },
    {
        "end_time": "0:03:36.900000",
        "speaker_tag": 2,
        "start_time": "0:03:36.800000",
        "word": "of"
    },
    {
        "end_time": "0:03:37.500000",
        "speaker_tag": 2,
        "start_time": "0:03:36.900000",
        "word": "hand"
    },
    {
        "end_time": "0:03:37.700000",
        "speaker_tag": 2,
        "start_time": "0:03:37.500000",
        "word": "and"
    },
    {
        "end_time": "0:03:38.200000",
        "speaker_tag": 2,
        "start_time": "0:03:37.700000",
        "word": "scrambled"
    },
    {
        "end_time": "0:03:38.600000",
        "speaker_tag": 2,
        "start_time": "0:03:38.200000",
        "word": "eggs"
    },
    {
        "end_time": "0:03:38.900000",
        "speaker_tag": 2,
        "start_time": "0:03:38.600000",
        "word": "in"
    },
    {
        "end_time": "0:03:39.900000",
        "speaker_tag": 2,
        "start_time": "0:03:38.900000",
        "word": "and"
    },
    {
        "end_time": "0:03:40.100000",
        "speaker_tag": 2,
        "start_time": "0:03:39.900000",
        "word": "put"
    },
    {
        "end_time": "0:03:40.400000",
        "speaker_tag": 2,
        "start_time": "0:03:40.100000",
        "word": "some"
    },
    {
        "end_time": "0:03:41.600000",
        "speaker_tag": 2,
        "start_time": "0:03:40.400000",
        "word": "little"
    },
    {
        "end_time": "0:03:41.700000",
        "speaker_tag": 2,
        "start_time": "0:03:41.600000",
        "word": "bit"
    },
    {
        "end_time": "0:03:41.800000",
        "speaker_tag": 2,
        "start_time": "0:03:41.700000",
        "word": "of"
    },
    {
        "end_time": "0:03:42.100000",
        "speaker_tag": 2,
        "start_time": "0:03:41.800000",
        "word": "butter"
    },
    {
        "end_time": "0:03:42.300000",
        "speaker_tag": 2,
        "start_time": "0:03:42.100000",
        "word": "in"
    },
    {
        "end_time": "0:03:42.400000",
        "speaker_tag": 2,
        "start_time": "0:03:42.300000",
        "word": "the"
    },
    {
        "end_time": "0:03:43.600000",
        "speaker_tag": 2,
        "start_time": "0:03:42.400000",
        "word": "envelope"
    },
    {
        "end_time": "0:03:44.600000",
        "speaker_tag": 2,
        "start_time": "0:03:43.600000",
        "word": "I"
    },
    {
        "end_time": "0:03:44.900000",
        "speaker_tag": 2,
        "start_time": "0:03:44.600000",
        "word": "would"
    },
    {
        "end_time": "0:03:45.600000",
        "speaker_tag": 2,
        "start_time": "0:03:44.900000",
        "word": "get"
    },
    {
        "end_time": "0:03:45.700000",
        "speaker_tag": 2,
        "start_time": "0:03:45.600000",
        "word": "the"
    },
    {
        "end_time": "0:03:46",
        "speaker_tag": 2,
        "start_time": "0:03:45.700000",
        "word": "eggs"
    },
    {
        "end_time": "0:03:46.100000",
        "speaker_tag": 2,
        "start_time": "0:03:46",
        "word": "out"
    },
    {
        "end_time": "0:03:46.300000",
        "speaker_tag": 2,
        "start_time": "0:03:46.100000",
        "word": "of"
    },
    {
        "end_time": "0:03:46.400000",
        "speaker_tag": 2,
        "start_time": "0:03:46.300000",
        "word": "the"
    },
    {
        "end_time": "0:03:46.400000",
        "speaker_tag": 2,
        "start_time": "0:03:46.400000",
        "word": "refrigerator"
    },
    {
        "end_time": "0:03:48.600000",
        "speaker_tag": 2,
        "start_time": "0:03:46.400000",
        "word": "break"
    },
    {
        "end_time": "0:03:48.900000",
        "speaker_tag": 2,
        "start_time": "0:03:48.600000",
        "word": "them"
    },
    {
        "end_time": "0:03:49.200000",
        "speaker_tag": 2,
        "start_time": "0:03:48.900000",
        "word": "and"
    },
    {
        "end_time": "0:03:49.300000",
        "speaker_tag": 2,
        "start_time": "0:03:49.200000",
        "word": "put"
    },
    {
        "end_time": "0:03:49.500000",
        "speaker_tag": 2,
        "start_time": "0:03:49.300000",
        "word": "them"
    },
    {
        "end_time": "0:03:49.600000",
        "speaker_tag": 2,
        "start_time": "0:03:49.500000",
        "word": "in"
    },
    {
        "end_time": "0:03:49.700000",
        "speaker_tag": 2,
        "start_time": "0:03:49.600000",
        "word": "a"
    },
    {
        "end_time": "0:03:49.900000",
        "speaker_tag": 1,
        "start_time": "0:03:49.700000",
        "word": "bowl"
    },
    {
        "end_time": "0:03:51.200000",
        "speaker_tag": 1,
        "start_time": "0:03:49.900000",
        "word": "and"
    },
    {
        "end_time": "0:03:51.300000",
        "speaker_tag": 1,
        "start_time": "0:03:51.200000",
        "word": "I"
    },
    {
        "end_time": "0:03:51.600000",
        "speaker_tag": 1,
        "start_time": "0:03:51.300000",
        "word": "would"
    },
    {
        "end_time": "0:03:53.200000",
        "speaker_tag": 2,
        "start_time": "0:03:51.600000",
        "word": "either"
    },
    {
        "end_time": "0:03:53.400000",
        "speaker_tag": 2,
        "start_time": "0:03:53.200000",
        "word": "put"
    },
    {
        "end_time": "0:03:53.500000",
        "speaker_tag": 2,
        "start_time": "0:03:53.400000",
        "word": "the"
    },
    {
        "end_time": "0:03:54",
        "speaker_tag": 2,
        "start_time": "0:03:53.500000",
        "word": "fork"
    },
    {
        "end_time": "0:03:54",
        "speaker_tag": 2,
        "start_time": "0:03:54",
        "word": "or"
    },
    {
        "end_time": "0:03:54.400000",
        "speaker_tag": 2,
        "start_time": "0:03:54",
        "word": "something"
    },
    {
        "end_time": "0:03:54.500000",
        "speaker_tag": 2,
        "start_time": "0:03:54.400000",
        "word": "I"
    },
    {
        "end_time": "0:03:54.700000",
        "speaker_tag": 2,
        "start_time": "0:03:54.500000",
        "word": "would"
    },
    {
        "end_time": "0:03:56.800000",
        "speaker_tag": 2,
        "start_time": "0:03:56.300000",
        "word": "squish"
    },
    {
        "end_time": "0:03:57.200000",
        "speaker_tag": 2,
        "start_time": "0:03:56.800000",
        "word": "them"
    },
    {
        "end_time": "0:03:57.300000",
        "speaker_tag": 2,
        "start_time": "0:03:57.200000",
        "word": "to"
    },
    {
        "end_time": "0:03:57.500000",
        "speaker_tag": 2,
        "start_time": "0:03:57.300000",
        "word": "make"
    },
    {
        "end_time": "0:03:57.800000",
        "speaker_tag": 2,
        "start_time": "0:03:57.500000",
        "word": "them"
    },
    {
        "end_time": "0:03:58.200000",
        "speaker_tag": 2,
        "start_time": "0:03:57.800000",
        "word": "you"
    },
    {
        "end_time": "0:03:58.400000",
        "speaker_tag": 2,
        "start_time": "0:03:58.200000",
        "word": "know"
    },
    {
        "end_time": "0:03:58.600000",
        "speaker_tag": 2,
        "start_time": "0:03:58.400000",
        "word": "where"
    },
    {
        "end_time": "0:03:58.700000",
        "speaker_tag": 2,
        "start_time": "0:03:58.600000",
        "word": "they"
    },
    {
        "end_time": "0:03:58.900000",
        "speaker_tag": 2,
        "start_time": "0:03:58.700000",
        "word": "would"
    },
    {
        "end_time": "0:03:59",
        "speaker_tag": 2,
        "start_time": "0:03:58.900000",
        "word": "be"
    },
    {
        "end_time": "0:03:59.300000",
        "speaker_tag": 2,
        "start_time": "0:03:59",
        "word": "running"
    },
    {
        "end_time": "0:04:00.700000",
        "speaker_tag": 1,
        "start_time": "0:03:59.300000",
        "word": "I"
    },
    {
        "end_time": "0:04:01",
        "speaker_tag": 1,
        "start_time": "0:04:00.700000",
        "word": "would"
    },
    {
        "end_time": "0:04:01.400000",
        "speaker_tag": 1,
        "start_time": "0:04:01",
        "word": "put"
    },
    {
        "end_time": "0:04:02.400000",
        "speaker_tag": 1,
        "start_time": "0:04:01.400000",
        "word": "salt"
    },
    {
        "end_time": "0:04:02.500000",
        "speaker_tag": 1,
        "start_time": "0:04:02.400000",
        "word": "and"
    },
    {
        "end_time": "0:04:02.600000",
        "speaker_tag": 1,
        "start_time": "0:04:02.500000",
        "word": "pepper"
    },
    {
        "end_time": "0:04:03",
        "speaker_tag": 1,
        "start_time": "0:04:02.600000",
        "word": "in"
    },
    {
        "end_time": "0:04:03.400000",
        "speaker_tag": 2,
        "start_time": "0:04:03",
        "word": "there"
    },
    {
        "end_time": "0:04:04.500000",
        "speaker_tag": 2,
        "start_time": "0:04:03.400000",
        "word": "or"
    },
    {
        "end_time": "0:04:04.800000",
        "speaker_tag": 2,
        "start_time": "0:04:04.500000",
        "word": "put"
    },
    {
        "end_time": "0:04:05",
        "speaker_tag": 2,
        "start_time": "0:04:04.800000",
        "word": "them"
    },
    {
        "end_time": "0:04:05.100000",
        "speaker_tag": 2,
        "start_time": "0:04:05",
        "word": "in"
    },
    {
        "end_time": "0:04:05.300000",
        "speaker_tag": 2,
        "start_time": "0:04:05.100000",
        "word": "the"
    },
    {
        "end_time": "0:04:05.700000",
        "speaker_tag": 2,
        "start_time": "0:04:05.300000",
        "word": "in"
    },
    {
        "end_time": "0:04:05.800000",
        "speaker_tag": 2,
        "start_time": "0:04:05.700000",
        "word": "the"
    },
    {
        "end_time": "0:04:06.400000",
        "speaker_tag": 2,
        "start_time": "0:04:05.800000",
        "word": "spirit"
    },
    {
        "end_time": "0:04:07.700000",
        "speaker_tag": 2,
        "start_time": "0:04:06.400000",
        "word": "and"
    },
    {
        "end_time": "0:04:09.200000",
        "speaker_tag": 1,
        "start_time": "0:04:08.800000",
        "word": "the"
    },
    {
        "end_time": "0:04:09.600000",
        "speaker_tag": 2,
        "start_time": "0:04:09.200000",
        "word": "dispatch"
    },
    {
        "end_time": "0:04:10",
        "speaker_tag": 2,
        "start_time": "0:04:09.600000",
        "word": "was"
    },
    {
        "end_time": "0:04:10.400000",
        "speaker_tag": 2,
        "start_time": "0:04:10",
        "word": "stirring"
    },
    {
        "end_time": "0:04:10.700000",
        "speaker_tag": 2,
        "start_time": "0:04:10.400000",
        "word": "until"
    },
    {
        "end_time": "0:04:10.900000",
        "speaker_tag": 2,
        "start_time": "0:04:10.700000",
        "word": "the"
    },
    {
        "end_time": "0:04:11.200000",
        "speaker_tag": 2,
        "start_time": "0:04:10.900000",
        "word": "eggs"
    },
    {
        "end_time": "0:04:11.300000",
        "speaker_tag": 2,
        "start_time": "0:04:11.200000",
        "word": "are"
    },
    {
        "end_time": "0:04:11.500000",
        "speaker_tag": 2,
        "start_time": "0:04:11.300000",
        "word": "done"
    },
    {
        "end_time": "0:04:12.800000",
        "speaker_tag": 2,
        "start_time": "0:04:11.500000",
        "word": "I"
    },
    {
        "end_time": "0:04:13",
        "speaker_tag": 2,
        "start_time": "0:04:12.800000",
        "word": "will"
    },
    {
        "end_time": "0:04:13.200000",
        "speaker_tag": 2,
        "start_time": "0:04:13",
        "word": "put"
    },
    {
        "end_time": "0:04:13.400000",
        "speaker_tag": 2,
        "start_time": "0:04:13.200000",
        "word": "them"
    },
    {
        "end_time": "0:04:13.500000",
        "speaker_tag": 2,
        "start_time": "0:04:13.400000",
        "word": "on"
    },
    {
        "end_time": "0:04:13.600000",
        "speaker_tag": 2,
        "start_time": "0:04:13.500000",
        "word": "a"
    },
    {
        "end_time": "0:04:14.100000",
        "speaker_tag": 2,
        "start_time": "0:04:13.600000",
        "word": "plate"
    },
    {
        "end_time": "0:04:15.600000",
        "speaker_tag": 1,
        "start_time": "0:04:14.100000",
        "word": "and"
    },
    {
        "end_time": "0:04:19.100000",
        "speaker_tag": 2,
        "start_time": "0:04:18.600000",
        "word": "serve"
    },
    {
        "end_time": "0:04:19.300000",
        "speaker_tag": 2,
        "start_time": "0:04:19.100000",
        "word": "them"
    },
    {
        "end_time": "0:04:20",
        "speaker_tag": 2,
        "start_time": "0:04:19.300000",
        "word": "I"
    },
    {
        "end_time": "0:04:20.200000",
        "speaker_tag": 2,
        "start_time": "0:04:20",
        "word": "would"
    },
    {
        "end_time": "0:04:20.500000",
        "speaker_tag": 2,
        "start_time": "0:04:20.200000",
        "word": "probably"
    },
    {
        "end_time": "0:04:22.200000",
        "speaker_tag": 2,
        "start_time": "0:04:20.500000",
        "word": "during"
    },
    {
        "end_time": "0:04:22.400000",
        "speaker_tag": 2,
        "start_time": "0:04:22.200000",
        "word": "what"
    },
    {
        "end_time": "0:04:22.900000",
        "speaker_tag": 2,
        "start_time": "0:04:22.400000",
        "word": "species"
    },
    {
        "end_time": "0:04:23.500000",
        "speaker_tag": 2,
        "start_time": "0:04:22.900000",
        "word": "was"
    },
    {
        "end_time": "0:04:23.800000",
        "speaker_tag": 2,
        "start_time": "0:04:23.500000",
        "word": "playing"
    },
    {
        "end_time": "0:04:23.900000",
        "speaker_tag": 2,
        "start_time": "0:04:23.800000",
        "word": "one"
    },
    {
        "end_time": "0:04:24",
        "speaker_tag": 2,
        "start_time": "0:04:23.900000",
        "word": "of"
    },
    {
        "end_time": "0:04:24.100000",
        "speaker_tag": 2,
        "start_time": "0:04:24",
        "word": "these"
    },
    {
        "end_time": "0:04:24.500000",
        "speaker_tag": 2,
        "start_time": "0:04:24.100000",
        "word": "things"
    },
    {
        "end_time": "0:04:25.600000",
        "speaker_tag": 2,
        "start_time": "0:04:24.500000",
        "word": "set"
    },
    {
        "end_time": "0:04:25.800000",
        "speaker_tag": 2,
        "start_time": "0:04:25.600000",
        "word": "the"
    },
    {
        "end_time": "0:04:26.900000",
        "speaker_tag": 2,
        "start_time": "0:04:25.800000",
        "word": "table"
    },
    {
        "end_time": "0:04:27",
        "speaker_tag": 2,
        "start_time": "0:04:26.900000",
        "word": "or"
    },
    {
        "end_time": "0:04:27.100000",
        "speaker_tag": 2,
        "start_time": "0:04:27",
        "word": "the"
    },
    {
        "end_time": "0:04:27.500000",
        "speaker_tag": 2,
        "start_time": "0:04:27.100000",
        "word": "bar"
    },
    {
        "end_time": "0:04:28.800000",
        "speaker_tag": 2,
        "start_time": "0:04:27.500000",
        "word": "napkin"
    },
    {
        "end_time": "0:04:29",
        "speaker_tag": 2,
        "start_time": "0:04:28.800000",
        "word": "and"
    },
    {
        "end_time": "0:04:29.900000",
        "speaker_tag": 2,
        "start_time": "0:04:29",
        "word": "silverware"
    },
    {
        "end_time": "0:04:31.100000",
        "speaker_tag": 2,
        "start_time": "0:04:29.900000",
        "word": "and"
    },
    {
        "end_time": "0:04:31.700000",
        "speaker_tag": 2,
        "start_time": "0:04:31.100000",
        "word": "fight"
    },
    {
        "end_time": "0:04:32.400000",
        "speaker_tag": 2,
        "start_time": "0:04:31.700000",
        "word": "or"
    },
    {
        "end_time": "0:04:32.500000",
        "speaker_tag": 2,
        "start_time": "0:04:32.400000",
        "word": "I"
    },
    {
        "end_time": "0:04:32.600000",
        "speaker_tag": 2,
        "start_time": "0:04:32.500000",
        "word": "will"
    },
    {
        "end_time": "0:04:32.900000",
        "speaker_tag": 2,
        "start_time": "0:04:32.600000",
        "word": "talk"
    },
    {
        "end_time": "0:04:33.100000",
        "speaker_tag": 2,
        "start_time": "0:04:32.900000",
        "word": "with"
    },
    {
        "end_time": "0:04:33.200000",
        "speaker_tag": 1,
        "start_time": "0:04:33.100000",
        "word": "the"
    },
    {
        "end_time": "0:04:33.700000",
        "speaker_tag": 1,
        "start_time": "0:04:33.200000",
        "word": "eggs"
    },
    {
        "end_time": "0:04:34.600000",
        "speaker_tag": 1,
        "start_time": "0:04:33.700000",
        "word": "reach"
    },
    {
        "end_time": "0:04:34.800000",
        "speaker_tag": 1,
        "start_time": "0:04:34.600000",
        "word": "while"
    },
    {
        "end_time": "0:04:35",
        "speaker_tag": 1,
        "start_time": "0:04:34.800000",
        "word": "I"
    },
    {
        "end_time": "0:04:36",
        "speaker_tag": 2,
        "start_time": "0:04:35",
        "word": "don't"
    },
    {
        "end_time": "0:04:36.100000",
        "speaker_tag": 2,
        "start_time": "0:04:36",
        "word": "get"
    },
    {
        "end_time": "0:04:36.300000",
        "speaker_tag": 2,
        "start_time": "0:04:36.100000",
        "word": "the"
    },
    {
        "end_time": "0:04:36.600000",
        "speaker_tag": 2,
        "start_time": "0:04:36.300000",
        "word": "food"
    },
    {
        "end_time": "0:04:36.700000",
        "speaker_tag": 2,
        "start_time": "0:04:36.600000",
        "word": "out"
    },
    {
        "end_time": "0:04:36.800000",
        "speaker_tag": 2,
        "start_time": "0:04:36.700000",
        "word": "of"
    },
    {
        "end_time": "0:04:36.800000",
        "speaker_tag": 2,
        "start_time": "0:04:36.800000",
        "word": "the"
    },
    {
        "end_time": "0:04:37",
        "speaker_tag": 2,
        "start_time": "0:04:36.800000",
        "word": "refrigerator"
    },
    {
        "end_time": "0:04:38.200000",
        "speaker_tag": 2,
        "start_time": "0:04:37",
        "word": "and"
    },
    {
        "end_time": "0:04:38.900000",
        "speaker_tag": 2,
        "start_time": "0:04:38.200000",
        "word": "if"
    },
    {
        "end_time": "0:04:39",
        "speaker_tag": 2,
        "start_time": "0:04:38.900000",
        "word": "it"
    },
    {
        "end_time": "0:04:39.200000",
        "speaker_tag": 2,
        "start_time": "0:04:39",
        "word": "cuts"
    },
    {
        "end_time": "0:04:39.400000",
        "speaker_tag": 2,
        "start_time": "0:04:39.200000",
        "word": "out"
    },
    {
        "end_time": "0:04:40.100000",
        "speaker_tag": 1,
        "start_time": "0:04:39.400000",
        "word": "heading"
    },
    {
        "end_time": "0:04:40.400000",
        "speaker_tag": 1,
        "start_time": "0:04:40.100000",
        "word": "for"
    },
    {
        "end_time": "0:04:40.600000",
        "speaker_tag": 1,
        "start_time": "0:04:40.400000",
        "word": "coffee"
    },
    {
        "end_time": "0:04:43.300000",
        "speaker_tag": 1,
        "start_time": "0:04:42.800000",
        "word": "thank"
    },
    {
        "end_time": "0:04:43.500000",
        "speaker_tag": 1,
        "start_time": "0:04:43.300000",
        "word": "you"
    },
    {
        "end_time": "0:04:43.600000",
        "speaker_tag": 1,
        "start_time": "0:04:43.500000",
        "word": "for"
    }
]