[
    {
        "end_time": "0:00:00.600000",
        "speaker_tag": 2,
        "start_time": "0:00:00.200000",
        "word": "the"
    },
    {
        "end_time": "0:00:00.900000",
        "speaker_tag": 2,
        "start_time": "0:00:00.600000",
        "word": "poem"
    },
    {
        "end_time": "0:00:00.900000",
        "speaker_tag": 2,
        "start_time": "0:00:00.900000",
        "word": "about"
    },
    {
        "end_time": "0:00:01.300000",
        "speaker_tag": 1,
        "start_time": "0:00:00.900000",
        "word": "a"
    },
    {
        "end_time": "0:00:01.800000",
        "speaker_tag": 1,
        "start_time": "0:00:01.300000",
        "word": "trip"
    },
    {
        "end_time": "0:00:02",
        "speaker_tag": 1,
        "start_time": "0:00:01.800000",
        "word": "or"
    },
    {
        "end_time": "0:00:02",
        "speaker_tag": 1,
        "start_time": "0:00:02",
        "word": "vacation"
    },
    {
        "end_time": "0:00:02.600000",
        "speaker_tag": 1,
        "start_time": "0:00:02",
        "word": "that"
    },
    {
        "end_time": "0:00:02.900000",
        "speaker_tag": 1,
        "start_time": "0:00:02.600000",
        "word": "you've"
    },
    {
        "end_time": "0:00:03.100000",
        "speaker_tag": 1,
        "start_time": "0:00:02.900000",
        "word": "taken"
    },
    {
        "end_time": "0:00:03.700000",
        "speaker_tag": 1,
        "start_time": "0:00:03.100000",
        "word": "you"
    },
    {
        "end_time": "0:00:03.900000",
        "speaker_tag": 1,
        "start_time": "0:00:03.700000",
        "word": "can"
    },
    {
        "end_time": "0:00:04.300000",
        "speaker_tag": 1,
        "start_time": "0:00:03.900000",
        "word": "provide"
    },
    {
        "end_time": "0:00:04.500000",
        "speaker_tag": 1,
        "start_time": "0:00:04.300000",
        "word": "as"
    },
    {
        "end_time": "0:00:04.800000",
        "speaker_tag": 1,
        "start_time": "0:00:04.500000",
        "word": "many"
    },
    {
        "end_time": "0:00:05.100000",
        "speaker_tag": 1,
        "start_time": "0:00:04.800000",
        "word": "details"
    },
    {
        "end_time": "0:00:05.600000",
        "speaker_tag": 1,
        "start_time": "0:00:05.100000",
        "word": "necessary"
    },
    {
        "end_time": "0:00:06.200000",
        "speaker_tag": 1,
        "start_time": "0:00:05.600000",
        "word": "you"
    },
    {
        "end_time": "0:00:06.500000",
        "speaker_tag": 1,
        "start_time": "0:00:06.200000",
        "word": "have"
    },
    {
        "end_time": "0:00:07",
        "speaker_tag": 1,
        "start_time": "0:00:06.500000",
        "word": "5"
    },
    {
        "end_time": "0:00:07.100000",
        "speaker_tag": 1,
        "start_time": "0:00:07",
        "word": "minutes"
    },
    {
        "end_time": "0:00:13.100000",
        "speaker_tag": 2,
        "start_time": "0:00:12.300000",
        "word": "how"
    },
    {
        "end_time": "0:00:13.300000",
        "speaker_tag": 2,
        "start_time": "0:00:13.100000",
        "word": "are"
    },
    {
        "end_time": "0:00:13.600000",
        "speaker_tag": 2,
        "start_time": "0:00:13.300000",
        "word": "you"
    },
    {
        "end_time": "0:00:15",
        "speaker_tag": 2,
        "start_time": "0:00:14.700000",
        "word": "I"
    },
    {
        "end_time": "0:00:15.200000",
        "speaker_tag": 2,
        "start_time": "0:00:15",
        "word": "went"
    },
    {
        "end_time": "0:00:15.300000",
        "speaker_tag": 2,
        "start_time": "0:00:15.200000",
        "word": "there"
    },
    {
        "end_time": "0:00:15.600000",
        "speaker_tag": 2,
        "start_time": "0:00:15.300000",
        "word": "three"
    },
    {
        "end_time": "0:00:15.900000",
        "speaker_tag": 2,
        "start_time": "0:00:15.600000",
        "word": "times"
    },
    {
        "end_time": "0:00:16.600000",
        "speaker_tag": 2,
        "start_time": "0:00:15.900000",
        "word": "Hawaiian"
    },
    {
        "end_time": "0:00:16.900000",
        "speaker_tag": 2,
        "start_time": "0:00:16.600000",
        "word": "three"
    },
    {
        "end_time": "0:00:17.400000",
        "speaker_tag": 2,
        "start_time": "0:00:16.900000",
        "word": "times"
    },
    {
        "end_time": "0:00:19.100000",
        "speaker_tag": 2,
        "start_time": "0:00:18.400000",
        "word": "what"
    },
    {
        "end_time": "0:00:19.200000",
        "speaker_tag": 2,
        "start_time": "0:00:19.100000",
        "word": "were"
    },
    {
        "end_time": "0:00:19.300000",
        "speaker_tag": 2,
        "start_time": "0:00:19.200000",
        "word": "the"
    },
    {
        "end_time": "0:00:19.500000",
        "speaker_tag": 2,
        "start_time": "0:00:19.300000",
        "word": "radio"
    },
    {
        "end_time": "0:00:20.200000",
        "speaker_tag": 2,
        "start_time": "0:00:19.500000",
        "word": "station"
    },
    {
        "end_time": "0:00:38.100000",
        "speaker_tag": 2,
        "start_time": "0:00:35.400000",
        "word": "batala"
    },
    {
        "end_time": "0:00:54.600000",
        "speaker_tag": 1,
        "start_time": "0:00:53.800000",
        "word": "please"
    },
    {
        "end_time": "0:00:54.800000",
        "speaker_tag": 1,
        "start_time": "0:00:54.600000",
        "word": "explain"
    },
    {
        "end_time": "0:00:55.100000",
        "speaker_tag": 1,
        "start_time": "0:00:54.800000",
        "word": "how"
    },
    {
        "end_time": "0:00:55.200000",
        "speaker_tag": 1,
        "start_time": "0:00:55.100000",
        "word": "you"
    },
    {
        "end_time": "0:00:55.400000",
        "speaker_tag": 1,
        "start_time": "0:00:55.200000",
        "word": "make"
    },
    {
        "end_time": "0:00:55.500000",
        "speaker_tag": 1,
        "start_time": "0:00:55.400000",
        "word": "the"
    },
    {
        "end_time": "0:00:55.800000",
        "speaker_tag": 1,
        "start_time": "0:00:55.500000",
        "word": "following"
    },
    {
        "end_time": "0:00:56.200000",
        "speaker_tag": 1,
        "start_time": "0:00:55.800000",
        "word": "meal"
    },
    {
        "end_time": "0:00:57.200000",
        "speaker_tag": 1,
        "start_time": "0:00:56.200000",
        "word": "step-by-step"
    },
    {
        "end_time": "0:00:58.100000",
        "speaker_tag": 1,
        "start_time": "0:00:57.200000",
        "word": "a"
    },
    {
        "end_time": "0:00:58.400000",
        "speaker_tag": 1,
        "start_time": "0:00:58.100000",
        "word": "cup"
    },
    {
        "end_time": "0:00:58.500000",
        "speaker_tag": 1,
        "start_time": "0:00:58.400000",
        "word": "of"
    },
    {
        "end_time": "0:00:58.800000",
        "speaker_tag": 1,
        "start_time": "0:00:58.500000",
        "word": "coffee"
    },
    {
        "end_time": "0:01:01.200000",
        "speaker_tag": 1,
        "start_time": "0:01:00.400000",
        "word": "scrambled"
    },
    {
        "end_time": "0:01:01.500000",
        "speaker_tag": 1,
        "start_time": "0:01:01.200000",
        "word": "eggs"
    },
    {
        "end_time": "0:01:04.800000",
        "speaker_tag": 1,
        "start_time": "0:01:01.500000",
        "word": "how"
    },
    {
        "end_time": "0:01:04.900000",
        "speaker_tag": 1,
        "start_time": "0:01:04.800000",
        "word": "would"
    },
    {
        "end_time": "0:01:05.100000",
        "speaker_tag": 1,
        "start_time": "0:01:04.900000",
        "word": "you"
    },
    {
        "end_time": "0:01:05.200000",
        "speaker_tag": 1,
        "start_time": "0:01:05.100000",
        "word": "make"
    },
    {
        "end_time": "0:01:05.400000",
        "speaker_tag": 1,
        "start_time": "0:01:05.200000",
        "word": "the"
    },
    {
        "end_time": "0:01:05.700000",
        "speaker_tag": 1,
        "start_time": "0:01:05.400000",
        "word": "following"
    },
    {
        "end_time": "0:01:06",
        "speaker_tag": 1,
        "start_time": "0:01:05.700000",
        "word": "you"
    },
    {
        "end_time": "0:01:07.700000",
        "speaker_tag": 1,
        "start_time": "0:01:07.400000",
        "word": "a"
    },
    {
        "end_time": "0:01:08.200000",
        "speaker_tag": 1,
        "start_time": "0:01:07.700000",
        "word": "step-by-step"
    },
    {
        "end_time": "0:01:09.400000",
        "speaker_tag": 1,
        "start_time": "0:01:08.200000",
        "word": "a"
    },
    {
        "end_time": "0:01:09.700000",
        "speaker_tag": 1,
        "start_time": "0:01:09.400000",
        "word": "cup"
    },
    {
        "end_time": "0:01:09.800000",
        "speaker_tag": 1,
        "start_time": "0:01:09.700000",
        "word": "of"
    },
    {
        "end_time": "0:01:10",
        "speaker_tag": 1,
        "start_time": "0:01:09.800000",
        "word": "coffee"
    },
    {
        "end_time": "0:01:12.500000",
        "speaker_tag": 2,
        "start_time": "0:01:10",
        "word": "grandpa"
    },
    {
        "end_time": "0:01:12.700000",
        "speaker_tag": 2,
        "start_time": "0:01:12.500000",
        "word": "day"
    },
    {
        "end_time": "0:01:14.600000",
        "speaker_tag": 1,
        "start_time": "0:01:12.700000",
        "word": "and"
    },
    {
        "end_time": "0:01:16",
        "speaker_tag": 1,
        "start_time": "0:01:14.600000",
        "word": "then"
    },
    {
        "end_time": "0:01:16.300000",
        "speaker_tag": 1,
        "start_time": "0:01:16",
        "word": "pretend"
    },
    {
        "end_time": "0:01:16.400000",
        "speaker_tag": 1,
        "start_time": "0:01:16.300000",
        "word": "I"
    },
    {
        "end_time": "0:01:16.600000",
        "speaker_tag": 1,
        "start_time": "0:01:16.400000",
        "word": "don't"
    },
    {
        "end_time": "0:01:16.800000",
        "speaker_tag": 1,
        "start_time": "0:01:16.600000",
        "word": "know"
    },
    {
        "end_time": "0:01:16.800000",
        "speaker_tag": 1,
        "start_time": "0:01:16.800000",
        "word": "how"
    },
    {
        "end_time": "0:01:16.900000",
        "speaker_tag": 1,
        "start_time": "0:01:16.800000",
        "word": "to"
    },
    {
        "end_time": "0:01:17.100000",
        "speaker_tag": 1,
        "start_time": "0:01:16.900000",
        "word": "make"
    },
    {
        "end_time": "0:01:17.200000",
        "speaker_tag": 1,
        "start_time": "0:01:17.100000",
        "word": "the"
    },
    {
        "end_time": "0:01:17.500000",
        "speaker_tag": 1,
        "start_time": "0:01:17.200000",
        "word": "meal"
    },
    {
        "end_time": "0:01:18.300000",
        "speaker_tag": 1,
        "start_time": "0:01:17.500000",
        "word": "and"
    },
    {
        "end_time": "0:01:18.800000",
        "speaker_tag": 1,
        "start_time": "0:01:18.300000",
        "word": "provide"
    },
    {
        "end_time": "0:01:19.300000",
        "speaker_tag": 1,
        "start_time": "0:01:18.800000",
        "word": "details"
    },
    {
        "end_time": "0:01:20.300000",
        "speaker_tag": 1,
        "start_time": "0:01:19.300000",
        "word": "are"
    },
    {
        "end_time": "0:01:20.600000",
        "speaker_tag": 1,
        "start_time": "0:01:20.300000",
        "word": "five"
    },
    {
        "end_time": "0:01:20.900000",
        "speaker_tag": 1,
        "start_time": "0:01:20.600000",
        "word": "minutes"
    },
    {
        "end_time": "0:01:21",
        "speaker_tag": 1,
        "start_time": "0:01:20.900000",
        "word": "to"
    },
    {
        "end_time": "0:01:21.600000",
        "speaker_tag": 1,
        "start_time": "0:01:21",
        "word": "explain."
    },
    {
        "end_time": "0:01:28.600000",
        "speaker_tag": 2,
        "start_time": "0:01:28.200000",
        "word": "Foot"
    },
    {
        "end_time": "0:01:29.600000",
        "speaker_tag": 2,
        "start_time": "0:01:28.600000",
        "word": "Locker"
    },
    {
        "end_time": "0:01:30",
        "speaker_tag": 2,
        "start_time": "0:01:29.600000",
        "word": "spot"
    },
    {
        "end_time": "0:01:37.800000",
        "speaker_tag": 1,
        "start_time": "0:01:36.700000",
        "word": "scrambled"
    },
    {
        "end_time": "0:01:38.100000",
        "speaker_tag": 1,
        "start_time": "0:01:37.800000",
        "word": "eggs"
    },
    {
        "end_time": "0:01:40.900000",
        "speaker_tag": 1,
        "start_time": "0:01:38.100000",
        "word": "and"
    },
    {
        "end_time": "0:01:48.100000",
        "speaker_tag": 2,
        "start_time": "0:01:46.500000",
        "word": "fruit"
    }
]