[
    {
        "end_time": "0:00:01.900000",
        "speaker_tag": 2,
        "start_time": "0:00:01.300000",
        "word": "I"
    },
    {
        "end_time": "0:00:02.200000",
        "speaker_tag": 2,
        "start_time": "0:00:01.900000",
        "word": "want"
    },
    {
        "end_time": "0:00:02.300000",
        "speaker_tag": 2,
        "start_time": "0:00:02.200000",
        "word": "you"
    },
    {
        "end_time": "0:00:02.700000",
        "speaker_tag": 2,
        "start_time": "0:00:02.300000",
        "word": "to"
    },
    {
        "end_time": "0:00:03.300000",
        "speaker_tag": 2,
        "start_time": "0:00:02.700000",
        "word": "tell"
    },
    {
        "end_time": "0:00:03.400000",
        "speaker_tag": 2,
        "start_time": "0:00:03.300000",
        "word": "me"
    },
    {
        "end_time": "0:00:03.900000",
        "speaker_tag": 2,
        "start_time": "0:00:03.400000",
        "word": "about"
    },
    {
        "end_time": "0:00:04.200000",
        "speaker_tag": 2,
        "start_time": "0:00:03.900000",
        "word": "a"
    },
    {
        "end_time": "0:00:04.700000",
        "speaker_tag": 2,
        "start_time": "0:00:04.200000",
        "word": "trip"
    },
    {
        "end_time": "0:00:05",
        "speaker_tag": 2,
        "start_time": "0:00:04.700000",
        "word": "or"
    },
    {
        "end_time": "0:00:05.100000",
        "speaker_tag": 2,
        "start_time": "0:00:05",
        "word": "vacation"
    },
    {
        "end_time": "0:00:05.800000",
        "speaker_tag": 2,
        "start_time": "0:00:05.100000",
        "word": "that"
    },
    {
        "end_time": "0:00:06.100000",
        "speaker_tag": 2,
        "start_time": "0:00:05.800000",
        "word": "you've"
    },
    {
        "end_time": "0:00:06.400000",
        "speaker_tag": 2,
        "start_time": "0:00:06.100000",
        "word": "taken"
    },
    {
        "end_time": "0:00:07.600000",
        "speaker_tag": 2,
        "start_time": "0:00:06.400000",
        "word": "and"
    },
    {
        "end_time": "0:00:07.800000",
        "speaker_tag": 2,
        "start_time": "0:00:07.600000",
        "word": "you"
    },
    {
        "end_time": "0:00:07.900000",
        "speaker_tag": 2,
        "start_time": "0:00:07.800000",
        "word": "can"
    },
    {
        "end_time": "0:00:08.200000",
        "speaker_tag": 2,
        "start_time": "0:00:07.900000",
        "word": "provide"
    },
    {
        "end_time": "0:00:08.500000",
        "speaker_tag": 2,
        "start_time": "0:00:08.200000",
        "word": "as"
    },
    {
        "end_time": "0:00:08.900000",
        "speaker_tag": 2,
        "start_time": "0:00:08.500000",
        "word": "many"
    },
    {
        "end_time": "0:00:09.200000",
        "speaker_tag": 2,
        "start_time": "0:00:08.900000",
        "word": "details"
    },
    {
        "end_time": "0:00:09.600000",
        "speaker_tag": 2,
        "start_time": "0:00:09.200000",
        "word": "as"
    },
    {
        "end_time": "0:00:10.400000",
        "speaker_tag": 2,
        "start_time": "0:00:09.600000",
        "word": "necessary"
    },
    {
        "end_time": "0:00:10.900000",
        "speaker_tag": 2,
        "start_time": "0:00:10.400000",
        "word": "and"
    },
    {
        "end_time": "0:00:11",
        "speaker_tag": 2,
        "start_time": "0:00:10.900000",
        "word": "I'll"
    },
    {
        "end_time": "0:00:11.200000",
        "speaker_tag": 2,
        "start_time": "0:00:11",
        "word": "tell"
    },
    {
        "end_time": "0:00:11.400000",
        "speaker_tag": 2,
        "start_time": "0:00:11.200000",
        "word": "you"
    },
    {
        "end_time": "0:00:11.500000",
        "speaker_tag": 2,
        "start_time": "0:00:11.400000",
        "word": "when"
    },
    {
        "end_time": "0:00:11.600000",
        "speaker_tag": 2,
        "start_time": "0:00:11.500000",
        "word": "to"
    },
    {
        "end_time": "0:00:11.700000",
        "speaker_tag": 2,
        "start_time": "0:00:11.600000",
        "word": "stop"
    },
    {
        "end_time": "0:00:13.400000",
        "speaker_tag": 2,
        "start_time": "0:00:11.700000",
        "word": "and"
    },
    {
        "end_time": "0:00:13.600000",
        "speaker_tag": 2,
        "start_time": "0:00:13.400000",
        "word": "whenever"
    },
    {
        "end_time": "0:00:13.800000",
        "speaker_tag": 2,
        "start_time": "0:00:13.600000",
        "word": "you"
    },
    {
        "end_time": "0:00:13.800000",
        "speaker_tag": 2,
        "start_time": "0:00:13.800000",
        "word": "want"
    },
    {
        "end_time": "0:00:13.900000",
        "speaker_tag": 2,
        "start_time": "0:00:13.800000",
        "word": "to"
    },
    {
        "end_time": "0:00:14.100000",
        "speaker_tag": 2,
        "start_time": "0:00:13.900000",
        "word": "begin"
    },
    {
        "end_time": "0:00:19.400000",
        "speaker_tag": 2,
        "start_time": "0:00:14.100000",
        "word": "probably"
    },
    {
        "end_time": "0:00:20",
        "speaker_tag": 2,
        "start_time": "0:00:19.400000",
        "word": "last"
    },
    {
        "end_time": "0:00:20.200000",
        "speaker_tag": 2,
        "start_time": "0:00:20",
        "word": "year"
    },
    {
        "end_time": "0:00:20.400000",
        "speaker_tag": 2,
        "start_time": "0:00:20.200000",
        "word": "with"
    },
    {
        "end_time": "0:00:20.500000",
        "speaker_tag": 2,
        "start_time": "0:00:20.400000",
        "word": "the"
    },
    {
        "end_time": "0:00:22.700000",
        "speaker_tag": 2,
        "start_time": "0:00:20.500000",
        "word": "most"
    },
    {
        "end_time": "0:00:23.200000",
        "speaker_tag": 2,
        "start_time": "0:00:22.700000",
        "word": "recent"
    },
    {
        "end_time": "0:00:25.600000",
        "speaker_tag": 2,
        "start_time": "0:00:25.200000",
        "word": "we"
    },
    {
        "end_time": "0:00:25.900000",
        "speaker_tag": 2,
        "start_time": "0:00:25.600000",
        "word": "went"
    },
    {
        "end_time": "0:00:26",
        "speaker_tag": 2,
        "start_time": "0:00:25.900000",
        "word": "to"
    },
    {
        "end_time": "0:00:26.500000",
        "speaker_tag": 2,
        "start_time": "0:00:26",
        "word": "Gulf"
    },
    {
        "end_time": "0:00:26.900000",
        "speaker_tag": 2,
        "start_time": "0:00:26.500000",
        "word": "Shore"
    },
    {
        "end_time": "0:00:27.300000",
        "speaker_tag": 2,
        "start_time": "0:00:26.900000",
        "word": "to"
    },
    {
        "end_time": "0:00:27.300000",
        "speaker_tag": 2,
        "start_time": "0:00:27.300000",
        "word": "the"
    },
    {
        "end_time": "0:00:27.900000",
        "speaker_tag": 2,
        "start_time": "0:00:27.300000",
        "word": "beach"
    },
    {
        "end_time": "0:00:29.200000",
        "speaker_tag": 2,
        "start_time": "0:00:27.900000",
        "word": "and"
    },
    {
        "end_time": "0:00:29.700000",
        "speaker_tag": 2,
        "start_time": "0:00:29.200000",
        "word": "the"
    },
    {
        "end_time": "0:00:29.900000",
        "speaker_tag": 2,
        "start_time": "0:00:29.700000",
        "word": "whole"
    },
    {
        "end_time": "0:00:30.300000",
        "speaker_tag": 2,
        "start_time": "0:00:29.900000",
        "word": "family"
    },
    {
        "end_time": "0:00:30.900000",
        "speaker_tag": 2,
        "start_time": "0:00:30.300000",
        "word": "will"
    },
    {
        "end_time": "0:00:31.200000",
        "speaker_tag": 2,
        "start_time": "0:00:30.900000",
        "word": "not"
    },
    {
        "end_time": "0:00:31.500000",
        "speaker_tag": 2,
        "start_time": "0:00:31.200000",
        "word": "the"
    },
    {
        "end_time": "0:00:31.700000",
        "speaker_tag": 2,
        "start_time": "0:00:31.500000",
        "word": "whole"
    },
    {
        "end_time": "0:00:32.100000",
        "speaker_tag": 2,
        "start_time": "0:00:31.700000",
        "word": "family"
    },
    {
        "end_time": "0:00:32.200000",
        "speaker_tag": 2,
        "start_time": "0:00:32.100000",
        "word": "or"
    },
    {
        "end_time": "0:00:32.700000",
        "speaker_tag": 2,
        "start_time": "0:00:32.200000",
        "word": "couple"
    },
    {
        "end_time": "0:00:33",
        "speaker_tag": 2,
        "start_time": "0:00:32.700000",
        "word": "missing"
    },
    {
        "end_time": "0:00:33.400000",
        "speaker_tag": 2,
        "start_time": "0:00:33",
        "word": "but"
    },
    {
        "end_time": "0:00:34.100000",
        "speaker_tag": 2,
        "start_time": "0:00:33.400000",
        "word": "most"
    },
    {
        "end_time": "0:00:34.200000",
        "speaker_tag": 2,
        "start_time": "0:00:34.100000",
        "word": "of"
    },
    {
        "end_time": "0:00:34.300000",
        "speaker_tag": 2,
        "start_time": "0:00:34.200000",
        "word": "us"
    },
    {
        "end_time": "0:00:34.700000",
        "speaker_tag": 2,
        "start_time": "0:00:34.300000",
        "word": "were"
    },
    {
        "end_time": "0:00:35.200000",
        "speaker_tag": 2,
        "start_time": "0:00:34.700000",
        "word": "together"
    },
    {
        "end_time": "0:00:36.300000",
        "speaker_tag": 2,
        "start_time": "0:00:35.200000",
        "word": "the"
    },
    {
        "end_time": "0:00:36.900000",
        "speaker_tag": 2,
        "start_time": "0:00:36.300000",
        "word": "wonderful"
    },
    {
        "end_time": "0:00:37.200000",
        "speaker_tag": 2,
        "start_time": "0:00:36.900000",
        "word": "time"
    },
    {
        "end_time": "0:00:37.200000",
        "speaker_tag": 2,
        "start_time": "0:00:37.200000",
        "word": "we"
    },
    {
        "end_time": "0:00:38.400000",
        "speaker_tag": 2,
        "start_time": "0:00:37.200000",
        "word": "had"
    },
    {
        "end_time": "0:00:39.400000",
        "speaker_tag": 2,
        "start_time": "0:00:38.400000",
        "word": "a"
    },
    {
        "end_time": "0:00:39.500000",
        "speaker_tag": 2,
        "start_time": "0:00:39.400000",
        "word": "beautiful"
    },
    {
        "end_time": "0:00:41.500000",
        "speaker_tag": 2,
        "start_time": "0:00:39.500000",
        "word": "home"
    },
    {
        "end_time": "0:00:42.300000",
        "speaker_tag": 2,
        "start_time": "0:00:41.500000",
        "word": "that"
    },
    {
        "end_time": "0:00:42.500000",
        "speaker_tag": 2,
        "start_time": "0:00:42.300000",
        "word": "they"
    },
    {
        "end_time": "0:00:43.600000",
        "speaker_tag": 2,
        "start_time": "0:00:42.500000",
        "word": "rented"
    },
    {
        "end_time": "0:00:45.200000",
        "speaker_tag": 2,
        "start_time": "0:00:43.600000",
        "word": "and"
    },
    {
        "end_time": "0:00:46.300000",
        "speaker_tag": 2,
        "start_time": "0:00:45.200000",
        "word": "I"
    },
    {
        "end_time": "0:00:46.500000",
        "speaker_tag": 2,
        "start_time": "0:00:46.300000",
        "word": "was"
    },
    {
        "end_time": "0:00:46.800000",
        "speaker_tag": 2,
        "start_time": "0:00:46.500000",
        "word": "with"
    },
    {
        "end_time": "0:00:47",
        "speaker_tag": 2,
        "start_time": "0:00:46.800000",
        "word": "my"
    },
    {
        "end_time": "0:00:48.500000",
        "speaker_tag": 2,
        "start_time": "0:00:47",
        "word": "great-grandchildren"
    },
    {
        "end_time": "0:00:50.100000",
        "speaker_tag": 2,
        "start_time": "0:00:48.500000",
        "word": "was"
    },
    {
        "end_time": "0:00:50.400000",
        "speaker_tag": 2,
        "start_time": "0:00:50.100000",
        "word": "very"
    },
    {
        "end_time": "0:00:51.200000",
        "speaker_tag": 2,
        "start_time": "0:00:50.400000",
        "word": "interesting"
    },
    {
        "end_time": "0:00:51.500000",
        "speaker_tag": 2,
        "start_time": "0:00:51.200000",
        "word": "and"
    },
    {
        "end_time": "0:00:52.800000",
        "speaker_tag": 2,
        "start_time": "0:00:51.500000",
        "word": "very"
    },
    {
        "end_time": "0:00:53.300000",
        "speaker_tag": 2,
        "start_time": "0:00:52.800000",
        "word": "noisy"
    },
    {
        "end_time": "0:00:53.500000",
        "speaker_tag": 2,
        "start_time": "0:00:53.300000",
        "word": "but"
    },
    {
        "end_time": "0:00:53.800000",
        "speaker_tag": 2,
        "start_time": "0:00:53.500000",
        "word": "very"
    },
    {
        "end_time": "0:00:54.300000",
        "speaker_tag": 2,
        "start_time": "0:00:53.800000",
        "word": "beautiful"
    },
    {
        "end_time": "0:00:56",
        "speaker_tag": 1,
        "start_time": "0:00:55.300000",
        "word": "and"
    },
    {
        "end_time": "0:00:56.300000",
        "speaker_tag": 2,
        "start_time": "0:00:56",
        "word": "no"
    },
    {
        "end_time": "0:00:58.400000",
        "speaker_tag": 2,
        "start_time": "0:00:58",
        "word": "did"
    },
    {
        "end_time": "0:00:58.500000",
        "speaker_tag": 2,
        "start_time": "0:00:58.400000",
        "word": "the"
    },
    {
        "end_time": "0:00:58.800000",
        "speaker_tag": 2,
        "start_time": "0:00:58.500000",
        "word": "place"
    },
    {
        "end_time": "0:00:59.100000",
        "speaker_tag": 2,
        "start_time": "0:00:58.800000",
        "word": "was"
    },
    {
        "end_time": "0:01:00.200000",
        "speaker_tag": 2,
        "start_time": "0:00:59.100000",
        "word": "lovely"
    },
    {
        "end_time": "0:01:02.600000",
        "speaker_tag": 2,
        "start_time": "0:01:01.800000",
        "word": "and"
    },
    {
        "end_time": "0:01:04.500000",
        "speaker_tag": 2,
        "start_time": "0:01:02.600000",
        "word": "place"
    },
    {
        "end_time": "0:01:04.600000",
        "speaker_tag": 2,
        "start_time": "0:01:04.500000",
        "word": "was"
    },
    {
        "end_time": "0:01:05.100000",
        "speaker_tag": 2,
        "start_time": "0:01:04.600000",
        "word": "lovely"
    },
    {
        "end_time": "0:01:05.300000",
        "speaker_tag": 2,
        "start_time": "0:01:05.100000",
        "word": "we"
    },
    {
        "end_time": "0:01:05.500000",
        "speaker_tag": 2,
        "start_time": "0:01:05.300000",
        "word": "had"
    },
    {
        "end_time": "0:01:05.500000",
        "speaker_tag": 2,
        "start_time": "0:01:05.500000",
        "word": "a"
    },
    {
        "end_time": "0:01:05.700000",
        "speaker_tag": 2,
        "start_time": "0:01:05.500000",
        "word": "good"
    },
    {
        "end_time": "0:01:06.100000",
        "speaker_tag": 2,
        "start_time": "0:01:05.700000",
        "word": "time"
    },
    {
        "end_time": "0:01:07.700000",
        "speaker_tag": 2,
        "start_time": "0:01:07.300000",
        "word": "do"
    },
    {
        "end_time": "0:01:07.900000",
        "speaker_tag": 2,
        "start_time": "0:01:07.700000",
        "word": "I"
    },
    {
        "end_time": "0:01:08.100000",
        "speaker_tag": 2,
        "start_time": "0:01:07.900000",
        "word": "know"
    },
    {
        "end_time": "0:01:10.300000",
        "speaker_tag": 2,
        "start_time": "0:01:08.100000",
        "word": "lights"
    },
    {
        "end_time": "0:01:10.800000",
        "speaker_tag": 2,
        "start_time": "0:01:10.300000",
        "word": "are"
    },
    {
        "end_time": "0:01:13",
        "speaker_tag": 2,
        "start_time": "0:01:12.500000",
        "word": "things"
    },
    {
        "end_time": "0:01:13.200000",
        "speaker_tag": 2,
        "start_time": "0:01:13",
        "word": "like"
    },
    {
        "end_time": "0:01:13.500000",
        "speaker_tag": 2,
        "start_time": "0:01:13.200000",
        "word": "that"
    },
    {
        "end_time": "0:01:14.900000",
        "speaker_tag": 2,
        "start_time": "0:01:13.500000",
        "word": "except"
    },
    {
        "end_time": "0:01:15.700000",
        "speaker_tag": 2,
        "start_time": "0:01:14.900000",
        "word": "once"
    },
    {
        "end_time": "0:01:15.800000",
        "speaker_tag": 2,
        "start_time": "0:01:15.700000",
        "word": "in"
    },
    {
        "end_time": "0:01:15.900000",
        "speaker_tag": 2,
        "start_time": "0:01:15.800000",
        "word": "awhile"
    },
    {
        "end_time": "0:01:16.100000",
        "speaker_tag": 2,
        "start_time": "0:01:15.900000",
        "word": "to"
    },
    {
        "end_time": "0:01:16.600000",
        "speaker_tag": 2,
        "start_time": "0:01:16.100000",
        "word": "children"
    },
    {
        "end_time": "0:01:16.800000",
        "speaker_tag": 2,
        "start_time": "0:01:16.600000",
        "word": "would"
    },
    {
        "end_time": "0:01:16.900000",
        "speaker_tag": 2,
        "start_time": "0:01:16.800000",
        "word": "not"
    },
    {
        "end_time": "0:01:17.900000",
        "speaker_tag": 2,
        "start_time": "0:01:16.900000",
        "word": "behave"
    },
    {
        "end_time": "0:01:18.200000",
        "speaker_tag": 2,
        "start_time": "0:01:17.900000",
        "word": "too"
    },
    {
        "end_time": "0:01:18.400000",
        "speaker_tag": 2,
        "start_time": "0:01:18.200000",
        "word": "well"
    },
    {
        "end_time": "0:01:20.500000",
        "speaker_tag": 2,
        "start_time": "0:01:19.700000",
        "word": "and"
    },
    {
        "end_time": "0:01:22.500000",
        "speaker_tag": 2,
        "start_time": "0:01:22",
        "word": "we"
    },
    {
        "end_time": "0:01:23.200000",
        "speaker_tag": 2,
        "start_time": "0:01:22.500000",
        "word": "had"
    },
    {
        "end_time": "0:01:23.700000",
        "speaker_tag": 2,
        "start_time": "0:01:23.200000",
        "word": "dumb"
    },
    {
        "end_time": "0:01:25.200000",
        "speaker_tag": 2,
        "start_time": "0:01:24.800000",
        "word": "we"
    },
    {
        "end_time": "0:01:25.400000",
        "speaker_tag": 2,
        "start_time": "0:01:25.200000",
        "word": "had"
    },
    {
        "end_time": "0:01:25.600000",
        "speaker_tag": 2,
        "start_time": "0:01:25.400000",
        "word": "good"
    },
    {
        "end_time": "0:01:25.900000",
        "speaker_tag": 2,
        "start_time": "0:01:25.600000",
        "word": "food"
    },
    {
        "end_time": "0:01:28.700000",
        "speaker_tag": 2,
        "start_time": "0:01:25.900000",
        "word": "I"
    },
    {
        "end_time": "0:01:28.900000",
        "speaker_tag": 2,
        "start_time": "0:01:28.700000",
        "word": "mean"
    },
    {
        "end_time": "0:01:29.100000",
        "speaker_tag": 2,
        "start_time": "0:01:28.900000",
        "word": "it"
    },
    {
        "end_time": "0:01:29.200000",
        "speaker_tag": 2,
        "start_time": "0:01:29.100000",
        "word": "was"
    },
    {
        "end_time": "0:01:29.500000",
        "speaker_tag": 2,
        "start_time": "0:01:29.200000",
        "word": "it"
    },
    {
        "end_time": "0:01:29.700000",
        "speaker_tag": 2,
        "start_time": "0:01:29.500000",
        "word": "was"
    },
    {
        "end_time": "0:01:30.900000",
        "speaker_tag": 2,
        "start_time": "0:01:29.700000",
        "word": "picnic-style"
    },
    {
        "end_time": "0:01:31.500000",
        "speaker_tag": 2,
        "start_time": "0:01:30.900000",
        "word": "food"
    },
    {
        "end_time": "0:01:31.700000",
        "speaker_tag": 2,
        "start_time": "0:01:31.500000",
        "word": "but"
    },
    {
        "end_time": "0:01:33",
        "speaker_tag": 2,
        "start_time": "0:01:31.700000",
        "word": "it"
    },
    {
        "end_time": "0:01:33.300000",
        "speaker_tag": 2,
        "start_time": "0:01:33",
        "word": "was"
    },
    {
        "end_time": "0:01:33.500000",
        "speaker_tag": 2,
        "start_time": "0:01:33.300000",
        "word": "good"
    },
    {
        "end_time": "0:01:33.900000",
        "speaker_tag": 2,
        "start_time": "0:01:33.500000",
        "word": "and"
    },
    {
        "end_time": "0:01:34",
        "speaker_tag": 2,
        "start_time": "0:01:33.900000",
        "word": "we"
    },
    {
        "end_time": "0:01:34.200000",
        "speaker_tag": 2,
        "start_time": "0:01:34",
        "word": "were"
    },
    {
        "end_time": "0:01:34.500000",
        "speaker_tag": 2,
        "start_time": "0:01:34.200000",
        "word": "hungry"
    },
    {
        "end_time": "0:01:35",
        "speaker_tag": 2,
        "start_time": "0:01:34.500000",
        "word": "after"
    },
    {
        "end_time": "0:01:35.500000",
        "speaker_tag": 2,
        "start_time": "0:01:35",
        "word": "going"
    },
    {
        "end_time": "0:01:35.500000",
        "speaker_tag": 2,
        "start_time": "0:01:35.500000",
        "word": "in"
    },
    {
        "end_time": "0:01:35.700000",
        "speaker_tag": 2,
        "start_time": "0:01:35.500000",
        "word": "the"
    },
    {
        "end_time": "0:01:35.800000",
        "speaker_tag": 2,
        "start_time": "0:01:35.700000",
        "word": "water"
    },
    {
        "end_time": "0:01:36.300000",
        "speaker_tag": 2,
        "start_time": "0:01:35.800000",
        "word": "and"
    },
    {
        "end_time": "0:01:38.100000",
        "speaker_tag": 2,
        "start_time": "0:01:37.400000",
        "word": "it"
    },
    {
        "end_time": "0:01:38.400000",
        "speaker_tag": 2,
        "start_time": "0:01:38.100000",
        "word": "was"
    },
    {
        "end_time": "0:01:38.600000",
        "speaker_tag": 2,
        "start_time": "0:01:38.400000",
        "word": "just"
    },
    {
        "end_time": "0:01:38.700000",
        "speaker_tag": 2,
        "start_time": "0:01:38.600000",
        "word": "a"
    },
    {
        "end_time": "0:01:38.700000",
        "speaker_tag": 2,
        "start_time": "0:01:38.700000",
        "word": "very"
    },
    {
        "end_time": "0:01:39.500000",
        "speaker_tag": 2,
        "start_time": "0:01:38.700000",
        "word": "enjoyable"
    },
    {
        "end_time": "0:01:40.300000",
        "speaker_tag": 2,
        "start_time": "0:01:39.500000",
        "word": "time"
    },
    {
        "end_time": "0:01:41.600000",
        "speaker_tag": 2,
        "start_time": "0:01:40.300000",
        "word": "and"
    },
    {
        "end_time": "0:01:42.500000",
        "speaker_tag": 2,
        "start_time": "0:01:41.600000",
        "word": "we"
    },
    {
        "end_time": "0:01:42.900000",
        "speaker_tag": 2,
        "start_time": "0:01:42.500000",
        "word": "got"
    },
    {
        "end_time": "0:01:43.100000",
        "speaker_tag": 2,
        "start_time": "0:01:42.900000",
        "word": "to"
    },
    {
        "end_time": "0:01:43.200000",
        "speaker_tag": 2,
        "start_time": "0:01:43.100000",
        "word": "see"
    },
    {
        "end_time": "0:01:43.800000",
        "speaker_tag": 2,
        "start_time": "0:01:43.200000",
        "word": "God's"
    },
    {
        "end_time": "0:01:44.600000",
        "speaker_tag": 2,
        "start_time": "0:01:43.800000",
        "word": "creation"
    },
    {
        "end_time": "0:01:44.800000",
        "speaker_tag": 2,
        "start_time": "0:01:44.600000",
        "word": "and"
    },
    {
        "end_time": "0:01:46.800000",
        "speaker_tag": 2,
        "start_time": "0:01:45.900000",
        "word": "and"
    },
    {
        "end_time": "0:01:47.700000",
        "speaker_tag": 2,
        "start_time": "0:01:46.800000",
        "word": "enjoy"
    },
    {
        "end_time": "0:01:48.400000",
        "speaker_tag": 2,
        "start_time": "0:01:47.700000",
        "word": "it"
    },
    {
        "end_time": "0:01:48.700000",
        "speaker_tag": 2,
        "start_time": "0:01:48.400000",
        "word": "and"
    },
    {
        "end_time": "0:01:49.800000",
        "speaker_tag": 2,
        "start_time": "0:01:48.700000",
        "word": "just"
    },
    {
        "end_time": "0:01:50.200000",
        "speaker_tag": 2,
        "start_time": "0:01:49.800000",
        "word": "see"
    },
    {
        "end_time": "0:01:50.400000",
        "speaker_tag": 2,
        "start_time": "0:01:50.200000",
        "word": "the"
    },
    {
        "end_time": "0:01:51.100000",
        "speaker_tag": 2,
        "start_time": "0:01:50.400000",
        "word": "sunsets"
    },
    {
        "end_time": "0:01:51.300000",
        "speaker_tag": 2,
        "start_time": "0:01:51.100000",
        "word": "and"
    },
    {
        "end_time": "0:01:52.100000",
        "speaker_tag": 2,
        "start_time": "0:01:51.300000",
        "word": "sunrises"
    },
    {
        "end_time": "0:01:55.500000",
        "speaker_tag": 2,
        "start_time": "0:01:54.600000",
        "word": "I"
    },
    {
        "end_time": "0:01:55.700000",
        "speaker_tag": 2,
        "start_time": "0:01:55.500000",
        "word": "guess"
    },
    {
        "end_time": "0:01:55.900000",
        "speaker_tag": 2,
        "start_time": "0:01:55.700000",
        "word": "that's"
    },
    {
        "end_time": "0:01:56.400000",
        "speaker_tag": 2,
        "start_time": "0:01:55.900000",
        "word": "okay"
    },
    {
        "end_time": "0:01:58.300000",
        "speaker_tag": 2,
        "start_time": "0:01:57.600000",
        "word": "crate"
    },
    {
        "end_time": "0:01:58.700000",
        "speaker_tag": 2,
        "start_time": "0:01:58.300000",
        "word": "and"
    },
    {
        "end_time": "0:01:58.700000",
        "speaker_tag": 2,
        "start_time": "0:01:58.700000",
        "word": "I"
    },
    {
        "end_time": "0:01:59.100000",
        "speaker_tag": 2,
        "start_time": "0:01:58.700000",
        "word": "have"
    },
    {
        "end_time": "0:01:59.300000",
        "speaker_tag": 2,
        "start_time": "0:01:59.100000",
        "word": "one"
    },
    {
        "end_time": "0:01:59.500000",
        "speaker_tag": 2,
        "start_time": "0:01:59.300000",
        "word": "more"
    },
    {
        "end_time": "0:01:59.700000",
        "speaker_tag": 2,
        "start_time": "0:01:59.500000",
        "word": "question"
    },
    {
        "end_time": "0:02:00.200000",
        "speaker_tag": 2,
        "start_time": "0:01:59.700000",
        "word": "for"
    },
    {
        "end_time": "0:02:00.300000",
        "speaker_tag": 2,
        "start_time": "0:02:00.200000",
        "word": "you"
    },
    {
        "end_time": "0:02:00.600000",
        "speaker_tag": 2,
        "start_time": "0:02:00.300000",
        "word": "now"
    },
    {
        "end_time": "0:02:02",
        "speaker_tag": 2,
        "start_time": "0:02:00.600000",
        "word": "so"
    },
    {
        "end_time": "0:02:02.200000",
        "speaker_tag": 2,
        "start_time": "0:02:02",
        "word": "now"
    },
    {
        "end_time": "0:02:03.500000",
        "speaker_tag": 2,
        "start_time": "0:02:02.200000",
        "word": "please"
    },
    {
        "end_time": "0:02:04.100000",
        "speaker_tag": 2,
        "start_time": "0:02:03.500000",
        "word": "explain"
    },
    {
        "end_time": "0:02:04.300000",
        "speaker_tag": 2,
        "start_time": "0:02:04.100000",
        "word": "to"
    },
    {
        "end_time": "0:02:04.500000",
        "speaker_tag": 2,
        "start_time": "0:02:04.300000",
        "word": "me"
    },
    {
        "end_time": "0:02:05",
        "speaker_tag": 2,
        "start_time": "0:02:04.500000",
        "word": "how"
    },
    {
        "end_time": "0:02:05.300000",
        "speaker_tag": 2,
        "start_time": "0:02:05",
        "word": "you"
    },
    {
        "end_time": "0:02:05.400000",
        "speaker_tag": 2,
        "start_time": "0:02:05.300000",
        "word": "would"
    },
    {
        "end_time": "0:02:05.600000",
        "speaker_tag": 2,
        "start_time": "0:02:05.400000",
        "word": "make"
    },
    {
        "end_time": "0:02:05.900000",
        "speaker_tag": 2,
        "start_time": "0:02:05.600000",
        "word": "the"
    },
    {
        "end_time": "0:02:06.400000",
        "speaker_tag": 2,
        "start_time": "0:02:05.900000",
        "word": "following"
    },
    {
        "end_time": "0:02:06.900000",
        "speaker_tag": 2,
        "start_time": "0:02:06.400000",
        "word": "meal"
    },
    {
        "end_time": "0:02:07.600000",
        "speaker_tag": 2,
        "start_time": "0:02:06.900000",
        "word": "step"
    },
    {
        "end_time": "0:02:07.800000",
        "speaker_tag": 2,
        "start_time": "0:02:07.600000",
        "word": "by"
    },
    {
        "end_time": "0:02:08.200000",
        "speaker_tag": 2,
        "start_time": "0:02:07.800000",
        "word": "step"
    },
    {
        "end_time": "0:02:09.400000",
        "speaker_tag": 1,
        "start_time": "0:02:08.600000",
        "word": "I"
    },
    {
        "end_time": "0:02:09.900000",
        "speaker_tag": 2,
        "start_time": "0:02:09.400000",
        "word": "don't"
    },
    {
        "end_time": "0:02:10.100000",
        "speaker_tag": 2,
        "start_time": "0:02:09.900000",
        "word": "cook"
    },
    {
        "end_time": "0:02:10.500000",
        "speaker_tag": 2,
        "start_time": "0:02:10.100000",
        "word": "anymore"
    },
    {
        "end_time": "0:02:13.700000",
        "speaker_tag": 2,
        "start_time": "0:02:10.500000",
        "word": "let's"
    },
    {
        "end_time": "0:02:14.100000",
        "speaker_tag": 2,
        "start_time": "0:02:13.700000",
        "word": "pretend"
    },
    {
        "end_time": "0:02:21.500000",
        "speaker_tag": 2,
        "start_time": "0:02:14.100000",
        "word": "scrambled"
    },
    {
        "end_time": "0:02:22",
        "speaker_tag": 2,
        "start_time": "0:02:21.500000",
        "word": "eggs"
    },
    {
        "end_time": "0:02:22.300000",
        "speaker_tag": 2,
        "start_time": "0:02:22",
        "word": "in"
    },
    {
        "end_time": "0:02:22.400000",
        "speaker_tag": 2,
        "start_time": "0:02:22.300000",
        "word": "a"
    },
    {
        "end_time": "0:02:22.600000",
        "speaker_tag": 2,
        "start_time": "0:02:22.400000",
        "word": "bowl"
    },
    {
        "end_time": "0:02:22.700000",
        "speaker_tag": 2,
        "start_time": "0:02:22.600000",
        "word": "of"
    },
    {
        "end_time": "0:02:23.200000",
        "speaker_tag": 2,
        "start_time": "0:02:22.700000",
        "word": "fruit"
    },
    {
        "end_time": "0:02:23.500000",
        "speaker_tag": 2,
        "start_time": "0:02:23.200000",
        "word": "and"
    },
    {
        "end_time": "0:02:24",
        "speaker_tag": 2,
        "start_time": "0:02:23.500000",
        "word": "pretend"
    },
    {
        "end_time": "0:02:24",
        "speaker_tag": 2,
        "start_time": "0:02:24",
        "word": "I"
    },
    {
        "end_time": "0:02:24.300000",
        "speaker_tag": 2,
        "start_time": "0:02:24",
        "word": "don't"
    },
    {
        "end_time": "0:02:24.500000",
        "speaker_tag": 2,
        "start_time": "0:02:24.300000",
        "word": "know"
    },
    {
        "end_time": "0:02:24.700000",
        "speaker_tag": 2,
        "start_time": "0:02:24.500000",
        "word": "how"
    },
    {
        "end_time": "0:02:24.800000",
        "speaker_tag": 2,
        "start_time": "0:02:24.700000",
        "word": "to"
    },
    {
        "end_time": "0:02:24.900000",
        "speaker_tag": 2,
        "start_time": "0:02:24.800000",
        "word": "make"
    },
    {
        "end_time": "0:02:25.100000",
        "speaker_tag": 2,
        "start_time": "0:02:24.900000",
        "word": "the"
    },
    {
        "end_time": "0:02:25.400000",
        "speaker_tag": 2,
        "start_time": "0:02:25.100000",
        "word": "meal"
    },
    {
        "end_time": "0:02:25.700000",
        "speaker_tag": 2,
        "start_time": "0:02:25.400000",
        "word": "and"
    },
    {
        "end_time": "0:02:26.100000",
        "speaker_tag": 2,
        "start_time": "0:02:25.700000",
        "word": "provide"
    },
    {
        "end_time": "0:02:26.700000",
        "speaker_tag": 2,
        "start_time": "0:02:26.100000",
        "word": "details"
    },
    {
        "end_time": "0:02:27.100000",
        "speaker_tag": 2,
        "start_time": "0:02:26.700000",
        "word": "and"
    },
    {
        "end_time": "0:02:27.200000",
        "speaker_tag": 2,
        "start_time": "0:02:27.100000",
        "word": "I'll"
    },
    {
        "end_time": "0:02:27.400000",
        "speaker_tag": 2,
        "start_time": "0:02:27.200000",
        "word": "tell"
    },
    {
        "end_time": "0:02:27.500000",
        "speaker_tag": 2,
        "start_time": "0:02:27.400000",
        "word": "you"
    },
    {
        "end_time": "0:02:27.700000",
        "speaker_tag": 2,
        "start_time": "0:02:27.500000",
        "word": "when"
    },
    {
        "end_time": "0:02:27.700000",
        "speaker_tag": 2,
        "start_time": "0:02:27.700000",
        "word": "to"
    },
    {
        "end_time": "0:02:27.900000",
        "speaker_tag": 2,
        "start_time": "0:02:27.700000",
        "word": "stop"
    },
    {
        "end_time": "0:02:29.300000",
        "speaker_tag": 2,
        "start_time": "0:02:27.900000",
        "word": "so"
    },
    {
        "end_time": "0:02:29.400000",
        "speaker_tag": 2,
        "start_time": "0:02:29.300000",
        "word": "you"
    },
    {
        "end_time": "0:02:29.700000",
        "speaker_tag": 2,
        "start_time": "0:02:29.400000",
        "word": "can't"
    },
    {
        "end_time": "0:02:29.700000",
        "speaker_tag": 2,
        "start_time": "0:02:29.700000",
        "word": "even"
    },
    {
        "end_time": "0:02:32.900000",
        "speaker_tag": 2,
        "start_time": "0:02:29.700000",
        "word": "comprehend"
    },
    {
        "end_time": "0:02:33.700000",
        "speaker_tag": 2,
        "start_time": "0:02:32.900000",
        "word": "water"
    },
    {
        "end_time": "0:02:33.900000",
        "speaker_tag": 2,
        "start_time": "0:02:33.700000",
        "word": "in"
    },
    {
        "end_time": "0:02:34.100000",
        "speaker_tag": 2,
        "start_time": "0:02:33.900000",
        "word": "it"
    },
    {
        "end_time": "0:02:35.700000",
        "speaker_tag": 2,
        "start_time": "0:02:34.100000",
        "word": "and"
    },
    {
        "end_time": "0:02:36.300000",
        "speaker_tag": 2,
        "start_time": "0:02:35.700000",
        "word": "scrambled"
    },
    {
        "end_time": "0:02:36.900000",
        "speaker_tag": 2,
        "start_time": "0:02:36.300000",
        "word": "eggs"
    },
    {
        "end_time": "0:02:37.200000",
        "speaker_tag": 2,
        "start_time": "0:02:36.900000",
        "word": "I"
    },
    {
        "end_time": "0:02:37.800000",
        "speaker_tag": 2,
        "start_time": "0:02:37.200000",
        "word": "would"
    },
    {
        "end_time": "0:02:38",
        "speaker_tag": 2,
        "start_time": "0:02:37.800000",
        "word": "beat"
    },
    {
        "end_time": "0:02:38.300000",
        "speaker_tag": 2,
        "start_time": "0:02:38",
        "word": "up"
    },
    {
        "end_time": "0:02:38.400000",
        "speaker_tag": 2,
        "start_time": "0:02:38.300000",
        "word": "the"
    },
    {
        "end_time": "0:02:38.800000",
        "speaker_tag": 2,
        "start_time": "0:02:38.400000",
        "word": "eggs"
    },
    {
        "end_time": "0:02:40.400000",
        "speaker_tag": 2,
        "start_time": "0:02:38.800000",
        "word": "and"
    },
    {
        "end_time": "0:02:40.900000",
        "speaker_tag": 2,
        "start_time": "0:02:40.400000",
        "word": "I"
    },
    {
        "end_time": "0:02:41.300000",
        "speaker_tag": 2,
        "start_time": "0:02:40.900000",
        "word": "would"
    },
    {
        "end_time": "0:02:42",
        "speaker_tag": 2,
        "start_time": "0:02:41.300000",
        "word": "cook"
    },
    {
        "end_time": "0:02:42.200000",
        "speaker_tag": 2,
        "start_time": "0:02:42",
        "word": "them"
    },
    {
        "end_time": "0:02:43",
        "speaker_tag": 2,
        "start_time": "0:02:42.200000",
        "word": "for"
    },
    {
        "end_time": "0:02:43.100000",
        "speaker_tag": 2,
        "start_time": "0:02:43",
        "word": "a"
    },
    {
        "end_time": "0:02:43.200000",
        "speaker_tag": 2,
        "start_time": "0:02:43.100000",
        "word": "little"
    },
    {
        "end_time": "0:02:43.400000",
        "speaker_tag": 2,
        "start_time": "0:02:43.200000",
        "word": "bit"
    },
    {
        "end_time": "0:02:43.500000",
        "speaker_tag": 2,
        "start_time": "0:02:43.400000",
        "word": "of"
    },
    {
        "end_time": "0:02:43.800000",
        "speaker_tag": 2,
        "start_time": "0:02:43.500000",
        "word": "butter"
    },
    {
        "end_time": "0:02:44",
        "speaker_tag": 2,
        "start_time": "0:02:43.800000",
        "word": "in"
    },
    {
        "end_time": "0:02:44.100000",
        "speaker_tag": 2,
        "start_time": "0:02:44",
        "word": "the"
    },
    {
        "end_time": "0:02:44.400000",
        "speaker_tag": 2,
        "start_time": "0:02:44.100000",
        "word": "frying"
    },
    {
        "end_time": "0:02:44.500000",
        "speaker_tag": 2,
        "start_time": "0:02:44.400000",
        "word": "pan"
    },
    {
        "end_time": "0:02:45.700000",
        "speaker_tag": 2,
        "start_time": "0:02:44.500000",
        "word": "and"
    },
    {
        "end_time": "0:02:46.200000",
        "speaker_tag": 2,
        "start_time": "0:02:45.700000",
        "word": "cook"
    },
    {
        "end_time": "0:02:46.400000",
        "speaker_tag": 2,
        "start_time": "0:02:46.200000",
        "word": "them"
    },
    {
        "end_time": "0:02:46.500000",
        "speaker_tag": 2,
        "start_time": "0:02:46.400000",
        "word": "and"
    },
    {
        "end_time": "0:02:46.900000",
        "speaker_tag": 2,
        "start_time": "0:02:46.500000",
        "word": "not"
    },
    {
        "end_time": "0:02:47",
        "speaker_tag": 2,
        "start_time": "0:02:46.900000",
        "word": "cook"
    },
    {
        "end_time": "0:02:47.300000",
        "speaker_tag": 2,
        "start_time": "0:02:47",
        "word": "them"
    },
    {
        "end_time": "0:02:47.500000",
        "speaker_tag": 2,
        "start_time": "0:02:47.300000",
        "word": "too"
    },
    {
        "end_time": "0:02:47.900000",
        "speaker_tag": 2,
        "start_time": "0:02:47.500000",
        "word": "hard"
    },
    {
        "end_time": "0:02:48.200000",
        "speaker_tag": 2,
        "start_time": "0:02:47.900000",
        "word": "because"
    },
    {
        "end_time": "0:02:48.400000",
        "speaker_tag": 2,
        "start_time": "0:02:48.200000",
        "word": "I"
    },
    {
        "end_time": "0:02:48.500000",
        "speaker_tag": 2,
        "start_time": "0:02:48.400000",
        "word": "don't"
    },
    {
        "end_time": "0:02:48.900000",
        "speaker_tag": 2,
        "start_time": "0:02:48.500000",
        "word": "like"
    },
    {
        "end_time": "0:02:49.100000",
        "speaker_tag": 2,
        "start_time": "0:02:48.900000",
        "word": "hard"
    },
    {
        "end_time": "0:02:50.600000",
        "speaker_tag": 2,
        "start_time": "0:02:49.100000",
        "word": "scrambled"
    },
    {
        "end_time": "0:02:51.200000",
        "speaker_tag": 2,
        "start_time": "0:02:50.600000",
        "word": "eggs"
    },
    {
        "end_time": "0:02:52.700000",
        "speaker_tag": 2,
        "start_time": "0:02:51.800000",
        "word": "and"
    },
    {
        "end_time": "0:02:54",
        "speaker_tag": 2,
        "start_time": "0:02:52.700000",
        "word": "bacon"
    },
    {
        "end_time": "0:02:56",
        "speaker_tag": 2,
        "start_time": "0:02:55.300000",
        "word": "has"
    },
    {
        "end_time": "0:02:56.200000",
        "speaker_tag": 2,
        "start_time": "0:02:56",
        "word": "to"
    },
    {
        "end_time": "0:02:56.400000",
        "speaker_tag": 2,
        "start_time": "0:02:56.200000",
        "word": "go"
    },
    {
        "end_time": "0:02:56.600000",
        "speaker_tag": 2,
        "start_time": "0:02:56.400000",
        "word": "along"
    },
    {
        "end_time": "0:02:57",
        "speaker_tag": 2,
        "start_time": "0:02:56.600000",
        "word": "with"
    },
    {
        "end_time": "0:02:57.100000",
        "speaker_tag": 2,
        "start_time": "0:02:57",
        "word": "it"
    },
    {
        "end_time": "0:02:58.500000",
        "speaker_tag": 2,
        "start_time": "0:02:57.100000",
        "word": "and"
    },
    {
        "end_time": "0:02:59.100000",
        "speaker_tag": 2,
        "start_time": "0:02:58.500000",
        "word": "what"
    },
    {
        "end_time": "0:02:59.300000",
        "speaker_tag": 2,
        "start_time": "0:02:59.100000",
        "word": "you"
    },
    {
        "end_time": "0:02:59.500000",
        "speaker_tag": 2,
        "start_time": "0:02:59.300000",
        "word": "do"
    },
    {
        "end_time": "0:02:59.700000",
        "speaker_tag": 2,
        "start_time": "0:02:59.500000",
        "word": "you"
    },
    {
        "end_time": "0:03:00",
        "speaker_tag": 2,
        "start_time": "0:02:59.700000",
        "word": "take"
    },
    {
        "end_time": "0:03:00.100000",
        "speaker_tag": 2,
        "start_time": "0:03:00",
        "word": "the"
    },
    {
        "end_time": "0:03:00.300000",
        "speaker_tag": 2,
        "start_time": "0:03:00.100000",
        "word": "bacon"
    },
    {
        "end_time": "0:03:00.600000",
        "speaker_tag": 2,
        "start_time": "0:03:00.300000",
        "word": "out"
    },
    {
        "end_time": "0:03:00.700000",
        "speaker_tag": 2,
        "start_time": "0:03:00.600000",
        "word": "of"
    },
    {
        "end_time": "0:03:00.800000",
        "speaker_tag": 2,
        "start_time": "0:03:00.700000",
        "word": "the"
    },
    {
        "end_time": "0:03:01.300000",
        "speaker_tag": 2,
        "start_time": "0:03:00.800000",
        "word": "package"
    },
    {
        "end_time": "0:03:02",
        "speaker_tag": 2,
        "start_time": "0:03:01.300000",
        "word": "and"
    },
    {
        "end_time": "0:03:02.100000",
        "speaker_tag": 2,
        "start_time": "0:03:02",
        "word": "you"
    },
    {
        "end_time": "0:03:02.400000",
        "speaker_tag": 2,
        "start_time": "0:03:02.100000",
        "word": "put"
    },
    {
        "end_time": "0:03:02.400000",
        "speaker_tag": 2,
        "start_time": "0:03:02.400000",
        "word": "it"
    },
    {
        "end_time": "0:03:02.600000",
        "speaker_tag": 2,
        "start_time": "0:03:02.400000",
        "word": "in"
    },
    {
        "end_time": "0:03:02.800000",
        "speaker_tag": 2,
        "start_time": "0:03:02.600000",
        "word": "the"
    },
    {
        "end_time": "0:03:03.300000",
        "speaker_tag": 2,
        "start_time": "0:03:02.800000",
        "word": "frying"
    },
    {
        "end_time": "0:03:03.400000",
        "speaker_tag": 2,
        "start_time": "0:03:03.300000",
        "word": "pan"
    },
    {
        "end_time": "0:03:04.500000",
        "speaker_tag": 2,
        "start_time": "0:03:03.400000",
        "word": "and"
    },
    {
        "end_time": "0:03:05.700000",
        "speaker_tag": 2,
        "start_time": "0:03:04.500000",
        "word": "you"
    },
    {
        "end_time": "0:03:06.100000",
        "speaker_tag": 2,
        "start_time": "0:03:05.700000",
        "word": "don't"
    },
    {
        "end_time": "0:03:06.700000",
        "speaker_tag": 2,
        "start_time": "0:03:06.100000",
        "word": "have"
    },
    {
        "end_time": "0:03:07",
        "speaker_tag": 2,
        "start_time": "0:03:06.700000",
        "word": "the"
    },
    {
        "end_time": "0:03:07.300000",
        "speaker_tag": 2,
        "start_time": "0:03:07",
        "word": "heat"
    },
    {
        "end_time": "0:03:07.600000",
        "speaker_tag": 2,
        "start_time": "0:03:07.300000",
        "word": "to"
    },
    {
        "end_time": "0:03:07.900000",
        "speaker_tag": 2,
        "start_time": "0:03:07.600000",
        "word": "hot"
    },
    {
        "end_time": "0:03:08.400000",
        "speaker_tag": 2,
        "start_time": "0:03:07.900000",
        "word": "cuz"
    },
    {
        "end_time": "0:03:08.500000",
        "speaker_tag": 2,
        "start_time": "0:03:08.400000",
        "word": "you're"
    },
    {
        "end_time": "0:03:08.700000",
        "speaker_tag": 2,
        "start_time": "0:03:08.500000",
        "word": "going"
    },
    {
        "end_time": "0:03:08.700000",
        "speaker_tag": 2,
        "start_time": "0:03:08.700000",
        "word": "to"
    },
    {
        "end_time": "0:03:09",
        "speaker_tag": 2,
        "start_time": "0:03:08.700000",
        "word": "burn"
    },
    {
        "end_time": "0:03:09.200000",
        "speaker_tag": 2,
        "start_time": "0:03:09",
        "word": "the"
    },
    {
        "end_time": "0:03:09.300000",
        "speaker_tag": 2,
        "start_time": "0:03:09.200000",
        "word": "bacon"
    },
    {
        "end_time": "0:03:10.600000",
        "speaker_tag": 2,
        "start_time": "0:03:09.300000",
        "word": "but"
    },
    {
        "end_time": "0:03:10.900000",
        "speaker_tag": 2,
        "start_time": "0:03:10.600000",
        "word": "you"
    },
    {
        "end_time": "0:03:11.400000",
        "speaker_tag": 2,
        "start_time": "0:03:10.900000",
        "word": "just"
    },
    {
        "end_time": "0:03:12.300000",
        "speaker_tag": 2,
        "start_time": "0:03:11.400000",
        "word": "wait"
    },
    {
        "end_time": "0:03:13.100000",
        "speaker_tag": 2,
        "start_time": "0:03:12.300000",
        "word": "until"
    },
    {
        "end_time": "0:03:14.800000",
        "speaker_tag": 2,
        "start_time": "0:03:13.100000",
        "word": "it's"
    },
    {
        "end_time": "0:03:16.500000",
        "speaker_tag": 2,
        "start_time": "0:03:14.800000",
        "word": "hate"
    },
    {
        "end_time": "0:03:16.700000",
        "speaker_tag": 2,
        "start_time": "0:03:16.500000",
        "word": "that"
    },
    {
        "end_time": "0:03:16.900000",
        "speaker_tag": 2,
        "start_time": "0:03:16.700000",
        "word": "you"
    },
    {
        "end_time": "0:03:17.400000",
        "speaker_tag": 2,
        "start_time": "0:03:16.900000",
        "word": "want"
    },
    {
        "end_time": "0:03:18",
        "speaker_tag": 2,
        "start_time": "0:03:17.400000",
        "word": "and"
    },
    {
        "end_time": "0:03:18.200000",
        "speaker_tag": 2,
        "start_time": "0:03:18",
        "word": "then"
    },
    {
        "end_time": "0:03:18.900000",
        "speaker_tag": 2,
        "start_time": "0:03:18.200000",
        "word": "just"
    },
    {
        "end_time": "0:03:19.300000",
        "speaker_tag": 2,
        "start_time": "0:03:18.900000",
        "word": "make"
    },
    {
        "end_time": "0:03:19.500000",
        "speaker_tag": 2,
        "start_time": "0:03:19.300000",
        "word": "sure"
    },
    {
        "end_time": "0:03:20",
        "speaker_tag": 2,
        "start_time": "0:03:19.500000",
        "word": "you"
    },
    {
        "end_time": "0:03:20.700000",
        "speaker_tag": 2,
        "start_time": "0:03:20",
        "word": "let"
    },
    {
        "end_time": "0:03:21",
        "speaker_tag": 2,
        "start_time": "0:03:20.700000",
        "word": "the"
    },
    {
        "end_time": "0:03:21.400000",
        "speaker_tag": 2,
        "start_time": "0:03:21",
        "word": "bacon"
    },
    {
        "end_time": "0:03:21.600000",
        "speaker_tag": 2,
        "start_time": "0:03:21.400000",
        "word": "over"
    },
    {
        "end_time": "0:03:22.500000",
        "speaker_tag": 2,
        "start_time": "0:03:21.600000",
        "word": "so"
    },
    {
        "end_time": "0:03:22.500000",
        "speaker_tag": 2,
        "start_time": "0:03:22.500000",
        "word": "that"
    },
    {
        "end_time": "0:03:22.900000",
        "speaker_tag": 2,
        "start_time": "0:03:22.500000",
        "word": "one"
    },
    {
        "end_time": "0:03:23",
        "speaker_tag": 2,
        "start_time": "0:03:22.900000",
        "word": "side"
    },
    {
        "end_time": "0:03:23.300000",
        "speaker_tag": 2,
        "start_time": "0:03:23",
        "word": "is"
    },
    {
        "end_time": "0:03:23.400000",
        "speaker_tag": 2,
        "start_time": "0:03:23.300000",
        "word": "not"
    },
    {
        "end_time": "0:03:24.100000",
        "speaker_tag": 2,
        "start_time": "0:03:23.400000",
        "word": "really"
    },
    {
        "end_time": "0:03:24.500000",
        "speaker_tag": 2,
        "start_time": "0:03:24.100000",
        "word": "toast"
    },
    {
        "end_time": "0:03:24.600000",
        "speaker_tag": 2,
        "start_time": "0:03:24.500000",
        "word": "in"
    },
    {
        "end_time": "0:03:24.700000",
        "speaker_tag": 2,
        "start_time": "0:03:24.600000",
        "word": "the"
    },
    {
        "end_time": "0:03:24.900000",
        "speaker_tag": 2,
        "start_time": "0:03:24.700000",
        "word": "other"
    },
    {
        "end_time": "0:03:25.100000",
        "speaker_tag": 2,
        "start_time": "0:03:24.900000",
        "word": "side"
    },
    {
        "end_time": "0:03:25.400000",
        "speaker_tag": 2,
        "start_time": "0:03:25.100000",
        "word": "is"
    },
    {
        "end_time": "0:03:26",
        "speaker_tag": 2,
        "start_time": "0:03:25.400000",
        "word": "raw"
    },
    {
        "end_time": "0:03:27.300000",
        "speaker_tag": 2,
        "start_time": "0:03:26",
        "word": "and"
    },
    {
        "end_time": "0:03:28",
        "speaker_tag": 2,
        "start_time": "0:03:27.300000",
        "word": "then"
    },
    {
        "end_time": "0:03:28.100000",
        "speaker_tag": 2,
        "start_time": "0:03:28",
        "word": "you"
    },
    {
        "end_time": "0:03:28.300000",
        "speaker_tag": 2,
        "start_time": "0:03:28.100000",
        "word": "take"
    },
    {
        "end_time": "0:03:28.500000",
        "speaker_tag": 2,
        "start_time": "0:03:28.300000",
        "word": "it"
    },
    {
        "end_time": "0:03:28.600000",
        "speaker_tag": 2,
        "start_time": "0:03:28.500000",
        "word": "out"
    },
    {
        "end_time": "0:03:28.700000",
        "speaker_tag": 2,
        "start_time": "0:03:28.600000",
        "word": "of"
    },
    {
        "end_time": "0:03:28.800000",
        "speaker_tag": 2,
        "start_time": "0:03:28.700000",
        "word": "the"
    },
    {
        "end_time": "0:03:29.200000",
        "speaker_tag": 2,
        "start_time": "0:03:28.800000",
        "word": "grease"
    },
    {
        "end_time": "0:03:29.400000",
        "speaker_tag": 2,
        "start_time": "0:03:29.200000",
        "word": "and"
    },
    {
        "end_time": "0:03:29.500000",
        "speaker_tag": 2,
        "start_time": "0:03:29.400000",
        "word": "you"
    },
    {
        "end_time": "0:03:29.900000",
        "speaker_tag": 2,
        "start_time": "0:03:29.500000",
        "word": "blot"
    },
    {
        "end_time": "0:03:30.100000",
        "speaker_tag": 2,
        "start_time": "0:03:29.900000",
        "word": "it"
    },
    {
        "end_time": "0:03:32.200000",
        "speaker_tag": 2,
        "start_time": "0:03:30.100000",
        "word": "you"
    },
    {
        "end_time": "0:03:32.500000",
        "speaker_tag": 2,
        "start_time": "0:03:32.200000",
        "word": "have"
    },
    {
        "end_time": "0:03:32.500000",
        "speaker_tag": 2,
        "start_time": "0:03:32.500000",
        "word": "a"
    },
    {
        "end_time": "0:03:32.700000",
        "speaker_tag": 2,
        "start_time": "0:03:32.500000",
        "word": "good"
    },
    {
        "end_time": "0:03:32.900000",
        "speaker_tag": 2,
        "start_time": "0:03:32.700000",
        "word": "meal"
    },
    {
        "end_time": "0:03:37.300000",
        "speaker_tag": 2,
        "start_time": "0:03:36.300000",
        "word": "and"
    },
    {
        "end_time": "0:03:37.500000",
        "speaker_tag": 2,
        "start_time": "0:03:37.300000",
        "word": "then"
    },
    {
        "end_time": "0:03:37.700000",
        "speaker_tag": 2,
        "start_time": "0:03:37.500000",
        "word": "one"
    },
    {
        "end_time": "0:03:37.800000",
        "speaker_tag": 2,
        "start_time": "0:03:37.700000",
        "word": "other"
    },
    {
        "end_time": "0:03:38.200000",
        "speaker_tag": 2,
        "start_time": "0:03:37.800000",
        "word": "thing"
    },
    {
        "end_time": "0:03:38.400000",
        "speaker_tag": 2,
        "start_time": "0:03:38.200000",
        "word": "a"
    },
    {
        "end_time": "0:03:38.600000",
        "speaker_tag": 2,
        "start_time": "0:03:38.400000",
        "word": "bowl"
    },
    {
        "end_time": "0:03:38.800000",
        "speaker_tag": 2,
        "start_time": "0:03:38.600000",
        "word": "of"
    },
    {
        "end_time": "0:03:39.200000",
        "speaker_tag": 2,
        "start_time": "0:03:38.800000",
        "word": "fruit"
    },
    {
        "end_time": "0:03:40.800000",
        "speaker_tag": 2,
        "start_time": "0:03:40.200000",
        "word": "about"
    },
    {
        "end_time": "0:03:41",
        "speaker_tag": 2,
        "start_time": "0:03:40.800000",
        "word": "all"
    },
    {
        "end_time": "0:03:41.100000",
        "speaker_tag": 2,
        "start_time": "0:03:41",
        "word": "that"
    },
    {
        "end_time": "0:03:42",
        "speaker_tag": 2,
        "start_time": "0:03:41.100000",
        "word": "takes"
    },
    {
        "end_time": "0:03:42.400000",
        "speaker_tag": 2,
        "start_time": "0:03:42",
        "word": "time"
    },
    {
        "end_time": "0:03:43.600000",
        "speaker_tag": 2,
        "start_time": "0:03:42.400000",
        "word": "you"
    },
    {
        "end_time": "0:03:43.800000",
        "speaker_tag": 2,
        "start_time": "0:03:43.600000",
        "word": "have"
    },
    {
        "end_time": "0:03:44",
        "speaker_tag": 2,
        "start_time": "0:03:43.800000",
        "word": "to"
    },
    {
        "end_time": "0:03:44.300000",
        "speaker_tag": 2,
        "start_time": "0:03:44",
        "word": "wash"
    },
    {
        "end_time": "0:03:44.400000",
        "speaker_tag": 2,
        "start_time": "0:03:44.300000",
        "word": "the"
    },
    {
        "end_time": "0:03:44.700000",
        "speaker_tag": 2,
        "start_time": "0:03:44.400000",
        "word": "fruit"
    },
    {
        "end_time": "0:03:45.200000",
        "speaker_tag": 2,
        "start_time": "0:03:44.700000",
        "word": "well"
    },
    {
        "end_time": "0:03:46.200000",
        "speaker_tag": 2,
        "start_time": "0:03:45.200000",
        "word": "and"
    },
    {
        "end_time": "0:03:46.500000",
        "speaker_tag": 2,
        "start_time": "0:03:46.200000",
        "word": "then"
    },
    {
        "end_time": "0:03:46.700000",
        "speaker_tag": 2,
        "start_time": "0:03:46.500000",
        "word": "you"
    },
    {
        "end_time": "0:03:47.100000",
        "speaker_tag": 2,
        "start_time": "0:03:46.700000",
        "word": "chop"
    },
    {
        "end_time": "0:03:47.200000",
        "speaker_tag": 2,
        "start_time": "0:03:47.100000",
        "word": "it"
    },
    {
        "end_time": "0:03:47.500000",
        "speaker_tag": 2,
        "start_time": "0:03:47.200000",
        "word": "into"
    },
    {
        "end_time": "0:03:47.800000",
        "speaker_tag": 2,
        "start_time": "0:03:47.500000",
        "word": "little"
    },
    {
        "end_time": "0:03:49.800000",
        "speaker_tag": 2,
        "start_time": "0:03:47.800000",
        "word": "squares"
    },
    {
        "end_time": "0:03:50.700000",
        "speaker_tag": 2,
        "start_time": "0:03:49.800000",
        "word": "or"
    },
    {
        "end_time": "0:03:51.100000",
        "speaker_tag": 2,
        "start_time": "0:03:50.700000",
        "word": "else"
    },
    {
        "end_time": "0:03:51.300000",
        "speaker_tag": 2,
        "start_time": "0:03:51.100000",
        "word": "you"
    },
    {
        "end_time": "0:03:52",
        "speaker_tag": 2,
        "start_time": "0:03:51.300000",
        "word": "slice"
    },
    {
        "end_time": "0:03:52.200000",
        "speaker_tag": 2,
        "start_time": "0:03:52",
        "word": "it"
    },
    {
        "end_time": "0:03:52.500000",
        "speaker_tag": 2,
        "start_time": "0:03:52.200000",
        "word": "the"
    },
    {
        "end_time": "0:03:52.700000",
        "speaker_tag": 2,
        "start_time": "0:03:52.500000",
        "word": "wrong"
    },
    {
        "end_time": "0:03:53",
        "speaker_tag": 2,
        "start_time": "0:03:52.700000",
        "word": "way"
    },
    {
        "end_time": "0:03:54.100000",
        "speaker_tag": 2,
        "start_time": "0:03:53",
        "word": "and"
    },
    {
        "end_time": "0:03:54.500000",
        "speaker_tag": 2,
        "start_time": "0:03:54.100000",
        "word": "you"
    },
    {
        "end_time": "0:03:54.600000",
        "speaker_tag": 2,
        "start_time": "0:03:54.500000",
        "word": "put"
    },
    {
        "end_time": "0:03:54.700000",
        "speaker_tag": 2,
        "start_time": "0:03:54.600000",
        "word": "it"
    },
    {
        "end_time": "0:03:54.900000",
        "speaker_tag": 2,
        "start_time": "0:03:54.700000",
        "word": "in"
    },
    {
        "end_time": "0:03:55",
        "speaker_tag": 2,
        "start_time": "0:03:54.900000",
        "word": "a"
    },
    {
        "end_time": "0:03:55.200000",
        "speaker_tag": 2,
        "start_time": "0:03:55",
        "word": "bowl"
    },
    {
        "end_time": "0:03:55.900000",
        "speaker_tag": 2,
        "start_time": "0:03:55.200000",
        "word": "and"
    },
    {
        "end_time": "0:03:56.400000",
        "speaker_tag": 2,
        "start_time": "0:03:55.900000",
        "word": "fix"
    },
    {
        "end_time": "0:03:56.500000",
        "speaker_tag": 2,
        "start_time": "0:03:56.400000",
        "word": "the"
    },
    {
        "end_time": "0:03:56.800000",
        "speaker_tag": 2,
        "start_time": "0:03:56.500000",
        "word": "bowl"
    },
    {
        "end_time": "0:03:57",
        "speaker_tag": 2,
        "start_time": "0:03:56.800000",
        "word": "up"
    },
    {
        "end_time": "0:03:57.300000",
        "speaker_tag": 2,
        "start_time": "0:03:57",
        "word": "so"
    },
    {
        "end_time": "0:03:57.400000",
        "speaker_tag": 2,
        "start_time": "0:03:57.300000",
        "word": "that"
    },
    {
        "end_time": "0:03:57.500000",
        "speaker_tag": 2,
        "start_time": "0:03:57.400000",
        "word": "it"
    },
    {
        "end_time": "0:03:58",
        "speaker_tag": 2,
        "start_time": "0:03:57.500000",
        "word": "looks"
    },
    {
        "end_time": "0:03:58.400000",
        "speaker_tag": 2,
        "start_time": "0:03:58",
        "word": "nice"
    },
    {
        "end_time": "0:03:59.300000",
        "speaker_tag": 2,
        "start_time": "0:03:58.400000",
        "word": "and"
    },
    {
        "end_time": "0:03:59.700000",
        "speaker_tag": 2,
        "start_time": "0:03:59.300000",
        "word": "then"
    },
    {
        "end_time": "0:03:59.900000",
        "speaker_tag": 2,
        "start_time": "0:03:59.700000",
        "word": "put"
    },
    {
        "end_time": "0:04:00",
        "speaker_tag": 2,
        "start_time": "0:03:59.900000",
        "word": "it"
    },
    {
        "end_time": "0:04:00.100000",
        "speaker_tag": 2,
        "start_time": "0:04:00",
        "word": "in"
    },
    {
        "end_time": "0:04:00.100000",
        "speaker_tag": 2,
        "start_time": "0:04:00.100000",
        "word": "the"
    },
    {
        "end_time": "0:04:00.400000",
        "speaker_tag": 2,
        "start_time": "0:04:00.100000",
        "word": "center"
    },
    {
        "end_time": "0:04:00.600000",
        "speaker_tag": 2,
        "start_time": "0:04:00.400000",
        "word": "of"
    },
    {
        "end_time": "0:04:00.700000",
        "speaker_tag": 2,
        "start_time": "0:04:00.600000",
        "word": "the"
    },
    {
        "end_time": "0:04:01",
        "speaker_tag": 2,
        "start_time": "0:04:00.700000",
        "word": "table"
    }
]