[
    {
        "end_time": "0:00:01.700000",
        "speaker_tag": 2,
        "start_time": "0:00:01.400000",
        "word": "I"
    },
    {
        "end_time": "0:00:01.900000",
        "speaker_tag": 2,
        "start_time": "0:00:01.700000",
        "word": "want"
    },
    {
        "end_time": "0:00:02",
        "speaker_tag": 2,
        "start_time": "0:00:01.900000",
        "word": "you"
    },
    {
        "end_time": "0:00:02.200000",
        "speaker_tag": 2,
        "start_time": "0:00:02",
        "word": "to"
    },
    {
        "end_time": "0:00:02.400000",
        "speaker_tag": 2,
        "start_time": "0:00:02.200000",
        "word": "tell"
    },
    {
        "end_time": "0:00:02.400000",
        "speaker_tag": 2,
        "start_time": "0:00:02.400000",
        "word": "me"
    },
    {
        "end_time": "0:00:02.600000",
        "speaker_tag": 2,
        "start_time": "0:00:02.400000",
        "word": "a"
    },
    {
        "end_time": "0:00:03",
        "speaker_tag": 2,
        "start_time": "0:00:02.600000",
        "word": "trip"
    },
    {
        "end_time": "0:00:03.400000",
        "speaker_tag": 2,
        "start_time": "0:00:03",
        "word": "or"
    },
    {
        "end_time": "0:00:03.700000",
        "speaker_tag": 2,
        "start_time": "0:00:03.400000",
        "word": "tell"
    },
    {
        "end_time": "0:00:03.800000",
        "speaker_tag": 2,
        "start_time": "0:00:03.700000",
        "word": "me"
    },
    {
        "end_time": "0:00:03.800000",
        "speaker_tag": 2,
        "start_time": "0:00:03.800000",
        "word": "about"
    },
    {
        "end_time": "0:00:04",
        "speaker_tag": 2,
        "start_time": "0:00:03.800000",
        "word": "a"
    },
    {
        "end_time": "0:00:04.400000",
        "speaker_tag": 2,
        "start_time": "0:00:04",
        "word": "Tripper"
    },
    {
        "end_time": "0:00:05",
        "speaker_tag": 2,
        "start_time": "0:00:04.400000",
        "word": "vacation"
    },
    {
        "end_time": "0:00:05.100000",
        "speaker_tag": 2,
        "start_time": "0:00:05",
        "word": "that"
    },
    {
        "end_time": "0:00:05.300000",
        "speaker_tag": 2,
        "start_time": "0:00:05.100000",
        "word": "you"
    },
    {
        "end_time": "0:00:05.400000",
        "speaker_tag": 2,
        "start_time": "0:00:05.300000",
        "word": "have"
    },
    {
        "end_time": "0:00:05.600000",
        "speaker_tag": 2,
        "start_time": "0:00:05.400000",
        "word": "taken"
    },
    {
        "end_time": "0:00:06.200000",
        "speaker_tag": 2,
        "start_time": "0:00:05.600000",
        "word": "you"
    },
    {
        "end_time": "0:00:06.400000",
        "speaker_tag": 2,
        "start_time": "0:00:06.200000",
        "word": "can"
    },
    {
        "end_time": "0:00:06.600000",
        "speaker_tag": 2,
        "start_time": "0:00:06.400000",
        "word": "provide"
    },
    {
        "end_time": "0:00:06.800000",
        "speaker_tag": 2,
        "start_time": "0:00:06.600000",
        "word": "as"
    },
    {
        "end_time": "0:00:07.100000",
        "speaker_tag": 2,
        "start_time": "0:00:06.800000",
        "word": "many"
    },
    {
        "end_time": "0:00:07.400000",
        "speaker_tag": 2,
        "start_time": "0:00:07.100000",
        "word": "details"
    },
    {
        "end_time": "0:00:07.600000",
        "speaker_tag": 2,
        "start_time": "0:00:07.400000",
        "word": "as"
    },
    {
        "end_time": "0:00:08.400000",
        "speaker_tag": 2,
        "start_time": "0:00:07.600000",
        "word": "necessary"
    },
    {
        "end_time": "0:00:08.500000",
        "speaker_tag": 2,
        "start_time": "0:00:08.400000",
        "word": "and"
    },
    {
        "end_time": "0:00:08.600000",
        "speaker_tag": 2,
        "start_time": "0:00:08.500000",
        "word": "I"
    },
    {
        "end_time": "0:00:08.800000",
        "speaker_tag": 2,
        "start_time": "0:00:08.600000",
        "word": "will"
    },
    {
        "end_time": "0:00:08.900000",
        "speaker_tag": 2,
        "start_time": "0:00:08.800000",
        "word": "tell"
    },
    {
        "end_time": "0:00:09.100000",
        "speaker_tag": 2,
        "start_time": "0:00:08.900000",
        "word": "you"
    },
    {
        "end_time": "0:00:09.200000",
        "speaker_tag": 2,
        "start_time": "0:00:09.100000",
        "word": "when"
    },
    {
        "end_time": "0:00:09.200000",
        "speaker_tag": 2,
        "start_time": "0:00:09.200000",
        "word": "to"
    },
    {
        "end_time": "0:00:09.400000",
        "speaker_tag": 2,
        "start_time": "0:00:09.200000",
        "word": "stop"
    },
    {
        "end_time": "0:00:15.300000",
        "speaker_tag": 2,
        "start_time": "0:00:09.400000",
        "word": "two"
    },
    {
        "end_time": "0:00:15.600000",
        "speaker_tag": 2,
        "start_time": "0:00:15.300000",
        "word": "years"
    },
    {
        "end_time": "0:00:15.800000",
        "speaker_tag": 2,
        "start_time": "0:00:15.600000",
        "word": "even"
    },
    {
        "end_time": "0:00:20.200000",
        "speaker_tag": 2,
        "start_time": "0:00:15.800000",
        "word": "went"
    },
    {
        "end_time": "0:00:20.600000",
        "speaker_tag": 2,
        "start_time": "0:00:20.200000",
        "word": "to"
    },
    {
        "end_time": "0:00:21.200000",
        "speaker_tag": 2,
        "start_time": "0:00:20.600000",
        "word": "Ireland"
    },
    {
        "end_time": "0:00:21.900000",
        "speaker_tag": 2,
        "start_time": "0:00:21.200000",
        "word": "to"
    },
    {
        "end_time": "0:00:21.900000",
        "speaker_tag": 2,
        "start_time": "0:00:21.900000",
        "word": "visit"
    },
    {
        "end_time": "0:00:22.400000",
        "speaker_tag": 2,
        "start_time": "0:00:21.900000",
        "word": "some"
    },
    {
        "end_time": "0:00:22.600000",
        "speaker_tag": 2,
        "start_time": "0:00:22.400000",
        "word": "family"
    },
    {
        "end_time": "0:00:26",
        "speaker_tag": 1,
        "start_time": "0:00:22.600000",
        "word": "General"
    },
    {
        "end_time": "0:00:26.300000",
        "speaker_tag": 1,
        "start_time": "0:00:26",
        "word": "tour"
    },
    {
        "end_time": "0:00:26.700000",
        "speaker_tag": 1,
        "start_time": "0:00:26.300000",
        "word": "dates"
    },
    {
        "end_time": "0:00:26.900000",
        "speaker_tag": 1,
        "start_time": "0:00:26.700000",
        "word": "in"
    },
    {
        "end_time": "0:00:28.600000",
        "speaker_tag": 2,
        "start_time": "0:00:26.900000",
        "word": "Adair"
    },
    {
        "end_time": "0:00:28.800000",
        "speaker_tag": 2,
        "start_time": "0:00:28.600000",
        "word": "for"
    },
    {
        "end_time": "0:00:28.800000",
        "speaker_tag": 2,
        "start_time": "0:00:28.800000",
        "word": "a"
    },
    {
        "end_time": "0:00:29.200000",
        "speaker_tag": 2,
        "start_time": "0:00:28.800000",
        "word": "week"
    },
    {
        "end_time": "0:00:29.800000",
        "speaker_tag": 2,
        "start_time": "0:00:29.200000",
        "word": "my"
    },
    {
        "end_time": "0:00:30.200000",
        "speaker_tag": 2,
        "start_time": "0:00:29.800000",
        "word": "family"
    },
    {
        "end_time": "0:00:30.400000",
        "speaker_tag": 2,
        "start_time": "0:00:30.200000",
        "word": "is"
    },
    {
        "end_time": "0:00:31.300000",
        "speaker_tag": 2,
        "start_time": "0:00:30.400000",
        "word": "then"
    },
    {
        "end_time": "0:00:31.400000",
        "speaker_tag": 2,
        "start_time": "0:00:31.300000",
        "word": "we"
    },
    {
        "end_time": "0:00:31.600000",
        "speaker_tag": 2,
        "start_time": "0:00:31.400000",
        "word": "went"
    },
    {
        "end_time": "0:00:32.100000",
        "speaker_tag": 2,
        "start_time": "0:00:31.600000",
        "word": "to"
    },
    {
        "end_time": "0:00:33.800000",
        "speaker_tag": 2,
        "start_time": "0:00:32.100000",
        "word": "Galway"
    },
    {
        "end_time": "0:00:37.700000",
        "speaker_tag": 2,
        "start_time": "0:00:33.800000",
        "word": "Kilkenny"
    },
    {
        "end_time": "0:00:42.800000",
        "speaker_tag": 2,
        "start_time": "0:00:42.500000",
        "word": "I"
    },
    {
        "end_time": "0:00:43",
        "speaker_tag": 2,
        "start_time": "0:00:42.800000",
        "word": "just"
    },
    {
        "end_time": "0:00:43.300000",
        "speaker_tag": 2,
        "start_time": "0:00:43",
        "word": "remember"
    },
    {
        "end_time": "0:00:43.800000",
        "speaker_tag": 2,
        "start_time": "0:00:43.300000",
        "word": "Kilkenny"
    },
    {
        "end_time": "0:00:44.100000",
        "speaker_tag": 2,
        "start_time": "0:00:43.800000",
        "word": "because"
    },
    {
        "end_time": "0:00:44.100000",
        "speaker_tag": 2,
        "start_time": "0:00:44.100000",
        "word": "I"
    },
    {
        "end_time": "0:00:44.200000",
        "speaker_tag": 2,
        "start_time": "0:00:44.100000",
        "word": "have"
    },
    {
        "end_time": "0:00:44.300000",
        "speaker_tag": 2,
        "start_time": "0:00:44.200000",
        "word": "a"
    },
    {
        "end_time": "0:00:44.600000",
        "speaker_tag": 2,
        "start_time": "0:00:44.300000",
        "word": "giant"
    },
    {
        "end_time": "0:00:45",
        "speaker_tag": 2,
        "start_time": "0:00:44.600000",
        "word": "castle"
    },
    {
        "end_time": "0:00:45.300000",
        "speaker_tag": 2,
        "start_time": "0:00:45",
        "word": "in"
    },
    {
        "end_time": "0:00:45.700000",
        "speaker_tag": 2,
        "start_time": "0:00:45.300000",
        "word": "the"
    },
    {
        "end_time": "0:00:46",
        "speaker_tag": 2,
        "start_time": "0:00:45.700000",
        "word": "center"
    },
    {
        "end_time": "0:00:46",
        "speaker_tag": 2,
        "start_time": "0:00:46",
        "word": "of"
    },
    {
        "end_time": "0:00:46.300000",
        "speaker_tag": 2,
        "start_time": "0:00:46",
        "word": "it"
    },
    {
        "end_time": "0:00:46.900000",
        "speaker_tag": 2,
        "start_time": "0:00:46.300000",
        "word": "so"
    },
    {
        "end_time": "0:00:46.900000",
        "speaker_tag": 2,
        "start_time": "0:00:46.900000",
        "word": "I"
    },
    {
        "end_time": "0:00:47.100000",
        "speaker_tag": 1,
        "start_time": "0:00:46.900000",
        "word": "can"
    },
    {
        "end_time": "0:00:47.400000",
        "speaker_tag": 1,
        "start_time": "0:00:47.100000",
        "word": "remember"
    },
    {
        "end_time": "0:00:47.600000",
        "speaker_tag": 1,
        "start_time": "0:00:47.400000",
        "word": "the"
    },
    {
        "end_time": "0:00:47.800000",
        "speaker_tag": 1,
        "start_time": "0:00:47.600000",
        "word": "or"
    },
    {
        "end_time": "0:00:51.600000",
        "speaker_tag": 2,
        "start_time": "0:00:51.200000",
        "word": "now"
    },
    {
        "end_time": "0:00:51.800000",
        "speaker_tag": 2,
        "start_time": "0:00:51.600000",
        "word": "yeah"
    },
    {
        "end_time": "0:00:52.100000",
        "speaker_tag": 2,
        "start_time": "0:00:51.800000",
        "word": "it"
    },
    {
        "end_time": "0:00:52.400000",
        "speaker_tag": 2,
        "start_time": "0:00:52.100000",
        "word": "was"
    },
    {
        "end_time": "0:00:52.800000",
        "speaker_tag": 2,
        "start_time": "0:00:52.400000",
        "word": "always"
    },
    {
        "end_time": "0:00:53",
        "speaker_tag": 2,
        "start_time": "0:00:52.800000",
        "word": "in"
    },
    {
        "end_time": "0:00:53.400000",
        "speaker_tag": 2,
        "start_time": "0:00:53",
        "word": "Kilkenny"
    },
    {
        "end_time": "0:00:55",
        "speaker_tag": 1,
        "start_time": "0:00:53.400000",
        "word": "we"
    },
    {
        "end_time": "0:00:55.400000",
        "speaker_tag": 1,
        "start_time": "0:00:55",
        "word": "regretted"
    },
    {
        "end_time": "0:00:55.500000",
        "speaker_tag": 1,
        "start_time": "0:00:55.400000",
        "word": "not"
    },
    {
        "end_time": "0:00:55.900000",
        "speaker_tag": 1,
        "start_time": "0:00:55.500000",
        "word": "spending"
    },
    {
        "end_time": "0:00:56",
        "speaker_tag": 1,
        "start_time": "0:00:55.900000",
        "word": "as"
    },
    {
        "end_time": "0:00:56.100000",
        "speaker_tag": 1,
        "start_time": "0:00:56",
        "word": "much"
    },
    {
        "end_time": "0:00:56.300000",
        "speaker_tag": 1,
        "start_time": "0:00:56.100000",
        "word": "time"
    },
    {
        "end_time": "0:00:56.800000",
        "speaker_tag": 1,
        "start_time": "0:00:56.300000",
        "word": "in"
    },
    {
        "end_time": "0:00:57.100000",
        "speaker_tag": 1,
        "start_time": "0:00:56.800000",
        "word": "Galway"
    },
    {
        "end_time": "0:00:58.600000",
        "speaker_tag": 2,
        "start_time": "0:00:57.100000",
        "word": "and"
    },
    {
        "end_time": "0:00:58.800000",
        "speaker_tag": 2,
        "start_time": "0:00:58.600000",
        "word": "then"
    },
    {
        "end_time": "0:00:59",
        "speaker_tag": 2,
        "start_time": "0:00:58.800000",
        "word": "we"
    },
    {
        "end_time": "0:01:00",
        "speaker_tag": 2,
        "start_time": "0:00:59",
        "word": "flew"
    },
    {
        "end_time": "0:01:00.200000",
        "speaker_tag": 2,
        "start_time": "0:01:00",
        "word": "out"
    },
    {
        "end_time": "0:01:02.700000",
        "speaker_tag": 2,
        "start_time": "0:01:01.900000",
        "word": "the"
    },
    {
        "end_time": "0:01:03.600000",
        "speaker_tag": 2,
        "start_time": "0:01:02.700000",
        "word": "other"
    },
    {
        "end_time": "0:01:03.800000",
        "speaker_tag": 2,
        "start_time": "0:01:03.600000",
        "word": "one"
    },
    {
        "end_time": "0:01:04.300000",
        "speaker_tag": 2,
        "start_time": "0:01:03.800000",
        "word": "is"
    },
    {
        "end_time": "0:01:04.600000",
        "speaker_tag": 2,
        "start_time": "0:01:04.300000",
        "word": "it"
    },
    {
        "end_time": "0:01:06.900000",
        "speaker_tag": 2,
        "start_time": "0:01:05.400000",
        "word": "the"
    },
    {
        "end_time": "0:01:07.400000",
        "speaker_tag": 2,
        "start_time": "0:01:06.900000",
        "word": "Dublin"
    },
    {
        "end_time": "0:01:07.600000",
        "speaker_tag": 2,
        "start_time": "0:01:07.400000",
        "word": "Airport"
    },
    {
        "end_time": "0:01:07.900000",
        "speaker_tag": 2,
        "start_time": "0:01:07.600000",
        "word": "that's"
    },
    {
        "end_time": "0:01:18.400000",
        "speaker_tag": 2,
        "start_time": "0:01:07.900000",
        "word": "the"
    },
    {
        "end_time": "0:01:18.700000",
        "speaker_tag": 2,
        "start_time": "0:01:18.400000",
        "word": "horse"
    },
    {
        "end_time": "0:01:19",
        "speaker_tag": 2,
        "start_time": "0:01:18.700000",
        "word": "that"
    },
    {
        "end_time": "0:01:19.100000",
        "speaker_tag": 2,
        "start_time": "0:01:19",
        "word": "my"
    },
    {
        "end_time": "0:01:19.400000",
        "speaker_tag": 2,
        "start_time": "0:01:19.100000",
        "word": "aunt"
    },
    {
        "end_time": "0:01:19.700000",
        "speaker_tag": 1,
        "start_time": "0:01:19.400000",
        "word": "had"
    },
    {
        "end_time": "0:01:20.700000",
        "speaker_tag": 1,
        "start_time": "0:01:19.700000",
        "word": "and"
    },
    {
        "end_time": "0:01:21",
        "speaker_tag": 1,
        "start_time": "0:01:20.700000",
        "word": "her"
    },
    {
        "end_time": "0:01:21.200000",
        "speaker_tag": 1,
        "start_time": "0:01:21",
        "word": "two"
    },
    {
        "end_time": "0:01:21.700000",
        "speaker_tag": 1,
        "start_time": "0:01:21.200000",
        "word": "cats"
    },
    {
        "end_time": "0:01:22.800000",
        "speaker_tag": 1,
        "start_time": "0:01:21.700000",
        "word": "which"
    },
    {
        "end_time": "0:01:23.100000",
        "speaker_tag": 1,
        "start_time": "0:01:22.800000",
        "word": "one"
    },
    {
        "end_time": "0:01:23.500000",
        "speaker_tag": 1,
        "start_time": "0:01:23.100000",
        "word": "adopted"
    },
    {
        "end_time": "0:01:23.700000",
        "speaker_tag": 1,
        "start_time": "0:01:23.500000",
        "word": "me"
    },
    {
        "end_time": "0:01:25.900000",
        "speaker_tag": 1,
        "start_time": "0:01:23.700000",
        "word": "still"
    },
    {
        "end_time": "0:01:25.900000",
        "speaker_tag": 1,
        "start_time": "0:01:25.900000",
        "word": "have"
    },
    {
        "end_time": "0:01:26.100000",
        "speaker_tag": 1,
        "start_time": "0:01:25.900000",
        "word": "the"
    },
    {
        "end_time": "0:01:26.400000",
        "speaker_tag": 2,
        "start_time": "0:01:26.100000",
        "word": "sweater"
    },
    {
        "end_time": "0:01:26.500000",
        "speaker_tag": 2,
        "start_time": "0:01:26.400000",
        "word": "and"
    },
    {
        "end_time": "0:01:26.700000",
        "speaker_tag": 2,
        "start_time": "0:01:26.500000",
        "word": "can"
    },
    {
        "end_time": "0:01:26.800000",
        "speaker_tag": 2,
        "start_time": "0:01:26.700000",
        "word": "never"
    },
    {
        "end_time": "0:01:27",
        "speaker_tag": 2,
        "start_time": "0:01:26.800000",
        "word": "wear"
    },
    {
        "end_time": "0:01:27.100000",
        "speaker_tag": 2,
        "start_time": "0:01:27",
        "word": "it"
    },
    {
        "end_time": "0:01:27.200000",
        "speaker_tag": 2,
        "start_time": "0:01:27.100000",
        "word": "again"
    },
    {
        "end_time": "0:01:27.900000",
        "speaker_tag": 2,
        "start_time": "0:01:27.200000",
        "word": "been"
    },
    {
        "end_time": "0:01:28.200000",
        "speaker_tag": 2,
        "start_time": "0:01:27.900000",
        "word": "ruined"
    },
    {
        "end_time": "0:01:28.300000",
        "speaker_tag": 2,
        "start_time": "0:01:28.200000",
        "word": "my"
    },
    {
        "end_time": "0:01:28.600000",
        "speaker_tag": 2,
        "start_time": "0:01:28.300000",
        "word": "cat"
    },
    {
        "end_time": "0:01:28.800000",
        "speaker_tag": 2,
        "start_time": "0:01:28.600000",
        "word": "hair"
    },
    {
        "end_time": "0:01:31.500000",
        "speaker_tag": 2,
        "start_time": "0:01:28.800000",
        "word": "met"
    },
    {
        "end_time": "0:01:31.600000",
        "speaker_tag": 2,
        "start_time": "0:01:31.500000",
        "word": "her"
    },
    {
        "end_time": "0:01:31.800000",
        "speaker_tag": 2,
        "start_time": "0:01:31.600000",
        "word": "two"
    },
    {
        "end_time": "0:01:32.100000",
        "speaker_tag": 2,
        "start_time": "0:01:31.800000",
        "word": "dogs"
    },
    {
        "end_time": "0:01:32.900000",
        "speaker_tag": 2,
        "start_time": "0:01:32.100000",
        "word": "Chelsea"
    },
    {
        "end_time": "0:01:33",
        "speaker_tag": 2,
        "start_time": "0:01:32.900000",
        "word": "and"
    },
    {
        "end_time": "0:01:33.600000",
        "speaker_tag": 1,
        "start_time": "0:01:33",
        "word": "Mister"
    },
    {
        "end_time": "0:01:33.900000",
        "speaker_tag": 1,
        "start_time": "0:01:33.600000",
        "word": "kiss"
    },
    {
        "end_time": "0:01:39.900000",
        "speaker_tag": 2,
        "start_time": "0:01:39.300000",
        "word": "whiskey"
    },
    {
        "end_time": "0:01:40.400000",
        "speaker_tag": 2,
        "start_time": "0:01:39.900000",
        "word": "Emily"
    },
    {
        "end_time": "0:01:43.300000",
        "speaker_tag": 2,
        "start_time": "0:01:42.900000",
        "word": "met"
    },
    {
        "end_time": "0:01:43.400000",
        "speaker_tag": 2,
        "start_time": "0:01:43.300000",
        "word": "her"
    },
    {
        "end_time": "0:01:43.800000",
        "speaker_tag": 2,
        "start_time": "0:01:43.400000",
        "word": "neighbor"
    },
    {
        "end_time": "0:01:44.500000",
        "speaker_tag": 2,
        "start_time": "0:01:43.800000",
        "word": "Zara"
    },
    {
        "end_time": "0:01:47.500000",
        "speaker_tag": 2,
        "start_time": "0:01:46.600000",
        "word": "Denali"
    },
    {
        "end_time": "0:01:51.200000",
        "speaker_tag": 2,
        "start_time": "0:01:50.700000",
        "word": "yeah"
    },
    {
        "end_time": "0:01:51.600000",
        "speaker_tag": 2,
        "start_time": "0:01:51.200000",
        "word": "that"
    },
    {
        "end_time": "0:01:51.700000",
        "speaker_tag": 2,
        "start_time": "0:01:51.600000",
        "word": "way"
    },
    {
        "end_time": "0:01:51.800000",
        "speaker_tag": 2,
        "start_time": "0:01:51.700000",
        "word": "it"
    },
    {
        "end_time": "0:01:51.900000",
        "speaker_tag": 2,
        "start_time": "0:01:51.800000",
        "word": "looks"
    },
    {
        "end_time": "0:01:52.100000",
        "speaker_tag": 2,
        "start_time": "0:01:51.900000",
        "word": "like"
    },
    {
        "end_time": "0:01:52.800000",
        "speaker_tag": 2,
        "start_time": "0:01:52.100000",
        "word": "it's"
    },
    {
        "end_time": "0:01:52.900000",
        "speaker_tag": 2,
        "start_time": "0:01:52.800000",
        "word": "been"
    },
    {
        "end_time": "0:01:53",
        "speaker_tag": 2,
        "start_time": "0:01:52.900000",
        "word": "the"
    },
    {
        "end_time": "0:01:53.300000",
        "speaker_tag": 2,
        "start_time": "0:01:53",
        "word": "big"
    },
    {
        "end_time": "0:01:53.700000",
        "speaker_tag": 2,
        "start_time": "0:01:53.300000",
        "word": "trip"
    },
    {
        "end_time": "0:01:54.900000",
        "speaker_tag": 2,
        "start_time": "0:01:53.700000",
        "word": "other"
    },
    {
        "end_time": "0:01:55.100000",
        "speaker_tag": 2,
        "start_time": "0:01:54.900000",
        "word": "than"
    },
    {
        "end_time": "0:01:55.400000",
        "speaker_tag": 2,
        "start_time": "0:01:55.100000",
        "word": "just"
    },
    {
        "end_time": "0:01:55.600000",
        "speaker_tag": 2,
        "start_time": "0:01:55.400000",
        "word": "doing"
    },
    {
        "end_time": "0:01:55.800000",
        "speaker_tag": 2,
        "start_time": "0:01:55.600000",
        "word": "some"
    },
    {
        "end_time": "0:01:55.900000",
        "speaker_tag": 2,
        "start_time": "0:01:55.800000",
        "word": "shopping"
    },
    {
        "end_time": "0:01:56.400000",
        "speaker_tag": 2,
        "start_time": "0:01:55.900000",
        "word": "in"
    },
    {
        "end_time": "0:01:56.500000",
        "speaker_tag": 2,
        "start_time": "0:01:56.400000",
        "word": "the"
    },
    {
        "end_time": "0:01:56.700000",
        "speaker_tag": 2,
        "start_time": "0:01:56.500000",
        "word": "whole"
    },
    {
        "end_time": "0:01:57",
        "speaker_tag": 2,
        "start_time": "0:01:56.700000",
        "word": "bunches"
    },
    {
        "end_time": "0:01:57.500000",
        "speaker_tag": 2,
        "start_time": "0:01:57",
        "word": "light"
    },
    {
        "end_time": "0:01:57.800000",
        "speaker_tag": 1,
        "start_time": "0:01:57.500000",
        "word": "thing"
    },
    {
        "end_time": "0:02:08.300000",
        "speaker_tag": 1,
        "start_time": "0:02:07",
        "word": "please"
    },
    {
        "end_time": "0:02:08.700000",
        "speaker_tag": 2,
        "start_time": "0:02:08.300000",
        "word": "explain"
    },
    {
        "end_time": "0:02:09.200000",
        "speaker_tag": 2,
        "start_time": "0:02:08.700000",
        "word": "how"
    },
    {
        "end_time": "0:02:09.300000",
        "speaker_tag": 2,
        "start_time": "0:02:09.200000",
        "word": "you"
    },
    {
        "end_time": "0:02:09.500000",
        "speaker_tag": 2,
        "start_time": "0:02:09.300000",
        "word": "make"
    },
    {
        "end_time": "0:02:09.700000",
        "speaker_tag": 2,
        "start_time": "0:02:09.500000",
        "word": "the"
    },
    {
        "end_time": "0:02:10",
        "speaker_tag": 2,
        "start_time": "0:02:09.700000",
        "word": "following"
    },
    {
        "end_time": "0:02:10.300000",
        "speaker_tag": 2,
        "start_time": "0:02:10",
        "word": "meal"
    },
    {
        "end_time": "0:02:11.300000",
        "speaker_tag": 2,
        "start_time": "0:02:10.300000",
        "word": "step-by-step"
    },
    {
        "end_time": "0:02:11.500000",
        "speaker_tag": 2,
        "start_time": "0:02:11.300000",
        "word": "a"
    },
    {
        "end_time": "0:02:11.800000",
        "speaker_tag": 2,
        "start_time": "0:02:11.500000",
        "word": "cup"
    },
    {
        "end_time": "0:02:11.900000",
        "speaker_tag": 2,
        "start_time": "0:02:11.800000",
        "word": "of"
    },
    {
        "end_time": "0:02:12.200000",
        "speaker_tag": 2,
        "start_time": "0:02:11.900000",
        "word": "coffee"
    },
    {
        "end_time": "0:02:13.100000",
        "speaker_tag": 2,
        "start_time": "0:02:12.200000",
        "word": "scrambled"
    },
    {
        "end_time": "0:02:13.400000",
        "speaker_tag": 2,
        "start_time": "0:02:13.100000",
        "word": "eggs"
    },
    {
        "end_time": "0:02:13.600000",
        "speaker_tag": 2,
        "start_time": "0:02:13.400000",
        "word": "in"
    },
    {
        "end_time": "0:02:13.700000",
        "speaker_tag": 2,
        "start_time": "0:02:13.600000",
        "word": "a"
    },
    {
        "end_time": "0:02:13.800000",
        "speaker_tag": 2,
        "start_time": "0:02:13.700000",
        "word": "bowl"
    },
    {
        "end_time": "0:02:13.900000",
        "speaker_tag": 2,
        "start_time": "0:02:13.800000",
        "word": "of"
    },
    {
        "end_time": "0:02:14.300000",
        "speaker_tag": 2,
        "start_time": "0:02:13.900000",
        "word": "fruit"
    },
    {
        "end_time": "0:02:14.900000",
        "speaker_tag": 2,
        "start_time": "0:02:14.300000",
        "word": "pretend"
    },
    {
        "end_time": "0:02:15",
        "speaker_tag": 2,
        "start_time": "0:02:14.900000",
        "word": "I"
    },
    {
        "end_time": "0:02:15.100000",
        "speaker_tag": 2,
        "start_time": "0:02:15",
        "word": "do"
    },
    {
        "end_time": "0:02:15.400000",
        "speaker_tag": 2,
        "start_time": "0:02:15.100000",
        "word": "not"
    },
    {
        "end_time": "0:02:15.500000",
        "speaker_tag": 2,
        "start_time": "0:02:15.400000",
        "word": "know"
    },
    {
        "end_time": "0:02:15.600000",
        "speaker_tag": 2,
        "start_time": "0:02:15.500000",
        "word": "how"
    },
    {
        "end_time": "0:02:15.700000",
        "speaker_tag": 2,
        "start_time": "0:02:15.600000",
        "word": "to"
    },
    {
        "end_time": "0:02:15.900000",
        "speaker_tag": 2,
        "start_time": "0:02:15.700000",
        "word": "make"
    },
    {
        "end_time": "0:02:16",
        "speaker_tag": 2,
        "start_time": "0:02:15.900000",
        "word": "the"
    },
    {
        "end_time": "0:02:16.200000",
        "speaker_tag": 2,
        "start_time": "0:02:16",
        "word": "meal"
    },
    {
        "end_time": "0:02:16.400000",
        "speaker_tag": 2,
        "start_time": "0:02:16.200000",
        "word": "and"
    },
    {
        "end_time": "0:02:16.700000",
        "speaker_tag": 2,
        "start_time": "0:02:16.400000",
        "word": "provide"
    },
    {
        "end_time": "0:02:16.800000",
        "speaker_tag": 2,
        "start_time": "0:02:16.700000",
        "word": "as"
    },
    {
        "end_time": "0:02:17.100000",
        "speaker_tag": 2,
        "start_time": "0:02:16.800000",
        "word": "many"
    },
    {
        "end_time": "0:02:17.300000",
        "speaker_tag": 2,
        "start_time": "0:02:17.100000",
        "word": "details"
    },
    {
        "end_time": "0:02:17.600000",
        "speaker_tag": 2,
        "start_time": "0:02:17.300000",
        "word": "as"
    },
    {
        "end_time": "0:02:17.800000",
        "speaker_tag": 2,
        "start_time": "0:02:17.600000",
        "word": "you"
    },
    {
        "end_time": "0:02:17.900000",
        "speaker_tag": 2,
        "start_time": "0:02:17.800000",
        "word": "want"
    },
    {
        "end_time": "0:02:18",
        "speaker_tag": 2,
        "start_time": "0:02:17.900000",
        "word": "to"
    },
    {
        "end_time": "0:02:22",
        "speaker_tag": 1,
        "start_time": "0:02:19.600000",
        "word": "okay"
    },
    {
        "end_time": "0:02:24.300000",
        "speaker_tag": 2,
        "start_time": "0:02:22",
        "word": "ignoring"
    },
    {
        "end_time": "0:02:24.400000",
        "speaker_tag": 2,
        "start_time": "0:02:24.300000",
        "word": "the"
    },
    {
        "end_time": "0:02:24.600000",
        "speaker_tag": 2,
        "start_time": "0:02:24.400000",
        "word": "first"
    },
    {
        "end_time": "0:02:24.800000",
        "speaker_tag": 2,
        "start_time": "0:02:24.600000",
        "word": "time"
    },
    {
        "end_time": "0:02:25.100000",
        "speaker_tag": 2,
        "start_time": "0:02:24.800000",
        "word": "ever"
    },
    {
        "end_time": "0:02:25.300000",
        "speaker_tag": 2,
        "start_time": "0:02:25.100000",
        "word": "made"
    },
    {
        "end_time": "0:02:28.200000",
        "speaker_tag": 2,
        "start_time": "0:02:27.700000",
        "word": "the"
    },
    {
        "end_time": "0:02:28.600000",
        "speaker_tag": 2,
        "start_time": "0:02:28.200000",
        "word": "cops"
    },
    {
        "end_time": "0:02:28.600000",
        "speaker_tag": 2,
        "start_time": "0:02:28.600000",
        "word": "are"
    },
    {
        "end_time": "0:02:29.600000",
        "speaker_tag": 2,
        "start_time": "0:02:28.600000",
        "word": "the"
    },
    {
        "end_time": "0:02:29.900000",
        "speaker_tag": 2,
        "start_time": "0:02:29.600000",
        "word": "coffee"
    },
    {
        "end_time": "0:02:30.400000",
        "speaker_tag": 2,
        "start_time": "0:02:29.900000",
        "word": "grounds"
    },
    {
        "end_time": "0:02:31.100000",
        "speaker_tag": 2,
        "start_time": "0:02:30.400000",
        "word": "in"
    },
    {
        "end_time": "0:02:31.200000",
        "speaker_tag": 2,
        "start_time": "0:02:31.100000",
        "word": "the"
    },
    {
        "end_time": "0:02:31.600000",
        "speaker_tag": 2,
        "start_time": "0:02:31.200000",
        "word": "filter"
    },
    {
        "end_time": "0:02:31.700000",
        "speaker_tag": 2,
        "start_time": "0:02:31.600000",
        "word": "if"
    },
    {
        "end_time": "0:02:31.900000",
        "speaker_tag": 2,
        "start_time": "0:02:31.700000",
        "word": "they're"
    },
    {
        "end_time": "0:02:32",
        "speaker_tag": 2,
        "start_time": "0:02:31.900000",
        "word": "not"
    },
    {
        "end_time": "0:02:32.100000",
        "speaker_tag": 2,
        "start_time": "0:02:32",
        "word": "already"
    },
    {
        "end_time": "0:02:32.500000",
        "speaker_tag": 2,
        "start_time": "0:02:32.100000",
        "word": "ground"
    },
    {
        "end_time": "0:02:32.800000",
        "speaker_tag": 2,
        "start_time": "0:02:32.500000",
        "word": "coarse"
    },
    {
        "end_time": "0:02:33.100000",
        "speaker_tag": 2,
        "start_time": "0:02:32.800000",
        "word": "grind"
    },
    {
        "end_time": "0:02:33.200000",
        "speaker_tag": 2,
        "start_time": "0:02:33.100000",
        "word": "them"
    },
    {
        "end_time": "0:02:33.200000",
        "speaker_tag": 2,
        "start_time": "0:02:33.200000",
        "word": "up"
    },
    {
        "end_time": "0:02:36.600000",
        "speaker_tag": 1,
        "start_time": "0:02:33.200000",
        "word": "and"
    },
    {
        "end_time": "0:02:36.800000",
        "speaker_tag": 1,
        "start_time": "0:02:36.600000",
        "word": "then"
    },
    {
        "end_time": "0:02:38",
        "speaker_tag": 1,
        "start_time": "0:02:36.800000",
        "word": "into"
    },
    {
        "end_time": "0:02:38.100000",
        "speaker_tag": 1,
        "start_time": "0:02:38",
        "word": "the"
    },
    {
        "end_time": "0:02:38.400000",
        "speaker_tag": 1,
        "start_time": "0:02:38.100000",
        "word": "coffee"
    },
    {
        "end_time": "0:02:38.700000",
        "speaker_tag": 2,
        "start_time": "0:02:38.400000",
        "word": "maker"
    },
    {
        "end_time": "0:02:38.900000",
        "speaker_tag": 2,
        "start_time": "0:02:38.700000",
        "word": "and"
    },
    {
        "end_time": "0:02:39",
        "speaker_tag": 2,
        "start_time": "0:02:38.900000",
        "word": "then"
    },
    {
        "end_time": "0:02:39.600000",
        "speaker_tag": 2,
        "start_time": "0:02:39",
        "word": "put"
    },
    {
        "end_time": "0:02:39.900000",
        "speaker_tag": 2,
        "start_time": "0:02:39.600000",
        "word": "water"
    },
    {
        "end_time": "0:02:47.900000",
        "speaker_tag": 2,
        "start_time": "0:02:47.300000",
        "word": "start"
    },
    {
        "end_time": "0:02:48",
        "speaker_tag": 2,
        "start_time": "0:02:47.900000",
        "word": "with"
    },
    {
        "end_time": "0:02:48.100000",
        "speaker_tag": 2,
        "start_time": "0:02:48",
        "word": "the"
    },
    {
        "end_time": "0:02:48.400000",
        "speaker_tag": 2,
        "start_time": "0:02:48.100000",
        "word": "next"
    },
    {
        "end_time": "0:02:48.600000",
        "speaker_tag": 2,
        "start_time": "0:02:48.400000",
        "word": "one"
    },
    {
        "end_time": "0:02:49",
        "speaker_tag": 2,
        "start_time": "0:02:48.600000",
        "word": "scrambled"
    },
    {
        "end_time": "0:02:49.300000",
        "speaker_tag": 2,
        "start_time": "0:02:49",
        "word": "egg"
    },
    {
        "end_time": "0:02:49.800000",
        "speaker_tag": 2,
        "start_time": "0:02:49.300000",
        "word": "scrambled"
    },
    {
        "end_time": "0:02:50.200000",
        "speaker_tag": 1,
        "start_time": "0:02:49.800000",
        "word": "eggs"
    },
    {
        "end_time": "0:02:52.900000",
        "speaker_tag": 1,
        "start_time": "0:02:52.100000",
        "word": "take"
    },
    {
        "end_time": "0:02:53.500000",
        "speaker_tag": 2,
        "start_time": "0:02:52.900000",
        "word": "one"
    },
    {
        "end_time": "0:02:53.600000",
        "speaker_tag": 2,
        "start_time": "0:02:53.500000",
        "word": "or"
    },
    {
        "end_time": "0:02:53.700000",
        "speaker_tag": 2,
        "start_time": "0:02:53.600000",
        "word": "two"
    },
    {
        "end_time": "0:02:54.200000",
        "speaker_tag": 2,
        "start_time": "0:02:53.700000",
        "word": "eggs"
    },
    {
        "end_time": "0:02:55.100000",
        "speaker_tag": 2,
        "start_time": "0:02:54.200000",
        "word": "cracking"
    },
    {
        "end_time": "0:02:55.300000",
        "speaker_tag": 2,
        "start_time": "0:02:55.100000",
        "word": "open"
    },
    {
        "end_time": "0:02:55.600000",
        "speaker_tag": 2,
        "start_time": "0:02:55.300000",
        "word": "into"
    },
    {
        "end_time": "0:02:55.700000",
        "speaker_tag": 2,
        "start_time": "0:02:55.600000",
        "word": "a"
    },
    {
        "end_time": "0:02:56.100000",
        "speaker_tag": 2,
        "start_time": "0:02:55.700000",
        "word": "bowl"
    },
    {
        "end_time": "0:02:57.600000",
        "speaker_tag": 2,
        "start_time": "0:02:56.100000",
        "word": "at"
    },
    {
        "end_time": "0:02:58",
        "speaker_tag": 2,
        "start_time": "0:02:57.600000",
        "word": "sanchi"
    },
    {
        "end_time": "0:02:58.500000",
        "speaker_tag": 2,
        "start_time": "0:02:58",
        "word": "that's"
    },
    {
        "end_time": "0:02:58.700000",
        "speaker_tag": 2,
        "start_time": "0:02:58.500000",
        "word": "in"
    },
    {
        "end_time": "0:02:59.500000",
        "speaker_tag": 2,
        "start_time": "0:02:58.700000",
        "word": "Culpeper"
    },
    {
        "end_time": "0:03:04.900000",
        "speaker_tag": 1,
        "start_time": "0:03:04.500000",
        "word": "is"
    },
    {
        "end_time": "0:03:05.100000",
        "speaker_tag": 1,
        "start_time": "0:03:04.900000",
        "word": "make"
    },
    {
        "end_time": "0:03:05.200000",
        "speaker_tag": 1,
        "start_time": "0:03:05.100000",
        "word": "sure"
    },
    {
        "end_time": "0:03:05.300000",
        "speaker_tag": 1,
        "start_time": "0:03:05.200000",
        "word": "they"
    },
    {
        "end_time": "0:03:05.500000",
        "speaker_tag": 1,
        "start_time": "0:03:05.300000",
        "word": "don't"
    },
    {
        "end_time": "0:03:05.900000",
        "speaker_tag": 1,
        "start_time": "0:03:05.500000",
        "word": "stick"
    },
    {
        "end_time": "0:03:06",
        "speaker_tag": 2,
        "start_time": "0:03:05.900000",
        "word": "in"
    },
    {
        "end_time": "0:03:06.100000",
        "speaker_tag": 2,
        "start_time": "0:03:06",
        "word": "that"
    },
    {
        "end_time": "0:03:06.300000",
        "speaker_tag": 2,
        "start_time": "0:03:06.100000",
        "word": "they"
    },
    {
        "end_time": "0:03:06.700000",
        "speaker_tag": 2,
        "start_time": "0:03:06.300000",
        "word": "scramble"
    },
    {
        "end_time": "0:03:07.200000",
        "speaker_tag": 2,
        "start_time": "0:03:06.700000",
        "word": "properly"
    },
    {
        "end_time": "0:03:07.400000",
        "speaker_tag": 2,
        "start_time": "0:03:07.200000",
        "word": "and"
    },
    {
        "end_time": "0:03:07.700000",
        "speaker_tag": 2,
        "start_time": "0:03:07.400000",
        "word": "cook"
    },
    {
        "end_time": "0:03:15.600000",
        "speaker_tag": 1,
        "start_time": "0:03:14.700000",
        "word": "picking"
    },
    {
        "end_time": "0:03:16.300000",
        "speaker_tag": 1,
        "start_time": "0:03:15.600000",
        "word": "strawberries"
    },
    {
        "end_time": "0:03:17.400000",
        "speaker_tag": 2,
        "start_time": "0:03:16.300000",
        "word": "off"
    },
    {
        "end_time": "0:03:17.500000",
        "speaker_tag": 2,
        "start_time": "0:03:17.400000",
        "word": "the"
    },
    {
        "end_time": "0:03:17.800000",
        "speaker_tag": 2,
        "start_time": "0:03:17.500000",
        "word": "tips"
    },
    {
        "end_time": "0:03:18",
        "speaker_tag": 2,
        "start_time": "0:03:17.800000",
        "word": "because"
    },
    {
        "end_time": "0:03:23",
        "speaker_tag": 2,
        "start_time": "0:03:22.500000",
        "word": "drop"
    },
    {
        "end_time": "0:03:23.200000",
        "speaker_tag": 2,
        "start_time": "0:03:23",
        "word": "it"
    },
    {
        "end_time": "0:03:23.300000",
        "speaker_tag": 2,
        "start_time": "0:03:23.200000",
        "word": "into"
    },
    {
        "end_time": "0:03:23.500000",
        "speaker_tag": 2,
        "start_time": "0:03:23.300000",
        "word": "the"
    },
    {
        "end_time": "0:03:23.800000",
        "speaker_tag": 2,
        "start_time": "0:03:23.500000",
        "word": "bowl"
    },
    {
        "end_time": "0:03:25.400000",
        "speaker_tag": 1,
        "start_time": "0:03:23.800000",
        "word": "printable"
    },
    {
        "end_time": "0:03:35.400000",
        "speaker_tag": 2,
        "start_time": "0:03:25.400000",
        "word": "preferably"
    },
    {
        "end_time": "0:03:35.800000",
        "speaker_tag": 2,
        "start_time": "0:03:35.400000",
        "word": "already"
    },
    {
        "end_time": "0:03:36.100000",
        "speaker_tag": 2,
        "start_time": "0:03:35.800000",
        "word": "cut"
    },
    {
        "end_time": "0:03:36.300000",
        "speaker_tag": 2,
        "start_time": "0:03:36.100000",
        "word": "from"
    },
    {
        "end_time": "0:03:36.400000",
        "speaker_tag": 2,
        "start_time": "0:03:36.300000",
        "word": "the"
    },
    {
        "end_time": "0:03:36.700000",
        "speaker_tag": 2,
        "start_time": "0:03:36.400000",
        "word": "store"
    },
    {
        "end_time": "0:03:37",
        "speaker_tag": 2,
        "start_time": "0:03:36.700000",
        "word": "is"
    },
    {
        "end_time": "0:03:37.100000",
        "speaker_tag": 2,
        "start_time": "0:03:37",
        "word": "getting"
    },
    {
        "end_time": "0:03:37.400000",
        "speaker_tag": 2,
        "start_time": "0:03:37.100000",
        "word": "them"
    },
    {
        "end_time": "0:03:38.400000",
        "speaker_tag": 2,
        "start_time": "0:03:37.400000",
        "word": "pain"
    },
    {
        "end_time": "0:03:38.500000",
        "speaker_tag": 2,
        "start_time": "0:03:38.400000",
        "word": "in"
    },
    {
        "end_time": "0:03:38.500000",
        "speaker_tag": 2,
        "start_time": "0:03:38.500000",
        "word": "the"
    },
    {
        "end_time": "0:03:38.800000",
        "speaker_tag": 2,
        "start_time": "0:03:38.500000",
        "word": "butt"
    },
    {
        "end_time": "0:03:47.600000",
        "speaker_tag": 1,
        "start_time": "0:03:47.200000",
        "word": "they"
    },
    {
        "end_time": "0:03:47.800000",
        "speaker_tag": 1,
        "start_time": "0:03:47.600000",
        "word": "are"
    },
    {
        "end_time": "0:03:48",
        "speaker_tag": 1,
        "start_time": "0:03:47.800000",
        "word": "hard"
    },
    {
        "end_time": "0:03:48.200000",
        "speaker_tag": 1,
        "start_time": "0:03:48",
        "word": "to"
    },
    {
        "end_time": "0:03:48.400000",
        "speaker_tag": 1,
        "start_time": "0:03:48.200000",
        "word": "go"
    },
    {
        "end_time": "0:03:52.200000",
        "speaker_tag": 1,
        "start_time": "0:03:50.600000",
        "word": "did"
    },
    {
        "end_time": "0:03:52.300000",
        "speaker_tag": 1,
        "start_time": "0:03:52.200000",
        "word": "you"
    },
    {
        "end_time": "0:03:52.600000",
        "speaker_tag": 2,
        "start_time": "0:03:52.300000",
        "word": "get"
    },
    {
        "end_time": "0:03:53",
        "speaker_tag": 2,
        "start_time": "0:03:52.600000",
        "word": "the"
    },
    {
        "end_time": "0:03:53.300000",
        "speaker_tag": 2,
        "start_time": "0:03:53",
        "word": "ones"
    },
    {
        "end_time": "0:03:53.400000",
        "speaker_tag": 2,
        "start_time": "0:03:53.300000",
        "word": "that"
    },
    {
        "end_time": "0:03:53.500000",
        "speaker_tag": 2,
        "start_time": "0:03:53.400000",
        "word": "are"
    },
    {
        "end_time": "0:03:54.300000",
        "speaker_tag": 2,
        "start_time": "0:03:53.500000",
        "word": "complete"
    },
    {
        "end_time": "0:03:54.400000",
        "speaker_tag": 2,
        "start_time": "0:03:54.300000",
        "word": "the"
    },
    {
        "end_time": "0:03:55",
        "speaker_tag": 2,
        "start_time": "0:03:54.400000",
        "word": "cube"
    },
    {
        "end_time": "0:03:55.300000",
        "speaker_tag": 2,
        "start_time": "0:03:55",
        "word": "dog"
    },
    {
        "end_time": "0:03:55.900000",
        "speaker_tag": 2,
        "start_time": "0:03:55.300000",
        "word": "watery"
    },
    {
        "end_time": "0:03:56",
        "speaker_tag": 2,
        "start_time": "0:03:55.900000",
        "word": "and"
    },
    {
        "end_time": "0:03:56.400000",
        "speaker_tag": 2,
        "start_time": "0:03:56",
        "word": "Soggy"
    },
    {
        "end_time": "0:03:56.600000",
        "speaker_tag": 2,
        "start_time": "0:03:56.400000",
        "word": "if"
    },
    {
        "end_time": "0:03:56.700000",
        "speaker_tag": 2,
        "start_time": "0:03:56.600000",
        "word": "they"
    },
    {
        "end_time": "0:03:56.800000",
        "speaker_tag": 2,
        "start_time": "0:03:56.700000",
        "word": "have"
    },
    {
        "end_time": "0:03:57",
        "speaker_tag": 2,
        "start_time": "0:03:56.800000",
        "word": "to"
    },
    {
        "end_time": "0:03:57.100000",
        "speaker_tag": 2,
        "start_time": "0:03:57",
        "word": "go"
    },
    {
        "end_time": "0:03:57.300000",
        "speaker_tag": 2,
        "start_time": "0:03:57.100000",
        "word": "with"
    },
    {
        "end_time": "0:03:57.400000",
        "speaker_tag": 2,
        "start_time": "0:03:57.300000",
        "word": "the"
    },
    {
        "end_time": "0:03:57.700000",
        "speaker_tag": 2,
        "start_time": "0:03:57.400000",
        "word": "ones"
    },
    {
        "end_time": "0:03:57.800000",
        "speaker_tag": 2,
        "start_time": "0:03:57.700000",
        "word": "that"
    },
    {
        "end_time": "0:04:03.500000",
        "speaker_tag": 2,
        "start_time": "0:03:57.800000",
        "word": "are"
    },
    {
        "end_time": "0:04:03.700000",
        "speaker_tag": 2,
        "start_time": "0:04:03.500000",
        "word": "like"
    },
    {
        "end_time": "0:04:04.300000",
        "speaker_tag": 2,
        "start_time": "0:04:03.700000",
        "word": "my"
    },
    {
        "end_time": "0:04:04.700000",
        "speaker_tag": 2,
        "start_time": "0:04:04.300000",
        "word": "grandfather"
    },
    {
        "end_time": "0:04:04.900000",
        "speaker_tag": 2,
        "start_time": "0:04:04.700000",
        "word": "has"
    },
    {
        "end_time": "0:04:05",
        "speaker_tag": 2,
        "start_time": "0:04:04.900000",
        "word": "it"
    },
    {
        "end_time": "0:04:05.300000",
        "speaker_tag": 2,
        "start_time": "0:04:05",
        "word": "nail"
    },
    {
        "end_time": "0:04:05.500000",
        "speaker_tag": 2,
        "start_time": "0:04:05.300000",
        "word": "down"
    },
    {
        "end_time": "0:04:05.700000",
        "speaker_tag": 2,
        "start_time": "0:04:05.500000",
        "word": "to"
    },
    {
        "end_time": "0:04:05.800000",
        "speaker_tag": 2,
        "start_time": "0:04:05.700000",
        "word": "an"
    },
    {
        "end_time": "0:04:05.900000",
        "speaker_tag": 2,
        "start_time": "0:04:05.800000",
        "word": "art"
    },
    {
        "end_time": "0:04:06.300000",
        "speaker_tag": 2,
        "start_time": "0:04:05.900000",
        "word": "finding"
    },
    {
        "end_time": "0:04:06.400000",
        "speaker_tag": 2,
        "start_time": "0:04:06.300000",
        "word": "the"
    },
    {
        "end_time": "0:04:06.600000",
        "speaker_tag": 2,
        "start_time": "0:04:06.400000",
        "word": "perfect"
    },
    {
        "end_time": "0:04:07",
        "speaker_tag": 2,
        "start_time": "0:04:06.600000",
        "word": "watermelon"
    }
]