[
    {
        "end_time": "0:00:00.900000",
        "speaker_tag": 1,
        "start_time": "0:00:00.500000",
        "word": "tell"
    },
    {
        "end_time": "0:00:01.100000",
        "speaker_tag": 1,
        "start_time": "0:00:00.900000",
        "word": "me"
    },
    {
        "end_time": "0:00:01.100000",
        "speaker_tag": 1,
        "start_time": "0:00:01.100000",
        "word": "about"
    },
    {
        "end_time": "0:00:01.400000",
        "speaker_tag": 1,
        "start_time": "0:00:01.100000",
        "word": "a"
    },
    {
        "end_time": "0:00:01.600000",
        "speaker_tag": 1,
        "start_time": "0:00:01.400000",
        "word": "trip"
    },
    {
        "end_time": "0:00:01.700000",
        "speaker_tag": 1,
        "start_time": "0:00:01.600000",
        "word": "or"
    },
    {
        "end_time": "0:00:01.800000",
        "speaker_tag": 1,
        "start_time": "0:00:01.700000",
        "word": "vacation"
    },
    {
        "end_time": "0:00:02.300000",
        "speaker_tag": 1,
        "start_time": "0:00:01.800000",
        "word": "you"
    },
    {
        "end_time": "0:00:02.300000",
        "speaker_tag": 1,
        "start_time": "0:00:02.300000",
        "word": "have"
    },
    {
        "end_time": "0:00:02.700000",
        "speaker_tag": 1,
        "start_time": "0:00:02.300000",
        "word": "taken"
    },
    {
        "end_time": "0:00:03",
        "speaker_tag": 1,
        "start_time": "0:00:02.700000",
        "word": "you"
    },
    {
        "end_time": "0:00:03.200000",
        "speaker_tag": 1,
        "start_time": "0:00:03",
        "word": "can"
    },
    {
        "end_time": "0:00:03.300000",
        "speaker_tag": 1,
        "start_time": "0:00:03.200000",
        "word": "provide"
    },
    {
        "end_time": "0:00:03.500000",
        "speaker_tag": 1,
        "start_time": "0:00:03.300000",
        "word": "as"
    },
    {
        "end_time": "0:00:03.700000",
        "speaker_tag": 1,
        "start_time": "0:00:03.500000",
        "word": "many"
    },
    {
        "end_time": "0:00:03.800000",
        "speaker_tag": 1,
        "start_time": "0:00:03.700000",
        "word": "details"
    },
    {
        "end_time": "0:00:04.100000",
        "speaker_tag": 1,
        "start_time": "0:00:03.800000",
        "word": "as"
    },
    {
        "end_time": "0:00:04.800000",
        "speaker_tag": 1,
        "start_time": "0:00:04.100000",
        "word": "necessary"
    },
    {
        "end_time": "0:00:05",
        "speaker_tag": 1,
        "start_time": "0:00:04.800000",
        "word": "you"
    },
    {
        "end_time": "0:00:05.100000",
        "speaker_tag": 1,
        "start_time": "0:00:05",
        "word": "have"
    },
    {
        "end_time": "0:00:05.500000",
        "speaker_tag": 1,
        "start_time": "0:00:05.100000",
        "word": "5"
    },
    {
        "end_time": "0:00:05.600000",
        "speaker_tag": 1,
        "start_time": "0:00:05.500000",
        "word": "minutes"
    },
    {
        "end_time": "0:00:09.600000",
        "speaker_tag": 2,
        "start_time": "0:00:07.400000",
        "word": "the"
    },
    {
        "end_time": "0:00:10",
        "speaker_tag": 2,
        "start_time": "0:00:09.600000",
        "word": "last"
    },
    {
        "end_time": "0:00:10.200000",
        "speaker_tag": 2,
        "start_time": "0:00:10",
        "word": "trip"
    },
    {
        "end_time": "0:00:10.300000",
        "speaker_tag": 2,
        "start_time": "0:00:10.200000",
        "word": "I"
    },
    {
        "end_time": "0:00:10.400000",
        "speaker_tag": 2,
        "start_time": "0:00:10.300000",
        "word": "took"
    },
    {
        "end_time": "0:00:12.600000",
        "speaker_tag": 2,
        "start_time": "0:00:12.300000",
        "word": "I"
    },
    {
        "end_time": "0:00:12.800000",
        "speaker_tag": 2,
        "start_time": "0:00:12.600000",
        "word": "with"
    },
    {
        "end_time": "0:00:13",
        "speaker_tag": 2,
        "start_time": "0:00:12.800000",
        "word": "my"
    },
    {
        "end_time": "0:00:13.200000",
        "speaker_tag": 2,
        "start_time": "0:00:13",
        "word": "two"
    },
    {
        "end_time": "0:00:13.400000",
        "speaker_tag": 2,
        "start_time": "0:00:13.200000",
        "word": "best"
    },
    {
        "end_time": "0:00:13.500000",
        "speaker_tag": 2,
        "start_time": "0:00:13.400000",
        "word": "friends"
    },
    {
        "end_time": "0:00:14.400000",
        "speaker_tag": 2,
        "start_time": "0:00:13.500000",
        "word": "and"
    },
    {
        "end_time": "0:00:14.500000",
        "speaker_tag": 2,
        "start_time": "0:00:14.400000",
        "word": "I"
    },
    {
        "end_time": "0:00:14.700000",
        "speaker_tag": 2,
        "start_time": "0:00:14.500000",
        "word": "say"
    },
    {
        "end_time": "0:00:14.800000",
        "speaker_tag": 2,
        "start_time": "0:00:14.700000",
        "word": "with"
    },
    {
        "end_time": "0:00:15.100000",
        "speaker_tag": 2,
        "start_time": "0:00:14.800000",
        "word": "another"
    },
    {
        "end_time": "0:00:15.200000",
        "speaker_tag": 2,
        "start_time": "0:00:15.100000",
        "word": "friend"
    },
    {
        "end_time": "0:00:15.400000",
        "speaker_tag": 2,
        "start_time": "0:00:15.200000",
        "word": "down"
    },
    {
        "end_time": "0:00:15.600000",
        "speaker_tag": 2,
        "start_time": "0:00:15.400000",
        "word": "there"
    },
    {
        "end_time": "0:00:16.900000",
        "speaker_tag": 2,
        "start_time": "0:00:15.600000",
        "word": "we"
    },
    {
        "end_time": "0:00:17.500000",
        "speaker_tag": 2,
        "start_time": "0:00:16.900000",
        "word": "can"
    },
    {
        "end_time": "0:00:26.900000",
        "speaker_tag": 2,
        "start_time": "0:00:17.500000",
        "word": "stay"
    },
    {
        "end_time": "0:00:27.100000",
        "speaker_tag": 2,
        "start_time": "0:00:26.900000",
        "word": "there"
    },
    {
        "end_time": "0:00:27.200000",
        "speaker_tag": 2,
        "start_time": "0:00:27.100000",
        "word": "for"
    },
    {
        "end_time": "0:00:27.300000",
        "speaker_tag": 2,
        "start_time": "0:00:27.200000",
        "word": "a"
    },
    {
        "end_time": "0:00:27.500000",
        "speaker_tag": 2,
        "start_time": "0:00:27.300000",
        "word": "whole"
    },
    {
        "end_time": "0:00:27.800000",
        "speaker_tag": 2,
        "start_time": "0:00:27.500000",
        "word": "week"
    },
    {
        "end_time": "0:00:31",
        "speaker_tag": 2,
        "start_time": "0:00:28.800000",
        "word": "United"
    },
    {
        "end_time": "0:00:31.100000",
        "speaker_tag": 2,
        "start_time": "0:00:31",
        "word": "hang"
    },
    {
        "end_time": "0:00:31.200000",
        "speaker_tag": 2,
        "start_time": "0:00:31.100000",
        "word": "out"
    },
    {
        "end_time": "0:00:31.400000",
        "speaker_tag": 2,
        "start_time": "0:00:31.200000",
        "word": "again"
    },
    {
        "end_time": "0:00:35.100000",
        "speaker_tag": 1,
        "start_time": "0:00:33.700000",
        "word": "okay"
    },
    {
        "end_time": "0:00:37.500000",
        "speaker_tag": 1,
        "start_time": "0:00:35.100000",
        "word": "that's"
    },
    {
        "end_time": "0:00:37.700000",
        "speaker_tag": 1,
        "start_time": "0:00:37.500000",
        "word": "fun"
    },
    {
        "end_time": "0:00:45",
        "speaker_tag": 1,
        "start_time": "0:00:43.300000",
        "word": "please"
    },
    {
        "end_time": "0:00:45.200000",
        "speaker_tag": 1,
        "start_time": "0:00:45",
        "word": "explain"
    },
    {
        "end_time": "0:00:45.500000",
        "speaker_tag": 1,
        "start_time": "0:00:45.200000",
        "word": "how"
    },
    {
        "end_time": "0:00:45.600000",
        "speaker_tag": 1,
        "start_time": "0:00:45.500000",
        "word": "you"
    },
    {
        "end_time": "0:00:45.800000",
        "speaker_tag": 1,
        "start_time": "0:00:45.600000",
        "word": "make"
    },
    {
        "end_time": "0:00:45.900000",
        "speaker_tag": 1,
        "start_time": "0:00:45.800000",
        "word": "the"
    },
    {
        "end_time": "0:00:46.100000",
        "speaker_tag": 1,
        "start_time": "0:00:45.900000",
        "word": "following"
    },
    {
        "end_time": "0:00:46.300000",
        "speaker_tag": 1,
        "start_time": "0:00:46.100000",
        "word": "me"
    },
    {
        "end_time": "0:00:46.400000",
        "speaker_tag": 1,
        "start_time": "0:00:46.300000",
        "word": "a"
    },
    {
        "end_time": "0:00:46.600000",
        "speaker_tag": 1,
        "start_time": "0:00:46.400000",
        "word": "step-by-step"
    },
    {
        "end_time": "0:00:47.200000",
        "speaker_tag": 1,
        "start_time": "0:00:46.600000",
        "word": "a"
    },
    {
        "end_time": "0:00:47.500000",
        "speaker_tag": 1,
        "start_time": "0:00:47.200000",
        "word": "cup"
    },
    {
        "end_time": "0:00:47.600000",
        "speaker_tag": 1,
        "start_time": "0:00:47.500000",
        "word": "of"
    },
    {
        "end_time": "0:00:47.800000",
        "speaker_tag": 1,
        "start_time": "0:00:47.600000",
        "word": "coffee"
    },
    {
        "end_time": "0:00:48.500000",
        "speaker_tag": 1,
        "start_time": "0:00:47.800000",
        "word": "scrambled"
    },
    {
        "end_time": "0:00:48.800000",
        "speaker_tag": 1,
        "start_time": "0:00:48.500000",
        "word": "eggs"
    },
    {
        "end_time": "0:00:48.900000",
        "speaker_tag": 1,
        "start_time": "0:00:48.800000",
        "word": "in"
    },
    {
        "end_time": "0:00:49",
        "speaker_tag": 1,
        "start_time": "0:00:48.900000",
        "word": "a"
    },
    {
        "end_time": "0:00:49.100000",
        "speaker_tag": 1,
        "start_time": "0:00:49",
        "word": "bowl"
    },
    {
        "end_time": "0:00:49.200000",
        "speaker_tag": 1,
        "start_time": "0:00:49.100000",
        "word": "of"
    },
    {
        "end_time": "0:00:49.600000",
        "speaker_tag": 1,
        "start_time": "0:00:49.200000",
        "word": "fruit"
    },
    {
        "end_time": "0:00:50",
        "speaker_tag": 1,
        "start_time": "0:00:49.600000",
        "word": "pretend"
    },
    {
        "end_time": "0:00:50.100000",
        "speaker_tag": 1,
        "start_time": "0:00:50",
        "word": "I"
    },
    {
        "end_time": "0:00:50.200000",
        "speaker_tag": 1,
        "start_time": "0:00:50.100000",
        "word": "do"
    },
    {
        "end_time": "0:00:50.300000",
        "speaker_tag": 1,
        "start_time": "0:00:50.200000",
        "word": "not"
    },
    {
        "end_time": "0:00:50.500000",
        "speaker_tag": 1,
        "start_time": "0:00:50.300000",
        "word": "know"
    },
    {
        "end_time": "0:00:50.600000",
        "speaker_tag": 1,
        "start_time": "0:00:50.500000",
        "word": "how"
    },
    {
        "end_time": "0:00:50.600000",
        "speaker_tag": 1,
        "start_time": "0:00:50.600000",
        "word": "to"
    },
    {
        "end_time": "0:00:50.800000",
        "speaker_tag": 1,
        "start_time": "0:00:50.600000",
        "word": "make"
    },
    {
        "end_time": "0:00:50.900000",
        "speaker_tag": 1,
        "start_time": "0:00:50.800000",
        "word": "them"
    },
    {
        "end_time": "0:00:51.200000",
        "speaker_tag": 1,
        "start_time": "0:00:50.900000",
        "word": "and"
    },
    {
        "end_time": "0:00:51.400000",
        "speaker_tag": 1,
        "start_time": "0:00:51.200000",
        "word": "provide"
    },
    {
        "end_time": "0:00:51.900000",
        "speaker_tag": 1,
        "start_time": "0:00:51.400000",
        "word": "details"
    },
    {
        "end_time": "0:01:03.100000",
        "speaker_tag": 2,
        "start_time": "0:01:01.400000",
        "word": "garlic"
    },
    {
        "end_time": "0:01:03.200000",
        "speaker_tag": 2,
        "start_time": "0:01:03.100000",
        "word": "powder"
    },
    {
        "end_time": "0:01:03.400000",
        "speaker_tag": 2,
        "start_time": "0:01:03.200000",
        "word": "and"
    },
    {
        "end_time": "0:01:03.500000",
        "speaker_tag": 2,
        "start_time": "0:01:03.400000",
        "word": "onion"
    },
    {
        "end_time": "0:01:03.800000",
        "speaker_tag": 2,
        "start_time": "0:01:03.500000",
        "word": "powder"
    },
    {
        "end_time": "0:01:06",
        "speaker_tag": 2,
        "start_time": "0:01:03.800000",
        "word": "and"
    },
    {
        "end_time": "0:01:06.300000",
        "speaker_tag": 2,
        "start_time": "0:01:06",
        "word": "some"
    },
    {
        "end_time": "0:01:06.600000",
        "speaker_tag": 2,
        "start_time": "0:01:06.300000",
        "word": "milk"
    },
    {
        "end_time": "0:01:07.200000",
        "speaker_tag": 2,
        "start_time": "0:01:06.600000",
        "word": "and"
    },
    {
        "end_time": "0:01:07.800000",
        "speaker_tag": 2,
        "start_time": "0:01:07.200000",
        "word": "scramble"
    },
    {
        "end_time": "0:01:07.800000",
        "speaker_tag": 2,
        "start_time": "0:01:07.800000",
        "word": "them"
    },
    {
        "end_time": "0:01:08.100000",
        "speaker_tag": 2,
        "start_time": "0:01:07.800000",
        "word": "up"
    },
    {
        "end_time": "0:01:08.600000",
        "speaker_tag": 2,
        "start_time": "0:01:08.100000",
        "word": "and"
    },
    {
        "end_time": "0:01:08.700000",
        "speaker_tag": 2,
        "start_time": "0:01:08.600000",
        "word": "then"
    },
    {
        "end_time": "0:01:08.800000",
        "speaker_tag": 2,
        "start_time": "0:01:08.700000",
        "word": "obviously"
    },
    {
        "end_time": "0:01:10.900000",
        "speaker_tag": 2,
        "start_time": "0:01:10.500000",
        "word": "spray"
    },
    {
        "end_time": "0:01:11",
        "speaker_tag": 2,
        "start_time": "0:01:10.900000",
        "word": "the"
    },
    {
        "end_time": "0:01:11.200000",
        "speaker_tag": 2,
        "start_time": "0:01:11",
        "word": "pan"
    },
    {
        "end_time": "0:01:11.400000",
        "speaker_tag": 2,
        "start_time": "0:01:11.200000",
        "word": "with"
    },
    {
        "end_time": "0:01:11.500000",
        "speaker_tag": 2,
        "start_time": "0:01:11.400000",
        "word": "oil"
    },
    {
        "end_time": "0:01:12.500000",
        "speaker_tag": 2,
        "start_time": "0:01:11.500000",
        "word": "and"
    },
    {
        "end_time": "0:01:12.700000",
        "speaker_tag": 2,
        "start_time": "0:01:12.500000",
        "word": "cooking"
    },
    {
        "end_time": "0:01:13",
        "speaker_tag": 2,
        "start_time": "0:01:12.700000",
        "word": "for"
    },
    {
        "end_time": "0:01:13.100000",
        "speaker_tag": 2,
        "start_time": "0:01:13",
        "word": "like"
    },
    {
        "end_time": "0:01:13.300000",
        "speaker_tag": 2,
        "start_time": "0:01:13.100000",
        "word": "2"
    },
    {
        "end_time": "0:01:13.400000",
        "speaker_tag": 2,
        "start_time": "0:01:13.300000",
        "word": "minutes"
    },
    {
        "end_time": "0:01:16.300000",
        "speaker_tag": 2,
        "start_time": "0:01:14.700000",
        "word": "I'm"
    },
    {
        "end_time": "0:01:16.800000",
        "speaker_tag": 2,
        "start_time": "0:01:16.300000",
        "word": "both"
    },
    {
        "end_time": "0:01:17.300000",
        "speaker_tag": 2,
        "start_time": "0:01:16.800000",
        "word": "route"
    },
    {
        "end_time": "0:01:18.500000",
        "speaker_tag": 2,
        "start_time": "0:01:18.100000",
        "word": "I"
    },
    {
        "end_time": "0:01:18.900000",
        "speaker_tag": 2,
        "start_time": "0:01:18.500000",
        "word": "guess"
    },
    {
        "end_time": "0:01:19.300000",
        "speaker_tag": 2,
        "start_time": "0:01:18.900000",
        "word": "depending"
    },
    {
        "end_time": "0:01:19.600000",
        "speaker_tag": 2,
        "start_time": "0:01:19.300000",
        "word": "on"
    },
    {
        "end_time": "0:01:19.700000",
        "speaker_tag": 2,
        "start_time": "0:01:19.600000",
        "word": "the"
    },
    {
        "end_time": "0:01:19.800000",
        "speaker_tag": 2,
        "start_time": "0:01:19.700000",
        "word": "type"
    },
    {
        "end_time": "0:01:19.900000",
        "speaker_tag": 2,
        "start_time": "0:01:19.800000",
        "word": "of"
    },
    {
        "end_time": "0:01:20",
        "speaker_tag": 2,
        "start_time": "0:01:19.900000",
        "word": "food"
    },
    {
        "end_time": "0:01:20.200000",
        "speaker_tag": 2,
        "start_time": "0:01:20",
        "word": "it"
    },
    {
        "end_time": "0:01:20.300000",
        "speaker_tag": 2,
        "start_time": "0:01:20.200000",
        "word": "is"
    },
    {
        "end_time": "0:01:20.500000",
        "speaker_tag": 2,
        "start_time": "0:01:20.300000",
        "word": "I"
    },
    {
        "end_time": "0:01:20.600000",
        "speaker_tag": 2,
        "start_time": "0:01:20.500000",
        "word": "guess"
    },
    {
        "end_time": "0:01:20.700000",
        "speaker_tag": 2,
        "start_time": "0:01:20.600000",
        "word": "I"
    },
    {
        "end_time": "0:01:20.900000",
        "speaker_tag": 2,
        "start_time": "0:01:20.700000",
        "word": "would"
    },
    {
        "end_time": "0:01:20.900000",
        "speaker_tag": 2,
        "start_time": "0:01:20.900000",
        "word": "say"
    },
    {
        "end_time": "0:01:21.300000",
        "speaker_tag": 2,
        "start_time": "0:01:20.900000",
        "word": "it"
    },
    {
        "end_time": "0:01:22.800000",
        "speaker_tag": 2,
        "start_time": "0:01:21.300000",
        "word": "so"
    },
    {
        "end_time": "0:01:23.100000",
        "speaker_tag": 2,
        "start_time": "0:01:22.800000",
        "word": "that"
    },
    {
        "end_time": "0:01:23.200000",
        "speaker_tag": 2,
        "start_time": "0:01:23.100000",
        "word": "the"
    },
    {
        "end_time": "0:01:23.900000",
        "speaker_tag": 2,
        "start_time": "0:01:23.200000",
        "word": "pineapple"
    },
    {
        "end_time": "0:01:30.200000",
        "speaker_tag": 2,
        "start_time": "0:01:23.900000",
        "word": "cup"
    },
    {
        "end_time": "0:01:30.400000",
        "speaker_tag": 2,
        "start_time": "0:01:30.200000",
        "word": "of"
    },
    {
        "end_time": "0:01:30.900000",
        "speaker_tag": 2,
        "start_time": "0:01:30.400000",
        "word": "coffee"
    }
]