[
    {
        "end_time": "0:00:13.400000",
        "speaker_tag": 1,
        "start_time": "0:00:00.300000",
        "word": "5"
    },
    {
        "end_time": "0:00:13.800000",
        "speaker_tag": 1,
        "start_time": "0:00:13.400000",
        "word": "minutes"
    },
    {
        "end_time": "0:00:20.400000",
        "speaker_tag": 2,
        "start_time": "0:00:19.800000",
        "word": "take"
    },
    {
        "end_time": "0:00:20.500000",
        "speaker_tag": 2,
        "start_time": "0:00:20.400000",
        "word": "some"
    },
    {
        "end_time": "0:00:20.800000",
        "speaker_tag": 2,
        "start_time": "0:00:20.500000",
        "word": "time"
    },
    {
        "end_time": "0:00:20.800000",
        "speaker_tag": 2,
        "start_time": "0:00:20.800000",
        "word": "to"
    },
    {
        "end_time": "0:00:20.900000",
        "speaker_tag": 2,
        "start_time": "0:00:20.800000",
        "word": "think"
    },
    {
        "end_time": "0:00:28.500000",
        "speaker_tag": 2,
        "start_time": "0:00:28",
        "word": "okay"
    },
    {
        "end_time": "0:00:28.600000",
        "speaker_tag": 2,
        "start_time": "0:00:28.500000",
        "word": "I"
    },
    {
        "end_time": "0:00:28.700000",
        "speaker_tag": 2,
        "start_time": "0:00:28.600000",
        "word": "got"
    },
    {
        "end_time": "0:00:28.900000",
        "speaker_tag": 2,
        "start_time": "0:00:28.700000",
        "word": "one"
    },
    {
        "end_time": "0:00:30.500000",
        "speaker_tag": 2,
        "start_time": "0:00:28.900000",
        "word": "so"
    },
    {
        "end_time": "0:00:30.800000",
        "speaker_tag": 2,
        "start_time": "0:00:30.500000",
        "word": "it"
    },
    {
        "end_time": "0:00:31",
        "speaker_tag": 2,
        "start_time": "0:00:30.800000",
        "word": "was"
    },
    {
        "end_time": "0:00:31.300000",
        "speaker_tag": 2,
        "start_time": "0:00:31",
        "word": "actually"
    },
    {
        "end_time": "0:00:31.300000",
        "speaker_tag": 2,
        "start_time": "0:00:31.300000",
        "word": "a"
    },
    {
        "end_time": "0:00:31.600000",
        "speaker_tag": 2,
        "start_time": "0:00:31.300000",
        "word": "school"
    },
    {
        "end_time": "0:00:31.800000",
        "speaker_tag": 2,
        "start_time": "0:00:31.600000",
        "word": "trip"
    },
    {
        "end_time": "0:00:32.900000",
        "speaker_tag": 2,
        "start_time": "0:00:31.800000",
        "word": "I"
    },
    {
        "end_time": "0:00:33.100000",
        "speaker_tag": 2,
        "start_time": "0:00:32.900000",
        "word": "was"
    },
    {
        "end_time": "0:00:33.300000",
        "speaker_tag": 2,
        "start_time": "0:00:33.100000",
        "word": "part"
    },
    {
        "end_time": "0:00:33.400000",
        "speaker_tag": 2,
        "start_time": "0:00:33.300000",
        "word": "of"
    },
    {
        "end_time": "0:00:33.500000",
        "speaker_tag": 2,
        "start_time": "0:00:33.400000",
        "word": "the"
    },
    {
        "end_time": "0:00:34.300000",
        "speaker_tag": 2,
        "start_time": "0:00:33.500000",
        "word": "group"
    },
    {
        "end_time": "0:00:34.800000",
        "speaker_tag": 2,
        "start_time": "0:00:34.300000",
        "word": "called"
    },
    {
        "end_time": "0:00:40.600000",
        "speaker_tag": 2,
        "start_time": "0:00:34.800000",
        "word": "and"
    },
    {
        "end_time": "0:00:40.900000",
        "speaker_tag": 2,
        "start_time": "0:00:40.600000",
        "word": "it"
    },
    {
        "end_time": "0:00:41.200000",
        "speaker_tag": 2,
        "start_time": "0:00:40.900000",
        "word": "was"
    },
    {
        "end_time": "0:00:41.500000",
        "speaker_tag": 2,
        "start_time": "0:00:41.200000",
        "word": "me"
    },
    {
        "end_time": "0:00:42.100000",
        "speaker_tag": 2,
        "start_time": "0:00:41.500000",
        "word": "and"
    },
    {
        "end_time": "0:00:42.400000",
        "speaker_tag": 2,
        "start_time": "0:00:42.100000",
        "word": "for"
    },
    {
        "end_time": "0:00:42.600000",
        "speaker_tag": 2,
        "start_time": "0:00:42.400000",
        "word": "the"
    },
    {
        "end_time": "0:00:42.800000",
        "speaker_tag": 2,
        "start_time": "0:00:42.600000",
        "word": "people"
    },
    {
        "end_time": "0:00:43.400000",
        "speaker_tag": 2,
        "start_time": "0:00:42.800000",
        "word": "like"
    },
    {
        "end_time": "0:00:43.500000",
        "speaker_tag": 2,
        "start_time": "0:00:43.400000",
        "word": "real"
    },
    {
        "end_time": "0:00:43.800000",
        "speaker_tag": 2,
        "start_time": "0:00:43.500000",
        "word": "people"
    },
    {
        "end_time": "0:00:44.700000",
        "speaker_tag": 2,
        "start_time": "0:00:43.800000",
        "word": "from"
    },
    {
        "end_time": "0:00:44.800000",
        "speaker_tag": 2,
        "start_time": "0:00:44.700000",
        "word": "my"
    },
    {
        "end_time": "0:00:45.200000",
        "speaker_tag": 2,
        "start_time": "0:00:44.800000",
        "word": "school"
    },
    {
        "end_time": "0:00:45.800000",
        "speaker_tag": 2,
        "start_time": "0:00:45.200000",
        "word": "and"
    },
    {
        "end_time": "0:00:46",
        "speaker_tag": 2,
        "start_time": "0:00:45.800000",
        "word": "for"
    },
    {
        "end_time": "0:00:46.200000",
        "speaker_tag": 2,
        "start_time": "0:00:46",
        "word": "the"
    },
    {
        "end_time": "0:00:46.300000",
        "speaker_tag": 2,
        "start_time": "0:00:46.200000",
        "word": "people"
    },
    {
        "end_time": "0:00:46.500000",
        "speaker_tag": 2,
        "start_time": "0:00:46.300000",
        "word": "from"
    },
    {
        "end_time": "0:00:46.700000",
        "speaker_tag": 2,
        "start_time": "0:00:46.500000",
        "word": "other"
    },
    {
        "end_time": "0:00:47",
        "speaker_tag": 2,
        "start_time": "0:00:46.700000",
        "word": "schools"
    },
    {
        "end_time": "0:00:47.500000",
        "speaker_tag": 2,
        "start_time": "0:00:47",
        "word": "because"
    },
    {
        "end_time": "0:00:48.100000",
        "speaker_tag": 2,
        "start_time": "0:00:47.500000",
        "word": "our"
    },
    {
        "end_time": "0:00:48.400000",
        "speaker_tag": 2,
        "start_time": "0:00:48.100000",
        "word": "school"
    },
    {
        "end_time": "0:00:48.600000",
        "speaker_tag": 2,
        "start_time": "0:00:48.400000",
        "word": "was"
    },
    {
        "end_time": "0:00:48.800000",
        "speaker_tag": 2,
        "start_time": "0:00:48.600000",
        "word": "called"
    },
    {
        "end_time": "0:00:49.200000",
        "speaker_tag": 2,
        "start_time": "0:00:48.800000",
        "word": "uplift"
    },
    {
        "end_time": "0:00:49.500000",
        "speaker_tag": 2,
        "start_time": "0:00:49.200000",
        "word": "Peak"
    },
    {
        "end_time": "0:00:49.600000",
        "speaker_tag": 2,
        "start_time": "0:00:49.500000",
        "word": "it"
    },
    {
        "end_time": "0:00:49.800000",
        "speaker_tag": 2,
        "start_time": "0:00:49.600000",
        "word": "was"
    },
    {
        "end_time": "0:00:49.800000",
        "speaker_tag": 2,
        "start_time": "0:00:49.800000",
        "word": "a"
    },
    {
        "end_time": "0:00:50",
        "speaker_tag": 2,
        "start_time": "0:00:49.800000",
        "word": "part"
    },
    {
        "end_time": "0:00:50.100000",
        "speaker_tag": 2,
        "start_time": "0:00:50",
        "word": "of"
    },
    {
        "end_time": "0:00:50.200000",
        "speaker_tag": 2,
        "start_time": "0:00:50.100000",
        "word": "a"
    },
    {
        "end_time": "0:00:50.600000",
        "speaker_tag": 2,
        "start_time": "0:00:50.200000",
        "word": "branch"
    },
    {
        "end_time": "0:00:50.800000",
        "speaker_tag": 2,
        "start_time": "0:00:50.600000",
        "word": "from"
    },
    {
        "end_time": "0:00:50.900000",
        "speaker_tag": 2,
        "start_time": "0:00:50.800000",
        "word": "a"
    },
    {
        "end_time": "0:00:51.100000",
        "speaker_tag": 2,
        "start_time": "0:00:50.900000",
        "word": "flea"
    },
    {
        "end_time": "0:00:51.600000",
        "speaker_tag": 2,
        "start_time": "0:00:51.100000",
        "word": "medication"
    },
    {
        "end_time": "0:00:52.300000",
        "speaker_tag": 2,
        "start_time": "0:00:51.600000",
        "word": "and"
    },
    {
        "end_time": "0:00:52.500000",
        "speaker_tag": 2,
        "start_time": "0:00:52.300000",
        "word": "so"
    },
    {
        "end_time": "0:00:53",
        "speaker_tag": 2,
        "start_time": "0:00:52.500000",
        "word": "I"
    },
    {
        "end_time": "0:00:53.100000",
        "speaker_tag": 2,
        "start_time": "0:00:53",
        "word": "just"
    },
    {
        "end_time": "0:00:53.300000",
        "speaker_tag": 2,
        "start_time": "0:00:53.100000",
        "word": "go"
    },
    {
        "end_time": "0:00:53.500000",
        "speaker_tag": 2,
        "start_time": "0:00:53.300000",
        "word": "within"
    },
    {
        "end_time": "0:00:53.700000",
        "speaker_tag": 2,
        "start_time": "0:00:53.500000",
        "word": "that"
    },
    {
        "end_time": "0:00:56.800000",
        "speaker_tag": 2,
        "start_time": "0:00:53.700000",
        "word": "company"
    },
    {
        "end_time": "0:00:56.900000",
        "speaker_tag": 2,
        "start_time": "0:00:56.800000",
        "word": "or"
    },
    {
        "end_time": "0:00:57.100000",
        "speaker_tag": 2,
        "start_time": "0:00:56.900000",
        "word": "some"
    },
    {
        "end_time": "0:00:57.300000",
        "speaker_tag": 2,
        "start_time": "0:00:57.100000",
        "word": "like"
    },
    {
        "end_time": "0:00:57.400000",
        "speaker_tag": 2,
        "start_time": "0:00:57.300000",
        "word": "that"
    },
    {
        "end_time": "0:00:58",
        "speaker_tag": 2,
        "start_time": "0:00:57.400000",
        "word": "they"
    },
    {
        "end_time": "0:00:58.100000",
        "speaker_tag": 2,
        "start_time": "0:00:58",
        "word": "are"
    },
    {
        "end_time": "0:00:58.400000",
        "speaker_tag": 2,
        "start_time": "0:00:58.100000",
        "word": "also"
    },
    {
        "end_time": "0:00:58.600000",
        "speaker_tag": 2,
        "start_time": "0:00:58.400000",
        "word": "part"
    },
    {
        "end_time": "0:00:58.700000",
        "speaker_tag": 2,
        "start_time": "0:00:58.600000",
        "word": "of"
    },
    {
        "end_time": "0:00:58.800000",
        "speaker_tag": 2,
        "start_time": "0:00:58.700000",
        "word": "it"
    },
    {
        "end_time": "0:00:59",
        "speaker_tag": 2,
        "start_time": "0:00:58.800000",
        "word": "so"
    },
    {
        "end_time": "0:00:59.200000",
        "speaker_tag": 2,
        "start_time": "0:00:59",
        "word": "we"
    },
    {
        "end_time": "0:00:59.400000",
        "speaker_tag": 2,
        "start_time": "0:00:59.200000",
        "word": "all"
    },
    {
        "end_time": "0:00:59.400000",
        "speaker_tag": 2,
        "start_time": "0:00:59.400000",
        "word": "went"
    },
    {
        "end_time": "0:00:59.700000",
        "speaker_tag": 2,
        "start_time": "0:00:59.400000",
        "word": "to"
    },
    {
        "end_time": "0:00:59.900000",
        "speaker_tag": 2,
        "start_time": "0:00:59.700000",
        "word": "Boston"
    },
    {
        "end_time": "0:01:00.300000",
        "speaker_tag": 2,
        "start_time": "0:00:59.900000",
        "word": "for"
    },
    {
        "end_time": "0:01:00.600000",
        "speaker_tag": 2,
        "start_time": "0:01:00.300000",
        "word": "a"
    },
    {
        "end_time": "0:01:00.900000",
        "speaker_tag": 2,
        "start_time": "0:01:00.600000",
        "word": "week"
    },
    {
        "end_time": "0:01:01.700000",
        "speaker_tag": 2,
        "start_time": "0:01:00.900000",
        "word": "and"
    },
    {
        "end_time": "0:01:01.900000",
        "speaker_tag": 2,
        "start_time": "0:01:01.700000",
        "word": "it"
    },
    {
        "end_time": "0:01:02.100000",
        "speaker_tag": 2,
        "start_time": "0:01:01.900000",
        "word": "was"
    },
    {
        "end_time": "0:01:02.300000",
        "speaker_tag": 2,
        "start_time": "0:01:02.100000",
        "word": "pretty"
    },
    {
        "end_time": "0:01:02.400000",
        "speaker_tag": 2,
        "start_time": "0:01:02.300000",
        "word": "much"
    },
    {
        "end_time": "0:01:03",
        "speaker_tag": 2,
        "start_time": "0:01:02.400000",
        "word": "we"
    },
    {
        "end_time": "0:01:03.100000",
        "speaker_tag": 2,
        "start_time": "0:01:03",
        "word": "were"
    },
    {
        "end_time": "0:01:04.200000",
        "speaker_tag": 2,
        "start_time": "0:01:03.100000",
        "word": "all"
    },
    {
        "end_time": "0:01:04.700000",
        "speaker_tag": 2,
        "start_time": "0:01:04.200000",
        "word": "James"
    },
    {
        "end_time": "0:01:04.900000",
        "speaker_tag": 2,
        "start_time": "0:01:04.700000",
        "word": "we"
    },
    {
        "end_time": "0:01:05.200000",
        "speaker_tag": 2,
        "start_time": "0:01:04.900000",
        "word": "had"
    },
    {
        "end_time": "0:01:10.300000",
        "speaker_tag": 2,
        "start_time": "0:01:09.800000",
        "word": "good"
    },
    {
        "end_time": "0:01:10.500000",
        "speaker_tag": 2,
        "start_time": "0:01:10.300000",
        "word": "enough"
    },
    {
        "end_time": "0:01:10.600000",
        "speaker_tag": 2,
        "start_time": "0:01:10.500000",
        "word": "or"
    },
    {
        "end_time": "0:01:10.800000",
        "speaker_tag": 2,
        "start_time": "0:01:10.600000",
        "word": "we"
    },
    {
        "end_time": "0:01:10.900000",
        "speaker_tag": 2,
        "start_time": "0:01:10.800000",
        "word": "went"
    },
    {
        "end_time": "0:01:11.300000",
        "speaker_tag": 2,
        "start_time": "0:01:10.900000",
        "word": "to"
    },
    {
        "end_time": "0:01:13.400000",
        "speaker_tag": 2,
        "start_time": "0:01:11.300000",
        "word": "college"
    },
    {
        "end_time": "0:01:13.600000",
        "speaker_tag": 2,
        "start_time": "0:01:13.400000",
        "word": "I"
    },
    {
        "end_time": "0:01:14.100000",
        "speaker_tag": 2,
        "start_time": "0:01:13.600000",
        "word": "cannot"
    },
    {
        "end_time": "0:01:14.200000",
        "speaker_tag": 2,
        "start_time": "0:01:14.100000",
        "word": "ever"
    },
    {
        "end_time": "0:01:16",
        "speaker_tag": 2,
        "start_time": "0:01:14.200000",
        "word": "but"
    },
    {
        "end_time": "0:01:17.100000",
        "speaker_tag": 2,
        "start_time": "0:01:16",
        "word": "I"
    },
    {
        "end_time": "0:01:18.800000",
        "speaker_tag": 2,
        "start_time": "0:01:17.100000",
        "word": "was"
    },
    {
        "end_time": "0:01:19.700000",
        "speaker_tag": 2,
        "start_time": "0:01:18.800000",
        "word": "convinced"
    },
    {
        "end_time": "0:01:20.600000",
        "speaker_tag": 2,
        "start_time": "0:01:19.700000",
        "word": "and"
    },
    {
        "end_time": "0:01:24.100000",
        "speaker_tag": 2,
        "start_time": "0:01:20.600000",
        "word": "then"
    },
    {
        "end_time": "0:01:25.100000",
        "speaker_tag": 2,
        "start_time": "0:01:24.100000",
        "word": "I"
    },
    {
        "end_time": "0:01:25.300000",
        "speaker_tag": 2,
        "start_time": "0:01:25.100000",
        "word": "saw"
    },
    {
        "end_time": "0:01:25.800000",
        "speaker_tag": 2,
        "start_time": "0:01:25.300000",
        "word": "Harvey"
    },
    {
        "end_time": "0:01:26",
        "speaker_tag": 2,
        "start_time": "0:01:25.800000",
        "word": "for"
    },
    {
        "end_time": "0:01:26",
        "speaker_tag": 2,
        "start_time": "0:01:26",
        "word": "the"
    },
    {
        "end_time": "0:01:26.300000",
        "speaker_tag": 2,
        "start_time": "0:01:26",
        "word": "first"
    },
    {
        "end_time": "0:01:26.500000",
        "speaker_tag": 2,
        "start_time": "0:01:26.300000",
        "word": "time"
    },
    {
        "end_time": "0:01:27.300000",
        "speaker_tag": 2,
        "start_time": "0:01:26.500000",
        "word": "and"
    },
    {
        "end_time": "0:01:28.700000",
        "speaker_tag": 1,
        "start_time": "0:01:27.300000",
        "word": "I'll"
    },
    {
        "end_time": "0:01:29.300000",
        "speaker_tag": 1,
        "start_time": "0:01:28.700000",
        "word": "just"
    },
    {
        "end_time": "0:01:29.600000",
        "speaker_tag": 1,
        "start_time": "0:01:29.300000",
        "word": "like"
    },
    {
        "end_time": "0:01:34.200000",
        "speaker_tag": 1,
        "start_time": "0:01:33.600000",
        "word": "Google"
    },
    {
        "end_time": "0:01:34.600000",
        "speaker_tag": 1,
        "start_time": "0:01:34.200000",
        "word": "always"
    },
    {
        "end_time": "0:01:34.900000",
        "speaker_tag": 1,
        "start_time": "0:01:34.600000",
        "word": "been"
    },
    {
        "end_time": "0:01:45.800000",
        "speaker_tag": 2,
        "start_time": "0:01:34.900000",
        "word": "a"
    },
    {
        "end_time": "0:01:46.100000",
        "speaker_tag": 2,
        "start_time": "0:01:45.800000",
        "word": "really"
    },
    {
        "end_time": "0:01:46.200000",
        "speaker_tag": 2,
        "start_time": "0:01:46.100000",
        "word": "nice"
    },
    {
        "end_time": "0:01:46.400000",
        "speaker_tag": 2,
        "start_time": "0:01:46.200000",
        "word": "hotel"
    },
    {
        "end_time": "0:01:46.900000",
        "speaker_tag": 2,
        "start_time": "0:01:46.400000",
        "word": "room"
    },
    {
        "end_time": "0:01:47",
        "speaker_tag": 2,
        "start_time": "0:01:46.900000",
        "word": "if"
    },
    {
        "end_time": "0:01:47.100000",
        "speaker_tag": 2,
        "start_time": "0:01:47",
        "word": "they"
    },
    {
        "end_time": "0:01:47.400000",
        "speaker_tag": 2,
        "start_time": "0:01:47.100000",
        "word": "like"
    },
    {
        "end_time": "0:01:47.600000",
        "speaker_tag": 2,
        "start_time": "0:01:47.400000",
        "word": "three"
    },
    {
        "end_time": "0:01:47.800000",
        "speaker_tag": 2,
        "start_time": "0:01:47.600000",
        "word": "people"
    },
    {
        "end_time": "0:01:48.200000",
        "speaker_tag": 2,
        "start_time": "0:01:47.800000",
        "word": "they"
    },
    {
        "end_time": "0:01:48.500000",
        "speaker_tag": 2,
        "start_time": "0:01:48.200000",
        "word": "ended"
    },
    {
        "end_time": "0:01:48.500000",
        "speaker_tag": 2,
        "start_time": "0:01:48.500000",
        "word": "up"
    },
    {
        "end_time": "0:01:48.700000",
        "speaker_tag": 2,
        "start_time": "0:01:48.500000",
        "word": "becoming"
    },
    {
        "end_time": "0:01:49.100000",
        "speaker_tag": 2,
        "start_time": "0:01:48.700000",
        "word": "friends"
    },
    {
        "end_time": "0:01:49.200000",
        "speaker_tag": 2,
        "start_time": "0:01:49.100000",
        "word": "I"
    },
    {
        "end_time": "0:01:49.400000",
        "speaker_tag": 2,
        "start_time": "0:01:49.200000",
        "word": "still"
    },
    {
        "end_time": "0:01:49.700000",
        "speaker_tag": 2,
        "start_time": "0:01:49.400000",
        "word": "talk"
    },
    {
        "end_time": "0:01:49.700000",
        "speaker_tag": 2,
        "start_time": "0:01:49.700000",
        "word": "to"
    },
    {
        "end_time": "0:01:49.900000",
        "speaker_tag": 2,
        "start_time": "0:01:49.700000",
        "word": "you"
    },
    {
        "end_time": "0:01:50.700000",
        "speaker_tag": 2,
        "start_time": "0:01:49.900000",
        "word": "in"
    },
    {
        "end_time": "0:01:50.800000",
        "speaker_tag": 2,
        "start_time": "0:01:50.700000",
        "word": "the"
    },
    {
        "end_time": "0:01:51.100000",
        "speaker_tag": 2,
        "start_time": "0:01:50.800000",
        "word": "group"
    },
    {
        "end_time": "0:01:51.300000",
        "speaker_tag": 2,
        "start_time": "0:01:51.100000",
        "word": "in"
    },
    {
        "end_time": "0:01:51.700000",
        "speaker_tag": 2,
        "start_time": "0:01:51.300000",
        "word": "general"
    },
    {
        "end_time": "0:01:51.800000",
        "speaker_tag": 2,
        "start_time": "0:01:51.700000",
        "word": "that"
    },
    {
        "end_time": "0:01:52.200000",
        "speaker_tag": 2,
        "start_time": "0:01:51.800000",
        "word": "went"
    },
    {
        "end_time": "0:01:52.400000",
        "speaker_tag": 2,
        "start_time": "0:01:52.200000",
        "word": "on"
    },
    {
        "end_time": "0:01:52.500000",
        "speaker_tag": 2,
        "start_time": "0:01:52.400000",
        "word": "the"
    },
    {
        "end_time": "0:01:52.700000",
        "speaker_tag": 2,
        "start_time": "0:01:52.500000",
        "word": "trip"
    },
    {
        "end_time": "0:01:52.800000",
        "speaker_tag": 2,
        "start_time": "0:01:52.700000",
        "word": "we"
    },
    {
        "end_time": "0:01:53.200000",
        "speaker_tag": 2,
        "start_time": "0:01:52.800000",
        "word": "still"
    },
    {
        "end_time": "0:01:53.500000",
        "speaker_tag": 2,
        "start_time": "0:01:53.200000",
        "word": "kind"
    },
    {
        "end_time": "0:01:53.500000",
        "speaker_tag": 2,
        "start_time": "0:01:53.500000",
        "word": "of"
    },
    {
        "end_time": "0:01:53.700000",
        "speaker_tag": 2,
        "start_time": "0:01:53.500000",
        "word": "like"
    },
    {
        "end_time": "0:01:56.600000",
        "speaker_tag": 2,
        "start_time": "0:01:53.700000",
        "word": "we"
    },
    {
        "end_time": "0:01:56.700000",
        "speaker_tag": 2,
        "start_time": "0:01:56.600000",
        "word": "still"
    },
    {
        "end_time": "0:01:57.100000",
        "speaker_tag": 2,
        "start_time": "0:01:56.700000",
        "word": "have"
    },
    {
        "end_time": "0:01:57.900000",
        "speaker_tag": 2,
        "start_time": "0:01:57.100000",
        "word": "resolved"
    },
    {
        "end_time": "0:01:58.500000",
        "speaker_tag": 2,
        "start_time": "0:01:57.900000",
        "word": "programs"
    },
    {
        "end_time": "0:01:58.700000",
        "speaker_tag": 2,
        "start_time": "0:01:58.500000",
        "word": "are"
    },
    {
        "end_time": "0:01:58.700000",
        "speaker_tag": 2,
        "start_time": "0:01:58.700000",
        "word": "we"
    },
    {
        "end_time": "0:01:58.900000",
        "speaker_tag": 2,
        "start_time": "0:01:58.700000",
        "word": "still"
    },
    {
        "end_time": "0:01:59.100000",
        "speaker_tag": 2,
        "start_time": "0:01:58.900000",
        "word": "do"
    },
    {
        "end_time": "0:01:59.800000",
        "speaker_tag": 2,
        "start_time": "0:01:59.100000",
        "word": "back"
    },
    {
        "end_time": "0:01:59.900000",
        "speaker_tag": 2,
        "start_time": "0:01:59.800000",
        "word": "my"
    },
    {
        "end_time": "0:02:00.100000",
        "speaker_tag": 2,
        "start_time": "0:01:59.900000",
        "word": "old"
    },
    {
        "end_time": "0:02:00.300000",
        "speaker_tag": 2,
        "start_time": "0:02:00.100000",
        "word": "school"
    },
    {
        "end_time": "0:02:00.500000",
        "speaker_tag": 2,
        "start_time": "0:02:00.300000",
        "word": "actually"
    },
    {
        "end_time": "0:02:01",
        "speaker_tag": 2,
        "start_time": "0:02:00.500000",
        "word": "just"
    },
    {
        "end_time": "0:02:01.500000",
        "speaker_tag": 2,
        "start_time": "0:02:01",
        "word": "was"
    },
    {
        "end_time": "0:02:01.700000",
        "speaker_tag": 2,
        "start_time": "0:02:01.500000",
        "word": "part"
    },
    {
        "end_time": "0:02:01.800000",
        "speaker_tag": 2,
        "start_time": "0:02:01.700000",
        "word": "of"
    },
    {
        "end_time": "0:02:02.100000",
        "speaker_tag": 2,
        "start_time": "0:02:01.800000",
        "word": "lunch"
    },
    {
        "end_time": "0:02:02.300000",
        "speaker_tag": 2,
        "start_time": "0:02:02.100000",
        "word": "and"
    },
    {
        "end_time": "0:02:02.700000",
        "speaker_tag": 2,
        "start_time": "0:02:02.300000",
        "word": "just"
    },
    {
        "end_time": "0:02:02.900000",
        "speaker_tag": 2,
        "start_time": "0:02:02.700000",
        "word": "to"
    },
    {
        "end_time": "0:02:03",
        "speaker_tag": 2,
        "start_time": "0:02:02.900000",
        "word": "get"
    },
    {
        "end_time": "0:02:03.200000",
        "speaker_tag": 2,
        "start_time": "0:02:03",
        "word": "her"
    },
    {
        "end_time": "0:02:03.300000",
        "speaker_tag": 2,
        "start_time": "0:02:03.200000",
        "word": "out"
    },
    {
        "end_time": "0:02:04",
        "speaker_tag": 2,
        "start_time": "0:02:03.300000",
        "word": "this"
    },
    {
        "end_time": "0:02:04.500000",
        "speaker_tag": 2,
        "start_time": "0:02:04",
        "word": "Saturday"
    },
    {
        "end_time": "0:02:10.400000",
        "speaker_tag": 2,
        "start_time": "0:02:04.500000",
        "word": "and"
    },
    {
        "end_time": "0:02:10.500000",
        "speaker_tag": 2,
        "start_time": "0:02:10.400000",
        "word": "I'm"
    },
    {
        "end_time": "0:02:10.800000",
        "speaker_tag": 2,
        "start_time": "0:02:10.500000",
        "word": "really"
    },
    {
        "end_time": "0:02:11",
        "speaker_tag": 2,
        "start_time": "0:02:10.800000",
        "word": "nice"
    },
    {
        "end_time": "0:02:11.300000",
        "speaker_tag": 2,
        "start_time": "0:02:11",
        "word": "trip"
    },
    {
        "end_time": "0:02:11.400000",
        "speaker_tag": 2,
        "start_time": "0:02:11.300000",
        "word": "I"
    },
    {
        "end_time": "0:02:11.700000",
        "speaker_tag": 2,
        "start_time": "0:02:11.400000",
        "word": "would"
    },
    {
        "end_time": "0:02:12",
        "speaker_tag": 2,
        "start_time": "0:02:11.700000",
        "word": "love"
    },
    {
        "end_time": "0:02:12.200000",
        "speaker_tag": 2,
        "start_time": "0:02:12",
        "word": "to"
    },
    {
        "end_time": "0:02:12.600000",
        "speaker_tag": 2,
        "start_time": "0:02:12.200000",
        "word": "be"
    },
    {
        "end_time": "0:02:12.600000",
        "speaker_tag": 2,
        "start_time": "0:02:12.600000",
        "word": "a"
    },
    {
        "end_time": "0:02:12.700000",
        "speaker_tag": 2,
        "start_time": "0:02:12.600000",
        "word": "part"
    },
    {
        "end_time": "0:02:13",
        "speaker_tag": 2,
        "start_time": "0:02:12.700000",
        "word": "of"
    },
    {
        "end_time": "0:02:13",
        "speaker_tag": 2,
        "start_time": "0:02:13",
        "word": "it"
    },
    {
        "end_time": "0:02:13.300000",
        "speaker_tag": 2,
        "start_time": "0:02:13",
        "word": "again"
    },
    {
        "end_time": "0:02:15.200000",
        "speaker_tag": 1,
        "start_time": "0:02:14.800000",
        "word": "I"
    },
    {
        "end_time": "0:02:15.700000",
        "speaker_tag": 1,
        "start_time": "0:02:15.200000",
        "word": "said"
    },
    {
        "end_time": "0:02:21.500000",
        "speaker_tag": 1,
        "start_time": "0:02:20.200000",
        "word": "so"
    },
    {
        "end_time": "0:02:21.700000",
        "speaker_tag": 1,
        "start_time": "0:02:21.500000",
        "word": "many"
    },
    {
        "end_time": "0:02:21.800000",
        "speaker_tag": 1,
        "start_time": "0:02:21.700000",
        "word": "trips"
    },
    {
        "end_time": "0:02:22",
        "speaker_tag": 1,
        "start_time": "0:02:21.800000",
        "word": "that"
    },
    {
        "end_time": "0:02:22.100000",
        "speaker_tag": 1,
        "start_time": "0:02:22",
        "word": "me"
    },
    {
        "end_time": "0:02:22.200000",
        "speaker_tag": 1,
        "start_time": "0:02:22.100000",
        "word": "and"
    },
    {
        "end_time": "0:02:22.300000",
        "speaker_tag": 1,
        "start_time": "0:02:22.200000",
        "word": "my"
    },
    {
        "end_time": "0:02:22.300000",
        "speaker_tag": 1,
        "start_time": "0:02:22.300000",
        "word": "friends"
    },
    {
        "end_time": "0:02:22.700000",
        "speaker_tag": 1,
        "start_time": "0:02:22.300000",
        "word": "go"
    },
    {
        "end_time": "0:02:22.800000",
        "speaker_tag": 1,
        "start_time": "0:02:22.700000",
        "word": "on"
    },
    {
        "end_time": "0:02:23.100000",
        "speaker_tag": 1,
        "start_time": "0:02:22.800000",
        "word": "it's"
    },
    {
        "end_time": "0:02:23.300000",
        "speaker_tag": 1,
        "start_time": "0:02:23.100000",
        "word": "like"
    },
    {
        "end_time": "0:02:33.100000",
        "speaker_tag": 1,
        "start_time": "0:02:23.300000",
        "word": "I"
    },
    {
        "end_time": "0:02:33.400000",
        "speaker_tag": 1,
        "start_time": "0:02:33.100000",
        "word": "know"
    },
    {
        "end_time": "0:02:33.500000",
        "speaker_tag": 1,
        "start_time": "0:02:33.400000",
        "word": "it's"
    },
    {
        "end_time": "0:02:33.700000",
        "speaker_tag": 1,
        "start_time": "0:02:33.500000",
        "word": "like"
    },
    {
        "end_time": "0:02:34.100000",
        "speaker_tag": 1,
        "start_time": "0:02:33.700000",
        "word": "it"
    },
    {
        "end_time": "0:02:34.200000",
        "speaker_tag": 1,
        "start_time": "0:02:34.100000",
        "word": "isn't"
    },
    {
        "end_time": "0:02:35",
        "speaker_tag": 1,
        "start_time": "0:02:34.200000",
        "word": "just"
    },
    {
        "end_time": "0:02:35.700000",
        "speaker_tag": 1,
        "start_time": "0:02:35",
        "word": "bring"
    },
    {
        "end_time": "0:02:35.800000",
        "speaker_tag": 1,
        "start_time": "0:02:35.700000",
        "word": "it"
    },
    {
        "end_time": "0:02:35.800000",
        "speaker_tag": 1,
        "start_time": "0:02:35.800000",
        "word": "back"
    },
    {
        "end_time": "0:02:36.100000",
        "speaker_tag": 1,
        "start_time": "0:02:35.800000",
        "word": "from"
    },
    {
        "end_time": "0:02:36.300000",
        "speaker_tag": 1,
        "start_time": "0:02:36.100000",
        "word": "your"
    },
    {
        "end_time": "0:02:36.800000",
        "speaker_tag": 1,
        "start_time": "0:02:36.300000",
        "word": "head"
    },
    {
        "end_time": "0:02:37",
        "speaker_tag": 1,
        "start_time": "0:02:36.800000",
        "word": "do"
    },
    {
        "end_time": "0:02:37",
        "speaker_tag": 1,
        "start_time": "0:02:37",
        "word": "you"
    },
    {
        "end_time": "0:02:37.200000",
        "speaker_tag": 1,
        "start_time": "0:02:37",
        "word": "know"
    },
    {
        "end_time": "0:02:39",
        "speaker_tag": 1,
        "start_time": "0:02:37.200000",
        "word": "and"
    },
    {
        "end_time": "0:02:39.100000",
        "speaker_tag": 1,
        "start_time": "0:02:39",
        "word": "then"
    },
    {
        "end_time": "0:02:39.400000",
        "speaker_tag": 1,
        "start_time": "0:02:39.100000",
        "word": "please"
    },
    {
        "end_time": "0:02:39.700000",
        "speaker_tag": 1,
        "start_time": "0:02:39.400000",
        "word": "explain"
    },
    {
        "end_time": "0:02:40.100000",
        "speaker_tag": 1,
        "start_time": "0:02:39.700000",
        "word": "how"
    },
    {
        "end_time": "0:02:40.300000",
        "speaker_tag": 1,
        "start_time": "0:02:40.100000",
        "word": "you"
    },
    {
        "end_time": "0:02:40.500000",
        "speaker_tag": 1,
        "start_time": "0:02:40.300000",
        "word": "would"
    },
    {
        "end_time": "0:02:40.700000",
        "speaker_tag": 1,
        "start_time": "0:02:40.500000",
        "word": "make"
    },
    {
        "end_time": "0:02:41.100000",
        "speaker_tag": 1,
        "start_time": "0:02:40.700000",
        "word": "the"
    },
    {
        "end_time": "0:02:41.400000",
        "speaker_tag": 1,
        "start_time": "0:02:41.100000",
        "word": "following"
    },
    {
        "end_time": "0:02:42.100000",
        "speaker_tag": 1,
        "start_time": "0:02:41.400000",
        "word": "Neil"
    },
    {
        "end_time": "0:02:42.900000",
        "speaker_tag": 1,
        "start_time": "0:02:42.100000",
        "word": "step-by-step"
    },
    {
        "end_time": "0:02:43.100000",
        "speaker_tag": 1,
        "start_time": "0:02:42.900000",
        "word": "like"
    },
    {
        "end_time": "0:02:43.300000",
        "speaker_tag": 1,
        "start_time": "0:02:43.100000",
        "word": "a"
    },
    {
        "end_time": "0:02:43.600000",
        "speaker_tag": 1,
        "start_time": "0:02:43.300000",
        "word": "cup"
    },
    {
        "end_time": "0:02:43.700000",
        "speaker_tag": 1,
        "start_time": "0:02:43.600000",
        "word": "of"
    },
    {
        "end_time": "0:02:43.800000",
        "speaker_tag": 1,
        "start_time": "0:02:43.700000",
        "word": "coffee"
    },
    {
        "end_time": "0:02:45",
        "speaker_tag": 1,
        "start_time": "0:02:43.800000",
        "word": "a"
    },
    {
        "end_time": "0:02:46.200000",
        "speaker_tag": 1,
        "start_time": "0:02:45",
        "word": "cup"
    },
    {
        "end_time": "0:02:46.200000",
        "speaker_tag": 1,
        "start_time": "0:02:46.200000",
        "word": "of"
    },
    {
        "end_time": "0:02:46.400000",
        "speaker_tag": 1,
        "start_time": "0:02:46.200000",
        "word": "coffee"
    },
    {
        "end_time": "0:02:46.900000",
        "speaker_tag": 1,
        "start_time": "0:02:46.400000",
        "word": "scrambled"
    },
    {
        "end_time": "0:02:47",
        "speaker_tag": 1,
        "start_time": "0:02:46.900000",
        "word": "eggs"
    },
    {
        "end_time": "0:02:47.100000",
        "speaker_tag": 1,
        "start_time": "0:02:47",
        "word": "in"
    },
    {
        "end_time": "0:02:47.200000",
        "speaker_tag": 1,
        "start_time": "0:02:47.100000",
        "word": "a"
    },
    {
        "end_time": "0:02:47.300000",
        "speaker_tag": 1,
        "start_time": "0:02:47.200000",
        "word": "bowl"
    },
    {
        "end_time": "0:02:47.600000",
        "speaker_tag": 1,
        "start_time": "0:02:47.300000",
        "word": "fruit"
    },
    {
        "end_time": "0:02:47.800000",
        "speaker_tag": 1,
        "start_time": "0:02:47.600000",
        "word": "so"
    },
    {
        "end_time": "0:02:48.100000",
        "speaker_tag": 1,
        "start_time": "0:02:47.800000",
        "word": "like"
    },
    {
        "end_time": "0:02:48.300000",
        "speaker_tag": 1,
        "start_time": "0:02:48.100000",
        "word": "kind"
    },
    {
        "end_time": "0:02:48.400000",
        "speaker_tag": 1,
        "start_time": "0:02:48.300000",
        "word": "of"
    },
    {
        "end_time": "0:02:48.400000",
        "speaker_tag": 1,
        "start_time": "0:02:48.400000",
        "word": "like"
    },
    {
        "end_time": "0:02:49.100000",
        "speaker_tag": 1,
        "start_time": "0:02:48.400000",
        "word": "your"
    },
    {
        "end_time": "0:02:49.300000",
        "speaker_tag": 1,
        "start_time": "0:02:49.100000",
        "word": "breakfast"
    },
    {
        "end_time": "0:02:51.300000",
        "speaker_tag": 1,
        "start_time": "0:02:49.300000",
        "word": "I"
    },
    {
        "end_time": "0:02:51.800000",
        "speaker_tag": 1,
        "start_time": "0:02:51.300000",
        "word": "don't"
    },
    {
        "end_time": "0:02:52",
        "speaker_tag": 1,
        "start_time": "0:02:51.800000",
        "word": "know"
    },
    {
        "end_time": "0:02:52.100000",
        "speaker_tag": 1,
        "start_time": "0:02:52",
        "word": "how"
    },
    {
        "end_time": "0:02:52.200000",
        "speaker_tag": 1,
        "start_time": "0:02:52.100000",
        "word": "to"
    },
    {
        "end_time": "0:02:52.300000",
        "speaker_tag": 1,
        "start_time": "0:02:52.200000",
        "word": "make"
    },
    {
        "end_time": "0:02:56.600000",
        "speaker_tag": 1,
        "start_time": "0:02:52.300000",
        "word": "a"
    },
    {
        "end_time": "0:02:57.500000",
        "speaker_tag": 1,
        "start_time": "0:02:56.600000",
        "word": "cup"
    },
    {
        "end_time": "0:02:57.600000",
        "speaker_tag": 1,
        "start_time": "0:02:57.500000",
        "word": "of"
    },
    {
        "end_time": "0:02:57.700000",
        "speaker_tag": 1,
        "start_time": "0:02:57.600000",
        "word": "coffee"
    },
    {
        "end_time": "0:02:58.300000",
        "speaker_tag": 1,
        "start_time": "0:02:57.700000",
        "word": "scrambled"
    },
    {
        "end_time": "0:02:58.500000",
        "speaker_tag": 1,
        "start_time": "0:02:58.300000",
        "word": "eggs"
    },
    {
        "end_time": "0:02:58.600000",
        "speaker_tag": 1,
        "start_time": "0:02:58.500000",
        "word": "in"
    },
    {
        "end_time": "0:02:58.600000",
        "speaker_tag": 1,
        "start_time": "0:02:58.600000",
        "word": "a"
    },
    {
        "end_time": "0:02:58.700000",
        "speaker_tag": 1,
        "start_time": "0:02:58.600000",
        "word": "bowl"
    },
    {
        "end_time": "0:02:58.800000",
        "speaker_tag": 1,
        "start_time": "0:02:58.700000",
        "word": "of"
    },
    {
        "end_time": "0:02:59.100000",
        "speaker_tag": 1,
        "start_time": "0:02:58.800000",
        "word": "fruit"
    },
    {
        "end_time": "0:03:08.400000",
        "speaker_tag": 2,
        "start_time": "0:02:59.100000",
        "word": "is"
    },
    {
        "end_time": "0:03:08.500000",
        "speaker_tag": 2,
        "start_time": "0:03:08.400000",
        "word": "what"
    },
    {
        "end_time": "0:03:08.600000",
        "speaker_tag": 2,
        "start_time": "0:03:08.500000",
        "word": "you"
    },
    {
        "end_time": "0:03:08.700000",
        "speaker_tag": 2,
        "start_time": "0:03:08.600000",
        "word": "got"
    },
    {
        "end_time": "0:03:08.800000",
        "speaker_tag": 2,
        "start_time": "0:03:08.700000",
        "word": "to"
    },
    {
        "end_time": "0:03:09",
        "speaker_tag": 2,
        "start_time": "0:03:08.800000",
        "word": "do"
    },
    {
        "end_time": "0:03:09.300000",
        "speaker_tag": 2,
        "start_time": "0:03:09",
        "word": "you"
    },
    {
        "end_time": "0:03:09.500000",
        "speaker_tag": 2,
        "start_time": "0:03:09.300000",
        "word": "say"
    },
    {
        "end_time": "0:03:10",
        "speaker_tag": 2,
        "start_time": "0:03:09.500000",
        "word": "scrambled"
    },
    {
        "end_time": "0:03:10.500000",
        "speaker_tag": 2,
        "start_time": "0:03:10",
        "word": "eggs"
    },
    {
        "end_time": "0:03:11",
        "speaker_tag": 2,
        "start_time": "0:03:10.500000",
        "word": "coffee"
    },
    {
        "end_time": "0:03:11.200000",
        "speaker_tag": 2,
        "start_time": "0:03:11",
        "word": "in"
    },
    {
        "end_time": "0:03:11.300000",
        "speaker_tag": 2,
        "start_time": "0:03:11.200000",
        "word": "a"
    },
    {
        "end_time": "0:03:11.500000",
        "speaker_tag": 2,
        "start_time": "0:03:11.300000",
        "word": "bowl"
    },
    {
        "end_time": "0:03:11.500000",
        "speaker_tag": 2,
        "start_time": "0:03:11.500000",
        "word": "of"
    },
    {
        "end_time": "0:03:11.800000",
        "speaker_tag": 2,
        "start_time": "0:03:11.500000",
        "word": "fruit"
    },
    {
        "end_time": "0:03:12.100000",
        "speaker_tag": 2,
        "start_time": "0:03:11.800000",
        "word": "right"
    },
    {
        "end_time": "0:03:12.800000",
        "speaker_tag": 2,
        "start_time": "0:03:12.100000",
        "word": "what"
    },
    {
        "end_time": "0:03:12.900000",
        "speaker_tag": 2,
        "start_time": "0:03:12.800000",
        "word": "we"
    },
    {
        "end_time": "0:03:13.100000",
        "speaker_tag": 2,
        "start_time": "0:03:12.900000",
        "word": "need"
    },
    {
        "end_time": "0:03:13.200000",
        "speaker_tag": 2,
        "start_time": "0:03:13.100000",
        "word": "to"
    },
    {
        "end_time": "0:03:13.500000",
        "speaker_tag": 2,
        "start_time": "0:03:13.200000",
        "word": "do"
    },
    {
        "end_time": "0:03:16.900000",
        "speaker_tag": 2,
        "start_time": "0:03:13.500000",
        "word": "I'll"
    },
    {
        "end_time": "0:03:17.200000",
        "speaker_tag": 2,
        "start_time": "0:03:16.900000",
        "word": "need"
    },
    {
        "end_time": "0:03:17.400000",
        "speaker_tag": 2,
        "start_time": "0:03:17.200000",
        "word": "you"
    },
    {
        "end_time": "0:03:17.400000",
        "speaker_tag": 2,
        "start_time": "0:03:17.400000",
        "word": "to"
    },
    {
        "end_time": "0:03:17.600000",
        "speaker_tag": 2,
        "start_time": "0:03:17.400000",
        "word": "get"
    },
    {
        "end_time": "0:03:17.900000",
        "speaker_tag": 2,
        "start_time": "0:03:17.600000",
        "word": "them"
    },
    {
        "end_time": "0:03:20.900000",
        "speaker_tag": 2,
        "start_time": "0:03:20.100000",
        "word": "small"
    },
    {
        "end_time": "0:03:21.700000",
        "speaker_tag": 2,
        "start_time": "0:03:20.900000",
        "word": "McCafe"
    },
    {
        "end_time": "0:03:22",
        "speaker_tag": 2,
        "start_time": "0:03:21.700000",
        "word": "coffee"
    },
    {
        "end_time": "0:03:23.800000",
        "speaker_tag": 2,
        "start_time": "0:03:22",
        "word": "and"
    },
    {
        "end_time": "0:03:23.900000",
        "speaker_tag": 2,
        "start_time": "0:03:23.800000",
        "word": "then"
    },
    {
        "end_time": "0:03:24.300000",
        "speaker_tag": 2,
        "start_time": "0:03:23.900000",
        "word": "put"
    },
    {
        "end_time": "0:03:24.700000",
        "speaker_tag": 2,
        "start_time": "0:03:24.300000",
        "word": "milk"
    },
    {
        "end_time": "0:03:24.900000",
        "speaker_tag": 2,
        "start_time": "0:03:24.700000",
        "word": "in"
    },
    {
        "end_time": "0:03:25",
        "speaker_tag": 2,
        "start_time": "0:03:24.900000",
        "word": "their"
    },
    {
        "end_time": "0:03:25.300000",
        "speaker_tag": 2,
        "start_time": "0:03:25",
        "word": "pussy"
    },
    {
        "end_time": "0:03:32.200000",
        "speaker_tag": 2,
        "start_time": "0:03:25.300000",
        "word": "for"
    },
    {
        "end_time": "0:03:32.300000",
        "speaker_tag": 2,
        "start_time": "0:03:32.200000",
        "word": "you"
    },
    {
        "end_time": "0:03:32.500000",
        "speaker_tag": 2,
        "start_time": "0:03:32.300000",
        "word": "to"
    },
    {
        "end_time": "0:03:32.600000",
        "speaker_tag": 2,
        "start_time": "0:03:32.500000",
        "word": "do"
    },
    {
        "end_time": "0:03:32.700000",
        "speaker_tag": 2,
        "start_time": "0:03:32.600000",
        "word": "a"
    },
    {
        "end_time": "0:03:33.100000",
        "speaker_tag": 2,
        "start_time": "0:03:32.700000",
        "word": "traditional"
    },
    {
        "end_time": "0:03:33.600000",
        "speaker_tag": 2,
        "start_time": "0:03:33.100000",
        "word": "way"
    },
    {
        "end_time": "0:03:34.100000",
        "speaker_tag": 2,
        "start_time": "0:03:33.600000",
        "word": "get"
    },
    {
        "end_time": "0:03:34.200000",
        "speaker_tag": 2,
        "start_time": "0:03:34.100000",
        "word": "the"
    },
    {
        "end_time": "0:03:34.700000",
        "speaker_tag": 2,
        "start_time": "0:03:34.200000",
        "word": "beans"
    },
    {
        "end_time": "0:03:34.900000",
        "speaker_tag": 2,
        "start_time": "0:03:34.700000",
        "word": "from"
    },
    {
        "end_time": "0:03:44.900000",
        "speaker_tag": 2,
        "start_time": "0:03:34.900000",
        "word": "Worchester"
    },
    {
        "end_time": "0:03:45.200000",
        "speaker_tag": 2,
        "start_time": "0:03:44.900000",
        "word": "way"
    },
    {
        "end_time": "0:03:47",
        "speaker_tag": 2,
        "start_time": "0:03:45.200000",
        "word": "and"
    },
    {
        "end_time": "0:03:47.100000",
        "speaker_tag": 2,
        "start_time": "0:03:47",
        "word": "then"
    },
    {
        "end_time": "0:03:47.600000",
        "speaker_tag": 2,
        "start_time": "0:03:47.100000",
        "word": "scrambled"
    },
    {
        "end_time": "0:03:47.800000",
        "speaker_tag": 2,
        "start_time": "0:03:47.600000",
        "word": "eggs"
    },
    {
        "end_time": "0:03:48",
        "speaker_tag": 2,
        "start_time": "0:03:47.800000",
        "word": "what"
    },
    {
        "end_time": "0:03:48.100000",
        "speaker_tag": 2,
        "start_time": "0:03:48",
        "word": "you"
    },
    {
        "end_time": "0:03:48.300000",
        "speaker_tag": 2,
        "start_time": "0:03:48.100000",
        "word": "going"
    },
    {
        "end_time": "0:03:48.400000",
        "speaker_tag": 2,
        "start_time": "0:03:48.300000",
        "word": "to"
    },
    {
        "end_time": "0:03:48.600000",
        "speaker_tag": 2,
        "start_time": "0:03:48.400000",
        "word": "do"
    },
    {
        "end_time": "0:03:48.600000",
        "speaker_tag": 2,
        "start_time": "0:03:48.600000",
        "word": "when"
    },
    {
        "end_time": "0:03:48.800000",
        "speaker_tag": 2,
        "start_time": "0:03:48.600000",
        "word": "you're"
    },
    {
        "end_time": "0:03:48.900000",
        "speaker_tag": 2,
        "start_time": "0:03:48.800000",
        "word": "going"
    },
    {
        "end_time": "0:03:49",
        "speaker_tag": 2,
        "start_time": "0:03:48.900000",
        "word": "to"
    },
    {
        "end_time": "0:03:49.200000",
        "speaker_tag": 2,
        "start_time": "0:03:49",
        "word": "want"
    },
    {
        "end_time": "0:03:49.300000",
        "speaker_tag": 2,
        "start_time": "0:03:49.200000",
        "word": "to"
    },
    {
        "end_time": "0:03:49.400000",
        "speaker_tag": 2,
        "start_time": "0:03:49.300000",
        "word": "go"
    },
    {
        "end_time": "0:03:49.600000",
        "speaker_tag": 2,
        "start_time": "0:03:49.400000",
        "word": "to"
    },
    {
        "end_time": "0:03:49.700000",
        "speaker_tag": 2,
        "start_time": "0:03:49.600000",
        "word": "the"
    },
    {
        "end_time": "0:03:52.900000",
        "speaker_tag": 2,
        "start_time": "0:03:49.700000",
        "word": "factory"
    },
    {
        "end_time": "0:03:53.600000",
        "speaker_tag": 2,
        "start_time": "0:03:52.900000",
        "word": "process"
    },
    {
        "end_time": "0:03:55.400000",
        "speaker_tag": 1,
        "start_time": "0:03:53.600000",
        "word": "or"
    },
    {
        "end_time": "0:03:55.600000",
        "speaker_tag": 1,
        "start_time": "0:03:55.400000",
        "word": "you"
    },
    {
        "end_time": "0:03:55.800000",
        "speaker_tag": 1,
        "start_time": "0:03:55.600000",
        "word": "could"
    },
    {
        "end_time": "0:03:56",
        "speaker_tag": 1,
        "start_time": "0:03:55.800000",
        "word": "do"
    },
    {
        "end_time": "0:03:56.200000",
        "speaker_tag": 1,
        "start_time": "0:03:56",
        "word": "my"
    },
    {
        "end_time": "0:03:56.500000",
        "speaker_tag": 1,
        "start_time": "0:03:56.200000",
        "word": "personal"
    },
    {
        "end_time": "0:03:57",
        "speaker_tag": 2,
        "start_time": "0:03:56.500000",
        "word": "favor"
    },
    {
        "end_time": "0:03:57.300000",
        "speaker_tag": 2,
        "start_time": "0:03:57",
        "word": "ways"
    },
    {
        "end_time": "0:03:57.500000",
        "speaker_tag": 2,
        "start_time": "0:03:57.300000",
        "word": "do"
    },
    {
        "end_time": "0:03:57.600000",
        "speaker_tag": 2,
        "start_time": "0:03:57.500000",
        "word": "it"
    },
    {
        "end_time": "0:03:58.100000",
        "speaker_tag": 2,
        "start_time": "0:03:57.600000",
        "word": "yourself"
    },
    {
        "end_time": "0:03:58.600000",
        "speaker_tag": 2,
        "start_time": "0:03:58.100000",
        "word": "get"
    },
    {
        "end_time": "0:03:58.900000",
        "speaker_tag": 2,
        "start_time": "0:03:58.600000",
        "word": "eggs"
    },
    {
        "end_time": "0:03:59",
        "speaker_tag": 2,
        "start_time": "0:03:58.900000",
        "word": "from"
    },
    {
        "end_time": "0:03:59.100000",
        "speaker_tag": 2,
        "start_time": "0:03:59",
        "word": "the"
    },
    {
        "end_time": "0:03:59.300000",
        "speaker_tag": 2,
        "start_time": "0:03:59.100000",
        "word": "store"
    },
    {
        "end_time": "0:03:59.800000",
        "speaker_tag": 2,
        "start_time": "0:03:59.300000",
        "word": "go"
    },
    {
        "end_time": "0:04:00",
        "speaker_tag": 2,
        "start_time": "0:03:59.800000",
        "word": "ahead"
    },
    {
        "end_time": "0:04:00.600000",
        "speaker_tag": 2,
        "start_time": "0:04:00",
        "word": "and"
    },
    {
        "end_time": "0:04:01.800000",
        "speaker_tag": 2,
        "start_time": "0:04:00.600000",
        "word": "crack"
    },
    {
        "end_time": "0:04:01.900000",
        "speaker_tag": 2,
        "start_time": "0:04:01.800000",
        "word": "open"
    },
    {
        "end_time": "0:04:02.400000",
        "speaker_tag": 2,
        "start_time": "0:04:01.900000",
        "word": "them"
    },
    {
        "end_time": "0:04:02.800000",
        "speaker_tag": 2,
        "start_time": "0:04:02.400000",
        "word": "sumbitches"
    },
    {
        "end_time": "0:04:03.300000",
        "speaker_tag": 2,
        "start_time": "0:04:02.800000",
        "word": "put"
    },
    {
        "end_time": "0:04:03.600000",
        "speaker_tag": 2,
        "start_time": "0:04:03.300000",
        "word": "them"
    },
    {
        "end_time": "0:04:03.800000",
        "speaker_tag": 2,
        "start_time": "0:04:03.600000",
        "word": "in"
    },
    {
        "end_time": "0:04:03.900000",
        "speaker_tag": 2,
        "start_time": "0:04:03.800000",
        "word": "the"
    },
    {
        "end_time": "0:04:04.500000",
        "speaker_tag": 2,
        "start_time": "0:04:03.900000",
        "word": "pot"
    },
    {
        "end_time": "0:04:05.100000",
        "speaker_tag": 2,
        "start_time": "0:04:04.500000",
        "word": "go"
    },
    {
        "end_time": "0:04:05.200000",
        "speaker_tag": 2,
        "start_time": "0:04:05.100000",
        "word": "ahead"
    },
    {
        "end_time": "0:04:05.600000",
        "speaker_tag": 2,
        "start_time": "0:04:05.200000",
        "word": "scrambled"
    },
    {
        "end_time": "0:04:06.500000",
        "speaker_tag": 2,
        "start_time": "0:04:05.600000",
        "word": "2"
    },
    {
        "end_time": "0:04:06.700000",
        "speaker_tag": 2,
        "start_time": "0:04:06.500000",
        "word": "and"
    },
    {
        "end_time": "0:04:06.900000",
        "speaker_tag": 2,
        "start_time": "0:04:06.700000",
        "word": "season"
    },
    {
        "end_time": "0:04:07.200000",
        "speaker_tag": 2,
        "start_time": "0:04:06.900000",
        "word": "it"
    },
    {
        "end_time": "0:04:07.200000",
        "speaker_tag": 2,
        "start_time": "0:04:07.200000",
        "word": "with"
    },
    {
        "end_time": "0:04:07.500000",
        "speaker_tag": 2,
        "start_time": "0:04:07.200000",
        "word": "salt"
    },
    {
        "end_time": "0:04:07.600000",
        "speaker_tag": 2,
        "start_time": "0:04:07.500000",
        "word": "and"
    },
    {
        "end_time": "0:04:07.800000",
        "speaker_tag": 2,
        "start_time": "0:04:07.600000",
        "word": "pepper"
    },
    {
        "end_time": "0:04:09",
        "speaker_tag": 2,
        "start_time": "0:04:07.800000",
        "word": "scrambled"
    },
    {
        "end_time": "0:04:09.500000",
        "speaker_tag": 2,
        "start_time": "0:04:09",
        "word": "around"
    },
    {
        "end_time": "0:04:10.200000",
        "speaker_tag": 2,
        "start_time": "0:04:09.500000",
        "word": "until"
    },
    {
        "end_time": "0:04:10.300000",
        "speaker_tag": 2,
        "start_time": "0:04:10.200000",
        "word": "it"
    },
    {
        "end_time": "0:04:10.500000",
        "speaker_tag": 2,
        "start_time": "0:04:10.300000",
        "word": "looks"
    },
    {
        "end_time": "0:04:10.800000",
        "speaker_tag": 2,
        "start_time": "0:04:10.500000",
        "word": "call"
    },
    {
        "end_time": "0:04:11.400000",
        "speaker_tag": 2,
        "start_time": "0:04:10.800000",
        "word": "scrambling"
    },
    {
        "end_time": "0:04:11.500000",
        "speaker_tag": 2,
        "start_time": "0:04:11.400000",
        "word": "and"
    },
    {
        "end_time": "0:04:13.300000",
        "speaker_tag": 2,
        "start_time": "0:04:11.500000",
        "word": "then"
    },
    {
        "end_time": "0:04:13.600000",
        "speaker_tag": 2,
        "start_time": "0:04:13.300000",
        "word": "put"
    },
    {
        "end_time": "0:04:13.700000",
        "speaker_tag": 2,
        "start_time": "0:04:13.600000",
        "word": "it"
    },
    {
        "end_time": "0:04:13.800000",
        "speaker_tag": 2,
        "start_time": "0:04:13.700000",
        "word": "in"
    },
    {
        "end_time": "0:04:13.900000",
        "speaker_tag": 2,
        "start_time": "0:04:13.800000",
        "word": "a"
    },
    {
        "end_time": "0:04:14.100000",
        "speaker_tag": 2,
        "start_time": "0:04:13.900000",
        "word": "bowl"
    },
    {
        "end_time": "0:04:14.500000",
        "speaker_tag": 2,
        "start_time": "0:04:14.100000",
        "word": "right"
    },
    {
        "end_time": "0:04:15",
        "speaker_tag": 2,
        "start_time": "0:04:14.500000",
        "word": "next"
    },
    {
        "end_time": "0:04:15.300000",
        "speaker_tag": 2,
        "start_time": "0:04:15",
        "word": "to"
    },
    {
        "end_time": "0:04:15.600000",
        "speaker_tag": 2,
        "start_time": "0:04:15.300000",
        "word": "the"
    },
    {
        "end_time": "0:04:16.700000",
        "speaker_tag": 2,
        "start_time": "0:04:15.600000",
        "word": "coffee"
    },
    {
        "end_time": "0:04:17.600000",
        "speaker_tag": 2,
        "start_time": "0:04:16.700000",
        "word": "and"
    },
    {
        "end_time": "0:04:17.700000",
        "speaker_tag": 2,
        "start_time": "0:04:17.600000",
        "word": "that's"
    },
    {
        "end_time": "0:04:18.100000",
        "speaker_tag": 2,
        "start_time": "0:04:17.700000",
        "word": "two"
    },
    {
        "end_time": "0:04:21.400000",
        "speaker_tag": 2,
        "start_time": "0:04:18.600000",
        "word": "can't"
    },
    {
        "end_time": "0:04:22",
        "speaker_tag": 2,
        "start_time": "0:04:21.400000",
        "word": "do"
    },
    {
        "end_time": "0:04:22.200000",
        "speaker_tag": 2,
        "start_time": "0:04:22",
        "word": "much"
    },
    {
        "end_time": "0:04:22.600000",
        "speaker_tag": 2,
        "start_time": "0:04:22.200000",
        "word": "about"
    },
    {
        "end_time": "0:04:22.900000",
        "speaker_tag": 2,
        "start_time": "0:04:22.600000",
        "word": "the"
    },
    {
        "end_time": "0:04:31",
        "speaker_tag": 2,
        "start_time": "0:04:22.900000",
        "word": "places"
    },
    {
        "end_time": "0:04:31.300000",
        "speaker_tag": 2,
        "start_time": "0:04:31",
        "word": "I"
    },
    {
        "end_time": "0:04:31.600000",
        "speaker_tag": 2,
        "start_time": "0:04:31.300000",
        "word": "would"
    },
    {
        "end_time": "0:04:32",
        "speaker_tag": 2,
        "start_time": "0:04:31.600000",
        "word": "prefer"
    },
    {
        "end_time": "0:04:32.300000",
        "speaker_tag": 2,
        "start_time": "0:04:32",
        "word": "like"
    },
    {
        "end_time": "0:04:32.800000",
        "speaker_tag": 2,
        "start_time": "0:04:32.300000",
        "word": "apples"
    },
    {
        "end_time": "0:04:33",
        "speaker_tag": 2,
        "start_time": "0:04:32.800000",
        "word": "oranges"
    },
    {
        "end_time": "0:04:34.300000",
        "speaker_tag": 2,
        "start_time": "0:04:33",
        "word": "lemons"
    },
    {
        "end_time": "0:04:37.200000",
        "speaker_tag": 2,
        "start_time": "0:04:34.300000",
        "word": "pears"
    },
    {
        "end_time": "0:04:37.400000",
        "speaker_tag": 2,
        "start_time": "0:04:37.200000",
        "word": "peaches"
    },
    {
        "end_time": "0:04:38",
        "speaker_tag": 2,
        "start_time": "0:04:37.400000",
        "word": "all"
    },
    {
        "end_time": "0:04:38.300000",
        "speaker_tag": 2,
        "start_time": "0:04:38",
        "word": "sorts"
    },
    {
        "end_time": "0:04:38.300000",
        "speaker_tag": 2,
        "start_time": "0:04:38.300000",
        "word": "of"
    },
    {
        "end_time": "0:04:38.500000",
        "speaker_tag": 2,
        "start_time": "0:04:38.300000",
        "word": "stuff"
    },
    {
        "end_time": "0:04:38.700000",
        "speaker_tag": 2,
        "start_time": "0:04:38.500000",
        "word": "like"
    },
    {
        "end_time": "0:04:38.800000",
        "speaker_tag": 2,
        "start_time": "0:04:38.700000",
        "word": "that"
    },
    {
        "end_time": "0:04:40.300000",
        "speaker_tag": 2,
        "start_time": "0:04:38.800000",
        "word": "you"
    },
    {
        "end_time": "0:04:40.500000",
        "speaker_tag": 2,
        "start_time": "0:04:40.300000",
        "word": "want"
    },
    {
        "end_time": "0:04:41.100000",
        "speaker_tag": 2,
        "start_time": "0:04:40.500000",
        "word": "go"
    },
    {
        "end_time": "0:04:41.200000",
        "speaker_tag": 2,
        "start_time": "0:04:41.100000",
        "word": "ahead"
    },
    {
        "end_time": "0:04:41.500000",
        "speaker_tag": 2,
        "start_time": "0:04:41.200000",
        "word": "and"
    },
    {
        "end_time": "0:04:41.600000",
        "speaker_tag": 2,
        "start_time": "0:04:41.500000",
        "word": "go"
    },
    {
        "end_time": "0:04:41.700000",
        "speaker_tag": 2,
        "start_time": "0:04:41.600000",
        "word": "back"
    },
    {
        "end_time": "0:04:41.900000",
        "speaker_tag": 2,
        "start_time": "0:04:41.700000",
        "word": "to"
    },
    {
        "end_time": "0:04:42.800000",
        "speaker_tag": 2,
        "start_time": "0:04:41.900000",
        "word": "prison"
    },
    {
        "end_time": "0:04:43.300000",
        "speaker_tag": 2,
        "start_time": "0:04:42.800000",
        "word": "chop"
    },
    {
        "end_time": "0:04:43.500000",
        "speaker_tag": 2,
        "start_time": "0:04:43.300000",
        "word": "up"
    },
    {
        "end_time": "0:04:44.500000",
        "speaker_tag": 2,
        "start_time": "0:04:43.500000",
        "word": "you"
    },
    {
        "end_time": "0:04:44.600000",
        "speaker_tag": 2,
        "start_time": "0:04:44.500000",
        "word": "can"
    },
    {
        "end_time": "0:04:44.900000",
        "speaker_tag": 2,
        "start_time": "0:04:44.600000",
        "word": "have"
    },
    {
        "end_time": "0:04:45",
        "speaker_tag": 2,
        "start_time": "0:04:44.900000",
        "word": "a"
    },
    {
        "end_time": "0:04:45.400000",
        "speaker_tag": 2,
        "start_time": "0:04:45",
        "word": "minimal"
    },
    {
        "end_time": "0:04:45.700000",
        "speaker_tag": 2,
        "start_time": "0:04:45.400000",
        "word": "whichever"
    },
    {
        "end_time": "0:04:45.900000",
        "speaker_tag": 2,
        "start_time": "0:04:45.700000",
        "word": "is"
    },
    {
        "end_time": "0:04:48.600000",
        "speaker_tag": 2,
        "start_time": "0:04:45.900000",
        "word": "Apple's"
    },
    {
        "end_time": "0:04:48.700000",
        "speaker_tag": 2,
        "start_time": "0:04:48.600000",
        "word": "I"
    },
    {
        "end_time": "0:04:48.900000",
        "speaker_tag": 2,
        "start_time": "0:04:48.700000",
        "word": "would"
    },
    {
        "end_time": "0:04:49.100000",
        "speaker_tag": 2,
        "start_time": "0:04:48.900000",
        "word": "say"
    },
    {
        "end_time": "0:04:49.400000",
        "speaker_tag": 2,
        "start_time": "0:04:49.100000",
        "word": "chop"
    },
    {
        "end_time": "0:04:49.600000",
        "speaker_tag": 2,
        "start_time": "0:04:49.400000",
        "word": "it"
    },
    {
        "end_time": "0:04:49.900000",
        "speaker_tag": 2,
        "start_time": "0:04:49.600000",
        "word": "into"
    },
    {
        "end_time": "0:04:50.100000",
        "speaker_tag": 2,
        "start_time": "0:04:49.900000",
        "word": "I"
    },
    {
        "end_time": "0:04:50.300000",
        "speaker_tag": 2,
        "start_time": "0:04:50.100000",
        "word": "get"
    },
    {
        "end_time": "0:04:50.700000",
        "speaker_tag": 2,
        "start_time": "0:04:50.300000",
        "word": "slices"
    },
    {
        "end_time": "0:04:50.900000",
        "speaker_tag": 2,
        "start_time": "0:04:50.700000",
        "word": "instead"
    },
    {
        "end_time": "0:04:51.200000",
        "speaker_tag": 2,
        "start_time": "0:04:50.900000",
        "word": "of"
    },
    {
        "end_time": "0:04:51.600000",
        "speaker_tag": 2,
        "start_time": "0:04:51.200000",
        "word": "like"
    },
    {
        "end_time": "0:04:51.900000",
        "speaker_tag": 2,
        "start_time": "0:04:51.600000",
        "word": "you"
    },
    {
        "end_time": "0:04:52.100000",
        "speaker_tag": 2,
        "start_time": "0:04:51.900000",
        "word": "but"
    },
    {
        "end_time": "0:04:52.700000",
        "speaker_tag": 2,
        "start_time": "0:04:52.100000",
        "word": "I"
    },
    {
        "end_time": "0:04:52.700000",
        "speaker_tag": 2,
        "start_time": "0:04:52.700000",
        "word": "don't"
    },
    {
        "end_time": "0:04:52.900000",
        "speaker_tag": 2,
        "start_time": "0:04:52.700000",
        "word": "know"
    },
    {
        "end_time": "0:04:53",
        "speaker_tag": 2,
        "start_time": "0:04:52.900000",
        "word": "why"
    },
    {
        "end_time": "0:04:53.100000",
        "speaker_tag": 2,
        "start_time": "0:04:53",
        "word": "I"
    },
    {
        "end_time": "0:04:53.200000",
        "speaker_tag": 2,
        "start_time": "0:04:53.100000",
        "word": "just"
    },
    {
        "end_time": "0:04:53.500000",
        "speaker_tag": 2,
        "start_time": "0:04:53.200000",
        "word": "spoke"
    },
    {
        "end_time": "0:04:54.800000",
        "speaker_tag": 2,
        "start_time": "0:04:53.500000",
        "word": "with"
    },
    {
        "end_time": "0:04:55",
        "speaker_tag": 2,
        "start_time": "0:04:54.800000",
        "word": "my"
    },
    {
        "end_time": "0:04:55.300000",
        "speaker_tag": 2,
        "start_time": "0:04:55",
        "word": "food"
    },
    {
        "end_time": "0:04:56.100000",
        "speaker_tag": 2,
        "start_time": "0:04:55.300000",
        "word": "orange"
    },
    {
        "end_time": "0:04:56.200000",
        "speaker_tag": 2,
        "start_time": "0:04:56.100000",
        "word": "is"
    },
    {
        "end_time": "0:04:56.400000",
        "speaker_tag": 2,
        "start_time": "0:04:56.200000",
        "word": "a"
    },
    {
        "end_time": "0:04:56.900000",
        "speaker_tag": 2,
        "start_time": "0:04:56.400000",
        "word": "quiz."
    },
    {
        "end_time": "0:04:57.400000",
        "speaker_tag": 2,
        "start_time": "0:04:56.900000",
        "word": "And"
    },
    {
        "end_time": "0:04:57.600000",
        "speaker_tag": 2,
        "start_time": "0:04:57.400000",
        "word": "then"
    },
    {
        "end_time": "0:05:00",
        "speaker_tag": 2,
        "start_time": "0:04:57.600000",
        "word": "and"
    },
    {
        "end_time": "0:05:00.100000",
        "speaker_tag": 2,
        "start_time": "0:05:00",
        "word": "then"
    },
    {
        "end_time": "0:05:00.500000",
        "speaker_tag": 2,
        "start_time": "0:05:00.100000",
        "word": "for"
    },
    {
        "end_time": "0:05:00.600000",
        "speaker_tag": 2,
        "start_time": "0:05:00.500000",
        "word": "the"
    },
    {
        "end_time": "0:05:01.200000",
        "speaker_tag": 2,
        "start_time": "0:05:00.600000",
        "word": "grapes"
    },
    {
        "end_time": "0:05:01.400000",
        "speaker_tag": 2,
        "start_time": "0:05:01.200000",
        "word": "which"
    },
    {
        "end_time": "0:05:01.500000",
        "speaker_tag": 2,
        "start_time": "0:05:01.400000",
        "word": "I"
    },
    {
        "end_time": "0:05:01.800000",
        "speaker_tag": 2,
        "start_time": "0:05:01.500000",
        "word": "didn't"
    },
    {
        "end_time": "0:05:02",
        "speaker_tag": 2,
        "start_time": "0:05:01.800000",
        "word": "find"
    },
    {
        "end_time": "0:05:02.200000",
        "speaker_tag": 2,
        "start_time": "0:05:02",
        "word": "any"
    },
    {
        "end_time": "0:05:02.500000",
        "speaker_tag": 2,
        "start_time": "0:05:02.200000",
        "word": "mention"
    },
    {
        "end_time": "0:05:02.700000",
        "speaker_tag": 2,
        "start_time": "0:05:02.500000",
        "word": "that"
    },
    {
        "end_time": "0:05:03.700000",
        "speaker_tag": 2,
        "start_time": "0:05:02.700000",
        "word": "that's"
    },
    {
        "end_time": "0:05:03.900000",
        "speaker_tag": 2,
        "start_time": "0:05:03.700000",
        "word": "pretty"
    },
    {
        "end_time": "0:05:04.100000",
        "speaker_tag": 2,
        "start_time": "0:05:03.900000",
        "word": "easy"
    },
    {
        "end_time": "0:05:04.300000",
        "speaker_tag": 2,
        "start_time": "0:05:04.100000",
        "word": "just"
    },
    {
        "end_time": "0:05:04.600000",
        "speaker_tag": 2,
        "start_time": "0:05:04.300000",
        "word": "take"
    },
    {
        "end_time": "0:05:04.800000",
        "speaker_tag": 2,
        "start_time": "0:05:04.600000",
        "word": "him"
    },
    {
        "end_time": "0:05:06.400000",
        "speaker_tag": 2,
        "start_time": "0:05:04.800000",
        "word": "and"
    },
    {
        "end_time": "0:05:07.100000",
        "speaker_tag": 2,
        "start_time": "0:05:06.400000",
        "word": "with"
    },
    {
        "end_time": "0:05:07.700000",
        "speaker_tag": 2,
        "start_time": "0:05:07.100000",
        "word": "everything"
    },
    {
        "end_time": "0:05:07.900000",
        "speaker_tag": 2,
        "start_time": "0:05:07.700000",
        "word": "else"
    },
    {
        "end_time": "0:05:09.200000",
        "speaker_tag": 2,
        "start_time": "0:05:07.900000",
        "word": "you'd"
    },
    {
        "end_time": "0:05:09.300000",
        "speaker_tag": 2,
        "start_time": "0:05:09.200000",
        "word": "like"
    },
    {
        "end_time": "0:05:10.100000",
        "speaker_tag": 2,
        "start_time": "0:05:09.300000",
        "word": "pears"
    },
    {
        "end_time": "0:05:10.400000",
        "speaker_tag": 2,
        "start_time": "0:05:10.100000",
        "word": "perfect"
    },
    {
        "end_time": "0:05:10.700000",
        "speaker_tag": 2,
        "start_time": "0:05:10.400000",
        "word": "apple"
    },
    {
        "end_time": "0:05:11",
        "speaker_tag": 2,
        "start_time": "0:05:10.700000",
        "word": "watermelon"
    },
    {
        "end_time": "0:05:15.300000",
        "speaker_tag": 2,
        "start_time": "0:05:11",
        "word": "inside"
    },
    {
        "end_time": "0:05:15.700000",
        "speaker_tag": 2,
        "start_time": "0:05:15.300000",
        "word": "of"
    },
    {
        "end_time": "0:05:16",
        "speaker_tag": 2,
        "start_time": "0:05:15.700000",
        "word": "the"
    },
    {
        "end_time": "0:05:16.300000",
        "speaker_tag": 2,
        "start_time": "0:05:16",
        "word": "hotel"
    },
    {
        "end_time": "0:05:16.800000",
        "speaker_tag": 2,
        "start_time": "0:05:16.300000",
        "word": "put"
    },
    {
        "end_time": "0:05:16.900000",
        "speaker_tag": 2,
        "start_time": "0:05:16.800000",
        "word": "that"
    },
    {
        "end_time": "0:05:17",
        "speaker_tag": 2,
        "start_time": "0:05:16.900000",
        "word": "in"
    },
    {
        "end_time": "0:05:17.100000",
        "speaker_tag": 2,
        "start_time": "0:05:17",
        "word": "the"
    },
    {
        "end_time": "0:05:17.300000",
        "speaker_tag": 2,
        "start_time": "0:05:17.100000",
        "word": "bowl"
    },
    {
        "end_time": "0:05:17.700000",
        "speaker_tag": 2,
        "start_time": "0:05:17.300000",
        "word": "kind"
    },
    {
        "end_time": "0:05:17.700000",
        "speaker_tag": 2,
        "start_time": "0:05:17.700000",
        "word": "of"
    },
    {
        "end_time": "0:05:18.300000",
        "speaker_tag": 2,
        "start_time": "0:05:17.700000",
        "word": "Cubes"
    },
    {
        "end_time": "0:05:20.800000",
        "speaker_tag": 1,
        "start_time": "0:05:18.900000",
        "word": "and"
    },
    {
        "end_time": "0:05:21.200000",
        "speaker_tag": 1,
        "start_time": "0:05:20.800000",
        "word": "then"
    },
    {
        "end_time": "0:05:21.500000",
        "speaker_tag": 2,
        "start_time": "0:05:21.200000",
        "word": "last"
    },
    {
        "end_time": "0:05:21.500000",
        "speaker_tag": 2,
        "start_time": "0:05:21.500000",
        "word": "night"
    },
    {
        "end_time": "0:05:21.700000",
        "speaker_tag": 2,
        "start_time": "0:05:21.500000",
        "word": "I"
    },
    {
        "end_time": "0:05:23",
        "speaker_tag": 2,
        "start_time": "0:05:21.700000",
        "word": "would"
    },
    {
        "end_time": "0:05:23.300000",
        "speaker_tag": 2,
        "start_time": "0:05:23",
        "word": "say"
    },
    {
        "end_time": "0:05:24.800000",
        "speaker_tag": 2,
        "start_time": "0:05:23.300000",
        "word": "pomegranate"
    },
    {
        "end_time": "0:05:25.300000",
        "speaker_tag": 2,
        "start_time": "0:05:24.800000",
        "word": "is"
    },
    {
        "end_time": "0:05:25.600000",
        "speaker_tag": 2,
        "start_time": "0:05:25.300000",
        "word": "also"
    },
    {
        "end_time": "0:05:25.700000",
        "speaker_tag": 2,
        "start_time": "0:05:25.600000",
        "word": "really"
    },
    {
        "end_time": "0:05:25.800000",
        "speaker_tag": 2,
        "start_time": "0:05:25.700000",
        "word": "good"
    },
    {
        "end_time": "0:05:26",
        "speaker_tag": 2,
        "start_time": "0:05:25.800000",
        "word": "way"
    },
    {
        "end_time": "0:05:26.100000",
        "speaker_tag": 2,
        "start_time": "0:05:26",
        "word": "to"
    },
    {
        "end_time": "0:05:26.300000",
        "speaker_tag": 2,
        "start_time": "0:05:26.100000",
        "word": "do"
    },
    {
        "end_time": "0:05:26.500000",
        "speaker_tag": 2,
        "start_time": "0:05:26.300000",
        "word": "it"
    },
    {
        "end_time": "0:05:27.700000",
        "speaker_tag": 2,
        "start_time": "0:05:26.500000",
        "word": "once"
    },
    {
        "end_time": "0:05:27.800000",
        "speaker_tag": 2,
        "start_time": "0:05:27.700000",
        "word": "again"
    },
    {
        "end_time": "0:05:28.300000",
        "speaker_tag": 2,
        "start_time": "0:05:27.800000",
        "word": "shopping"
    },
    {
        "end_time": "0:05:29",
        "speaker_tag": 2,
        "start_time": "0:05:28.300000",
        "word": "shopping"
    },
    {
        "end_time": "0:05:29",
        "speaker_tag": 2,
        "start_time": "0:05:29",
        "word": "to"
    },
    {
        "end_time": "0:05:29.300000",
        "speaker_tag": 2,
        "start_time": "0:05:29",
        "word": "cute"
    },
    {
        "end_time": "0:05:29.500000",
        "speaker_tag": 2,
        "start_time": "0:05:29.300000",
        "word": "but"
    },
    {
        "end_time": "0:05:29.500000",
        "speaker_tag": 2,
        "start_time": "0:05:29.500000",
        "word": "I"
    },
    {
        "end_time": "0:05:31.100000",
        "speaker_tag": 2,
        "start_time": "0:05:29.500000",
        "word": "know"
    },
    {
        "end_time": "0:05:31.200000",
        "speaker_tag": 2,
        "start_time": "0:05:31.100000",
        "word": "you"
    },
    {
        "end_time": "0:05:31.400000",
        "speaker_tag": 2,
        "start_time": "0:05:31.200000",
        "word": "have"
    },
    {
        "end_time": "0:05:31.400000",
        "speaker_tag": 2,
        "start_time": "0:05:31.400000",
        "word": "a"
    },
    {
        "end_time": "0:05:31.900000",
        "speaker_tag": 2,
        "start_time": "0:05:31.400000",
        "word": "bulletproof"
    },
    {
        "end_time": "0:05:33.100000",
        "speaker_tag": 2,
        "start_time": "0:05:31.900000",
        "word": "Mexico"
    },
    {
        "end_time": "0:05:39.400000",
        "speaker_tag": 1,
        "start_time": "0:05:38.800000",
        "word": "awesome"
    },
    {
        "end_time": "0:05:43.400000",
        "speaker_tag": 1,
        "start_time": "0:05:43.100000",
        "word": "what"
    },
    {
        "end_time": "0:05:43.500000",
        "speaker_tag": 1,
        "start_time": "0:05:43.400000",
        "word": "is"
    },
    {
        "end_time": "0:05:43.700000",
        "speaker_tag": 1,
        "start_time": "0:05:43.500000",
        "word": "it"
    }
]