[
    {
        "end_time": "0:00:01.900000",
        "speaker_tag": 2,
        "start_time": "0:00:01.500000",
        "word": "tell"
    },
    {
        "end_time": "0:00:02",
        "speaker_tag": 2,
        "start_time": "0:00:01.900000",
        "word": "me"
    },
    {
        "end_time": "0:00:02.100000",
        "speaker_tag": 2,
        "start_time": "0:00:02",
        "word": "about"
    },
    {
        "end_time": "0:00:02.300000",
        "speaker_tag": 2,
        "start_time": "0:00:02.100000",
        "word": "a"
    },
    {
        "end_time": "0:00:02.700000",
        "speaker_tag": 2,
        "start_time": "0:00:02.300000",
        "word": "trip"
    },
    {
        "end_time": "0:00:03.200000",
        "speaker_tag": 2,
        "start_time": "0:00:02.700000",
        "word": "or"
    },
    {
        "end_time": "0:00:03.200000",
        "speaker_tag": 2,
        "start_time": "0:00:03.200000",
        "word": "vacation"
    },
    {
        "end_time": "0:00:04.500000",
        "speaker_tag": 2,
        "start_time": "0:00:03.200000",
        "word": "that"
    },
    {
        "end_time": "0:00:04.600000",
        "speaker_tag": 2,
        "start_time": "0:00:04.500000",
        "word": "you"
    },
    {
        "end_time": "0:00:04.800000",
        "speaker_tag": 2,
        "start_time": "0:00:04.600000",
        "word": "have"
    },
    {
        "end_time": "0:00:04.900000",
        "speaker_tag": 2,
        "start_time": "0:00:04.800000",
        "word": "taken"
    },
    {
        "end_time": "0:00:05.900000",
        "speaker_tag": 2,
        "start_time": "0:00:04.900000",
        "word": "you"
    },
    {
        "end_time": "0:00:06.100000",
        "speaker_tag": 2,
        "start_time": "0:00:05.900000",
        "word": "can"
    },
    {
        "end_time": "0:00:06.300000",
        "speaker_tag": 2,
        "start_time": "0:00:06.100000",
        "word": "provide"
    },
    {
        "end_time": "0:00:06.700000",
        "speaker_tag": 2,
        "start_time": "0:00:06.300000",
        "word": "any"
    },
    {
        "end_time": "0:00:06.800000",
        "speaker_tag": 2,
        "start_time": "0:00:06.700000",
        "word": "details"
    },
    {
        "end_time": "0:00:07.400000",
        "speaker_tag": 2,
        "start_time": "0:00:06.800000",
        "word": "as"
    },
    {
        "end_time": "0:00:08",
        "speaker_tag": 2,
        "start_time": "0:00:07.400000",
        "word": "necessary"
    },
    {
        "end_time": "0:00:08.500000",
        "speaker_tag": 2,
        "start_time": "0:00:08",
        "word": "you"
    },
    {
        "end_time": "0:00:08.700000",
        "speaker_tag": 2,
        "start_time": "0:00:08.500000",
        "word": "have"
    },
    {
        "end_time": "0:00:09",
        "speaker_tag": 2,
        "start_time": "0:00:08.700000",
        "word": "5"
    },
    {
        "end_time": "0:00:09",
        "speaker_tag": 2,
        "start_time": "0:00:09",
        "word": "minutes"
    },
    {
        "end_time": "0:00:16",
        "speaker_tag": 1,
        "start_time": "0:00:14.400000",
        "word": "one"
    },
    {
        "end_time": "0:00:16.600000",
        "speaker_tag": 2,
        "start_time": "0:00:16",
        "word": "time"
    },
    {
        "end_time": "0:00:16.800000",
        "speaker_tag": 2,
        "start_time": "0:00:16.600000",
        "word": "I"
    },
    {
        "end_time": "0:00:17.200000",
        "speaker_tag": 2,
        "start_time": "0:00:16.800000",
        "word": "went"
    },
    {
        "end_time": "0:00:17.400000",
        "speaker_tag": 2,
        "start_time": "0:00:17.200000",
        "word": "to"
    },
    {
        "end_time": "0:00:17.800000",
        "speaker_tag": 2,
        "start_time": "0:00:17.400000",
        "word": "Georgia"
    },
    {
        "end_time": "0:00:18.400000",
        "speaker_tag": 2,
        "start_time": "0:00:17.800000",
        "word": "to"
    },
    {
        "end_time": "0:00:18.500000",
        "speaker_tag": 2,
        "start_time": "0:00:18.400000",
        "word": "a"
    },
    {
        "end_time": "0:00:19.200000",
        "speaker_tag": 2,
        "start_time": "0:00:18.500000",
        "word": "camp"
    },
    {
        "end_time": "0:00:20.500000",
        "speaker_tag": 2,
        "start_time": "0:00:19.200000",
        "word": "I"
    },
    {
        "end_time": "0:00:20.900000",
        "speaker_tag": 2,
        "start_time": "0:00:20.500000",
        "word": "stay"
    },
    {
        "end_time": "0:00:21.200000",
        "speaker_tag": 2,
        "start_time": "0:00:20.900000",
        "word": "there"
    },
    {
        "end_time": "0:00:21.400000",
        "speaker_tag": 2,
        "start_time": "0:00:21.200000",
        "word": "for"
    },
    {
        "end_time": "0:00:21.600000",
        "speaker_tag": 2,
        "start_time": "0:00:21.400000",
        "word": "a"
    },
    {
        "end_time": "0:00:21.800000",
        "speaker_tag": 2,
        "start_time": "0:00:21.600000",
        "word": "week"
    },
    {
        "end_time": "0:00:22.300000",
        "speaker_tag": 2,
        "start_time": "0:00:21.800000",
        "word": "it"
    },
    {
        "end_time": "0:00:22.400000",
        "speaker_tag": 2,
        "start_time": "0:00:22.300000",
        "word": "was"
    },
    {
        "end_time": "0:00:22.600000",
        "speaker_tag": 2,
        "start_time": "0:00:22.400000",
        "word": "for"
    },
    {
        "end_time": "0:00:22.900000",
        "speaker_tag": 2,
        "start_time": "0:00:22.600000",
        "word": "young"
    },
    {
        "end_time": "0:00:23.400000",
        "speaker_tag": 2,
        "start_time": "0:00:22.900000",
        "word": "life"
    },
    {
        "end_time": "0:00:24.500000",
        "speaker_tag": 2,
        "start_time": "0:00:23.400000",
        "word": "of"
    },
    {
        "end_time": "0:00:24.600000",
        "speaker_tag": 2,
        "start_time": "0:00:24.500000",
        "word": "the"
    },
    {
        "end_time": "0:00:25.200000",
        "speaker_tag": 2,
        "start_time": "0:00:24.600000",
        "word": "trip"
    },
    {
        "end_time": "0:00:25.500000",
        "speaker_tag": 2,
        "start_time": "0:00:25.200000",
        "word": "was"
    },
    {
        "end_time": "0:00:27.100000",
        "speaker_tag": 2,
        "start_time": "0:00:25.500000",
        "word": "13"
    },
    {
        "end_time": "0:00:27.200000",
        "speaker_tag": 2,
        "start_time": "0:00:27.100000",
        "word": "hours"
    },
    {
        "end_time": "0:00:28",
        "speaker_tag": 2,
        "start_time": "0:00:27.200000",
        "word": "away"
    },
    {
        "end_time": "0:00:28.300000",
        "speaker_tag": 2,
        "start_time": "0:00:28",
        "word": "from"
    },
    {
        "end_time": "0:00:28.500000",
        "speaker_tag": 2,
        "start_time": "0:00:28.300000",
        "word": "where"
    },
    {
        "end_time": "0:00:28.600000",
        "speaker_tag": 2,
        "start_time": "0:00:28.500000",
        "word": "I"
    },
    {
        "end_time": "0:00:29.100000",
        "speaker_tag": 2,
        "start_time": "0:00:28.600000",
        "word": "live"
    },
    {
        "end_time": "0:00:30.900000",
        "speaker_tag": 2,
        "start_time": "0:00:29.100000",
        "word": "we"
    },
    {
        "end_time": "0:00:31.300000",
        "speaker_tag": 2,
        "start_time": "0:00:30.900000",
        "word": "went"
    },
    {
        "end_time": "0:00:31.500000",
        "speaker_tag": 2,
        "start_time": "0:00:31.300000",
        "word": "to"
    },
    {
        "end_time": "0:00:32.500000",
        "speaker_tag": 2,
        "start_time": "0:00:31.500000",
        "word": "Mississippi"
    },
    {
        "end_time": "0:00:34.800000",
        "speaker_tag": 2,
        "start_time": "0:00:34.200000",
        "word": "and"
    },
    {
        "end_time": "0:00:34.900000",
        "speaker_tag": 2,
        "start_time": "0:00:34.800000",
        "word": "we"
    },
    {
        "end_time": "0:00:35.200000",
        "speaker_tag": 2,
        "start_time": "0:00:34.900000",
        "word": "went"
    },
    {
        "end_time": "0:00:35.400000",
        "speaker_tag": 2,
        "start_time": "0:00:35.200000",
        "word": "to"
    },
    {
        "end_time": "0:00:36.900000",
        "speaker_tag": 2,
        "start_time": "0:00:35.400000",
        "word": "Alabama"
    },
    {
        "end_time": "0:00:37.300000",
        "speaker_tag": 2,
        "start_time": "0:00:36.900000",
        "word": "before"
    },
    {
        "end_time": "0:00:37.800000",
        "speaker_tag": 2,
        "start_time": "0:00:37.300000",
        "word": "it"
    },
    {
        "end_time": "0:00:39",
        "speaker_tag": 2,
        "start_time": "0:00:37.800000",
        "word": "and"
    },
    {
        "end_time": "0:00:40.600000",
        "speaker_tag": 2,
        "start_time": "0:00:39",
        "word": "there"
    },
    {
        "end_time": "0:00:40.900000",
        "speaker_tag": 2,
        "start_time": "0:00:40.600000",
        "word": "it"
    },
    {
        "end_time": "0:00:41.100000",
        "speaker_tag": 2,
        "start_time": "0:00:40.900000",
        "word": "was"
    },
    {
        "end_time": "0:00:41.400000",
        "speaker_tag": 2,
        "start_time": "0:00:41.100000",
        "word": "it"
    },
    {
        "end_time": "0:00:41.500000",
        "speaker_tag": 2,
        "start_time": "0:00:41.400000",
        "word": "was"
    },
    {
        "end_time": "0:00:41.600000",
        "speaker_tag": 2,
        "start_time": "0:00:41.500000",
        "word": "a"
    },
    {
        "end_time": "0:00:42",
        "speaker_tag": 2,
        "start_time": "0:00:41.600000",
        "word": "camp"
    },
    {
        "end_time": "0:00:42.700000",
        "speaker_tag": 2,
        "start_time": "0:00:42",
        "word": "we"
    },
    {
        "end_time": "0:00:43.200000",
        "speaker_tag": 2,
        "start_time": "0:00:42.700000",
        "word": "played"
    },
    {
        "end_time": "0:00:43.400000",
        "speaker_tag": 2,
        "start_time": "0:00:43.200000",
        "word": "around"
    },
    {
        "end_time": "0:00:44.500000",
        "speaker_tag": 2,
        "start_time": "0:00:43.400000",
        "word": "we"
    },
    {
        "end_time": "0:00:46.100000",
        "speaker_tag": 2,
        "start_time": "0:00:44.500000",
        "word": "watch"
    },
    {
        "end_time": "0:00:47.100000",
        "speaker_tag": 2,
        "start_time": "0:00:46.100000",
        "word": "people"
    },
    {
        "end_time": "0:00:47.300000",
        "speaker_tag": 2,
        "start_time": "0:00:47.100000",
        "word": "do"
    },
    {
        "end_time": "0:00:48",
        "speaker_tag": 2,
        "start_time": "0:00:47.300000",
        "word": "lice"
    },
    {
        "end_time": "0:00:48.400000",
        "speaker_tag": 2,
        "start_time": "0:00:48",
        "word": "kits"
    },
    {
        "end_time": "0:00:48.600000",
        "speaker_tag": 2,
        "start_time": "0:00:48.400000",
        "word": "for"
    },
    {
        "end_time": "0:00:48.800000",
        "speaker_tag": 2,
        "start_time": "0:00:48.600000",
        "word": "us"
    },
    {
        "end_time": "0:00:48.900000",
        "speaker_tag": 2,
        "start_time": "0:00:48.800000",
        "word": "and"
    },
    {
        "end_time": "0:00:49.200000",
        "speaker_tag": 2,
        "start_time": "0:00:48.900000",
        "word": "stuff"
    },
    {
        "end_time": "0:00:50.600000",
        "speaker_tag": 2,
        "start_time": "0:00:49.200000",
        "word": "we"
    },
    {
        "end_time": "0:00:50.800000",
        "speaker_tag": 2,
        "start_time": "0:00:50.600000",
        "word": "went"
    },
    {
        "end_time": "0:00:51.200000",
        "speaker_tag": 2,
        "start_time": "0:00:50.800000",
        "word": "hiking"
    },
    {
        "end_time": "0:00:52.200000",
        "speaker_tag": 2,
        "start_time": "0:00:51.200000",
        "word": "Road"
    },
    {
        "end_time": "0:00:53.200000",
        "speaker_tag": 2,
        "start_time": "0:00:52.200000",
        "word": "horses"
    },
    {
        "end_time": "0:00:54.900000",
        "speaker_tag": 2,
        "start_time": "0:00:53.200000",
        "word": "we"
    },
    {
        "end_time": "0:00:58",
        "speaker_tag": 1,
        "start_time": "0:00:57.600000",
        "word": "we"
    },
    {
        "end_time": "0:00:58.300000",
        "speaker_tag": 1,
        "start_time": "0:00:58",
        "word": "went"
    },
    {
        "end_time": "0:00:58.500000",
        "speaker_tag": 1,
        "start_time": "0:00:58.300000",
        "word": "swimming"
    },
    {
        "end_time": "0:01:03",
        "speaker_tag": 2,
        "start_time": "0:01:02.500000",
        "word": "we"
    },
    {
        "end_time": "0:01:04",
        "speaker_tag": 2,
        "start_time": "0:01:03",
        "word": "did"
    },
    {
        "end_time": "0:01:04.100000",
        "speaker_tag": 2,
        "start_time": "0:01:04",
        "word": "a"
    },
    {
        "end_time": "0:01:04.200000",
        "speaker_tag": 2,
        "start_time": "0:01:04.100000",
        "word": "lot"
    },
    {
        "end_time": "0:01:04.400000",
        "speaker_tag": 2,
        "start_time": "0:01:04.200000",
        "word": "of"
    },
    {
        "end_time": "0:01:04.500000",
        "speaker_tag": 2,
        "start_time": "0:01:04.400000",
        "word": "stuff"
    },
    {
        "end_time": "0:01:04.900000",
        "speaker_tag": 2,
        "start_time": "0:01:04.500000",
        "word": "really"
    },
    {
        "end_time": "0:01:09",
        "speaker_tag": 2,
        "start_time": "0:01:08.600000",
        "word": "we"
    },
    {
        "end_time": "0:01:09.300000",
        "speaker_tag": 2,
        "start_time": "0:01:09",
        "word": "had"
    },
    {
        "end_time": "0:01:09.400000",
        "speaker_tag": 2,
        "start_time": "0:01:09.300000",
        "word": "a"
    },
    {
        "end_time": "0:01:10",
        "speaker_tag": 2,
        "start_time": "0:01:09.400000",
        "word": "we"
    },
    {
        "end_time": "0:01:10",
        "speaker_tag": 2,
        "start_time": "0:01:10",
        "word": "had"
    },
    {
        "end_time": "0:01:10.200000",
        "speaker_tag": 2,
        "start_time": "0:01:10",
        "word": "a"
    },
    {
        "end_time": "0:01:10.500000",
        "speaker_tag": 2,
        "start_time": "0:01:10.200000",
        "word": "hold"
    },
    {
        "end_time": "0:01:10.600000",
        "speaker_tag": 2,
        "start_time": "0:01:10.500000",
        "word": "down"
    },
    {
        "end_time": "0:01:19.500000",
        "speaker_tag": 2,
        "start_time": "0:01:19",
        "word": "take"
    },
    {
        "end_time": "0:01:19.600000",
        "speaker_tag": 2,
        "start_time": "0:01:19.500000",
        "word": "as"
    },
    {
        "end_time": "0:01:19.600000",
        "speaker_tag": 2,
        "start_time": "0:01:19.600000",
        "word": "much"
    },
    {
        "end_time": "0:01:19.900000",
        "speaker_tag": 2,
        "start_time": "0:01:19.600000",
        "word": "of"
    },
    {
        "end_time": "0:01:20",
        "speaker_tag": 2,
        "start_time": "0:01:19.900000",
        "word": "it"
    },
    {
        "end_time": "0:01:20.100000",
        "speaker_tag": 2,
        "start_time": "0:01:20",
        "word": "and"
    },
    {
        "end_time": "0:01:20.400000",
        "speaker_tag": 2,
        "start_time": "0:01:20.100000",
        "word": "take"
    },
    {
        "end_time": "0:01:20.600000",
        "speaker_tag": 2,
        "start_time": "0:01:20.400000",
        "word": "whatever"
    },
    {
        "end_time": "0:01:20.800000",
        "speaker_tag": 2,
        "start_time": "0:01:20.600000",
        "word": "time"
    },
    {
        "end_time": "0:01:21",
        "speaker_tag": 2,
        "start_time": "0:01:20.800000",
        "word": "you"
    },
    {
        "end_time": "0:01:21.200000",
        "speaker_tag": 2,
        "start_time": "0:01:21",
        "word": "feel"
    },
    {
        "end_time": "0:01:21.300000",
        "speaker_tag": 2,
        "start_time": "0:01:21.200000",
        "word": "is"
    },
    {
        "end_time": "0:01:21.300000",
        "speaker_tag": 2,
        "start_time": "0:01:21.300000",
        "word": "necessary"
    },
    {
        "end_time": "0:01:30.900000",
        "speaker_tag": 1,
        "start_time": "0:01:29.500000",
        "word": "now"
    },
    {
        "end_time": "0:01:31",
        "speaker_tag": 1,
        "start_time": "0:01:30.900000",
        "word": "please"
    },
    {
        "end_time": "0:01:31.400000",
        "speaker_tag": 2,
        "start_time": "0:01:31",
        "word": "explain"
    },
    {
        "end_time": "0:01:31.700000",
        "speaker_tag": 2,
        "start_time": "0:01:31.400000",
        "word": "how"
    },
    {
        "end_time": "0:01:33",
        "speaker_tag": 2,
        "start_time": "0:01:31.700000",
        "word": "you"
    },
    {
        "end_time": "0:01:33.100000",
        "speaker_tag": 2,
        "start_time": "0:01:33",
        "word": "would"
    },
    {
        "end_time": "0:01:33.300000",
        "speaker_tag": 2,
        "start_time": "0:01:33.100000",
        "word": "like"
    },
    {
        "end_time": "0:01:33.700000",
        "speaker_tag": 2,
        "start_time": "0:01:33.300000",
        "word": "to"
    },
    {
        "end_time": "0:01:34",
        "speaker_tag": 2,
        "start_time": "0:01:33.700000",
        "word": "make"
    },
    {
        "end_time": "0:01:34.400000",
        "speaker_tag": 2,
        "start_time": "0:01:34",
        "word": "the"
    },
    {
        "end_time": "0:01:34.800000",
        "speaker_tag": 2,
        "start_time": "0:01:34.400000",
        "word": "following"
    },
    {
        "end_time": "0:01:35.200000",
        "speaker_tag": 2,
        "start_time": "0:01:34.800000",
        "word": "meal"
    },
    {
        "end_time": "0:01:36.600000",
        "speaker_tag": 2,
        "start_time": "0:01:35.200000",
        "word": "step-by-step"
    },
    {
        "end_time": "0:01:37.200000",
        "speaker_tag": 2,
        "start_time": "0:01:36.600000",
        "word": "a"
    },
    {
        "end_time": "0:01:37.500000",
        "speaker_tag": 2,
        "start_time": "0:01:37.200000",
        "word": "cup"
    },
    {
        "end_time": "0:01:37.700000",
        "speaker_tag": 2,
        "start_time": "0:01:37.500000",
        "word": "of"
    },
    {
        "end_time": "0:01:38",
        "speaker_tag": 2,
        "start_time": "0:01:37.700000",
        "word": "coffee"
    },
    {
        "end_time": "0:01:39.300000",
        "speaker_tag": 2,
        "start_time": "0:01:38",
        "word": "scrambled"
    },
    {
        "end_time": "0:01:39.700000",
        "speaker_tag": 2,
        "start_time": "0:01:39.300000",
        "word": "eggs"
    },
    {
        "end_time": "0:01:40.200000",
        "speaker_tag": 2,
        "start_time": "0:01:39.700000",
        "word": "and"
    },
    {
        "end_time": "0:01:40.300000",
        "speaker_tag": 2,
        "start_time": "0:01:40.200000",
        "word": "a"
    },
    {
        "end_time": "0:01:40.500000",
        "speaker_tag": 2,
        "start_time": "0:01:40.300000",
        "word": "bowl"
    },
    {
        "end_time": "0:01:40.500000",
        "speaker_tag": 2,
        "start_time": "0:01:40.500000",
        "word": "of"
    },
    {
        "end_time": "0:01:40.800000",
        "speaker_tag": 2,
        "start_time": "0:01:40.500000",
        "word": "fruit"
    },
    {
        "end_time": "0:01:41.600000",
        "speaker_tag": 2,
        "start_time": "0:01:40.800000",
        "word": "pretend"
    },
    {
        "end_time": "0:01:41.700000",
        "speaker_tag": 2,
        "start_time": "0:01:41.600000",
        "word": "I"
    },
    {
        "end_time": "0:01:42",
        "speaker_tag": 2,
        "start_time": "0:01:41.700000",
        "word": "do"
    },
    {
        "end_time": "0:01:42.100000",
        "speaker_tag": 2,
        "start_time": "0:01:42",
        "word": "not"
    },
    {
        "end_time": "0:01:42.300000",
        "speaker_tag": 2,
        "start_time": "0:01:42.100000",
        "word": "know"
    },
    {
        "end_time": "0:01:42.500000",
        "speaker_tag": 2,
        "start_time": "0:01:42.300000",
        "word": "how"
    },
    {
        "end_time": "0:01:42.600000",
        "speaker_tag": 2,
        "start_time": "0:01:42.500000",
        "word": "to"
    },
    {
        "end_time": "0:01:42.900000",
        "speaker_tag": 2,
        "start_time": "0:01:42.600000",
        "word": "make"
    },
    {
        "end_time": "0:01:43",
        "speaker_tag": 2,
        "start_time": "0:01:42.900000",
        "word": "this"
    },
    {
        "end_time": "0:01:43.400000",
        "speaker_tag": 2,
        "start_time": "0:01:43",
        "word": "meal"
    },
    {
        "end_time": "0:01:43.800000",
        "speaker_tag": 2,
        "start_time": "0:01:43.400000",
        "word": "and"
    },
    {
        "end_time": "0:01:44.200000",
        "speaker_tag": 2,
        "start_time": "0:01:43.800000",
        "word": "provide"
    },
    {
        "end_time": "0:01:44.800000",
        "speaker_tag": 2,
        "start_time": "0:01:44.200000",
        "word": "details"
    },
    {
        "end_time": "0:01:45.500000",
        "speaker_tag": 2,
        "start_time": "0:01:44.800000",
        "word": "you"
    },
    {
        "end_time": "0:01:45.600000",
        "speaker_tag": 2,
        "start_time": "0:01:45.500000",
        "word": "have"
    },
    {
        "end_time": "0:01:45.800000",
        "speaker_tag": 2,
        "start_time": "0:01:45.600000",
        "word": "5"
    },
    {
        "end_time": "0:01:45.900000",
        "speaker_tag": 2,
        "start_time": "0:01:45.800000",
        "word": "minutes"
    },
    {
        "end_time": "0:01:47.500000",
        "speaker_tag": 1,
        "start_time": "0:01:45.900000",
        "word": "explained"
    },
    {
        "end_time": "0:01:49.200000",
        "speaker_tag": 2,
        "start_time": "0:01:48.300000",
        "word": "favorite"
    },
    {
        "end_time": "0:01:49.600000",
        "speaker_tag": 2,
        "start_time": "0:01:49.200000",
        "word": "coffee"
    },
    {
        "end_time": "0:01:50",
        "speaker_tag": 2,
        "start_time": "0:01:49.600000",
        "word": "so"
    },
    {
        "end_time": "0:01:51.100000",
        "speaker_tag": 2,
        "start_time": "0:01:50",
        "word": "first"
    },
    {
        "end_time": "0:01:51.100000",
        "speaker_tag": 2,
        "start_time": "0:01:51.100000",
        "word": "you"
    },
    {
        "end_time": "0:01:51.300000",
        "speaker_tag": 2,
        "start_time": "0:01:51.100000",
        "word": "get"
    },
    {
        "end_time": "0:01:51.600000",
        "speaker_tag": 2,
        "start_time": "0:01:51.300000",
        "word": "the"
    },
    {
        "end_time": "0:01:53.500000",
        "speaker_tag": 2,
        "start_time": "0:01:51.600000",
        "word": "sabines"
    },
    {
        "end_time": "0:01:53.800000",
        "speaker_tag": 2,
        "start_time": "0:01:53.500000",
        "word": "for"
    },
    {
        "end_time": "0:01:54.200000",
        "speaker_tag": 2,
        "start_time": "0:01:53.800000",
        "word": "it"
    },
    {
        "end_time": "0:01:55.900000",
        "speaker_tag": 2,
        "start_time": "0:01:54.200000",
        "word": "and"
    },
    {
        "end_time": "0:01:56.400000",
        "speaker_tag": 2,
        "start_time": "0:01:55.900000",
        "word": "then"
    },
    {
        "end_time": "0:01:56.600000",
        "speaker_tag": 2,
        "start_time": "0:01:56.400000",
        "word": "you"
    },
    {
        "end_time": "0:01:57.300000",
        "speaker_tag": 2,
        "start_time": "0:01:56.600000",
        "word": "put"
    },
    {
        "end_time": "0:01:57.400000",
        "speaker_tag": 2,
        "start_time": "0:01:57.300000",
        "word": "it"
    },
    {
        "end_time": "0:01:57.500000",
        "speaker_tag": 2,
        "start_time": "0:01:57.400000",
        "word": "at"
    },
    {
        "end_time": "0:01:57.600000",
        "speaker_tag": 2,
        "start_time": "0:01:57.500000",
        "word": "the"
    },
    {
        "end_time": "0:01:58",
        "speaker_tag": 2,
        "start_time": "0:01:57.600000",
        "word": "top"
    },
    {
        "end_time": "0:01:58.400000",
        "speaker_tag": 2,
        "start_time": "0:01:58",
        "word": "of"
    },
    {
        "end_time": "0:01:58.800000",
        "speaker_tag": 2,
        "start_time": "0:01:58.400000",
        "word": "think"
    },
    {
        "end_time": "0:01:59",
        "speaker_tag": 2,
        "start_time": "0:01:58.800000",
        "word": "of"
    },
    {
        "end_time": "0:01:59.200000",
        "speaker_tag": 2,
        "start_time": "0:01:59",
        "word": "the"
    },
    {
        "end_time": "0:02:00.100000",
        "speaker_tag": 2,
        "start_time": "0:01:59.200000",
        "word": "of"
    },
    {
        "end_time": "0:02:00.100000",
        "speaker_tag": 2,
        "start_time": "0:02:00.100000",
        "word": "the"
    },
    {
        "end_time": "0:02:00.900000",
        "speaker_tag": 2,
        "start_time": "0:02:00.100000",
        "word": "coffee"
    },
    {
        "end_time": "0:02:01.400000",
        "speaker_tag": 2,
        "start_time": "0:02:00.900000",
        "word": "maker"
    },
    {
        "end_time": "0:02:02.100000",
        "speaker_tag": 2,
        "start_time": "0:02:01.400000",
        "word": "and"
    },
    {
        "end_time": "0:02:02.200000",
        "speaker_tag": 2,
        "start_time": "0:02:02.100000",
        "word": "it"
    },
    {
        "end_time": "0:02:02.500000",
        "speaker_tag": 2,
        "start_time": "0:02:02.200000",
        "word": "will"
    },
    {
        "end_time": "0:02:02.600000",
        "speaker_tag": 2,
        "start_time": "0:02:02.500000",
        "word": "you"
    },
    {
        "end_time": "0:02:02.800000",
        "speaker_tag": 2,
        "start_time": "0:02:02.600000",
        "word": "put"
    },
    {
        "end_time": "0:02:03",
        "speaker_tag": 2,
        "start_time": "0:02:02.800000",
        "word": "the"
    },
    {
        "end_time": "0:02:03.400000",
        "speaker_tag": 2,
        "start_time": "0:02:03",
        "word": "The"
    },
    {
        "end_time": "0:02:03.900000",
        "speaker_tag": 2,
        "start_time": "0:02:03.400000",
        "word": "Filling"
    },
    {
        "end_time": "0:02:04.300000",
        "speaker_tag": 2,
        "start_time": "0:02:03.900000",
        "word": "filler"
    },
    {
        "end_time": "0:02:04.600000",
        "speaker_tag": 2,
        "start_time": "0:02:04.300000",
        "word": "thingy"
    },
    {
        "end_time": "0:02:04.800000",
        "speaker_tag": 2,
        "start_time": "0:02:04.600000",
        "word": "in"
    },
    {
        "end_time": "0:02:05",
        "speaker_tag": 2,
        "start_time": "0:02:04.800000",
        "word": "there"
    },
    {
        "end_time": "0:02:05.400000",
        "speaker_tag": 2,
        "start_time": "0:02:05",
        "word": "first"
    },
    {
        "end_time": "0:02:06",
        "speaker_tag": 2,
        "start_time": "0:02:05.400000",
        "word": "and"
    },
    {
        "end_time": "0:02:06.300000",
        "speaker_tag": 2,
        "start_time": "0:02:06",
        "word": "then"
    },
    {
        "end_time": "0:02:06.400000",
        "speaker_tag": 2,
        "start_time": "0:02:06.300000",
        "word": "going"
    },
    {
        "end_time": "0:02:06.500000",
        "speaker_tag": 2,
        "start_time": "0:02:06.400000",
        "word": "to"
    },
    {
        "end_time": "0:02:06.700000",
        "speaker_tag": 2,
        "start_time": "0:02:06.500000",
        "word": "put"
    },
    {
        "end_time": "0:02:06.800000",
        "speaker_tag": 2,
        "start_time": "0:02:06.700000",
        "word": "the"
    },
    {
        "end_time": "0:02:07.100000",
        "speaker_tag": 2,
        "start_time": "0:02:06.800000",
        "word": "coffee"
    },
    {
        "end_time": "0:02:07.500000",
        "speaker_tag": 2,
        "start_time": "0:02:07.100000",
        "word": "beans"
    },
    {
        "end_time": "0:02:07.600000",
        "speaker_tag": 2,
        "start_time": "0:02:07.500000",
        "word": "in"
    },
    {
        "end_time": "0:02:07.900000",
        "speaker_tag": 2,
        "start_time": "0:02:07.600000",
        "word": "there"
    },
    {
        "end_time": "0:02:08.400000",
        "speaker_tag": 2,
        "start_time": "0:02:07.900000",
        "word": "and"
    },
    {
        "end_time": "0:02:08.500000",
        "speaker_tag": 2,
        "start_time": "0:02:08.400000",
        "word": "then"
    },
    {
        "end_time": "0:02:09.200000",
        "speaker_tag": 2,
        "start_time": "0:02:08.500000",
        "word": "you"
    },
    {
        "end_time": "0:02:09.400000",
        "speaker_tag": 2,
        "start_time": "0:02:09.200000",
        "word": "put"
    },
    {
        "end_time": "0:02:09.600000",
        "speaker_tag": 2,
        "start_time": "0:02:09.400000",
        "word": "the"
    },
    {
        "end_time": "0:02:14.600000",
        "speaker_tag": 2,
        "start_time": "0:02:09.600000",
        "word": "the"
    },
    {
        "end_time": "0:02:15",
        "speaker_tag": 2,
        "start_time": "0:02:14.600000",
        "word": "light"
    },
    {
        "end_time": "0:02:16.200000",
        "speaker_tag": 2,
        "start_time": "0:02:15",
        "word": "you"
    },
    {
        "end_time": "0:02:16.400000",
        "speaker_tag": 2,
        "start_time": "0:02:16.200000",
        "word": "let"
    },
    {
        "end_time": "0:02:16.600000",
        "speaker_tag": 2,
        "start_time": "0:02:16.400000",
        "word": "it"
    },
    {
        "end_time": "0:02:17.400000",
        "speaker_tag": 2,
        "start_time": "0:02:16.600000",
        "word": "do"
    },
    {
        "end_time": "0:02:17.500000",
        "speaker_tag": 2,
        "start_time": "0:02:17.400000",
        "word": "what"
    },
    {
        "end_time": "0:02:17.700000",
        "speaker_tag": 2,
        "start_time": "0:02:17.500000",
        "word": "it"
    },
    {
        "end_time": "0:02:17.800000",
        "speaker_tag": 2,
        "start_time": "0:02:17.700000",
        "word": "do"
    },
    {
        "end_time": "0:02:18.200000",
        "speaker_tag": 2,
        "start_time": "0:02:17.800000",
        "word": "whatever"
    },
    {
        "end_time": "0:02:18.500000",
        "speaker_tag": 2,
        "start_time": "0:02:18.200000",
        "word": "you"
    },
    {
        "end_time": "0:02:18.600000",
        "speaker_tag": 2,
        "start_time": "0:02:18.500000",
        "word": "got"
    },
    {
        "end_time": "0:02:18.600000",
        "speaker_tag": 2,
        "start_time": "0:02:18.600000",
        "word": "to"
    },
    {
        "end_time": "0:02:18.800000",
        "speaker_tag": 2,
        "start_time": "0:02:18.600000",
        "word": "do"
    },
    {
        "end_time": "0:02:19.100000",
        "speaker_tag": 2,
        "start_time": "0:02:18.800000",
        "word": "like"
    },
    {
        "end_time": "0:02:19.800000",
        "speaker_tag": 2,
        "start_time": "0:02:19.100000",
        "word": "the"
    },
    {
        "end_time": "0:02:20",
        "speaker_tag": 2,
        "start_time": "0:02:19.800000",
        "word": "hot"
    },
    {
        "end_time": "0:02:20.300000",
        "speaker_tag": 2,
        "start_time": "0:02:20",
        "word": "water"
    },
    {
        "end_time": "0:02:20.400000",
        "speaker_tag": 2,
        "start_time": "0:02:20.300000",
        "word": "and"
    },
    {
        "end_time": "0:02:20.800000",
        "speaker_tag": 2,
        "start_time": "0:02:20.400000",
        "word": "stuff"
    },
    {
        "end_time": "0:02:20.900000",
        "speaker_tag": 2,
        "start_time": "0:02:20.800000",
        "word": "and"
    },
    {
        "end_time": "0:02:21.100000",
        "speaker_tag": 2,
        "start_time": "0:02:20.900000",
        "word": "I'll"
    },
    {
        "end_time": "0:02:21.100000",
        "speaker_tag": 2,
        "start_time": "0:02:21.100000",
        "word": "head"
    },
    {
        "end_time": "0:02:21.200000",
        "speaker_tag": 2,
        "start_time": "0:02:21.100000",
        "word": "over"
    },
    {
        "end_time": "0:02:21.400000",
        "speaker_tag": 2,
        "start_time": "0:02:21.200000",
        "word": "there"
    },
    {
        "end_time": "0:02:22.900000",
        "speaker_tag": 2,
        "start_time": "0:02:21.400000",
        "word": "in"
    },
    {
        "end_time": "0:02:24.600000",
        "speaker_tag": 2,
        "start_time": "0:02:22.900000",
        "word": "the"
    },
    {
        "end_time": "0:02:25.300000",
        "speaker_tag": 2,
        "start_time": "0:02:24.600000",
        "word": "eggs"
    },
    {
        "end_time": "0:02:25.900000",
        "speaker_tag": 2,
        "start_time": "0:02:25.300000",
        "word": "can"
    },
    {
        "end_time": "0:02:26",
        "speaker_tag": 2,
        "start_time": "0:02:25.900000",
        "word": "I"
    },
    {
        "end_time": "0:02:26.400000",
        "speaker_tag": 2,
        "start_time": "0:02:26",
        "word": "call"
    },
    {
        "end_time": "0:02:27.200000",
        "speaker_tag": 2,
        "start_time": "0:02:26.400000",
        "word": "you"
    },
    {
        "end_time": "0:02:27.600000",
        "speaker_tag": 2,
        "start_time": "0:02:27.200000",
        "word": "crack"
    },
    {
        "end_time": "0:02:27.900000",
        "speaker_tag": 2,
        "start_time": "0:02:27.600000",
        "word": "as"
    },
    {
        "end_time": "0:02:28.100000",
        "speaker_tag": 2,
        "start_time": "0:02:27.900000",
        "word": "many"
    },
    {
        "end_time": "0:02:28.600000",
        "speaker_tag": 2,
        "start_time": "0:02:28.100000",
        "word": "effects"
    },
    {
        "end_time": "0:02:28.800000",
        "speaker_tag": 2,
        "start_time": "0:02:28.600000",
        "word": "you"
    },
    {
        "end_time": "0:02:29",
        "speaker_tag": 2,
        "start_time": "0:02:28.800000",
        "word": "you're"
    },
    {
        "end_time": "0:02:29",
        "speaker_tag": 2,
        "start_time": "0:02:29",
        "word": "the"
    },
    {
        "end_time": "0:02:29.100000",
        "speaker_tag": 2,
        "start_time": "0:02:29",
        "word": "one"
    },
    {
        "end_time": "0:02:29.500000",
        "speaker_tag": 2,
        "start_time": "0:02:29.100000",
        "word": "I"
    },
    {
        "end_time": "0:02:29.700000",
        "speaker_tag": 2,
        "start_time": "0:02:29.500000",
        "word": "do"
    },
    {
        "end_time": "0:02:30",
        "speaker_tag": 2,
        "start_time": "0:02:29.700000",
        "word": "usually"
    },
    {
        "end_time": "0:02:30.400000",
        "speaker_tag": 2,
        "start_time": "0:02:30",
        "word": "priced"
    },
    {
        "end_time": "0:02:30.600000",
        "speaker_tag": 2,
        "start_time": "0:02:30.400000",
        "word": "like"
    },
    {
        "end_time": "0:02:31",
        "speaker_tag": 2,
        "start_time": "0:02:30.600000",
        "word": "3"
    },
    {
        "end_time": "0:02:31.700000",
        "speaker_tag": 2,
        "start_time": "0:02:31",
        "word": "and"
    },
    {
        "end_time": "0:02:31.800000",
        "speaker_tag": 2,
        "start_time": "0:02:31.700000",
        "word": "I"
    },
    {
        "end_time": "0:02:32",
        "speaker_tag": 2,
        "start_time": "0:02:31.800000",
        "word": "get"
    },
    {
        "end_time": "0:02:32.200000",
        "speaker_tag": 2,
        "start_time": "0:02:32",
        "word": "some"
    },
    {
        "end_time": "0:02:32.500000",
        "speaker_tag": 2,
        "start_time": "0:02:32.200000",
        "word": "milk"
    },
    {
        "end_time": "0:02:32.700000",
        "speaker_tag": 2,
        "start_time": "0:02:32.500000",
        "word": "for"
    },
    {
        "end_time": "0:02:33",
        "speaker_tag": 2,
        "start_time": "0:02:32.700000",
        "word": "some"
    },
    {
        "end_time": "0:02:33.100000",
        "speaker_tag": 2,
        "start_time": "0:02:33",
        "word": "milk"
    },
    {
        "end_time": "0:02:33.300000",
        "speaker_tag": 2,
        "start_time": "0:02:33.100000",
        "word": "in"
    },
    {
        "end_time": "0:02:33.500000",
        "speaker_tag": 2,
        "start_time": "0:02:33.300000",
        "word": "there"
    },
    {
        "end_time": "0:02:33.600000",
        "speaker_tag": 2,
        "start_time": "0:02:33.500000",
        "word": "and"
    },
    {
        "end_time": "0:02:33.900000",
        "speaker_tag": 2,
        "start_time": "0:02:33.600000",
        "word": "start"
    },
    {
        "end_time": "0:02:34.300000",
        "speaker_tag": 2,
        "start_time": "0:02:33.900000",
        "word": "stirring"
    },
    {
        "end_time": "0:02:34.600000",
        "speaker_tag": 2,
        "start_time": "0:02:34.300000",
        "word": "it"
    },
    {
        "end_time": "0:02:34.700000",
        "speaker_tag": 2,
        "start_time": "0:02:34.600000",
        "word": "up"
    },
    {
        "end_time": "0:02:35.600000",
        "speaker_tag": 2,
        "start_time": "0:02:34.700000",
        "word": "and"
    },
    {
        "end_time": "0:02:36.100000",
        "speaker_tag": 2,
        "start_time": "0:02:35.600000",
        "word": "then"
    },
    {
        "end_time": "0:02:37.600000",
        "speaker_tag": 2,
        "start_time": "0:02:36.100000",
        "word": "put"
    },
    {
        "end_time": "0:02:37.600000",
        "speaker_tag": 2,
        "start_time": "0:02:37.600000",
        "word": "on"
    },
    {
        "end_time": "0:02:37.800000",
        "speaker_tag": 2,
        "start_time": "0:02:37.600000",
        "word": "the"
    },
    {
        "end_time": "0:02:38.400000",
        "speaker_tag": 2,
        "start_time": "0:02:37.800000",
        "word": "pan"
    },
    {
        "end_time": "0:02:38.500000",
        "speaker_tag": 2,
        "start_time": "0:02:38.400000",
        "word": "I"
    },
    {
        "end_time": "0:02:38.800000",
        "speaker_tag": 2,
        "start_time": "0:02:38.500000",
        "word": "turn"
    },
    {
        "end_time": "0:02:39",
        "speaker_tag": 2,
        "start_time": "0:02:38.800000",
        "word": "into"
    },
    {
        "end_time": "0:02:39.100000",
        "speaker_tag": 2,
        "start_time": "0:02:39",
        "word": "like"
    },
    {
        "end_time": "0:02:40",
        "speaker_tag": 2,
        "start_time": "0:02:39.100000",
        "word": "five"
    },
    {
        "end_time": "0:02:40.400000",
        "speaker_tag": 2,
        "start_time": "0:02:40",
        "word": "not"
    },
    {
        "end_time": "0:02:40.800000",
        "speaker_tag": 2,
        "start_time": "0:02:40.400000",
        "word": "put"
    },
    {
        "end_time": "0:02:41.100000",
        "speaker_tag": 2,
        "start_time": "0:02:40.800000",
        "word": "butter"
    },
    {
        "end_time": "0:02:41.800000",
        "speaker_tag": 2,
        "start_time": "0:02:41.100000",
        "word": "in"
    },
    {
        "end_time": "0:02:42",
        "speaker_tag": 2,
        "start_time": "0:02:41.800000",
        "word": "the"
    },
    {
        "end_time": "0:02:42.800000",
        "speaker_tag": 2,
        "start_time": "0:02:42",
        "word": "skillet"
    },
    {
        "end_time": "0:02:43.400000",
        "speaker_tag": 2,
        "start_time": "0:02:42.800000",
        "word": "and"
    },
    {
        "end_time": "0:02:43.800000",
        "speaker_tag": 2,
        "start_time": "0:02:43.400000",
        "word": "then"
    },
    {
        "end_time": "0:02:43.900000",
        "speaker_tag": 2,
        "start_time": "0:02:43.800000",
        "word": "I"
    },
    {
        "end_time": "0:02:44.100000",
        "speaker_tag": 2,
        "start_time": "0:02:43.900000",
        "word": "put"
    },
    {
        "end_time": "0:02:44.200000",
        "speaker_tag": 2,
        "start_time": "0:02:44.100000",
        "word": "the"
    },
    {
        "end_time": "0:02:44.600000",
        "speaker_tag": 2,
        "start_time": "0:02:44.200000",
        "word": "eggs"
    },
    {
        "end_time": "0:02:44.700000",
        "speaker_tag": 2,
        "start_time": "0:02:44.600000",
        "word": "in"
    },
    {
        "end_time": "0:02:45.100000",
        "speaker_tag": 2,
        "start_time": "0:02:44.700000",
        "word": "there"
    },
    {
        "end_time": "0:02:45.700000",
        "speaker_tag": 2,
        "start_time": "0:02:45.100000",
        "word": "and"
    },
    {
        "end_time": "0:02:45.900000",
        "speaker_tag": 2,
        "start_time": "0:02:45.700000",
        "word": "then"
    },
    {
        "end_time": "0:02:46.300000",
        "speaker_tag": 2,
        "start_time": "0:02:45.900000",
        "word": "I"
    },
    {
        "end_time": "0:02:46.600000",
        "speaker_tag": 2,
        "start_time": "0:02:46.300000",
        "word": "start"
    },
    {
        "end_time": "0:02:47",
        "speaker_tag": 2,
        "start_time": "0:02:46.600000",
        "word": "stirring"
    },
    {
        "end_time": "0:02:47.200000",
        "speaker_tag": 2,
        "start_time": "0:02:47",
        "word": "and"
    },
    {
        "end_time": "0:02:47.400000",
        "speaker_tag": 2,
        "start_time": "0:02:47.200000",
        "word": "stirring"
    },
    {
        "end_time": "0:02:47.700000",
        "speaker_tag": 2,
        "start_time": "0:02:47.400000",
        "word": "in"
    },
    {
        "end_time": "0:02:47.800000",
        "speaker_tag": 2,
        "start_time": "0:02:47.700000",
        "word": "the"
    },
    {
        "end_time": "0:02:48",
        "speaker_tag": 2,
        "start_time": "0:02:47.800000",
        "word": "store"
    },
    {
        "end_time": "0:02:48.100000",
        "speaker_tag": 2,
        "start_time": "0:02:48",
        "word": "and"
    },
    {
        "end_time": "0:02:48.200000",
        "speaker_tag": 2,
        "start_time": "0:02:48.100000",
        "word": "get"
    },
    {
        "end_time": "0:02:48.600000",
        "speaker_tag": 2,
        "start_time": "0:02:48.300000",
        "word": "and"
    },
    {
        "end_time": "0:02:48.800000",
        "speaker_tag": 2,
        "start_time": "0:02:48.600000",
        "word": "then"
    },
    {
        "end_time": "0:02:48.900000",
        "speaker_tag": 2,
        "start_time": "0:02:48.800000",
        "word": "I'll"
    },
    {
        "end_time": "0:02:49",
        "speaker_tag": 2,
        "start_time": "0:02:48.900000",
        "word": "put"
    },
    {
        "end_time": "0:02:49.200000",
        "speaker_tag": 2,
        "start_time": "0:02:49",
        "word": "in"
    },
    {
        "end_time": "0:02:49.700000",
        "speaker_tag": 2,
        "start_time": "0:02:49.200000",
        "word": "Creole"
    },
    {
        "end_time": "0:02:51.300000",
        "speaker_tag": 2,
        "start_time": "0:02:49.700000",
        "word": "I"
    },
    {
        "end_time": "0:02:51.500000",
        "speaker_tag": 2,
        "start_time": "0:02:51.300000",
        "word": "put"
    },
    {
        "end_time": "0:02:51.700000",
        "speaker_tag": 2,
        "start_time": "0:02:51.500000",
        "word": "acrylic"
    },
    {
        "end_time": "0:02:52.300000",
        "speaker_tag": 2,
        "start_time": "0:02:51.700000",
        "word": "powder"
    },
    {
        "end_time": "0:02:52.400000",
        "speaker_tag": 2,
        "start_time": "0:02:52.300000",
        "word": "and"
    },
    {
        "end_time": "0:02:52.700000",
        "speaker_tag": 2,
        "start_time": "0:02:52.400000",
        "word": "then"
    },
    {
        "end_time": "0:02:52.800000",
        "speaker_tag": 2,
        "start_time": "0:02:52.700000",
        "word": "I"
    },
    {
        "end_time": "0:02:52.900000",
        "speaker_tag": 2,
        "start_time": "0:02:52.800000",
        "word": "put"
    },
    {
        "end_time": "0:02:53.100000",
        "speaker_tag": 2,
        "start_time": "0:02:52.900000",
        "word": "in"
    },
    {
        "end_time": "0:02:53.600000",
        "speaker_tag": 2,
        "start_time": "0:02:53.100000",
        "word": "salt"
    },
    {
        "end_time": "0:02:53.700000",
        "speaker_tag": 2,
        "start_time": "0:02:53.600000",
        "word": "and"
    },
    {
        "end_time": "0:02:54.100000",
        "speaker_tag": 2,
        "start_time": "0:02:53.700000",
        "word": "pepper"
    },
    {
        "end_time": "0:02:54.900000",
        "speaker_tag": 2,
        "start_time": "0:02:54.100000",
        "word": "and"
    },
    {
        "end_time": "0:02:54.900000",
        "speaker_tag": 2,
        "start_time": "0:02:54.900000",
        "word": "I"
    },
    {
        "end_time": "0:02:55.200000",
        "speaker_tag": 2,
        "start_time": "0:02:54.900000",
        "word": "keep"
    },
    {
        "end_time": "0:02:55.300000",
        "speaker_tag": 2,
        "start_time": "0:02:55.200000",
        "word": "on"
    },
    {
        "end_time": "0:02:55.500000",
        "speaker_tag": 2,
        "start_time": "0:02:55.300000",
        "word": "saying"
    },
    {
        "end_time": "0:02:55.900000",
        "speaker_tag": 2,
        "start_time": "0:02:55.500000",
        "word": "until"
    },
    {
        "end_time": "0:02:56.100000",
        "speaker_tag": 2,
        "start_time": "0:02:55.900000",
        "word": "it"
    },
    {
        "end_time": "0:02:56.300000",
        "speaker_tag": 2,
        "start_time": "0:02:56.100000",
        "word": "start"
    },
    {
        "end_time": "0:02:56.400000",
        "speaker_tag": 2,
        "start_time": "0:02:56.300000",
        "word": "getting"
    },
    {
        "end_time": "0:02:56.800000",
        "speaker_tag": 2,
        "start_time": "0:02:56.400000",
        "word": "scrambled"
    },
    {
        "end_time": "0:02:57.500000",
        "speaker_tag": 2,
        "start_time": "0:02:56.800000",
        "word": "and"
    },
    {
        "end_time": "0:02:57.700000",
        "speaker_tag": 2,
        "start_time": "0:02:57.500000",
        "word": "then"
    },
    {
        "end_time": "0:02:57.800000",
        "speaker_tag": 2,
        "start_time": "0:02:57.700000",
        "word": "I"
    },
    {
        "end_time": "0:02:58",
        "speaker_tag": 2,
        "start_time": "0:02:57.800000",
        "word": "turn"
    },
    {
        "end_time": "0:02:58.100000",
        "speaker_tag": 2,
        "start_time": "0:02:58",
        "word": "it"
    },
    {
        "end_time": "0:02:58.500000",
        "speaker_tag": 2,
        "start_time": "0:02:58.100000",
        "word": "off"
    },
    {
        "end_time": "0:02:59.200000",
        "speaker_tag": 2,
        "start_time": "0:02:58.500000",
        "word": "and"
    },
    {
        "end_time": "0:02:59.300000",
        "speaker_tag": 2,
        "start_time": "0:02:59.200000",
        "word": "then"
    },
    {
        "end_time": "0:03:01.300000",
        "speaker_tag": 2,
        "start_time": "0:02:59.300000",
        "word": "I"
    },
    {
        "end_time": "0:03:01.400000",
        "speaker_tag": 2,
        "start_time": "0:03:01.300000",
        "word": "go"
    },
    {
        "end_time": "0:03:01.500000",
        "speaker_tag": 2,
        "start_time": "0:03:01.400000",
        "word": "in"
    },
    {
        "end_time": "0:03:01.600000",
        "speaker_tag": 2,
        "start_time": "0:03:01.500000",
        "word": "the"
    },
    {
        "end_time": "0:03:01.700000",
        "speaker_tag": 2,
        "start_time": "0:03:01.600000",
        "word": "kitchen"
    },
    {
        "end_time": "0:03:02.400000",
        "speaker_tag": 2,
        "start_time": "0:03:01.700000",
        "word": "I"
    },
    {
        "end_time": "0:03:02.500000",
        "speaker_tag": 2,
        "start_time": "0:03:02.400000",
        "word": "mean"
    },
    {
        "end_time": "0:03:02.700000",
        "speaker_tag": 2,
        "start_time": "0:03:02.500000",
        "word": "I'm"
    },
    {
        "end_time": "0:03:02.900000",
        "speaker_tag": 2,
        "start_time": "0:03:02.700000",
        "word": "arguing"
    },
    {
        "end_time": "0:03:03",
        "speaker_tag": 2,
        "start_time": "0:03:02.900000",
        "word": "with"
    },
    {
        "end_time": "0:03:03.300000",
        "speaker_tag": 2,
        "start_time": "0:03:03",
        "word": "you"
    },
    {
        "end_time": "0:03:04.600000",
        "speaker_tag": 2,
        "start_time": "0:03:03.300000",
        "word": "right"
    },
    {
        "end_time": "0:03:04.800000",
        "speaker_tag": 2,
        "start_time": "0:03:04.600000",
        "word": "there"
    },
    {
        "end_time": "0:03:05.400000",
        "speaker_tag": 2,
        "start_time": "0:03:04.800000",
        "word": "and"
    },
    {
        "end_time": "0:03:05.500000",
        "speaker_tag": 2,
        "start_time": "0:03:05.400000",
        "word": "then"
    },
    {
        "end_time": "0:03:06.200000",
        "speaker_tag": 2,
        "start_time": "0:03:05.500000",
        "word": "I"
    },
    {
        "end_time": "0:03:06.400000",
        "speaker_tag": 2,
        "start_time": "0:03:06.200000",
        "word": "get"
    },
    {
        "end_time": "0:03:06.800000",
        "speaker_tag": 2,
        "start_time": "0:03:06.400000",
        "word": "out"
    },
    {
        "end_time": "0:03:07",
        "speaker_tag": 2,
        "start_time": "0:03:06.800000",
        "word": "me"
    },
    {
        "end_time": "0:03:07.300000",
        "speaker_tag": 2,
        "start_time": "0:03:07",
        "word": "some"
    },
    {
        "end_time": "0:03:07.700000",
        "speaker_tag": 2,
        "start_time": "0:03:07.300000",
        "word": "strawberries"
    },
    {
        "end_time": "0:03:08.100000",
        "speaker_tag": 2,
        "start_time": "0:03:07.700000",
        "word": "and"
    },
    {
        "end_time": "0:03:08.900000",
        "speaker_tag": 2,
        "start_time": "0:03:08.100000",
        "word": "bananas"
    },
    {
        "end_time": "0:03:09.600000",
        "speaker_tag": 2,
        "start_time": "0:03:08.900000",
        "word": "some"
    },
    {
        "end_time": "0:03:10",
        "speaker_tag": 2,
        "start_time": "0:03:09.600000",
        "word": "Pee-Wee"
    },
    {
        "end_time": "0:03:11",
        "speaker_tag": 2,
        "start_time": "0:03:10",
        "word": "and"
    },
    {
        "end_time": "0:03:11.200000",
        "speaker_tag": 2,
        "start_time": "0:03:11",
        "word": "some"
    },
    {
        "end_time": "0:03:12.100000",
        "speaker_tag": 2,
        "start_time": "0:03:11.200000",
        "word": "pineapples"
    },
    {
        "end_time": "0:03:12.600000",
        "speaker_tag": 2,
        "start_time": "0:03:12.100000",
        "word": "and"
    },
    {
        "end_time": "0:03:13",
        "speaker_tag": 2,
        "start_time": "0:03:12.600000",
        "word": "then"
    },
    {
        "end_time": "0:03:13.100000",
        "speaker_tag": 2,
        "start_time": "0:03:13",
        "word": "I"
    },
    {
        "end_time": "0:03:13.400000",
        "speaker_tag": 2,
        "start_time": "0:03:13.100000",
        "word": "cut"
    },
    {
        "end_time": "0:03:13.500000",
        "speaker_tag": 2,
        "start_time": "0:03:13.400000",
        "word": "up"
    },
    {
        "end_time": "0:03:13.600000",
        "speaker_tag": 2,
        "start_time": "0:03:13.500000",
        "word": "the"
    },
    {
        "end_time": "0:03:14.500000",
        "speaker_tag": 2,
        "start_time": "0:03:13.600000",
        "word": "pineapples"
    },
    {
        "end_time": "0:03:14.800000",
        "speaker_tag": 2,
        "start_time": "0:03:14.500000",
        "word": "and"
    },
    {
        "end_time": "0:03:15.400000",
        "speaker_tag": 2,
        "start_time": "0:03:14.800000",
        "word": "then"
    },
    {
        "end_time": "0:03:16.800000",
        "speaker_tag": 2,
        "start_time": "0:03:15.400000",
        "word": "and"
    },
    {
        "end_time": "0:03:17.100000",
        "speaker_tag": 2,
        "start_time": "0:03:16.800000",
        "word": "then"
    },
    {
        "end_time": "0:03:17.400000",
        "speaker_tag": 2,
        "start_time": "0:03:17.100000",
        "word": "like"
    },
    {
        "end_time": "0:03:17.500000",
        "speaker_tag": 2,
        "start_time": "0:03:17.400000",
        "word": "I"
    },
    {
        "end_time": "0:03:17.800000",
        "speaker_tag": 2,
        "start_time": "0:03:17.500000",
        "word": "feel"
    },
    {
        "end_time": "0:03:18.100000",
        "speaker_tag": 2,
        "start_time": "0:03:17.800000",
        "word": "the"
    },
    {
        "end_time": "0:03:18.900000",
        "speaker_tag": 2,
        "start_time": "0:03:18.100000",
        "word": "appeal"
    },
    {
        "end_time": "0:03:19",
        "speaker_tag": 2,
        "start_time": "0:03:18.900000",
        "word": "the"
    },
    {
        "end_time": "0:03:19.500000",
        "speaker_tag": 2,
        "start_time": "0:03:19",
        "word": "Keweenaw"
    },
    {
        "end_time": "0:03:20.200000",
        "speaker_tag": 2,
        "start_time": "0:03:19.500000",
        "word": "slept"
    },
    {
        "end_time": "0:03:20.400000",
        "speaker_tag": 2,
        "start_time": "0:03:20.200000",
        "word": "and"
    },
    {
        "end_time": "0:03:20.400000",
        "speaker_tag": 2,
        "start_time": "0:03:20.400000",
        "word": "I"
    },
    {
        "end_time": "0:03:20.800000",
        "speaker_tag": 2,
        "start_time": "0:03:20.400000",
        "word": "slashed"
    },
    {
        "end_time": "0:03:20.900000",
        "speaker_tag": 2,
        "start_time": "0:03:20.800000",
        "word": "at"
    },
    {
        "end_time": "0:03:21.200000",
        "speaker_tag": 2,
        "start_time": "0:03:20.900000",
        "word": "2"
    },
    {
        "end_time": "0:03:21.800000",
        "speaker_tag": 2,
        "start_time": "0:03:21.200000",
        "word": "and"
    },
    {
        "end_time": "0:03:21.900000",
        "speaker_tag": 2,
        "start_time": "0:03:21.800000",
        "word": "I"
    },
    {
        "end_time": "0:03:22",
        "speaker_tag": 2,
        "start_time": "0:03:21.900000",
        "word": "put"
    },
    {
        "end_time": "0:03:22.200000",
        "speaker_tag": 2,
        "start_time": "0:03:22",
        "word": "in"
    },
    {
        "end_time": "0:03:22.200000",
        "speaker_tag": 2,
        "start_time": "0:03:22.200000",
        "word": "the"
    },
    {
        "end_time": "0:03:22.400000",
        "speaker_tag": 2,
        "start_time": "0:03:22.200000",
        "word": "bowl"
    },
    {
        "end_time": "0:03:23.100000",
        "speaker_tag": 2,
        "start_time": "0:03:22.400000",
        "word": "and"
    },
    {
        "end_time": "0:03:23.200000",
        "speaker_tag": 2,
        "start_time": "0:03:23.100000",
        "word": "then"
    },
    {
        "end_time": "0:03:23.300000",
        "speaker_tag": 2,
        "start_time": "0:03:23.200000",
        "word": "I"
    },
    {
        "end_time": "0:03:23.400000",
        "speaker_tag": 2,
        "start_time": "0:03:23.300000",
        "word": "just"
    },
    {
        "end_time": "0:03:23.800000",
        "speaker_tag": 2,
        "start_time": "0:03:23.400000",
        "word": "started"
    },
    {
        "end_time": "0:03:24",
        "speaker_tag": 2,
        "start_time": "0:03:23.800000",
        "word": "like"
    },
    {
        "end_time": "0:03:24.400000",
        "speaker_tag": 2,
        "start_time": "0:03:24",
        "word": "shaking"
    },
    {
        "end_time": "0:03:24.700000",
        "speaker_tag": 2,
        "start_time": "0:03:24.400000",
        "word": "his"
    },
    {
        "end_time": "0:03:25",
        "speaker_tag": 2,
        "start_time": "0:03:24.700000",
        "word": "stuff"
    },
    {
        "end_time": "0:03:25.500000",
        "speaker_tag": 1,
        "start_time": "0:03:25",
        "word": "and"
    },
    {
        "end_time": "0:03:25.900000",
        "speaker_tag": 1,
        "start_time": "0:03:25.500000",
        "word": "then"
    }
]