[
    {
        "end_time": "0:00:01.400000",
        "speaker_tag": 1,
        "start_time": "0:00:00.800000",
        "word": "thanks"
    },
    {
        "end_time": "0:00:01.600000",
        "speaker_tag": 1,
        "start_time": "0:00:01.400000",
        "word": "for"
    },
    {
        "end_time": "0:00:01.700000",
        "speaker_tag": 1,
        "start_time": "0:00:01.600000",
        "word": "the"
    },
    {
        "end_time": "0:00:01.800000",
        "speaker_tag": 1,
        "start_time": "0:00:01.700000",
        "word": "first"
    },
    {
        "end_time": "0:00:02.100000",
        "speaker_tag": 1,
        "start_time": "0:00:01.800000",
        "word": "thing"
    },
    {
        "end_time": "0:00:02.200000",
        "speaker_tag": 1,
        "start_time": "0:00:02.100000",
        "word": "we're"
    },
    {
        "end_time": "0:00:02.300000",
        "speaker_tag": 1,
        "start_time": "0:00:02.200000",
        "word": "going"
    },
    {
        "end_time": "0:00:02.400000",
        "speaker_tag": 1,
        "start_time": "0:00:02.300000",
        "word": "to"
    },
    {
        "end_time": "0:00:02.600000",
        "speaker_tag": 1,
        "start_time": "0:00:02.400000",
        "word": "do"
    },
    {
        "end_time": "0:00:02.800000",
        "speaker_tag": 1,
        "start_time": "0:00:02.600000",
        "word": "or"
    },
    {
        "end_time": "0:00:02.900000",
        "speaker_tag": 1,
        "start_time": "0:00:02.800000",
        "word": "the"
    },
    {
        "end_time": "0:00:03.400000",
        "speaker_tag": 1,
        "start_time": "0:00:02.900000",
        "word": "interview"
    },
    {
        "end_time": "0:00:03.900000",
        "speaker_tag": 1,
        "start_time": "0:00:03.400000",
        "word": "prompts"
    },
    {
        "end_time": "0:00:04.600000",
        "speaker_tag": 1,
        "start_time": "0:00:03.900000",
        "word": "me"
    },
    {
        "end_time": "0:00:04.700000",
        "speaker_tag": 1,
        "start_time": "0:00:04.600000",
        "word": "to"
    },
    {
        "end_time": "0:00:05",
        "speaker_tag": 1,
        "start_time": "0:00:04.700000",
        "word": "ask"
    },
    {
        "end_time": "0:00:05.100000",
        "speaker_tag": 1,
        "start_time": "0:00:05",
        "word": "you"
    },
    {
        "end_time": "0:00:05.100000",
        "speaker_tag": 1,
        "start_time": "0:00:05.100000",
        "word": "to"
    },
    {
        "end_time": "0:00:05.300000",
        "speaker_tag": 1,
        "start_time": "0:00:05.100000",
        "word": "tell"
    },
    {
        "end_time": "0:00:05.500000",
        "speaker_tag": 1,
        "start_time": "0:00:05.300000",
        "word": "me"
    },
    {
        "end_time": "0:00:05.600000",
        "speaker_tag": 1,
        "start_time": "0:00:05.500000",
        "word": "about"
    },
    {
        "end_time": "0:00:06",
        "speaker_tag": 1,
        "start_time": "0:00:05.600000",
        "word": "your"
    },
    {
        "end_time": "0:00:06.700000",
        "speaker_tag": 1,
        "start_time": "0:00:06",
        "word": "vacation"
    },
    {
        "end_time": "0:00:06.800000",
        "speaker_tag": 1,
        "start_time": "0:00:06.700000",
        "word": "that"
    },
    {
        "end_time": "0:00:07",
        "speaker_tag": 1,
        "start_time": "0:00:06.800000",
        "word": "you"
    },
    {
        "end_time": "0:00:07.200000",
        "speaker_tag": 1,
        "start_time": "0:00:07",
        "word": "have"
    },
    {
        "end_time": "0:00:07.400000",
        "speaker_tag": 1,
        "start_time": "0:00:07.200000",
        "word": "taken"
    },
    {
        "end_time": "0:00:07.800000",
        "speaker_tag": 1,
        "start_time": "0:00:07.400000",
        "word": "you"
    },
    {
        "end_time": "0:00:07.900000",
        "speaker_tag": 1,
        "start_time": "0:00:07.800000",
        "word": "can"
    },
    {
        "end_time": "0:00:08.100000",
        "speaker_tag": 1,
        "start_time": "0:00:07.900000",
        "word": "provide"
    },
    {
        "end_time": "0:00:08.400000",
        "speaker_tag": 1,
        "start_time": "0:00:08.100000",
        "word": "as"
    },
    {
        "end_time": "0:00:08.700000",
        "speaker_tag": 1,
        "start_time": "0:00:08.400000",
        "word": "many"
    },
    {
        "end_time": "0:00:08.900000",
        "speaker_tag": 1,
        "start_time": "0:00:08.700000",
        "word": "details"
    },
    {
        "end_time": "0:00:09.100000",
        "speaker_tag": 1,
        "start_time": "0:00:08.900000",
        "word": "as"
    },
    {
        "end_time": "0:00:10",
        "speaker_tag": 1,
        "start_time": "0:00:09.100000",
        "word": "necessary"
    },
    {
        "end_time": "0:00:10.100000",
        "speaker_tag": 1,
        "start_time": "0:00:10",
        "word": "and"
    },
    {
        "end_time": "0:00:10.200000",
        "speaker_tag": 1,
        "start_time": "0:00:10.100000",
        "word": "I'll"
    },
    {
        "end_time": "0:00:10.400000",
        "speaker_tag": 1,
        "start_time": "0:00:10.200000",
        "word": "tell"
    },
    {
        "end_time": "0:00:10.600000",
        "speaker_tag": 1,
        "start_time": "0:00:10.400000",
        "word": "you"
    },
    {
        "end_time": "0:00:10.600000",
        "speaker_tag": 1,
        "start_time": "0:00:10.600000",
        "word": "if"
    },
    {
        "end_time": "0:00:10.800000",
        "speaker_tag": 1,
        "start_time": "0:00:10.600000",
        "word": "you"
    },
    {
        "end_time": "0:00:10.900000",
        "speaker_tag": 1,
        "start_time": "0:00:10.800000",
        "word": "need"
    },
    {
        "end_time": "0:00:11",
        "speaker_tag": 1,
        "start_time": "0:00:10.900000",
        "word": "to"
    },
    {
        "end_time": "0:00:11.300000",
        "speaker_tag": 1,
        "start_time": "0:00:11",
        "word": "stop"
    },
    {
        "end_time": "0:00:12.600000",
        "speaker_tag": 1,
        "start_time": "0:00:12.300000",
        "word": "I"
    },
    {
        "end_time": "0:00:12.800000",
        "speaker_tag": 1,
        "start_time": "0:00:12.600000",
        "word": "guess"
    },
    {
        "end_time": "0:00:12.900000",
        "speaker_tag": 1,
        "start_time": "0:00:12.800000",
        "word": "I'll"
    },
    {
        "end_time": "0:00:12.900000",
        "speaker_tag": 1,
        "start_time": "0:00:12.900000",
        "word": "just"
    },
    {
        "end_time": "0:00:13.100000",
        "speaker_tag": 1,
        "start_time": "0:00:12.900000",
        "word": "keep"
    },
    {
        "end_time": "0:00:13.600000",
        "speaker_tag": 1,
        "start_time": "0:00:13.100000",
        "word": "going"
    },
    {
        "end_time": "0:00:14.100000",
        "speaker_tag": 1,
        "start_time": "0:00:13.600000",
        "word": "until"
    },
    {
        "end_time": "0:00:14.200000",
        "speaker_tag": 1,
        "start_time": "0:00:14.100000",
        "word": "you"
    },
    {
        "end_time": "0:00:16.700000",
        "speaker_tag": 1,
        "start_time": "0:00:14.200000",
        "word": "feel"
    },
    {
        "end_time": "0:00:17",
        "speaker_tag": 1,
        "start_time": "0:00:16.700000",
        "word": "like"
    },
    {
        "end_time": "0:00:17.200000",
        "speaker_tag": 1,
        "start_time": "0:00:17",
        "word": "you're"
    },
    {
        "end_time": "0:00:17.400000",
        "speaker_tag": 1,
        "start_time": "0:00:17.200000",
        "word": "done"
    },
    {
        "end_time": "0:00:18.800000",
        "speaker_tag": 1,
        "start_time": "0:00:17.400000",
        "word": "but"
    },
    {
        "end_time": "0:00:18.900000",
        "speaker_tag": 1,
        "start_time": "0:00:18.800000",
        "word": "if"
    },
    {
        "end_time": "0:00:19.100000",
        "speaker_tag": 1,
        "start_time": "0:00:18.900000",
        "word": "you"
    },
    {
        "end_time": "0:00:19.200000",
        "speaker_tag": 1,
        "start_time": "0:00:19.100000",
        "word": "go"
    },
    {
        "end_time": "0:00:19.500000",
        "speaker_tag": 1,
        "start_time": "0:00:19.200000",
        "word": "too"
    },
    {
        "end_time": "0:00:20",
        "speaker_tag": 1,
        "start_time": "0:00:19.500000",
        "word": "long."
    },
    {
        "end_time": "0:00:24.800000",
        "speaker_tag": 1,
        "start_time": "0:00:23.900000",
        "word": "One"
    },
    {
        "end_time": "0:00:25.200000",
        "speaker_tag": 1,
        "start_time": "0:00:24.800000",
        "word": "time"
    },
    {
        "end_time": "0:00:25.400000",
        "speaker_tag": 1,
        "start_time": "0:00:25.200000",
        "word": "when"
    },
    {
        "end_time": "0:00:25.600000",
        "speaker_tag": 1,
        "start_time": "0:00:25.400000",
        "word": "I"
    },
    {
        "end_time": "0:00:25.900000",
        "speaker_tag": 1,
        "start_time": "0:00:25.600000",
        "word": "was"
    },
    {
        "end_time": "0:00:27.100000",
        "speaker_tag": 1,
        "start_time": "0:00:25.900000",
        "word": "9"
    },
    {
        "end_time": "0:00:27.400000",
        "speaker_tag": 1,
        "start_time": "0:00:27.100000",
        "word": "weeks"
    },
    {
        "end_time": "0:00:28.200000",
        "speaker_tag": 1,
        "start_time": "0:00:27.400000",
        "word": "vacation"
    },
    {
        "end_time": "0:00:28.900000",
        "speaker_tag": 1,
        "start_time": "0:00:28.200000",
        "word": "to"
    },
    {
        "end_time": "0:00:29.100000",
        "speaker_tag": 1,
        "start_time": "0:00:28.900000",
        "word": "San"
    },
    {
        "end_time": "0:00:29.800000",
        "speaker_tag": 1,
        "start_time": "0:00:29.100000",
        "word": "Antonio"
    },
    {
        "end_time": "0:00:31.900000",
        "speaker_tag": 1,
        "start_time": "0:00:29.800000",
        "word": "it"
    },
    {
        "end_time": "0:00:32.200000",
        "speaker_tag": 1,
        "start_time": "0:00:31.900000",
        "word": "worth"
    },
    {
        "end_time": "0:00:32.600000",
        "speaker_tag": 1,
        "start_time": "0:00:32.200000",
        "word": "it"
    },
    {
        "end_time": "0:00:33.100000",
        "speaker_tag": 1,
        "start_time": "0:00:32.600000",
        "word": "my"
    },
    {
        "end_time": "0:00:33.500000",
        "speaker_tag": 1,
        "start_time": "0:00:33.100000",
        "word": "parents"
    },
    {
        "end_time": "0:00:33.700000",
        "speaker_tag": 1,
        "start_time": "0:00:33.500000",
        "word": "didn't"
    },
    {
        "end_time": "0:00:33.900000",
        "speaker_tag": 1,
        "start_time": "0:00:33.700000",
        "word": "have"
    },
    {
        "end_time": "0:00:34.300000",
        "speaker_tag": 1,
        "start_time": "0:00:33.900000",
        "word": "much"
    },
    {
        "end_time": "0:00:34.400000",
        "speaker_tag": 1,
        "start_time": "0:00:34.300000",
        "word": "money"
    },
    {
        "end_time": "0:00:34.800000",
        "speaker_tag": 1,
        "start_time": "0:00:34.400000",
        "word": "but"
    },
    {
        "end_time": "0:00:35",
        "speaker_tag": 1,
        "start_time": "0:00:34.800000",
        "word": "they"
    },
    {
        "end_time": "0:00:35.200000",
        "speaker_tag": 1,
        "start_time": "0:00:35",
        "word": "still"
    },
    {
        "end_time": "0:00:35.300000",
        "speaker_tag": 1,
        "start_time": "0:00:35.200000",
        "word": "want"
    },
    {
        "end_time": "0:00:35.400000",
        "speaker_tag": 1,
        "start_time": "0:00:35.300000",
        "word": "to"
    },
    {
        "end_time": "0:00:35.700000",
        "speaker_tag": 1,
        "start_time": "0:00:35.400000",
        "word": "take"
    },
    {
        "end_time": "0:00:35.800000",
        "speaker_tag": 1,
        "start_time": "0:00:35.700000",
        "word": "a"
    },
    {
        "end_time": "0:00:36.500000",
        "speaker_tag": 1,
        "start_time": "0:00:35.800000",
        "word": "shower"
    },
    {
        "end_time": "0:00:36.800000",
        "speaker_tag": 1,
        "start_time": "0:00:36.500000",
        "word": "so"
    },
    {
        "end_time": "0:00:37.400000",
        "speaker_tag": 1,
        "start_time": "0:00:36.800000",
        "word": "we"
    },
    {
        "end_time": "0:00:37.500000",
        "speaker_tag": 1,
        "start_time": "0:00:37.400000",
        "word": "basically"
    },
    {
        "end_time": "0:00:38",
        "speaker_tag": 1,
        "start_time": "0:00:37.500000",
        "word": "went"
    },
    {
        "end_time": "0:00:38",
        "speaker_tag": 1,
        "start_time": "0:00:38",
        "word": "to"
    },
    {
        "end_time": "0:00:38.300000",
        "speaker_tag": 1,
        "start_time": "0:00:38",
        "word": "San"
    },
    {
        "end_time": "0:00:38.800000",
        "speaker_tag": 1,
        "start_time": "0:00:38.300000",
        "word": "Antonio"
    },
    {
        "end_time": "0:00:39",
        "speaker_tag": 1,
        "start_time": "0:00:38.800000",
        "word": "and"
    },
    {
        "end_time": "0:00:39.100000",
        "speaker_tag": 1,
        "start_time": "0:00:39",
        "word": "do"
    },
    {
        "end_time": "0:00:39.500000",
        "speaker_tag": 1,
        "start_time": "0:00:39.100000",
        "word": "things"
    },
    {
        "end_time": "0:00:39.600000",
        "speaker_tag": 1,
        "start_time": "0:00:39.500000",
        "word": "that"
    },
    {
        "end_time": "0:00:39.800000",
        "speaker_tag": 1,
        "start_time": "0:00:39.600000",
        "word": "we"
    },
    {
        "end_time": "0:00:40",
        "speaker_tag": 1,
        "start_time": "0:00:39.800000",
        "word": "could"
    },
    {
        "end_time": "0:00:40.100000",
        "speaker_tag": 1,
        "start_time": "0:00:40",
        "word": "have"
    },
    {
        "end_time": "0:00:40.500000",
        "speaker_tag": 1,
        "start_time": "0:00:40.100000",
        "word": "done"
    },
    {
        "end_time": "0:00:40.800000",
        "speaker_tag": 1,
        "start_time": "0:00:40.500000",
        "word": "in"
    },
    {
        "end_time": "0:00:40.900000",
        "speaker_tag": 1,
        "start_time": "0:00:40.800000",
        "word": "there"
    },
    {
        "end_time": "0:00:42.800000",
        "speaker_tag": 1,
        "start_time": "0:00:40.900000",
        "word": "to"
    },
    {
        "end_time": "0:00:43.400000",
        "speaker_tag": 1,
        "start_time": "0:00:42.800000",
        "word": "eat"
    },
    {
        "end_time": "0:00:43.500000",
        "speaker_tag": 1,
        "start_time": "0:00:43.400000",
        "word": "at"
    },
    {
        "end_time": "0:00:43.500000",
        "speaker_tag": 1,
        "start_time": "0:00:43.500000",
        "word": "the"
    },
    {
        "end_time": "0:00:43.800000",
        "speaker_tag": 1,
        "start_time": "0:00:43.500000",
        "word": "mall"
    },
    {
        "end_time": "0:00:45.500000",
        "speaker_tag": 1,
        "start_time": "0:00:43.800000",
        "word": "Chuck-E-Cheese"
    },
    {
        "end_time": "0:00:46.200000",
        "speaker_tag": 1,
        "start_time": "0:00:45.500000",
        "word": "and"
    },
    {
        "end_time": "0:00:46.400000",
        "speaker_tag": 1,
        "start_time": "0:00:46.200000",
        "word": "I"
    },
    {
        "end_time": "0:00:46.700000",
        "speaker_tag": 1,
        "start_time": "0:00:46.400000",
        "word": "really"
    },
    {
        "end_time": "0:00:47.200000",
        "speaker_tag": 1,
        "start_time": "0:00:46.700000",
        "word": "enjoyed"
    },
    {
        "end_time": "0:00:47.300000",
        "speaker_tag": 1,
        "start_time": "0:00:47.200000",
        "word": "it"
    },
    {
        "end_time": "0:00:49",
        "speaker_tag": 1,
        "start_time": "0:00:47.300000",
        "word": "even"
    },
    {
        "end_time": "0:00:49.200000",
        "speaker_tag": 1,
        "start_time": "0:00:49",
        "word": "though"
    },
    {
        "end_time": "0:00:49.300000",
        "speaker_tag": 1,
        "start_time": "0:00:49.200000",
        "word": "you"
    },
    {
        "end_time": "0:00:50.100000",
        "speaker_tag": 1,
        "start_time": "0:00:49.300000",
        "word": "know"
    },
    {
        "end_time": "0:00:50.300000",
        "speaker_tag": 1,
        "start_time": "0:00:50.100000",
        "word": "the"
    },
    {
        "end_time": "0:00:50.500000",
        "speaker_tag": 1,
        "start_time": "0:00:50.300000",
        "word": "one"
    },
    {
        "end_time": "0:00:50.700000",
        "speaker_tag": 1,
        "start_time": "0:00:50.500000",
        "word": "that"
    },
    {
        "end_time": "0:00:50.900000",
        "speaker_tag": 1,
        "start_time": "0:00:50.700000",
        "word": "was"
    },
    {
        "end_time": "0:00:51",
        "speaker_tag": 1,
        "start_time": "0:00:50.900000",
        "word": "on"
    },
    {
        "end_time": "0:00:58.100000",
        "speaker_tag": 1,
        "start_time": "0:00:55.900000",
        "word": "really"
    },
    {
        "end_time": "0:00:58.300000",
        "speaker_tag": 1,
        "start_time": "0:00:58.100000",
        "word": "yeah"
    },
    {
        "end_time": "0:01:01.600000",
        "speaker_tag": 1,
        "start_time": "0:01:00.900000",
        "word": "where"
    },
    {
        "end_time": "0:01:01.800000",
        "speaker_tag": 1,
        "start_time": "0:01:01.600000",
        "word": "you"
    },
    {
        "end_time": "0:01:01.900000",
        "speaker_tag": 1,
        "start_time": "0:01:01.800000",
        "word": "from"
    },
    {
        "end_time": "0:01:02.400000",
        "speaker_tag": 1,
        "start_time": "0:01:01.900000",
        "word": "a"
    },
    {
        "end_time": "0:01:13.200000",
        "speaker_tag": 1,
        "start_time": "0:01:02.400000",
        "word": "Dallas-Fort"
    },
    {
        "end_time": "0:01:13.400000",
        "speaker_tag": 1,
        "start_time": "0:01:13.200000",
        "word": "and"
    },
    {
        "end_time": "0:01:13.500000",
        "speaker_tag": 1,
        "start_time": "0:01:13.400000",
        "word": "I"
    },
    {
        "end_time": "0:01:13.600000",
        "speaker_tag": 1,
        "start_time": "0:01:13.500000",
        "word": "do"
    },
    {
        "end_time": "0:01:13.800000",
        "speaker_tag": 1,
        "start_time": "0:01:13.600000",
        "word": "not"
    },
    {
        "end_time": "0:01:14",
        "speaker_tag": 1,
        "start_time": "0:01:13.800000",
        "word": "know"
    },
    {
        "end_time": "0:01:14.100000",
        "speaker_tag": 1,
        "start_time": "0:01:14",
        "word": "how"
    },
    {
        "end_time": "0:01:14.100000",
        "speaker_tag": 1,
        "start_time": "0:01:14.100000",
        "word": "to"
    },
    {
        "end_time": "0:01:14.300000",
        "speaker_tag": 1,
        "start_time": "0:01:14.100000",
        "word": "make"
    },
    {
        "end_time": "0:01:14.500000",
        "speaker_tag": 1,
        "start_time": "0:01:14.300000",
        "word": "the"
    },
    {
        "end_time": "0:01:14.800000",
        "speaker_tag": 1,
        "start_time": "0:01:14.500000",
        "word": "meal"
    },
    {
        "end_time": "0:01:14.900000",
        "speaker_tag": 1,
        "start_time": "0:01:14.800000",
        "word": "and"
    },
    {
        "end_time": "0:01:15.200000",
        "speaker_tag": 1,
        "start_time": "0:01:14.900000",
        "word": "provide"
    },
    {
        "end_time": "0:01:15.700000",
        "speaker_tag": 1,
        "start_time": "0:01:15.200000",
        "word": "details"
    },
    {
        "end_time": "0:01:16.100000",
        "speaker_tag": 1,
        "start_time": "0:01:15.700000",
        "word": "I'll"
    },
    {
        "end_time": "0:01:16.300000",
        "speaker_tag": 1,
        "start_time": "0:01:16.100000",
        "word": "tell"
    },
    {
        "end_time": "0:01:16.500000",
        "speaker_tag": 1,
        "start_time": "0:01:16.300000",
        "word": "you"
    },
    {
        "end_time": "0:01:16.700000",
        "speaker_tag": 1,
        "start_time": "0:01:16.500000",
        "word": "if"
    },
    {
        "end_time": "0:01:16.800000",
        "speaker_tag": 1,
        "start_time": "0:01:16.700000",
        "word": "you"
    },
    {
        "end_time": "0:01:16.900000",
        "speaker_tag": 1,
        "start_time": "0:01:16.800000",
        "word": "need"
    },
    {
        "end_time": "0:01:17",
        "speaker_tag": 1,
        "start_time": "0:01:16.900000",
        "word": "to"
    },
    {
        "end_time": "0:01:17.300000",
        "speaker_tag": 1,
        "start_time": "0:01:17",
        "word": "stop"
    },
    {
        "end_time": "0:01:25.400000",
        "speaker_tag": 1,
        "start_time": "0:01:17.300000",
        "word": "bossing"
    },
    {
        "end_time": "0:01:25.900000",
        "speaker_tag": 1,
        "start_time": "0:01:25.400000",
        "word": "water"
    },
    {
        "end_time": "0:01:29.100000",
        "speaker_tag": 1,
        "start_time": "0:01:25.900000",
        "word": "up"
    },
    {
        "end_time": "0:01:30.100000",
        "speaker_tag": 1,
        "start_time": "0:01:29.100000",
        "word": "anytime"
    },
    {
        "end_time": "0:01:30.300000",
        "speaker_tag": 1,
        "start_time": "0:01:30.100000",
        "word": "I"
    },
    {
        "end_time": "0:01:36.100000",
        "speaker_tag": 1,
        "start_time": "0:01:30.300000",
        "word": "get"
    },
    {
        "end_time": "0:01:36.300000",
        "speaker_tag": 1,
        "start_time": "0:01:36.100000",
        "word": "you"
    },
    {
        "end_time": "0:01:36.500000",
        "speaker_tag": 1,
        "start_time": "0:01:36.300000",
        "word": "some"
    },
    {
        "end_time": "0:01:36.600000",
        "speaker_tag": 1,
        "start_time": "0:01:36.500000",
        "word": "coffee"
    },
    {
        "end_time": "0:01:38.800000",
        "speaker_tag": 1,
        "start_time": "0:01:36.600000",
        "word": "stay"
    },
    {
        "end_time": "0:01:39.200000",
        "speaker_tag": 1,
        "start_time": "0:01:38.800000",
        "word": "put"
    },
    {
        "end_time": "0:01:39.400000",
        "speaker_tag": 1,
        "start_time": "0:01:39.200000",
        "word": "about"
    },
    {
        "end_time": "0:01:40.200000",
        "speaker_tag": 1,
        "start_time": "0:01:39.400000",
        "word": "2"
    },
    {
        "end_time": "0:01:40.900000",
        "speaker_tag": 1,
        "start_time": "0:01:40.200000",
        "word": "teaspoons"
    },
    {
        "end_time": "0:01:41",
        "speaker_tag": 1,
        "start_time": "0:01:40.900000",
        "word": "of"
    },
    {
        "end_time": "0:01:41.500000",
        "speaker_tag": 1,
        "start_time": "0:01:41",
        "word": "coffee"
    },
    {
        "end_time": "0:01:42.100000",
        "speaker_tag": 1,
        "start_time": "0:01:41.500000",
        "word": "inside"
    },
    {
        "end_time": "0:01:43.500000",
        "speaker_tag": 1,
        "start_time": "0:01:42.100000",
        "word": "you"
    },
    {
        "end_time": "0:01:43.700000",
        "speaker_tag": 1,
        "start_time": "0:01:43.500000",
        "word": "can"
    },
    {
        "end_time": "0:01:44.100000",
        "speaker_tag": 1,
        "start_time": "0:01:43.700000",
        "word": "put"
    },
    {
        "end_time": "0:01:44.600000",
        "speaker_tag": 1,
        "start_time": "0:01:44.100000",
        "word": "sugar"
    },
    {
        "end_time": "0:01:45.100000",
        "speaker_tag": 1,
        "start_time": "0:01:44.600000",
        "word": "water"
    },
    {
        "end_time": "0:01:45.900000",
        "speaker_tag": 1,
        "start_time": "0:01:45.100000",
        "word": "I"
    },
    {
        "end_time": "0:01:46",
        "speaker_tag": 1,
        "start_time": "0:01:45.900000",
        "word": "mean"
    },
    {
        "end_time": "0:01:46.300000",
        "speaker_tag": 1,
        "start_time": "0:01:46",
        "word": "sugar"
    },
    {
        "end_time": "0:01:46.800000",
        "speaker_tag": 1,
        "start_time": "0:01:46.300000",
        "word": "milk"
    },
    {
        "end_time": "0:01:48.300000",
        "speaker_tag": 1,
        "start_time": "0:01:46.800000",
        "word": "or"
    },
    {
        "end_time": "0:01:48.400000",
        "speaker_tag": 1,
        "start_time": "0:01:48.300000",
        "word": "you"
    },
    {
        "end_time": "0:01:48.600000",
        "speaker_tag": 1,
        "start_time": "0:01:48.400000",
        "word": "can"
    },
    {
        "end_time": "0:01:48.700000",
        "speaker_tag": 1,
        "start_time": "0:01:48.600000",
        "word": "put"
    },
    {
        "end_time": "0:01:49.100000",
        "speaker_tag": 1,
        "start_time": "0:01:48.700000",
        "word": "creamer"
    },
    {
        "end_time": "0:01:50.400000",
        "speaker_tag": 1,
        "start_time": "0:01:49.100000",
        "word": "and"
    },
    {
        "end_time": "0:01:50.900000",
        "speaker_tag": 1,
        "start_time": "0:01:50.400000",
        "word": "you"
    },
    {
        "end_time": "0:01:51.100000",
        "speaker_tag": 1,
        "start_time": "0:01:50.900000",
        "word": "Stir"
    },
    {
        "end_time": "0:01:51.300000",
        "speaker_tag": 1,
        "start_time": "0:01:51.100000",
        "word": "It"
    },
    {
        "end_time": "0:01:51.400000",
        "speaker_tag": 1,
        "start_time": "0:01:51.300000",
        "word": "Up"
    },
    {
        "end_time": "0:01:51.700000",
        "speaker_tag": 1,
        "start_time": "0:01:51.400000",
        "word": "and"
    },
    {
        "end_time": "0:01:51.900000",
        "speaker_tag": 1,
        "start_time": "0:01:51.700000",
        "word": "drink"
    },
    {
        "end_time": "0:01:52",
        "speaker_tag": 1,
        "start_time": "0:01:51.900000",
        "word": "it"
    },
    {
        "end_time": "0:01:53.200000",
        "speaker_tag": 1,
        "start_time": "0:01:52.700000",
        "word": "it's"
    },
    {
        "end_time": "0:01:53.400000",
        "speaker_tag": 1,
        "start_time": "0:01:53.200000",
        "word": "worth"
    },
    {
        "end_time": "0:01:54",
        "speaker_tag": 1,
        "start_time": "0:01:53.400000",
        "word": "eggs"
    },
    {
        "end_time": "0:01:54.600000",
        "speaker_tag": 1,
        "start_time": "0:01:54",
        "word": "you"
    },
    {
        "end_time": "0:01:54.800000",
        "speaker_tag": 1,
        "start_time": "0:01:54.600000",
        "word": "would"
    },
    {
        "end_time": "0:01:55.100000",
        "speaker_tag": 1,
        "start_time": "0:01:54.800000",
        "word": "get"
    },
    {
        "end_time": "0:01:55.100000",
        "speaker_tag": 1,
        "start_time": "0:01:55.100000",
        "word": "them"
    },
    {
        "end_time": "0:01:55.500000",
        "speaker_tag": 1,
        "start_time": "0:01:55.100000",
        "word": "old"
    },
    {
        "end_time": "0:01:56.400000",
        "speaker_tag": 1,
        "start_time": "0:01:55.500000",
        "word": "crack"
    },
    {
        "end_time": "0:01:56.500000",
        "speaker_tag": 1,
        "start_time": "0:01:56.400000",
        "word": "an"
    },
    {
        "end_time": "0:01:56.900000",
        "speaker_tag": 1,
        "start_time": "0:01:56.500000",
        "word": "egg"
    },
    {
        "end_time": "0:01:57.400000",
        "speaker_tag": 1,
        "start_time": "0:01:56.900000",
        "word": "into"
    },
    {
        "end_time": "0:01:57.600000",
        "speaker_tag": 1,
        "start_time": "0:01:57.400000",
        "word": "the"
    },
    {
        "end_time": "0:01:58.100000",
        "speaker_tag": 1,
        "start_time": "0:01:57.600000",
        "word": "bowl"
    },
    {
        "end_time": "0:02:00.100000",
        "speaker_tag": 1,
        "start_time": "0:01:58.100000",
        "word": "put"
    },
    {
        "end_time": "0:02:00.300000",
        "speaker_tag": 1,
        "start_time": "0:02:00.100000",
        "word": "your"
    },
    {
        "end_time": "0:02:01.100000",
        "speaker_tag": 1,
        "start_time": "0:02:00.300000",
        "word": "seasoning"
    },
    {
        "end_time": "0:02:02.200000",
        "speaker_tag": 1,
        "start_time": "0:02:01.100000",
        "word": "and"
    },
    {
        "end_time": "0:02:04",
        "speaker_tag": 1,
        "start_time": "0:02:02.200000",
        "word": "whatever"
    },
    {
        "end_time": "0:02:04",
        "speaker_tag": 1,
        "start_time": "0:02:04",
        "word": "else"
    },
    {
        "end_time": "0:02:04.300000",
        "speaker_tag": 1,
        "start_time": "0:02:04",
        "word": "you"
    },
    {
        "end_time": "0:02:05.900000",
        "speaker_tag": 1,
        "start_time": "0:02:04.300000",
        "word": "mix"
    },
    {
        "end_time": "0:02:06.100000",
        "speaker_tag": 1,
        "start_time": "0:02:05.900000",
        "word": "it"
    },
    {
        "end_time": "0:02:06.100000",
        "speaker_tag": 1,
        "start_time": "0:02:06.100000",
        "word": "up"
    },
    {
        "end_time": "0:02:06.400000",
        "speaker_tag": 1,
        "start_time": "0:02:06.100000",
        "word": "into"
    },
    {
        "end_time": "0:02:06.500000",
        "speaker_tag": 1,
        "start_time": "0:02:06.400000",
        "word": "the"
    },
    {
        "end_time": "0:02:06.900000",
        "speaker_tag": 1,
        "start_time": "0:02:06.500000",
        "word": "bowl"
    },
    {
        "end_time": "0:02:07.700000",
        "speaker_tag": 1,
        "start_time": "0:02:06.900000",
        "word": "get"
    },
    {
        "end_time": "0:02:07.900000",
        "speaker_tag": 1,
        "start_time": "0:02:07.700000",
        "word": "you"
    },
    {
        "end_time": "0:02:07.900000",
        "speaker_tag": 1,
        "start_time": "0:02:07.900000",
        "word": "a"
    },
    {
        "end_time": "0:02:08.400000",
        "speaker_tag": 1,
        "start_time": "0:02:07.900000",
        "word": "panic"
    },
    {
        "end_time": "0:02:08.600000",
        "speaker_tag": 1,
        "start_time": "0:02:08.400000",
        "word": "at"
    },
    {
        "end_time": "0:02:08.600000",
        "speaker_tag": 1,
        "start_time": "0:02:08.600000",
        "word": "the"
    },
    {
        "end_time": "0:02:09",
        "speaker_tag": 1,
        "start_time": "0:02:08.600000",
        "word": "piano"
    },
    {
        "end_time": "0:02:10.700000",
        "speaker_tag": 1,
        "start_time": "0:02:10.100000",
        "word": "Dia"
    },
    {
        "end_time": "0:02:11",
        "speaker_tag": 1,
        "start_time": "0:02:10.700000",
        "word": "do"
    },
    {
        "end_time": "0:02:15.500000",
        "speaker_tag": 1,
        "start_time": "0:02:11",
        "word": "stick"
    },
    {
        "end_time": "0:02:16.900000",
        "speaker_tag": 1,
        "start_time": "0:02:15.500000",
        "word": "inside"
    },
    {
        "end_time": "0:02:17.100000",
        "speaker_tag": 1,
        "start_time": "0:02:16.900000",
        "word": "the"
    },
    {
        "end_time": "0:02:17.600000",
        "speaker_tag": 1,
        "start_time": "0:02:17.100000",
        "word": "pan"
    },
    {
        "end_time": "0:02:17.800000",
        "speaker_tag": 1,
        "start_time": "0:02:17.600000",
        "word": "and"
    },
    {
        "end_time": "0:02:18.400000",
        "speaker_tag": 1,
        "start_time": "0:02:17.800000",
        "word": "scrambled"
    },
    {
        "end_time": "0:02:18.700000",
        "speaker_tag": 1,
        "start_time": "0:02:18.400000",
        "word": "up"
    },
    {
        "end_time": "0:02:19.600000",
        "speaker_tag": 1,
        "start_time": "0:02:18.700000",
        "word": "to"
    },
    {
        "end_time": "0:02:19.800000",
        "speaker_tag": 1,
        "start_time": "0:02:19.600000",
        "word": "your"
    },
    {
        "end_time": "0:02:20.300000",
        "speaker_tag": 1,
        "start_time": "0:02:19.800000",
        "word": "liking"
    },
    {
        "end_time": "0:02:25.800000",
        "speaker_tag": 1,
        "start_time": "0:02:25",
        "word": "well"
    },
    {
        "end_time": "0:02:26.200000",
        "speaker_tag": 1,
        "start_time": "0:02:25.800000",
        "word": "he"
    },
    {
        "end_time": "0:02:26.500000",
        "speaker_tag": 1,
        "start_time": "0:02:26.200000",
        "word": "was"
    },
    {
        "end_time": "0:02:26.900000",
        "speaker_tag": 1,
        "start_time": "0:02:26.500000",
        "word": "terrified"
    },
    {
        "end_time": "0:02:28.300000",
        "speaker_tag": 1,
        "start_time": "0:02:26.900000",
        "word": "chopping"
    },
    {
        "end_time": "0:02:28.400000",
        "speaker_tag": 1,
        "start_time": "0:02:28.300000",
        "word": "up"
    },
    {
        "end_time": "0:02:28.600000",
        "speaker_tag": 1,
        "start_time": "0:02:28.400000",
        "word": "all"
    },
    {
        "end_time": "0:02:28.700000",
        "speaker_tag": 1,
        "start_time": "0:02:28.600000",
        "word": "the"
    },
    {
        "end_time": "0:02:29.400000",
        "speaker_tag": 1,
        "start_time": "0:02:28.700000",
        "word": "fruits"
    },
    {
        "end_time": "0:02:29.900000",
        "speaker_tag": 1,
        "start_time": "0:02:29.400000",
        "word": "and"
    },
    {
        "end_time": "0:02:30.300000",
        "speaker_tag": 1,
        "start_time": "0:02:29.900000",
        "word": "slay"
    },
    {
        "end_time": "0:02:30.900000",
        "speaker_tag": 1,
        "start_time": "0:02:30.300000",
        "word": "Define"
    },
    {
        "end_time": "0:02:31.300000",
        "speaker_tag": 1,
        "start_time": "0:02:30.900000",
        "word": "peaches"
    },
    {
        "end_time": "0:02:31.400000",
        "speaker_tag": 1,
        "start_time": "0:02:31.300000",
        "word": "are"
    },
    {
        "end_time": "0:02:31.600000",
        "speaker_tag": 1,
        "start_time": "0:02:31.400000",
        "word": "big"
    },
    {
        "end_time": "0:02:31.800000",
        "speaker_tag": 1,
        "start_time": "0:02:31.600000",
        "word": "chunks"
    },
    {
        "end_time": "0:02:33.800000",
        "speaker_tag": 1,
        "start_time": "0:02:31.800000",
        "word": "and"
    },
    {
        "end_time": "0:02:34.200000",
        "speaker_tag": 1,
        "start_time": "0:02:33.800000",
        "word": "then"
    },
    {
        "end_time": "0:02:34.400000",
        "speaker_tag": 1,
        "start_time": "0:02:34.200000",
        "word": "you"
    },
    {
        "end_time": "0:02:34.500000",
        "speaker_tag": 1,
        "start_time": "0:02:34.400000",
        "word": "will"
    },
    {
        "end_time": "0:02:34.700000",
        "speaker_tag": 1,
        "start_time": "0:02:34.500000",
        "word": "put"
    },
    {
        "end_time": "0:02:34.800000",
        "speaker_tag": 1,
        "start_time": "0:02:34.700000",
        "word": "in"
    },
    {
        "end_time": "0:02:34.900000",
        "speaker_tag": 1,
        "start_time": "0:02:34.800000",
        "word": "my"
    },
    {
        "end_time": "0:02:35.300000",
        "speaker_tag": 1,
        "start_time": "0:02:34.900000",
        "word": "phone"
    }
]