[
    {
        "end_time": "0:00:02",
        "speaker_tag": 2,
        "start_time": "0:00:01.200000",
        "word": "tell"
    },
    {
        "end_time": "0:00:02.100000",
        "speaker_tag": 2,
        "start_time": "0:00:02",
        "word": "me"
    },
    {
        "end_time": "0:00:02.200000",
        "speaker_tag": 2,
        "start_time": "0:00:02.100000",
        "word": "about"
    },
    {
        "end_time": "0:00:02.400000",
        "speaker_tag": 2,
        "start_time": "0:00:02.200000",
        "word": "a"
    },
    {
        "end_time": "0:00:02.600000",
        "speaker_tag": 2,
        "start_time": "0:00:02.400000",
        "word": "trip"
    },
    {
        "end_time": "0:00:02.700000",
        "speaker_tag": 2,
        "start_time": "0:00:02.600000",
        "word": "or"
    },
    {
        "end_time": "0:00:02.800000",
        "speaker_tag": 2,
        "start_time": "0:00:02.700000",
        "word": "vacation"
    },
    {
        "end_time": "0:00:03.300000",
        "speaker_tag": 2,
        "start_time": "0:00:02.800000",
        "word": "you"
    },
    {
        "end_time": "0:00:03.300000",
        "speaker_tag": 2,
        "start_time": "0:00:03.300000",
        "word": "have"
    },
    {
        "end_time": "0:00:03.700000",
        "speaker_tag": 2,
        "start_time": "0:00:03.300000",
        "word": "taken"
    },
    {
        "end_time": "0:00:04",
        "speaker_tag": 2,
        "start_time": "0:00:03.700000",
        "word": "you"
    },
    {
        "end_time": "0:00:04.100000",
        "speaker_tag": 2,
        "start_time": "0:00:04",
        "word": "can"
    },
    {
        "end_time": "0:00:04.400000",
        "speaker_tag": 2,
        "start_time": "0:00:04.100000",
        "word": "fries"
    },
    {
        "end_time": "0:00:04.600000",
        "speaker_tag": 2,
        "start_time": "0:00:04.400000",
        "word": "made"
    },
    {
        "end_time": "0:00:04.700000",
        "speaker_tag": 2,
        "start_time": "0:00:04.600000",
        "word": "you"
    },
    {
        "end_time": "0:00:04.900000",
        "speaker_tag": 2,
        "start_time": "0:00:04.700000",
        "word": "tell"
    },
    {
        "end_time": "0:00:05",
        "speaker_tag": 2,
        "start_time": "0:00:04.900000",
        "word": "us"
    },
    {
        "end_time": "0:00:05.200000",
        "speaker_tag": 2,
        "start_time": "0:00:05",
        "word": "a"
    },
    {
        "end_time": "0:00:05.400000",
        "speaker_tag": 2,
        "start_time": "0:00:05.200000",
        "word": "story"
    },
    {
        "end_time": "0:00:06",
        "speaker_tag": 2,
        "start_time": "0:00:05.400000",
        "word": "of"
    },
    {
        "end_time": "0:00:06.300000",
        "speaker_tag": 2,
        "start_time": "0:00:06",
        "word": "5"
    },
    {
        "end_time": "0:00:06.500000",
        "speaker_tag": 2,
        "start_time": "0:00:06.300000",
        "word": "minutes"
    },
    {
        "end_time": "0:00:07.200000",
        "speaker_tag": 1,
        "start_time": "0:00:06.500000",
        "word": "ready"
    },
    {
        "end_time": "0:00:13.300000",
        "speaker_tag": 1,
        "start_time": "0:00:07.200000",
        "word": "for"
    },
    {
        "end_time": "0:00:14.600000",
        "speaker_tag": 1,
        "start_time": "0:00:13.300000",
        "word": "13"
    },
    {
        "end_time": "0:00:14.800000",
        "speaker_tag": 1,
        "start_time": "0:00:14.600000",
        "word": "years"
    },
    {
        "end_time": "0:00:14.900000",
        "speaker_tag": 1,
        "start_time": "0:00:14.800000",
        "word": "old"
    },
    {
        "end_time": "0:00:15.800000",
        "speaker_tag": 2,
        "start_time": "0:00:14.900000",
        "word": "and"
    },
    {
        "end_time": "0:00:16",
        "speaker_tag": 2,
        "start_time": "0:00:15.800000",
        "word": "I"
    },
    {
        "end_time": "0:00:16.300000",
        "speaker_tag": 2,
        "start_time": "0:00:16",
        "word": "went"
    },
    {
        "end_time": "0:00:16.500000",
        "speaker_tag": 2,
        "start_time": "0:00:16.300000",
        "word": "with"
    },
    {
        "end_time": "0:00:16.600000",
        "speaker_tag": 2,
        "start_time": "0:00:16.500000",
        "word": "my"
    },
    {
        "end_time": "0:00:17.300000",
        "speaker_tag": 2,
        "start_time": "0:00:16.600000",
        "word": "best"
    },
    {
        "end_time": "0:00:17.400000",
        "speaker_tag": 2,
        "start_time": "0:00:17.300000",
        "word": "friend"
    },
    {
        "end_time": "0:00:17.500000",
        "speaker_tag": 2,
        "start_time": "0:00:17.400000",
        "word": "is"
    },
    {
        "end_time": "0:00:17.900000",
        "speaker_tag": 2,
        "start_time": "0:00:17.500000",
        "word": "crime"
    },
    {
        "end_time": "0:00:18.700000",
        "speaker_tag": 2,
        "start_time": "0:00:17.900000",
        "word": "Mackenzie"
    },
    {
        "end_time": "0:00:19.900000",
        "speaker_tag": 2,
        "start_time": "0:00:18.700000",
        "word": "family"
    },
    {
        "end_time": "0:00:20.300000",
        "speaker_tag": 2,
        "start_time": "0:00:19.900000",
        "word": "to"
    },
    {
        "end_time": "0:00:21.100000",
        "speaker_tag": 2,
        "start_time": "0:00:20.300000",
        "word": "Destin"
    },
    {
        "end_time": "0:00:21.200000",
        "speaker_tag": 2,
        "start_time": "0:00:21.100000",
        "word": "Florida"
    },
    {
        "end_time": "0:00:22.600000",
        "speaker_tag": 1,
        "start_time": "0:00:21.200000",
        "word": "and"
    },
    {
        "end_time": "0:00:23.700000",
        "speaker_tag": 1,
        "start_time": "0:00:22.600000",
        "word": "I"
    },
    {
        "end_time": "0:00:24.600000",
        "speaker_tag": 1,
        "start_time": "0:00:23.700000",
        "word": "met"
    },
    {
        "end_time": "0:00:25.800000",
        "speaker_tag": 2,
        "start_time": "0:00:24.600000",
        "word": "my"
    },
    {
        "end_time": "0:00:26.300000",
        "speaker_tag": 2,
        "start_time": "0:00:25.800000",
        "word": "grandmother"
    },
    {
        "end_time": "0:00:26.700000",
        "speaker_tag": 2,
        "start_time": "0:00:26.300000",
        "word": "drove"
    },
    {
        "end_time": "0:00:27.100000",
        "speaker_tag": 2,
        "start_time": "0:00:26.700000",
        "word": "me"
    },
    {
        "end_time": "0:00:28.400000",
        "speaker_tag": 2,
        "start_time": "0:00:27.100000",
        "word": "halfway"
    },
    {
        "end_time": "0:00:29.200000",
        "speaker_tag": 2,
        "start_time": "0:00:28.400000",
        "word": "not"
    },
    {
        "end_time": "0:00:29.600000",
        "speaker_tag": 2,
        "start_time": "0:00:29.200000",
        "word": "just"
    },
    {
        "end_time": "0:00:29.800000",
        "speaker_tag": 2,
        "start_time": "0:00:29.600000",
        "word": "Florida"
    },
    {
        "end_time": "0:00:30.100000",
        "speaker_tag": 2,
        "start_time": "0:00:29.800000",
        "word": "to"
    },
    {
        "end_time": "0:00:30.500000",
        "speaker_tag": 2,
        "start_time": "0:00:30.100000",
        "word": "my"
    },
    {
        "end_time": "0:00:30.800000",
        "speaker_tag": 2,
        "start_time": "0:00:30.500000",
        "word": "friend's"
    },
    {
        "end_time": "0:00:31.100000",
        "speaker_tag": 2,
        "start_time": "0:00:30.800000",
        "word": "house"
    },
    {
        "end_time": "0:00:31.300000",
        "speaker_tag": 2,
        "start_time": "0:00:31.100000",
        "word": "to"
    },
    {
        "end_time": "0:00:31.600000",
        "speaker_tag": 2,
        "start_time": "0:00:31.300000",
        "word": "meet"
    },
    {
        "end_time": "0:00:31.800000",
        "speaker_tag": 2,
        "start_time": "0:00:31.600000",
        "word": "from"
    },
    {
        "end_time": "0:00:32.200000",
        "speaker_tag": 2,
        "start_time": "0:00:31.800000",
        "word": "mother"
    },
    {
        "end_time": "0:00:33.100000",
        "speaker_tag": 2,
        "start_time": "0:00:32.200000",
        "word": "cuz"
    },
    {
        "end_time": "0:00:33.500000",
        "speaker_tag": 2,
        "start_time": "0:00:33.100000",
        "word": "Mckenzie"
    },
    {
        "end_time": "0:00:34",
        "speaker_tag": 2,
        "start_time": "0:00:33.500000",
        "word": "was"
    },
    {
        "end_time": "0:00:35.600000",
        "speaker_tag": 2,
        "start_time": "0:00:35.100000",
        "word": "and"
    },
    {
        "end_time": "0:00:36.100000",
        "speaker_tag": 2,
        "start_time": "0:00:35.600000",
        "word": "somewhere"
    },
    {
        "end_time": "0:00:36.400000",
        "speaker_tag": 2,
        "start_time": "0:00:36.100000",
        "word": "down"
    },
    {
        "end_time": "0:00:36.600000",
        "speaker_tag": 2,
        "start_time": "0:00:36.400000",
        "word": "south"
    },
    {
        "end_time": "0:00:36.800000",
        "speaker_tag": 2,
        "start_time": "0:00:36.600000",
        "word": "in"
    },
    {
        "end_time": "0:00:37.300000",
        "speaker_tag": 2,
        "start_time": "0:00:36.800000",
        "word": "Texas"
    },
    {
        "end_time": "0:00:37.400000",
        "speaker_tag": 2,
        "start_time": "0:00:37.300000",
        "word": "I"
    },
    {
        "end_time": "0:00:37.600000",
        "speaker_tag": 2,
        "start_time": "0:00:37.400000",
        "word": "can't"
    },
    {
        "end_time": "0:00:37.800000",
        "speaker_tag": 2,
        "start_time": "0:00:37.600000",
        "word": "remember"
    },
    {
        "end_time": "0:00:38.100000",
        "speaker_tag": 2,
        "start_time": "0:00:37.800000",
        "word": "where"
    },
    {
        "end_time": "0:00:39.800000",
        "speaker_tag": 2,
        "start_time": "0:00:39.300000",
        "word": "for"
    },
    {
        "end_time": "0:00:40.100000",
        "speaker_tag": 2,
        "start_time": "0:00:39.800000",
        "word": "church"
    },
    {
        "end_time": "0:00:40.400000",
        "speaker_tag": 2,
        "start_time": "0:00:40.100000",
        "word": "camp"
    },
    {
        "end_time": "0:00:40.900000",
        "speaker_tag": 2,
        "start_time": "0:00:40.400000",
        "word": "and"
    },
    {
        "end_time": "0:00:41.100000",
        "speaker_tag": 2,
        "start_time": "0:00:40.900000",
        "word": "so"
    },
    {
        "end_time": "0:00:41.300000",
        "speaker_tag": 2,
        "start_time": "0:00:41.100000",
        "word": "I"
    },
    {
        "end_time": "0:00:41.600000",
        "speaker_tag": 2,
        "start_time": "0:00:41.300000",
        "word": "Met"
    },
    {
        "end_time": "0:00:41.700000",
        "speaker_tag": 2,
        "start_time": "0:00:41.600000",
        "word": "Your"
    },
    {
        "end_time": "0:00:41.800000",
        "speaker_tag": 2,
        "start_time": "0:00:41.700000",
        "word": "Mother"
    },
    {
        "end_time": "0:00:42.200000",
        "speaker_tag": 2,
        "start_time": "0:00:41.800000",
        "word": "and"
    },
    {
        "end_time": "0:00:42.400000",
        "speaker_tag": 2,
        "start_time": "0:00:42.200000",
        "word": "I"
    },
    {
        "end_time": "0:00:42.600000",
        "speaker_tag": 2,
        "start_time": "0:00:42.400000",
        "word": "will"
    },
    {
        "end_time": "0:00:42.700000",
        "speaker_tag": 2,
        "start_time": "0:00:42.600000",
        "word": "have"
    },
    {
        "end_time": "0:00:42.800000",
        "speaker_tag": 2,
        "start_time": "0:00:42.700000",
        "word": "her"
    },
    {
        "end_time": "0:00:43.200000",
        "speaker_tag": 2,
        "start_time": "0:00:42.800000",
        "word": "mom"
    },
    {
        "end_time": "0:00:44.100000",
        "speaker_tag": 2,
        "start_time": "0:00:43.200000",
        "word": "and"
    },
    {
        "end_time": "0:00:44.300000",
        "speaker_tag": 2,
        "start_time": "0:00:44.100000",
        "word": "drove"
    },
    {
        "end_time": "0:00:44.600000",
        "speaker_tag": 2,
        "start_time": "0:00:44.300000",
        "word": "pick"
    },
    {
        "end_time": "0:00:44.700000",
        "speaker_tag": 2,
        "start_time": "0:00:44.600000",
        "word": "up"
    },
    {
        "end_time": "0:00:45",
        "speaker_tag": 2,
        "start_time": "0:00:44.700000",
        "word": "Mackenzie"
    },
    {
        "end_time": "0:00:45.300000",
        "speaker_tag": 2,
        "start_time": "0:00:45",
        "word": "with"
    },
    {
        "end_time": "0:00:45.500000",
        "speaker_tag": 2,
        "start_time": "0:00:45.300000",
        "word": "his"
    },
    {
        "end_time": "0:00:45.800000",
        "speaker_tag": 2,
        "start_time": "0:00:45.500000",
        "word": "few"
    },
    {
        "end_time": "0:00:46.300000",
        "speaker_tag": 1,
        "start_time": "0:00:45.800000",
        "word": "hours"
    },
    {
        "end_time": "0:00:48.900000",
        "speaker_tag": 1,
        "start_time": "0:00:47.200000",
        "word": "all"
    },
    {
        "end_time": "0:00:49.100000",
        "speaker_tag": 1,
        "start_time": "0:00:48.900000",
        "word": "the"
    },
    {
        "end_time": "0:00:49.300000",
        "speaker_tag": 1,
        "start_time": "0:00:49.100000",
        "word": "way"
    },
    {
        "end_time": "0:00:50.900000",
        "speaker_tag": 1,
        "start_time": "0:00:50.500000",
        "word": "back"
    },
    {
        "end_time": "0:00:52.600000",
        "speaker_tag": 2,
        "start_time": "0:00:50.900000",
        "word": "to"
    },
    {
        "end_time": "0:00:52.700000",
        "speaker_tag": 2,
        "start_time": "0:00:52.600000",
        "word": "Florida"
    },
    {
        "end_time": "0:00:53.300000",
        "speaker_tag": 2,
        "start_time": "0:00:52.700000",
        "word": "and"
    },
    {
        "end_time": "0:00:53.500000",
        "speaker_tag": 2,
        "start_time": "0:00:53.300000",
        "word": "got"
    },
    {
        "end_time": "0:00:53.800000",
        "speaker_tag": 2,
        "start_time": "0:00:53.500000",
        "word": "there"
    },
    {
        "end_time": "0:00:54.100000",
        "speaker_tag": 2,
        "start_time": "0:00:53.800000",
        "word": "and"
    },
    {
        "end_time": "0:00:54.400000",
        "speaker_tag": 2,
        "start_time": "0:00:54.100000",
        "word": "very"
    },
    {
        "end_time": "0:00:54.600000",
        "speaker_tag": 2,
        "start_time": "0:00:54.400000",
        "word": "early"
    },
    {
        "end_time": "0:00:54.700000",
        "speaker_tag": 2,
        "start_time": "0:00:54.600000",
        "word": "in"
    },
    {
        "end_time": "0:00:54.800000",
        "speaker_tag": 2,
        "start_time": "0:00:54.700000",
        "word": "the"
    },
    {
        "end_time": "0:00:56.300000",
        "speaker_tag": 2,
        "start_time": "0:00:54.800000",
        "word": "morning."
    },
    {
        "end_time": "0:00:56.500000",
        "speaker_tag": 2,
        "start_time": "0:00:56.300000",
        "word": "My"
    },
    {
        "end_time": "0:00:56.700000",
        "speaker_tag": 2,
        "start_time": "0:00:56.500000",
        "word": "bra"
    },
    {
        "end_time": "0:00:56.900000",
        "speaker_tag": 2,
        "start_time": "0:00:56.700000",
        "word": "day"
    },
    {
        "end_time": "0:00:57",
        "speaker_tag": 2,
        "start_time": "0:00:56.900000",
        "word": "of"
    },
    {
        "end_time": "0:00:57.100000",
        "speaker_tag": 2,
        "start_time": "0:00:57",
        "word": "the"
    },
    {
        "end_time": "0:00:57.400000",
        "speaker_tag": 2,
        "start_time": "0:00:57.100000",
        "word": "week"
    },
    {
        "end_time": "0:00:57.600000",
        "speaker_tag": 2,
        "start_time": "0:00:57.400000",
        "word": "or"
    },
    {
        "end_time": "0:00:58.200000",
        "speaker_tag": 2,
        "start_time": "0:00:57.600000",
        "word": "anyting"
    },
    {
        "end_time": "0:01:01",
        "speaker_tag": 2,
        "start_time": "0:00:58.200000",
        "word": "in"
    },
    {
        "end_time": "0:01:01.100000",
        "speaker_tag": 2,
        "start_time": "0:01:01",
        "word": "the"
    },
    {
        "end_time": "0:01:01.700000",
        "speaker_tag": 2,
        "start_time": "0:01:01.100000",
        "word": "condo"
    },
    {
        "end_time": "0:01:02.300000",
        "speaker_tag": 2,
        "start_time": "0:01:01.700000",
        "word": "across"
    },
    {
        "end_time": "0:01:02.800000",
        "speaker_tag": 2,
        "start_time": "0:01:02.300000",
        "word": "the"
    },
    {
        "end_time": "0:01:03.600000",
        "speaker_tag": 2,
        "start_time": "0:01:02.800000",
        "word": "Beach"
    },
    {
        "end_time": "0:01:04.800000",
        "speaker_tag": 2,
        "start_time": "0:01:03.600000",
        "word": "Tan"
    },
    {
        "end_time": "0:01:04.900000",
        "speaker_tag": 2,
        "start_time": "0:01:04.800000",
        "word": "Tyler"
    },
    {
        "end_time": "0:01:05.400000",
        "speaker_tag": 2,
        "start_time": "0:01:04.900000",
        "word": "Beach"
    },
    {
        "end_time": "0:01:10.200000",
        "speaker_tag": 2,
        "start_time": "0:01:09.800000",
        "word": "we"
    },
    {
        "end_time": "0:01:10.800000",
        "speaker_tag": 2,
        "start_time": "0:01:10.200000",
        "word": "went"
    },
    {
        "end_time": "0:01:11.100000",
        "speaker_tag": 2,
        "start_time": "0:01:10.800000",
        "word": "snorkeling"
    },
    {
        "end_time": "0:01:11.700000",
        "speaker_tag": 2,
        "start_time": "0:01:11.100000",
        "word": "in"
    },
    {
        "end_time": "0:01:11.900000",
        "speaker_tag": 2,
        "start_time": "0:01:11.700000",
        "word": "the"
    },
    {
        "end_time": "0:01:12.500000",
        "speaker_tag": 2,
        "start_time": "0:01:11.900000",
        "word": "first"
    },
    {
        "end_time": "0:01:12.800000",
        "speaker_tag": 2,
        "start_time": "0:01:12.500000",
        "word": "day"
    },
    {
        "end_time": "0:01:14.700000",
        "speaker_tag": 2,
        "start_time": "0:01:14.300000",
        "word": "I"
    },
    {
        "end_time": "0:01:15.300000",
        "speaker_tag": 2,
        "start_time": "0:01:14.700000",
        "word": "want"
    },
    {
        "end_time": "0:01:15.300000",
        "speaker_tag": 2,
        "start_time": "0:01:15.300000",
        "word": "to"
    },
    {
        "end_time": "0:01:15.500000",
        "speaker_tag": 2,
        "start_time": "0:01:15.300000",
        "word": "go"
    },
    {
        "end_time": "0:01:15.700000",
        "speaker_tag": 2,
        "start_time": "0:01:15.500000",
        "word": "I"
    },
    {
        "end_time": "0:01:16.400000",
        "speaker_tag": 2,
        "start_time": "0:01:15.700000",
        "word": "lost"
    },
    {
        "end_time": "0:01:17.200000",
        "speaker_tag": 2,
        "start_time": "0:01:16.400000",
        "word": "her"
    },
    {
        "end_time": "0:01:17.400000",
        "speaker_tag": 2,
        "start_time": "0:01:17.200000",
        "word": "I'm"
    },
    {
        "end_time": "0:01:17.500000",
        "speaker_tag": 2,
        "start_time": "0:01:17.400000",
        "word": "going"
    },
    {
        "end_time": "0:01:17.500000",
        "speaker_tag": 2,
        "start_time": "0:01:17.500000",
        "word": "to"
    },
    {
        "end_time": "0:01:18.100000",
        "speaker_tag": 2,
        "start_time": "0:01:17.500000",
        "word": "take"
    },
    {
        "end_time": "0:01:18.300000",
        "speaker_tag": 2,
        "start_time": "0:01:18.100000",
        "word": "off"
    },
    {
        "end_time": "0:01:18.400000",
        "speaker_tag": 2,
        "start_time": "0:01:18.300000",
        "word": "that"
    },
    {
        "end_time": "0:01:18.600000",
        "speaker_tag": 2,
        "start_time": "0:01:18.400000",
        "word": "had"
    },
    {
        "end_time": "0:01:18.800000",
        "speaker_tag": 2,
        "start_time": "0:01:18.600000",
        "word": "gotten"
    },
    {
        "end_time": "0:01:19",
        "speaker_tag": 2,
        "start_time": "0:01:18.800000",
        "word": "for"
    },
    {
        "end_time": "0:01:19.200000",
        "speaker_tag": 2,
        "start_time": "0:01:19",
        "word": "that"
    },
    {
        "end_time": "0:01:19.500000",
        "speaker_tag": 2,
        "start_time": "0:01:19.200000",
        "word": "trip"
    },
    {
        "end_time": "0:01:26.500000",
        "speaker_tag": 2,
        "start_time": "0:01:19.500000",
        "word": "and"
    },
    {
        "end_time": "0:01:28",
        "speaker_tag": 2,
        "start_time": "0:01:26.500000",
        "word": "had"
    },
    {
        "end_time": "0:01:29.400000",
        "speaker_tag": 2,
        "start_time": "0:01:28",
        "word": "my"
    },
    {
        "end_time": "0:01:29.600000",
        "speaker_tag": 2,
        "start_time": "0:01:29.400000",
        "word": "hair"
    },
    {
        "end_time": "0:01:29.800000",
        "speaker_tag": 2,
        "start_time": "0:01:29.600000",
        "word": "tie"
    },
    {
        "end_time": "0:01:30.700000",
        "speaker_tag": 2,
        "start_time": "0:01:29.800000",
        "word": "but"
    },
    {
        "end_time": "0:01:30.900000",
        "speaker_tag": 2,
        "start_time": "0:01:30.700000",
        "word": "that"
    },
    {
        "end_time": "0:01:31.100000",
        "speaker_tag": 2,
        "start_time": "0:01:30.900000",
        "word": "too"
    },
    {
        "end_time": "0:01:31.300000",
        "speaker_tag": 2,
        "start_time": "0:01:31.100000",
        "word": "so"
    },
    {
        "end_time": "0:01:31.800000",
        "speaker_tag": 2,
        "start_time": "0:01:31.300000",
        "word": "I"
    },
    {
        "end_time": "0:01:31.900000",
        "speaker_tag": 2,
        "start_time": "0:01:31.800000",
        "word": "had"
    },
    {
        "end_time": "0:01:32",
        "speaker_tag": 2,
        "start_time": "0:01:31.900000",
        "word": "to"
    },
    {
        "end_time": "0:01:32.200000",
        "speaker_tag": 2,
        "start_time": "0:01:32",
        "word": "walk"
    },
    {
        "end_time": "0:01:32.400000",
        "speaker_tag": 2,
        "start_time": "0:01:32.200000",
        "word": "around"
    },
    {
        "end_time": "0:01:32.700000",
        "speaker_tag": 2,
        "start_time": "0:01:32.400000",
        "word": "what"
    },
    {
        "end_time": "0:01:32.800000",
        "speaker_tag": 2,
        "start_time": "0:01:32.700000",
        "word": "are"
    },
    {
        "end_time": "0:01:33.600000",
        "speaker_tag": 2,
        "start_time": "0:01:32.800000",
        "word": "the"
    },
    {
        "end_time": "0:01:33.800000",
        "speaker_tag": 2,
        "start_time": "0:01:33.600000",
        "word": "bathing"
    },
    {
        "end_time": "0:01:34.100000",
        "speaker_tag": 2,
        "start_time": "0:01:33.800000",
        "word": "suit"
    },
    {
        "end_time": "0:01:34.300000",
        "speaker_tag": 2,
        "start_time": "0:01:34.100000",
        "word": "off"
    },
    {
        "end_time": "0:01:34.500000",
        "speaker_tag": 2,
        "start_time": "0:01:34.300000",
        "word": "on"
    },
    {
        "end_time": "0:01:39.400000",
        "speaker_tag": 2,
        "start_time": "0:01:39.200000",
        "word": "yeah"
    },
    {
        "end_time": "0:01:39.500000",
        "speaker_tag": 2,
        "start_time": "0:01:39.400000",
        "word": "I"
    },
    {
        "end_time": "0:01:39.900000",
        "speaker_tag": 2,
        "start_time": "0:01:39.500000",
        "word": "can't"
    },
    {
        "end_time": "0:01:40.100000",
        "speaker_tag": 2,
        "start_time": "0:01:39.900000",
        "word": "remember"
    },
    {
        "end_time": "0:01:40.500000",
        "speaker_tag": 2,
        "start_time": "0:01:40.100000",
        "word": "a"
    },
    {
        "end_time": "0:01:40.800000",
        "speaker_tag": 2,
        "start_time": "0:01:40.500000",
        "word": "lot"
    },
    {
        "end_time": "0:01:41.100000",
        "speaker_tag": 2,
        "start_time": "0:01:40.800000",
        "word": "about"
    },
    {
        "end_time": "0:01:41.400000",
        "speaker_tag": 2,
        "start_time": "0:01:41.100000",
        "word": "a"
    },
    {
        "end_time": "0:01:41.700000",
        "speaker_tag": 2,
        "start_time": "0:01:41.400000",
        "word": "person"
    },
    {
        "end_time": "0:01:41.900000",
        "speaker_tag": 2,
        "start_time": "0:01:41.700000",
        "word": "remember"
    },
    {
        "end_time": "0:01:44.100000",
        "speaker_tag": 2,
        "start_time": "0:01:41.900000",
        "word": "where"
    },
    {
        "end_time": "0:01:44.200000",
        "speaker_tag": 2,
        "start_time": "0:01:44.100000",
        "word": "I"
    },
    {
        "end_time": "0:01:44.500000",
        "speaker_tag": 2,
        "start_time": "0:01:44.200000",
        "word": "forgot"
    },
    {
        "end_time": "0:01:44.600000",
        "speaker_tag": 2,
        "start_time": "0:01:44.500000",
        "word": "where"
    },
    {
        "end_time": "0:01:44.700000",
        "speaker_tag": 2,
        "start_time": "0:01:44.600000",
        "word": "I"
    },
    {
        "end_time": "0:01:44.700000",
        "speaker_tag": 2,
        "start_time": "0:01:44.700000",
        "word": "was"
    },
    {
        "end_time": "0:01:45",
        "speaker_tag": 2,
        "start_time": "0:01:44.700000",
        "word": "going"
    },
    {
        "end_time": "0:01:45",
        "speaker_tag": 2,
        "start_time": "0:01:45",
        "word": "to"
    },
    {
        "end_time": "0:01:45.100000",
        "speaker_tag": 2,
        "start_time": "0:01:45",
        "word": "say"
    },
    {
        "end_time": "0:01:45.200000",
        "speaker_tag": 2,
        "start_time": "0:01:45.100000",
        "word": "because"
    },
    {
        "end_time": "0:01:45.500000",
        "speaker_tag": 2,
        "start_time": "0:01:45.200000",
        "word": "there"
    },
    {
        "end_time": "0:01:45.600000",
        "speaker_tag": 2,
        "start_time": "0:01:45.500000",
        "word": "were"
    },
    {
        "end_time": "0:01:45.700000",
        "speaker_tag": 2,
        "start_time": "0:01:45.600000",
        "word": "a"
    },
    {
        "end_time": "0:01:46.100000",
        "speaker_tag": 2,
        "start_time": "0:01:45.700000",
        "word": "lot"
    },
    {
        "end_time": "0:01:46.200000",
        "speaker_tag": 2,
        "start_time": "0:01:46.100000",
        "word": "of"
    },
    {
        "end_time": "0:01:46.500000",
        "speaker_tag": 2,
        "start_time": "0:01:46.200000",
        "word": "us"
    },
    {
        "end_time": "0:01:46.900000",
        "speaker_tag": 2,
        "start_time": "0:01:46.500000",
        "word": "there"
    },
    {
        "end_time": "0:01:47",
        "speaker_tag": 2,
        "start_time": "0:01:46.900000",
        "word": "are"
    },
    {
        "end_time": "0:01:48.300000",
        "speaker_tag": 2,
        "start_time": "0:01:47",
        "word": "me"
    },
    {
        "end_time": "0:01:48.400000",
        "speaker_tag": 2,
        "start_time": "0:01:48.300000",
        "word": "and"
    },
    {
        "end_time": "0:01:48.700000",
        "speaker_tag": 2,
        "start_time": "0:01:48.400000",
        "word": "Mackenzie"
    },
    {
        "end_time": "0:01:48.900000",
        "speaker_tag": 2,
        "start_time": "0:01:48.700000",
        "word": "her"
    },
    {
        "end_time": "0:01:49.400000",
        "speaker_tag": 2,
        "start_time": "0:01:48.900000",
        "word": "mom"
    },
    {
        "end_time": "0:01:49.600000",
        "speaker_tag": 2,
        "start_time": "0:01:49.400000",
        "word": "her"
    },
    {
        "end_time": "0:01:50.400000",
        "speaker_tag": 2,
        "start_time": "0:01:49.600000",
        "word": "stepdad"
    },
    {
        "end_time": "0:01:51.800000",
        "speaker_tag": 2,
        "start_time": "0:01:51.400000",
        "word": "her"
    },
    {
        "end_time": "0:01:52.200000",
        "speaker_tag": 2,
        "start_time": "0:01:51.800000",
        "word": "two"
    },
    {
        "end_time": "0:01:53.700000",
        "speaker_tag": 2,
        "start_time": "0:01:52.200000",
        "word": "stepsisters"
    },
    {
        "end_time": "0:01:54.500000",
        "speaker_tag": 2,
        "start_time": "0:01:53.700000",
        "word": "her"
    },
    {
        "end_time": "0:01:54.800000",
        "speaker_tag": 2,
        "start_time": "0:01:54.500000",
        "word": "aunt"
    },
    {
        "end_time": "0:01:55.300000",
        "speaker_tag": 2,
        "start_time": "0:01:54.800000",
        "word": "uncle"
    },
    {
        "end_time": "0:01:56.700000",
        "speaker_tag": 1,
        "start_time": "0:01:55.300000",
        "word": "and"
    },
    {
        "end_time": "0:01:56.900000",
        "speaker_tag": 1,
        "start_time": "0:01:56.700000",
        "word": "her"
    },
    {
        "end_time": "0:01:57.400000",
        "speaker_tag": 1,
        "start_time": "0:01:56.900000",
        "word": "cousin"
    },
    {
        "end_time": "0:01:59.500000",
        "speaker_tag": 2,
        "start_time": "0:01:57.400000",
        "word": "bedroom"
    },
    {
        "end_time": "0:02:00.600000",
        "speaker_tag": 2,
        "start_time": "0:01:59.500000",
        "word": "yeah"
    },
    {
        "end_time": "0:02:03.600000",
        "speaker_tag": 2,
        "start_time": "0:02:00.600000",
        "word": "because"
    },
    {
        "end_time": "0:02:03.900000",
        "speaker_tag": 2,
        "start_time": "0:02:03.600000",
        "word": "it"
    },
    {
        "end_time": "0:02:04",
        "speaker_tag": 2,
        "start_time": "0:02:03.900000",
        "word": "up"
    },
    {
        "end_time": "0:02:04.400000",
        "speaker_tag": 2,
        "start_time": "0:02:04",
        "word": "sleeping"
    },
    {
        "end_time": "0:02:04.500000",
        "speaker_tag": 2,
        "start_time": "0:02:04.400000",
        "word": "on"
    },
    {
        "end_time": "0:02:04.600000",
        "speaker_tag": 2,
        "start_time": "0:02:04.500000",
        "word": "a"
    },
    {
        "end_time": "0:02:05.100000",
        "speaker_tag": 2,
        "start_time": "0:02:04.600000",
        "word": "air"
    },
    {
        "end_time": "0:02:05.200000",
        "speaker_tag": 2,
        "start_time": "0:02:05.100000",
        "word": "mattress"
    },
    {
        "end_time": "0:02:05.700000",
        "speaker_tag": 2,
        "start_time": "0:02:05.200000",
        "word": "that"
    },
    {
        "end_time": "0:02:05.900000",
        "speaker_tag": 2,
        "start_time": "0:02:05.700000",
        "word": "we"
    },
    {
        "end_time": "0:02:06",
        "speaker_tag": 2,
        "start_time": "0:02:05.900000",
        "word": "had"
    },
    {
        "end_time": "0:02:06",
        "speaker_tag": 2,
        "start_time": "0:02:06",
        "word": "to"
    },
    {
        "end_time": "0:02:06.300000",
        "speaker_tag": 2,
        "start_time": "0:02:06",
        "word": "get"
    },
    {
        "end_time": "0:02:07.100000",
        "speaker_tag": 2,
        "start_time": "0:02:06.300000",
        "word": "at"
    },
    {
        "end_time": "0:02:07.200000",
        "speaker_tag": 2,
        "start_time": "0:02:07.100000",
        "word": "the"
    },
    {
        "end_time": "0:02:07.300000",
        "speaker_tag": 2,
        "start_time": "0:02:07.200000",
        "word": "store"
    },
    {
        "end_time": "0:02:08.200000",
        "speaker_tag": 2,
        "start_time": "0:02:07.300000",
        "word": "that"
    },
    {
        "end_time": "0:02:08.300000",
        "speaker_tag": 2,
        "start_time": "0:02:08.200000",
        "word": "day"
    },
    {
        "end_time": "0:02:10.400000",
        "speaker_tag": 1,
        "start_time": "0:02:09.900000",
        "word": "and"
    },
    {
        "end_time": "0:02:16",
        "speaker_tag": 2,
        "start_time": "0:02:14.700000",
        "word": "I"
    },
    {
        "end_time": "0:02:16.300000",
        "speaker_tag": 2,
        "start_time": "0:02:16",
        "word": "don't"
    },
    {
        "end_time": "0:02:16.400000",
        "speaker_tag": 2,
        "start_time": "0:02:16.300000",
        "word": "really"
    },
    {
        "end_time": "0:02:16.600000",
        "speaker_tag": 2,
        "start_time": "0:02:16.400000",
        "word": "care"
    },
    {
        "end_time": "0:02:17.100000",
        "speaker_tag": 2,
        "start_time": "0:02:16.600000",
        "word": "umbrella"
    },
    {
        "end_time": "0:02:17.300000",
        "speaker_tag": 2,
        "start_time": "0:02:17.100000",
        "word": "do"
    },
    {
        "end_time": "0:02:17.600000",
        "speaker_tag": 2,
        "start_time": "0:02:17.300000",
        "word": "what"
    },
    {
        "end_time": "0:02:17.800000",
        "speaker_tag": 2,
        "start_time": "0:02:17.600000",
        "word": "we"
    },
    {
        "end_time": "0:02:18",
        "speaker_tag": 2,
        "start_time": "0:02:17.800000",
        "word": "do"
    },
    {
        "end_time": "0:02:18.300000",
        "speaker_tag": 2,
        "start_time": "0:02:18",
        "word": "so"
    },
    {
        "end_time": "0:02:18.500000",
        "speaker_tag": 2,
        "start_time": "0:02:18.300000",
        "word": "long"
    },
    {
        "end_time": "0:02:18.900000",
        "speaker_tag": 2,
        "start_time": "0:02:18.500000",
        "word": "ago"
    },
    {
        "end_time": "0:02:21.400000",
        "speaker_tag": 2,
        "start_time": "0:02:21",
        "word": "oh"
    },
    {
        "end_time": "0:02:21.800000",
        "speaker_tag": 2,
        "start_time": "0:02:21.400000",
        "word": "and"
    },
    {
        "end_time": "0:02:22.200000",
        "speaker_tag": 2,
        "start_time": "0:02:21.800000",
        "word": "then"
    },
    {
        "end_time": "0:02:22.500000",
        "speaker_tag": 2,
        "start_time": "0:02:22.200000",
        "word": "the"
    },
    {
        "end_time": "0:02:22.800000",
        "speaker_tag": 2,
        "start_time": "0:02:22.500000",
        "word": "we"
    },
    {
        "end_time": "0:02:22.900000",
        "speaker_tag": 2,
        "start_time": "0:02:22.800000",
        "word": "went"
    },
    {
        "end_time": "0:02:23",
        "speaker_tag": 2,
        "start_time": "0:02:22.900000",
        "word": "to"
    },
    {
        "end_time": "0:02:23.100000",
        "speaker_tag": 2,
        "start_time": "0:02:23",
        "word": "the"
    },
    {
        "end_time": "0:02:23.300000",
        "speaker_tag": 2,
        "start_time": "0:02:23.100000",
        "word": "beach"
    },
    {
        "end_time": "0:02:23.500000",
        "speaker_tag": 2,
        "start_time": "0:02:23.300000",
        "word": "and"
    },
    {
        "end_time": "0:02:23.700000",
        "speaker_tag": 2,
        "start_time": "0:02:23.500000",
        "word": "I"
    },
    {
        "end_time": "0:02:23.900000",
        "speaker_tag": 2,
        "start_time": "0:02:23.700000",
        "word": "can"
    },
    {
        "end_time": "0:02:24.100000",
        "speaker_tag": 2,
        "start_time": "0:02:23.900000",
        "word": "see"
    },
    {
        "end_time": "0:02:25.500000",
        "speaker_tag": 1,
        "start_time": "0:02:24.100000",
        "word": "and"
    },
    {
        "end_time": "0:02:25.800000",
        "speaker_tag": 2,
        "start_time": "0:02:25.500000",
        "word": "a"
    },
    {
        "end_time": "0:02:26.100000",
        "speaker_tag": 2,
        "start_time": "0:02:25.800000",
        "word": "storm"
    },
    {
        "end_time": "0:02:26.200000",
        "speaker_tag": 2,
        "start_time": "0:02:26.100000",
        "word": "I"
    },
    {
        "end_time": "0:02:26.400000",
        "speaker_tag": 2,
        "start_time": "0:02:26.200000",
        "word": "just"
    },
    {
        "end_time": "0:02:26.800000",
        "speaker_tag": 2,
        "start_time": "0:02:26.400000",
        "word": "passed"
    },
    {
        "end_time": "0:02:27",
        "speaker_tag": 2,
        "start_time": "0:02:26.800000",
        "word": "so"
    },
    {
        "end_time": "0:02:27.100000",
        "speaker_tag": 2,
        "start_time": "0:02:27",
        "word": "there"
    },
    {
        "end_time": "0:02:27.200000",
        "speaker_tag": 2,
        "start_time": "0:02:27.100000",
        "word": "was"
    },
    {
        "end_time": "0:02:27.300000",
        "speaker_tag": 2,
        "start_time": "0:02:27.200000",
        "word": "a"
    },
    {
        "end_time": "0:02:27.500000",
        "speaker_tag": 2,
        "start_time": "0:02:27.300000",
        "word": "lot"
    },
    {
        "end_time": "0:02:27.600000",
        "speaker_tag": 2,
        "start_time": "0:02:27.500000",
        "word": "of"
    },
    {
        "end_time": "0:02:28.100000",
        "speaker_tag": 2,
        "start_time": "0:02:27.600000",
        "word": "dead"
    },
    {
        "end_time": "0:02:28.600000",
        "speaker_tag": 2,
        "start_time": "0:02:28.100000",
        "word": "jellyfish"
    },
    {
        "end_time": "0:02:29.700000",
        "speaker_tag": 2,
        "start_time": "0:02:28.600000",
        "word": "on"
    },
    {
        "end_time": "0:02:29.800000",
        "speaker_tag": 2,
        "start_time": "0:02:29.700000",
        "word": "the"
    },
    {
        "end_time": "0:02:29.900000",
        "speaker_tag": 2,
        "start_time": "0:02:29.800000",
        "word": "beach"
    },
    {
        "end_time": "0:02:30.500000",
        "speaker_tag": 2,
        "start_time": "0:02:29.900000",
        "word": "in"
    },
    {
        "end_time": "0:02:33.500000",
        "speaker_tag": 2,
        "start_time": "0:02:30.500000",
        "word": "like"
    },
    {
        "end_time": "0:02:33.600000",
        "speaker_tag": 2,
        "start_time": "0:02:33.500000",
        "word": "a"
    },
    {
        "end_time": "0:02:33.900000",
        "speaker_tag": 2,
        "start_time": "0:02:33.600000",
        "word": "little"
    },
    {
        "end_time": "0:02:34",
        "speaker_tag": 2,
        "start_time": "0:02:33.900000",
        "word": "kid"
    },
    {
        "end_time": "0:02:34.300000",
        "speaker_tag": 2,
        "start_time": "0:02:34",
        "word": "started"
    },
    {
        "end_time": "0:02:34.500000",
        "speaker_tag": 2,
        "start_time": "0:02:34.300000",
        "word": "like"
    },
    {
        "end_time": "0:02:35.100000",
        "speaker_tag": 2,
        "start_time": "0:02:34.500000",
        "word": "following"
    },
    {
        "end_time": "0:02:35.600000",
        "speaker_tag": 2,
        "start_time": "0:02:35.100000",
        "word": "suit"
    },
    {
        "end_time": "0:02:36.700000",
        "speaker_tag": 2,
        "start_time": "0:02:35.600000",
        "word": "and"
    },
    {
        "end_time": "0:02:36.900000",
        "speaker_tag": 2,
        "start_time": "0:02:36.700000",
        "word": "one"
    },
    {
        "end_time": "0:02:37.100000",
        "speaker_tag": 2,
        "start_time": "0:02:36.900000",
        "word": "of"
    },
    {
        "end_time": "0:02:37.300000",
        "speaker_tag": 2,
        "start_time": "0:02:37.100000",
        "word": "them"
    },
    {
        "end_time": "0:02:45.100000",
        "speaker_tag": 2,
        "start_time": "0:02:37.300000",
        "word": "are"
    },
    {
        "end_time": "0:02:45.300000",
        "speaker_tag": 2,
        "start_time": "0:02:45.100000",
        "word": "at"
    },
    {
        "end_time": "0:02:45.700000",
        "speaker_tag": 2,
        "start_time": "0:02:45.300000",
        "word": "teaching"
    },
    {
        "end_time": "0:02:50.100000",
        "speaker_tag": 2,
        "start_time": "0:02:49.200000",
        "word": "not"
    },
    {
        "end_time": "0:02:50.700000",
        "speaker_tag": 2,
        "start_time": "0:02:50.100000",
        "word": "and"
    },
    {
        "end_time": "0:02:51.400000",
        "speaker_tag": 2,
        "start_time": "0:02:50.700000",
        "word": "then"
    },
    {
        "end_time": "0:02:52.800000",
        "speaker_tag": 2,
        "start_time": "0:02:51.400000",
        "word": "that's"
    },
    {
        "end_time": "0:02:52.800000",
        "speaker_tag": 2,
        "start_time": "0:02:52.800000",
        "word": "why"
    },
    {
        "end_time": "0:02:52.900000",
        "speaker_tag": 2,
        "start_time": "0:02:52.800000",
        "word": "I"
    },
    {
        "end_time": "0:02:53.200000",
        "speaker_tag": 2,
        "start_time": "0:02:52.900000",
        "word": "tried"
    },
    {
        "end_time": "0:02:53.300000",
        "speaker_tag": 2,
        "start_time": "0:02:53.200000",
        "word": "my"
    },
    {
        "end_time": "0:02:53.600000",
        "speaker_tag": 2,
        "start_time": "0:02:53.300000",
        "word": "fresh"
    },
    {
        "end_time": "0:02:54.500000",
        "speaker_tag": 2,
        "start_time": "0:02:53.600000",
        "word": "virgin"
    },
    {
        "end_time": "0:02:54.600000",
        "speaker_tag": 2,
        "start_time": "0:02:54.500000",
        "word": "strawberry"
    },
    {
        "end_time": "0:02:54.900000",
        "speaker_tag": 2,
        "start_time": "0:02:54.600000",
        "word": "daiquiri"
    },
    {
        "end_time": "0:03:02.200000",
        "speaker_tag": 2,
        "start_time": "0:02:54.900000",
        "word": "the"
    },
    {
        "end_time": "0:03:02.700000",
        "speaker_tag": 2,
        "start_time": "0:03:02.200000",
        "word": "last"
    },
    {
        "end_time": "0:03:02.800000",
        "speaker_tag": 2,
        "start_time": "0:03:02.700000",
        "word": "day"
    },
    {
        "end_time": "0:03:02.900000",
        "speaker_tag": 2,
        "start_time": "0:03:02.800000",
        "word": "to"
    },
    {
        "end_time": "0:03:03.100000",
        "speaker_tag": 2,
        "start_time": "0:03:02.900000",
        "word": "remember"
    },
    {
        "end_time": "0:03:03.500000",
        "speaker_tag": 2,
        "start_time": "0:03:03.100000",
        "word": "it"
    },
    {
        "end_time": "0:03:03.600000",
        "speaker_tag": 2,
        "start_time": "0:03:03.500000",
        "word": "was"
    },
    {
        "end_time": "0:03:04.100000",
        "speaker_tag": 2,
        "start_time": "0:03:03.600000",
        "word": "storming"
    },
    {
        "end_time": "0:03:04.300000",
        "speaker_tag": 2,
        "start_time": "0:03:04.100000",
        "word": "really"
    },
    {
        "end_time": "0:03:04.500000",
        "speaker_tag": 2,
        "start_time": "0:03:04.300000",
        "word": "bad"
    },
    {
        "end_time": "0:03:05.600000",
        "speaker_tag": 2,
        "start_time": "0:03:04.500000",
        "word": "it"
    },
    {
        "end_time": "0:03:05.700000",
        "speaker_tag": 2,
        "start_time": "0:03:05.600000",
        "word": "was"
    },
    {
        "end_time": "0:03:06.100000",
        "speaker_tag": 2,
        "start_time": "0:03:05.700000",
        "word": "raining"
    },
    {
        "end_time": "0:03:06.800000",
        "speaker_tag": 2,
        "start_time": "0:03:06.100000",
        "word": "who"
    },
    {
        "end_time": "0:03:07",
        "speaker_tag": 2,
        "start_time": "0:03:06.800000",
        "word": "can"
    },
    {
        "end_time": "0:03:07.100000",
        "speaker_tag": 2,
        "start_time": "0:03:07",
        "word": "do"
    },
    {
        "end_time": "0:03:07.200000",
        "speaker_tag": 2,
        "start_time": "0:03:07.100000",
        "word": "anything"
    },
    {
        "end_time": "0:03:07.500000",
        "speaker_tag": 2,
        "start_time": "0:03:07.200000",
        "word": "but"
    },
    {
        "end_time": "0:03:07.600000",
        "speaker_tag": 2,
        "start_time": "0:03:07.500000",
        "word": "me"
    },
    {
        "end_time": "0:03:07.800000",
        "speaker_tag": 2,
        "start_time": "0:03:07.600000",
        "word": "and"
    },
    {
        "end_time": "0:03:07.800000",
        "speaker_tag": 2,
        "start_time": "0:03:07.800000",
        "word": "you"
    },
    {
        "end_time": "0:03:08",
        "speaker_tag": 2,
        "start_time": "0:03:07.800000",
        "word": "and"
    },
    {
        "end_time": "0:03:08.400000",
        "speaker_tag": 2,
        "start_time": "0:03:08",
        "word": "McKenzie"
    },
    {
        "end_time": "0:03:08.600000",
        "speaker_tag": 2,
        "start_time": "0:03:08.400000",
        "word": "you"
    },
    {
        "end_time": "0:03:08.900000",
        "speaker_tag": 2,
        "start_time": "0:03:08.600000",
        "word": "still"
    },
    {
        "end_time": "0:03:09.200000",
        "speaker_tag": 2,
        "start_time": "0:03:08.900000",
        "word": "went"
    },
    {
        "end_time": "0:03:09.400000",
        "speaker_tag": 2,
        "start_time": "0:03:09.200000",
        "word": "and"
    },
    {
        "end_time": "0:03:10",
        "speaker_tag": 2,
        "start_time": "0:03:09.400000",
        "word": "swam"
    },
    {
        "end_time": "0:03:10.400000",
        "speaker_tag": 2,
        "start_time": "0:03:10",
        "word": "we're"
    },
    {
        "end_time": "0:03:10.500000",
        "speaker_tag": 2,
        "start_time": "0:03:10.400000",
        "word": "the"
    },
    {
        "end_time": "0:03:10.600000",
        "speaker_tag": 2,
        "start_time": "0:03:10.500000",
        "word": "only"
    },
    {
        "end_time": "0:03:10.700000",
        "speaker_tag": 2,
        "start_time": "0:03:10.600000",
        "word": "ones"
    },
    {
        "end_time": "0:03:10.900000",
        "speaker_tag": 2,
        "start_time": "0:03:10.700000",
        "word": "on"
    },
    {
        "end_time": "0:03:10.900000",
        "speaker_tag": 2,
        "start_time": "0:03:10.900000",
        "word": "the"
    },
    {
        "end_time": "0:03:11.300000",
        "speaker_tag": 2,
        "start_time": "0:03:10.900000",
        "word": "beach"
    },
    {
        "end_time": "0:03:12",
        "speaker_tag": 2,
        "start_time": "0:03:11.300000",
        "word": "if"
    },
    {
        "end_time": "0:03:12.400000",
        "speaker_tag": 2,
        "start_time": "0:03:12",
        "word": "nose"
    },
    {
        "end_time": "0:03:12.600000",
        "speaker_tag": 2,
        "start_time": "0:03:12.400000",
        "word": "like"
    },
    {
        "end_time": "0:03:13",
        "speaker_tag": 2,
        "start_time": "0:03:12.600000",
        "word": "storming"
    },
    {
        "end_time": "0:03:13.300000",
        "speaker_tag": 2,
        "start_time": "0:03:13",
        "word": "really"
    },
    {
        "end_time": "0:03:13.700000",
        "speaker_tag": 2,
        "start_time": "0:03:13.300000",
        "word": "bad"
    },
    {
        "end_time": "0:03:15.500000",
        "speaker_tag": 1,
        "start_time": "0:03:13.700000",
        "word": "and"
    },
    {
        "end_time": "0:03:16.300000",
        "speaker_tag": 1,
        "start_time": "0:03:15.500000",
        "word": "almost"
    },
    {
        "end_time": "0:03:16.400000",
        "speaker_tag": 1,
        "start_time": "0:03:16.300000",
        "word": "drowned"
    },
    {
        "end_time": "0:03:18.800000",
        "speaker_tag": 2,
        "start_time": "0:03:18.400000",
        "word": "and"
    },
    {
        "end_time": "0:03:19.300000",
        "speaker_tag": 2,
        "start_time": "0:03:18.800000",
        "word": "then"
    },
    {
        "end_time": "0:03:20.300000",
        "speaker_tag": 2,
        "start_time": "0:03:19.300000",
        "word": "we"
    },
    {
        "end_time": "0:03:20.500000",
        "speaker_tag": 2,
        "start_time": "0:03:20.300000",
        "word": "drove"
    },
    {
        "end_time": "0:03:21",
        "speaker_tag": 2,
        "start_time": "0:03:20.500000",
        "word": "back"
    },
    {
        "end_time": "0:03:21.600000",
        "speaker_tag": 2,
        "start_time": "0:03:21",
        "word": "and"
    },
    {
        "end_time": "0:03:21.700000",
        "speaker_tag": 2,
        "start_time": "0:03:21.600000",
        "word": "I"
    },
    {
        "end_time": "0:03:23.800000",
        "speaker_tag": 1,
        "start_time": "0:03:22.100000",
        "word": "the"
    },
    {
        "end_time": "0:03:24",
        "speaker_tag": 1,
        "start_time": "0:03:23.800000",
        "word": "whole"
    },
    {
        "end_time": "0:03:24.500000",
        "speaker_tag": 2,
        "start_time": "0:03:24",
        "word": "trip."
    },
    {
        "end_time": "0:03:24.600000",
        "speaker_tag": 2,
        "start_time": "0:03:24.500000",
        "word": "I"
    },
    {
        "end_time": "0:03:25",
        "speaker_tag": 2,
        "start_time": "0:03:24.600000",
        "word": "remember"
    },
    {
        "end_time": "0:03:25.600000",
        "speaker_tag": 2,
        "start_time": "0:03:25",
        "word": "like"
    },
    {
        "end_time": "0:03:26.700000",
        "speaker_tag": 2,
        "start_time": "0:03:26.700000",
        "word": "I"
    },
    {
        "end_time": "0:03:27.300000",
        "speaker_tag": 2,
        "start_time": "0:03:26.700000",
        "word": "got"
    },
    {
        "end_time": "0:03:27.800000",
        "speaker_tag": 2,
        "start_time": "0:03:27.300000",
        "word": "a"
    },
    {
        "end_time": "0:03:28.200000",
        "speaker_tag": 2,
        "start_time": "0:03:27.800000",
        "word": "hold"
    },
    {
        "end_time": "0:03:28.200000",
        "speaker_tag": 2,
        "start_time": "0:03:28.200000",
        "word": "of"
    },
    {
        "end_time": "0:03:28.800000",
        "speaker_tag": 2,
        "start_time": "0:03:28.200000",
        "word": "so"
    },
    {
        "end_time": "0:03:29",
        "speaker_tag": 2,
        "start_time": "0:03:28.800000",
        "word": "long"
    },
    {
        "end_time": "0:03:29.300000",
        "speaker_tag": 2,
        "start_time": "0:03:29",
        "word": "ago"
    },
    {
        "end_time": "0:03:29.800000",
        "speaker_tag": 2,
        "start_time": "0:03:29.300000",
        "word": "yeah"
    },
    {
        "end_time": "0:03:41.400000",
        "speaker_tag": 2,
        "start_time": "0:03:39.300000",
        "word": "please"
    },
    {
        "end_time": "0:03:41.700000",
        "speaker_tag": 2,
        "start_time": "0:03:41.400000",
        "word": "explain"
    },
    {
        "end_time": "0:03:42",
        "speaker_tag": 2,
        "start_time": "0:03:41.700000",
        "word": "how"
    },
    {
        "end_time": "0:03:42.100000",
        "speaker_tag": 2,
        "start_time": "0:03:42",
        "word": "you"
    },
    {
        "end_time": "0:03:42.200000",
        "speaker_tag": 2,
        "start_time": "0:03:42.100000",
        "word": "would"
    },
    {
        "end_time": "0:03:42.300000",
        "speaker_tag": 2,
        "start_time": "0:03:42.200000",
        "word": "make"
    },
    {
        "end_time": "0:03:42.500000",
        "speaker_tag": 2,
        "start_time": "0:03:42.300000",
        "word": "the"
    },
    {
        "end_time": "0:03:42.700000",
        "speaker_tag": 2,
        "start_time": "0:03:42.500000",
        "word": "following"
    },
    {
        "end_time": "0:03:42.800000",
        "speaker_tag": 2,
        "start_time": "0:03:42.700000",
        "word": "you"
    },
    {
        "end_time": "0:03:43.200000",
        "speaker_tag": 2,
        "start_time": "0:03:42.800000",
        "word": "step-by-step"
    },
    {
        "end_time": "0:03:43.800000",
        "speaker_tag": 2,
        "start_time": "0:03:43.200000",
        "word": "a"
    },
    {
        "end_time": "0:03:44",
        "speaker_tag": 2,
        "start_time": "0:03:43.800000",
        "word": "cup"
    },
    {
        "end_time": "0:03:44.100000",
        "speaker_tag": 2,
        "start_time": "0:03:44",
        "word": "of"
    },
    {
        "end_time": "0:03:44.300000",
        "speaker_tag": 2,
        "start_time": "0:03:44.100000",
        "word": "coffee"
    },
    {
        "end_time": "0:03:45",
        "speaker_tag": 2,
        "start_time": "0:03:44.300000",
        "word": "scrambled"
    },
    {
        "end_time": "0:03:45.300000",
        "speaker_tag": 2,
        "start_time": "0:03:45",
        "word": "eggs"
    },
    {
        "end_time": "0:03:45.400000",
        "speaker_tag": 2,
        "start_time": "0:03:45.300000",
        "word": "and"
    },
    {
        "end_time": "0:03:45.500000",
        "speaker_tag": 2,
        "start_time": "0:03:45.400000",
        "word": "a"
    },
    {
        "end_time": "0:03:45.700000",
        "speaker_tag": 2,
        "start_time": "0:03:45.500000",
        "word": "bowl"
    },
    {
        "end_time": "0:03:45.700000",
        "speaker_tag": 2,
        "start_time": "0:03:45.700000",
        "word": "of"
    },
    {
        "end_time": "0:03:46.100000",
        "speaker_tag": 2,
        "start_time": "0:03:45.700000",
        "word": "fruit"
    },
    {
        "end_time": "0:03:53.300000",
        "speaker_tag": 2,
        "start_time": "0:03:46.100000",
        "word": "coffee"
    },
    {
        "end_time": "0:03:54",
        "speaker_tag": 2,
        "start_time": "0:03:53.300000",
        "word": "eggs"
    },
    {
        "end_time": "0:03:54.200000",
        "speaker_tag": 2,
        "start_time": "0:03:54",
        "word": "and"
    },
    {
        "end_time": "0:03:54.300000",
        "speaker_tag": 2,
        "start_time": "0:03:54.200000",
        "word": "oatmeal"
    },
    {
        "end_time": "0:03:55.500000",
        "speaker_tag": 2,
        "start_time": "0:03:54.300000",
        "word": "coffee"
    },
    {
        "end_time": "0:03:56",
        "speaker_tag": 2,
        "start_time": "0:03:55.500000",
        "word": "eggs"
    },
    {
        "end_time": "0:03:56.700000",
        "speaker_tag": 2,
        "start_time": "0:03:56",
        "word": "and"
    },
    {
        "end_time": "0:03:56.900000",
        "speaker_tag": 2,
        "start_time": "0:03:56.700000",
        "word": "the"
    },
    {
        "end_time": "0:03:58",
        "speaker_tag": 2,
        "start_time": "0:03:56.900000",
        "word": "crew"
    },
    {
        "end_time": "0:04:06.500000",
        "speaker_tag": 2,
        "start_time": "0:04:05.700000",
        "word": "Luther"
    },
    {
        "end_time": "0:04:06.700000",
        "speaker_tag": 2,
        "start_time": "0:04:06.500000",
        "word": "the"
    },
    {
        "end_time": "0:04:07.200000",
        "speaker_tag": 2,
        "start_time": "0:04:06.700000",
        "word": "coffee"
    },
    {
        "end_time": "0:04:07.400000",
        "speaker_tag": 2,
        "start_time": "0:04:07.200000",
        "word": "which"
    },
    {
        "end_time": "0:04:07.600000",
        "speaker_tag": 2,
        "start_time": "0:04:07.400000",
        "word": "would"
    },
    {
        "end_time": "0:04:07.800000",
        "speaker_tag": 2,
        "start_time": "0:04:07.600000",
        "word": "probably"
    },
    {
        "end_time": "0:04:08.500000",
        "speaker_tag": 2,
        "start_time": "0:04:07.800000",
        "word": "take"
    },
    {
        "end_time": "0:04:09.500000",
        "speaker_tag": 2,
        "start_time": "0:04:08.500000",
        "word": "however"
    },
    {
        "end_time": "0:04:09.700000",
        "speaker_tag": 2,
        "start_time": "0:04:09.500000",
        "word": "much"
    },
    {
        "end_time": "0:04:10.500000",
        "speaker_tag": 2,
        "start_time": "0:04:09.700000",
        "word": "water"
    },
    {
        "end_time": "0:04:10.900000",
        "speaker_tag": 2,
        "start_time": "0:04:10.500000",
        "word": "I"
    },
    {
        "end_time": "0:04:11.200000",
        "speaker_tag": 2,
        "start_time": "0:04:10.900000",
        "word": "forgot"
    },
    {
        "end_time": "0:04:12.100000",
        "speaker_tag": 2,
        "start_time": "0:04:11.200000",
        "word": "my"
    },
    {
        "end_time": "0:04:12.300000",
        "speaker_tag": 2,
        "start_time": "0:04:12.100000",
        "word": "shirt"
    },
    {
        "end_time": "0:04:12.500000",
        "speaker_tag": 2,
        "start_time": "0:04:12.300000",
        "word": "with"
    },
    {
        "end_time": "0:04:18.600000",
        "speaker_tag": 2,
        "start_time": "0:04:12.500000",
        "word": "skip"
    },
    {
        "end_time": "0:04:18.700000",
        "speaker_tag": 2,
        "start_time": "0:04:18.600000",
        "word": "the"
    },
    {
        "end_time": "0:04:19.200000",
        "speaker_tag": 2,
        "start_time": "0:04:18.700000",
        "word": "coffee"
    },
    {
        "end_time": "0:04:19.500000",
        "speaker_tag": 2,
        "start_time": "0:04:19.200000",
        "word": "how"
    },
    {
        "end_time": "0:04:19.600000",
        "speaker_tag": 2,
        "start_time": "0:04:19.500000",
        "word": "much"
    },
    {
        "end_time": "0:04:19.800000",
        "speaker_tag": 2,
        "start_time": "0:04:19.600000",
        "word": "you"
    },
    {
        "end_time": "0:04:20.100000",
        "speaker_tag": 2,
        "start_time": "0:04:19.800000",
        "word": "want"
    },
    {
        "end_time": "0:04:20.400000",
        "speaker_tag": 2,
        "start_time": "0:04:20.100000",
        "word": "usually"
    },
    {
        "end_time": "0:04:20.500000",
        "speaker_tag": 2,
        "start_time": "0:04:20.400000",
        "word": "it's"
    },
    {
        "end_time": "0:04:20.600000",
        "speaker_tag": 2,
        "start_time": "0:04:20.500000",
        "word": "about"
    },
    {
        "end_time": "0:04:21.100000",
        "speaker_tag": 2,
        "start_time": "0:04:20.600000",
        "word": "extinct"
    },
    {
        "end_time": "0:04:21.500000",
        "speaker_tag": 2,
        "start_time": "0:04:21.100000",
        "word": "5c"
    },
    {
        "end_time": "0:04:23.700000",
        "speaker_tag": 2,
        "start_time": "0:04:23.300000",
        "word": "and"
    },
    {
        "end_time": "0:04:24.100000",
        "speaker_tag": 2,
        "start_time": "0:04:23.700000",
        "word": "then"
    },
    {
        "end_time": "0:04:24.400000",
        "speaker_tag": 2,
        "start_time": "0:04:24.100000",
        "word": "you"
    },
    {
        "end_time": "0:04:24.700000",
        "speaker_tag": 2,
        "start_time": "0:04:24.400000",
        "word": "start"
    },
    {
        "end_time": "0:04:24.900000",
        "speaker_tag": 2,
        "start_time": "0:04:24.700000",
        "word": "it"
    },
    {
        "end_time": "0:04:25.100000",
        "speaker_tag": 2,
        "start_time": "0:04:24.900000",
        "word": "and"
    },
    {
        "end_time": "0:04:25.300000",
        "speaker_tag": 2,
        "start_time": "0:04:25.100000",
        "word": "takes"
    },
    {
        "end_time": "0:04:25.400000",
        "speaker_tag": 2,
        "start_time": "0:04:25.300000",
        "word": "about"
    },
    {
        "end_time": "0:04:25.600000",
        "speaker_tag": 2,
        "start_time": "0:04:25.400000",
        "word": "a"
    },
    {
        "end_time": "0:04:25.700000",
        "speaker_tag": 2,
        "start_time": "0:04:25.600000",
        "word": "few"
    },
    {
        "end_time": "0:04:25.800000",
        "speaker_tag": 2,
        "start_time": "0:04:25.700000",
        "word": "minutes"
    },
    {
        "end_time": "0:04:26.100000",
        "speaker_tag": 2,
        "start_time": "0:04:25.800000",
        "word": "I'll"
    },
    {
        "end_time": "0:04:26.200000",
        "speaker_tag": 2,
        "start_time": "0:04:26.100000",
        "word": "start"
    },
    {
        "end_time": "0:04:26.500000",
        "speaker_tag": 2,
        "start_time": "0:04:26.200000",
        "word": "back"
    },
    {
        "end_time": "0:04:26.700000",
        "speaker_tag": 2,
        "start_time": "0:04:26.500000",
        "word": "to"
    },
    {
        "end_time": "0:04:27",
        "speaker_tag": 2,
        "start_time": "0:04:26.700000",
        "word": "takes"
    },
    {
        "end_time": "0:04:27",
        "speaker_tag": 2,
        "start_time": "0:04:27",
        "word": "a"
    },
    {
        "end_time": "0:04:27.200000",
        "speaker_tag": 2,
        "start_time": "0:04:27",
        "word": "few"
    },
    {
        "end_time": "0:04:27.200000",
        "speaker_tag": 2,
        "start_time": "0:04:27.200000",
        "word": "minutes"
    },
    {
        "end_time": "0:04:28.100000",
        "speaker_tag": 2,
        "start_time": "0:04:27.200000",
        "word": "and"
    },
    {
        "end_time": "0:04:28.700000",
        "speaker_tag": 2,
        "start_time": "0:04:28.100000",
        "word": "then"
    },
    {
        "end_time": "0:04:30.600000",
        "speaker_tag": 2,
        "start_time": "0:04:28.700000",
        "word": "I"
    },
    {
        "end_time": "0:04:31.200000",
        "speaker_tag": 2,
        "start_time": "0:04:30.600000",
        "word": "would"
    },
    {
        "end_time": "0:04:32.700000",
        "speaker_tag": 1,
        "start_time": "0:04:32.100000",
        "word": "get"
    },
    {
        "end_time": "0:04:33.400000",
        "speaker_tag": 1,
        "start_time": "0:04:32.700000",
        "word": "a"
    },
    {
        "end_time": "0:04:34.400000",
        "speaker_tag": 1,
        "start_time": "0:04:33.400000",
        "word": "bag"
    },
    {
        "end_time": "0:04:35.200000",
        "speaker_tag": 2,
        "start_time": "0:04:34.400000",
        "word": "out"
    },
    {
        "end_time": "0:04:35.200000",
        "speaker_tag": 2,
        "start_time": "0:04:35.200000",
        "word": "of"
    },
    {
        "end_time": "0:04:35.300000",
        "speaker_tag": 2,
        "start_time": "0:04:35.200000",
        "word": "the"
    },
    {
        "end_time": "0:04:35.800000",
        "speaker_tag": 2,
        "start_time": "0:04:35.300000",
        "word": "fridge"
    },
    {
        "end_time": "0:04:37.100000",
        "speaker_tag": 2,
        "start_time": "0:04:35.800000",
        "word": "and"
    },
    {
        "end_time": "0:04:38.800000",
        "speaker_tag": 2,
        "start_time": "0:04:37.100000",
        "word": "Emily"
    },
    {
        "end_time": "0:04:40.500000",
        "speaker_tag": 2,
        "start_time": "0:04:38.800000",
        "word": "and"
    },
    {
        "end_time": "0:04:44.200000",
        "speaker_tag": 2,
        "start_time": "0:04:40.500000",
        "word": "the"
    },
    {
        "end_time": "0:04:47.100000",
        "speaker_tag": 2,
        "start_time": "0:04:44.200000",
        "word": "fort"
    },
    {
        "end_time": "0:04:47.400000",
        "speaker_tag": 2,
        "start_time": "0:04:47.100000",
        "word": "until"
    },
    {
        "end_time": "0:04:47.700000",
        "speaker_tag": 2,
        "start_time": "0:04:47.400000",
        "word": "like"
    },
    {
        "end_time": "0:04:48.300000",
        "speaker_tag": 2,
        "start_time": "0:04:47.700000",
        "word": "Bianca's"
    },
    {
        "end_time": "0:04:49",
        "speaker_tag": 2,
        "start_time": "0:04:48.300000",
        "word": "resolved"
    },
    {
        "end_time": "0:04:49.200000",
        "speaker_tag": 2,
        "start_time": "0:04:49",
        "word": "with"
    },
    {
        "end_time": "0:04:49.800000",
        "speaker_tag": 1,
        "start_time": "0:04:49.200000",
        "word": "the"
    },
    {
        "end_time": "0:04:50",
        "speaker_tag": 1,
        "start_time": "0:04:49.800000",
        "word": "other"
    },
    {
        "end_time": "0:04:50.300000",
        "speaker_tag": 1,
        "start_time": "0:04:50",
        "word": "part"
    },
    {
        "end_time": "0:04:51.600000",
        "speaker_tag": 1,
        "start_time": "0:04:50.300000",
        "word": "and"
    },
    {
        "end_time": "0:04:56.400000",
        "speaker_tag": 2,
        "start_time": "0:04:51.600000",
        "word": "then"
    },
    {
        "end_time": "0:04:56.800000",
        "speaker_tag": 2,
        "start_time": "0:04:56.400000",
        "word": "pour"
    },
    {
        "end_time": "0:04:56.900000",
        "speaker_tag": 2,
        "start_time": "0:04:56.800000",
        "word": "it"
    },
    {
        "end_time": "0:04:57.200000",
        "speaker_tag": 2,
        "start_time": "0:04:56.900000",
        "word": "into"
    },
    {
        "end_time": "0:04:58.400000",
        "speaker_tag": 2,
        "start_time": "0:04:57.200000",
        "word": "pan"
    },
    {
        "end_time": "0:04:59.300000",
        "speaker_tag": 2,
        "start_time": "0:04:58.400000",
        "word": "and"
    },
    {
        "end_time": "0:04:59.500000",
        "speaker_tag": 2,
        "start_time": "0:04:59.300000",
        "word": "just"
    },
    {
        "end_time": "0:04:59.700000",
        "speaker_tag": 2,
        "start_time": "0:04:59.500000",
        "word": "keep"
    },
    {
        "end_time": "0:04:59.900000",
        "speaker_tag": 2,
        "start_time": "0:04:59.700000",
        "word": "on"
    },
    {
        "end_time": "0:05:00.600000",
        "speaker_tag": 2,
        "start_time": "0:04:59.900000",
        "word": "mixing"
    },
    {
        "end_time": "0:05:00.700000",
        "speaker_tag": 2,
        "start_time": "0:05:00.600000",
        "word": "it"
    },
    {
        "end_time": "0:05:00.800000",
        "speaker_tag": 2,
        "start_time": "0:05:00.700000",
        "word": "with"
    },
    {
        "end_time": "0:05:00.900000",
        "speaker_tag": 2,
        "start_time": "0:05:00.800000",
        "word": "a"
    },
    {
        "end_time": "0:05:01.100000",
        "speaker_tag": 2,
        "start_time": "0:05:00.900000",
        "word": "spatula"
    },
    {
        "end_time": "0:05:02",
        "speaker_tag": 2,
        "start_time": "0:05:01.100000",
        "word": "until"
    },
    {
        "end_time": "0:05:02.200000",
        "speaker_tag": 2,
        "start_time": "0:05:02",
        "word": "it's"
    },
    {
        "end_time": "0:05:02.700000",
        "speaker_tag": 2,
        "start_time": "0:05:02.200000",
        "word": "scrambled"
    },
    {
        "end_time": "0:05:03.600000",
        "speaker_tag": 2,
        "start_time": "0:05:02.700000",
        "word": "and"
    },
    {
        "end_time": "0:05:04",
        "speaker_tag": 2,
        "start_time": "0:05:03.600000",
        "word": "then"
    },
    {
        "end_time": "0:05:04.200000",
        "speaker_tag": 2,
        "start_time": "0:05:04",
        "word": "you"
    },
    {
        "end_time": "0:05:04.400000",
        "speaker_tag": 2,
        "start_time": "0:05:04.200000",
        "word": "can"
    },
    {
        "end_time": "0:05:04.500000",
        "speaker_tag": 2,
        "start_time": "0:05:04.400000",
        "word": "have"
    },
    {
        "end_time": "0:05:04.900000",
        "speaker_tag": 2,
        "start_time": "0:05:04.500000",
        "word": "cheese"
    },
    {
        "end_time": "0:05:07.500000",
        "speaker_tag": 2,
        "start_time": "0:05:07",
        "word": "and"
    },
    {
        "end_time": "0:05:07.800000",
        "speaker_tag": 2,
        "start_time": "0:05:07.500000",
        "word": "then"
    },
    {
        "end_time": "0:05:08.300000",
        "speaker_tag": 2,
        "start_time": "0:05:07.800000",
        "word": "horrible"
    },
    {
        "end_time": "0:05:09",
        "speaker_tag": 2,
        "start_time": "0:05:08.300000",
        "word": "freak"
    },
    {
        "end_time": "0:05:09.500000",
        "speaker_tag": 2,
        "start_time": "0:05:09",
        "word": "I"
    },
    {
        "end_time": "0:05:10.500000",
        "speaker_tag": 2,
        "start_time": "0:05:09.500000",
        "word": "would"
    },
    {
        "end_time": "0:05:12",
        "speaker_tag": 1,
        "start_time": "0:05:10.500000",
        "word": "get"
    },
    {
        "end_time": "0:05:12.400000",
        "speaker_tag": 2,
        "start_time": "0:05:12",
        "word": "a"
    },
    {
        "end_time": "0:05:12.700000",
        "speaker_tag": 2,
        "start_time": "0:05:12.400000",
        "word": "banana"
    },
    {
        "end_time": "0:05:13.600000",
        "speaker_tag": 2,
        "start_time": "0:05:12.700000",
        "word": "and"
    },
    {
        "end_time": "0:05:13.800000",
        "speaker_tag": 2,
        "start_time": "0:05:13.600000",
        "word": "peel"
    },
    {
        "end_time": "0:05:13.900000",
        "speaker_tag": 2,
        "start_time": "0:05:13.800000",
        "word": "it"
    },
    {
        "end_time": "0:05:14.200000",
        "speaker_tag": 2,
        "start_time": "0:05:13.900000",
        "word": "and"
    },
    {
        "end_time": "0:05:14.500000",
        "speaker_tag": 2,
        "start_time": "0:05:14.200000",
        "word": "cut"
    },
    {
        "end_time": "0:05:14.500000",
        "speaker_tag": 2,
        "start_time": "0:05:14.500000",
        "word": "it"
    },
    {
        "end_time": "0:05:14.800000",
        "speaker_tag": 2,
        "start_time": "0:05:14.500000",
        "word": "up"
    },
    {
        "end_time": "0:05:16.100000",
        "speaker_tag": 2,
        "start_time": "0:05:15.700000",
        "word": "and"
    },
    {
        "end_time": "0:05:16.500000",
        "speaker_tag": 2,
        "start_time": "0:05:16.100000",
        "word": "then"
    },
    {
        "end_time": "0:05:16.600000",
        "speaker_tag": 2,
        "start_time": "0:05:16.500000",
        "word": "you"
    },
    {
        "end_time": "0:05:17.200000",
        "speaker_tag": 2,
        "start_time": "0:05:16.600000",
        "word": "can"
    },
    {
        "end_time": "0:05:17.400000",
        "speaker_tag": 2,
        "start_time": "0:05:17.200000",
        "word": "cut"
    },
    {
        "end_time": "0:05:17.600000",
        "speaker_tag": 2,
        "start_time": "0:05:17.400000",
        "word": "the"
    },
    {
        "end_time": "0:05:18.800000",
        "speaker_tag": 2,
        "start_time": "0:05:17.600000",
        "word": "ends"
    },
    {
        "end_time": "0:05:18.800000",
        "speaker_tag": 2,
        "start_time": "0:05:18.800000",
        "word": "off"
    },
    {
        "end_time": "0:05:19.100000",
        "speaker_tag": 2,
        "start_time": "0:05:18.800000",
        "word": "at"
    },
    {
        "end_time": "0:05:19.200000",
        "speaker_tag": 2,
        "start_time": "0:05:19.100000",
        "word": "the"
    },
    {
        "end_time": "0:05:19.500000",
        "speaker_tag": 2,
        "start_time": "0:05:19.200000",
        "word": "green"
    },
    {
        "end_time": "0:05:20.100000",
        "speaker_tag": 2,
        "start_time": "0:05:19.500000",
        "word": "leafy"
    },
    {
        "end_time": "0:05:20.300000",
        "speaker_tag": 2,
        "start_time": "0:05:20.100000",
        "word": "part"
    },
    {
        "end_time": "0:05:21.800000",
        "speaker_tag": 2,
        "start_time": "0:05:20.300000",
        "word": "and"
    },
    {
        "end_time": "0:05:22.100000",
        "speaker_tag": 2,
        "start_time": "0:05:21.800000",
        "word": "an"
    },
    {
        "end_time": "0:05:22.500000",
        "speaker_tag": 2,
        "start_time": "0:05:22.100000",
        "word": "orange"
    },
    {
        "end_time": "0:05:22.800000",
        "speaker_tag": 2,
        "start_time": "0:05:22.500000",
        "word": "has"
    },
    {
        "end_time": "0:05:23.100000",
        "speaker_tag": 2,
        "start_time": "0:05:22.800000",
        "word": "ATP"
    },
    {
        "end_time": "0:05:23.400000",
        "speaker_tag": 2,
        "start_time": "0:05:23.100000",
        "word": "lip"
    },
    {
        "end_time": "0:05:25.300000",
        "speaker_tag": 1,
        "start_time": "0:05:23.400000",
        "word": "and"
    },
    {
        "end_time": "0:05:25.800000",
        "speaker_tag": 1,
        "start_time": "0:05:25.300000",
        "word": "agate"
    },
    {
        "end_time": "0:05:26.500000",
        "speaker_tag": 1,
        "start_time": "0:05:25.800000",
        "word": "a"
    },
    {
        "end_time": "0:05:26.800000",
        "speaker_tag": 1,
        "start_time": "0:05:26.500000",
        "word": "cup"
    },
    {
        "end_time": "0:05:28.100000",
        "speaker_tag": 2,
        "start_time": "0:05:26.800000",
        "word": "of"
    },
    {
        "end_time": "0:05:28.400000",
        "speaker_tag": 2,
        "start_time": "0:05:28.100000",
        "word": "the"
    },
    {
        "end_time": "0:05:28.800000",
        "speaker_tag": 2,
        "start_time": "0:05:28.400000",
        "word": "copies"
    },
    {
        "end_time": "0:05:28.900000",
        "speaker_tag": 2,
        "start_time": "0:05:28.800000",
        "word": "a"
    },
    {
        "end_time": "0:05:29.100000",
        "speaker_tag": 2,
        "start_time": "0:05:28.900000",
        "word": "minute"
    },
    {
        "end_time": "0:05:29.400000",
        "speaker_tag": 2,
        "start_time": "0:05:29.100000",
        "word": "for"
    },
    {
        "end_time": "0:05:29.500000",
        "speaker_tag": 2,
        "start_time": "0:05:29.400000",
        "word": "it"
    }
]