[
    {
        "end_time": "0:00:01.200000",
        "speaker_tag": 1,
        "start_time": "0:00:00.700000",
        "word": "tell"
    },
    {
        "end_time": "0:00:01.300000",
        "speaker_tag": 1,
        "start_time": "0:00:01.200000",
        "word": "me"
    },
    {
        "end_time": "0:00:01.500000",
        "speaker_tag": 1,
        "start_time": "0:00:01.300000",
        "word": "about"
    },
    {
        "end_time": "0:00:01.800000",
        "speaker_tag": 1,
        "start_time": "0:00:01.500000",
        "word": "a"
    },
    {
        "end_time": "0:00:02.100000",
        "speaker_tag": 1,
        "start_time": "0:00:01.800000",
        "word": "trip"
    },
    {
        "end_time": "0:00:02.300000",
        "speaker_tag": 1,
        "start_time": "0:00:02.100000",
        "word": "or"
    },
    {
        "end_time": "0:00:02.400000",
        "speaker_tag": 1,
        "start_time": "0:00:02.300000",
        "word": "vacation"
    },
    {
        "end_time": "0:00:03",
        "speaker_tag": 1,
        "start_time": "0:00:02.400000",
        "word": "that"
    },
    {
        "end_time": "0:00:03.100000",
        "speaker_tag": 1,
        "start_time": "0:00:03",
        "word": "you"
    },
    {
        "end_time": "0:00:03.300000",
        "speaker_tag": 1,
        "start_time": "0:00:03.100000",
        "word": "have"
    },
    {
        "end_time": "0:00:03.500000",
        "speaker_tag": 1,
        "start_time": "0:00:03.300000",
        "word": "taken"
    },
    {
        "end_time": "0:00:04.100000",
        "speaker_tag": 1,
        "start_time": "0:00:03.500000",
        "word": "you"
    },
    {
        "end_time": "0:00:04.200000",
        "speaker_tag": 1,
        "start_time": "0:00:04.100000",
        "word": "can"
    },
    {
        "end_time": "0:00:04.500000",
        "speaker_tag": 1,
        "start_time": "0:00:04.200000",
        "word": "provide"
    },
    {
        "end_time": "0:00:04.700000",
        "speaker_tag": 1,
        "start_time": "0:00:04.500000",
        "word": "as"
    },
    {
        "end_time": "0:00:04.900000",
        "speaker_tag": 1,
        "start_time": "0:00:04.700000",
        "word": "many"
    },
    {
        "end_time": "0:00:05.200000",
        "speaker_tag": 1,
        "start_time": "0:00:04.900000",
        "word": "details"
    },
    {
        "end_time": "0:00:05.500000",
        "speaker_tag": 1,
        "start_time": "0:00:05.200000",
        "word": "as"
    },
    {
        "end_time": "0:00:06.300000",
        "speaker_tag": 1,
        "start_time": "0:00:05.500000",
        "word": "necessary"
    },
    {
        "end_time": "0:00:06.800000",
        "speaker_tag": 1,
        "start_time": "0:00:06.300000",
        "word": "you"
    },
    {
        "end_time": "0:00:07.100000",
        "speaker_tag": 1,
        "start_time": "0:00:06.800000",
        "word": "have"
    },
    {
        "end_time": "0:00:07.300000",
        "speaker_tag": 1,
        "start_time": "0:00:07.100000",
        "word": "5"
    },
    {
        "end_time": "0:00:07.400000",
        "speaker_tag": 1,
        "start_time": "0:00:07.300000",
        "word": "minutes"
    },
    {
        "end_time": "0:00:08",
        "speaker_tag": 2,
        "start_time": "0:00:07.400000",
        "word": "to"
    },
    {
        "end_time": "0:00:08.400000",
        "speaker_tag": 2,
        "start_time": "0:00:08",
        "word": "drive"
    },
    {
        "end_time": "0:00:12.900000",
        "speaker_tag": 1,
        "start_time": "0:00:08.400000",
        "word": "on"
    },
    {
        "end_time": "0:00:13.100000",
        "speaker_tag": 1,
        "start_time": "0:00:12.900000",
        "word": "a"
    },
    {
        "end_time": "0:00:13.300000",
        "speaker_tag": 1,
        "start_time": "0:00:13.100000",
        "word": "road"
    },
    {
        "end_time": "0:00:13.700000",
        "speaker_tag": 1,
        "start_time": "0:00:13.300000",
        "word": "trip"
    },
    {
        "end_time": "0:00:14.700000",
        "speaker_tag": 1,
        "start_time": "0:00:13.700000",
        "word": "with"
    },
    {
        "end_time": "0:00:15",
        "speaker_tag": 1,
        "start_time": "0:00:14.700000",
        "word": "my"
    },
    {
        "end_time": "0:00:15.900000",
        "speaker_tag": 1,
        "start_time": "0:00:15",
        "word": "friends"
    },
    {
        "end_time": "0:00:16.500000",
        "speaker_tag": 1,
        "start_time": "0:00:15.900000",
        "word": "to"
    },
    {
        "end_time": "0:00:21",
        "speaker_tag": 2,
        "start_time": "0:00:18.300000",
        "word": "road"
    },
    {
        "end_time": "0:00:21.600000",
        "speaker_tag": 2,
        "start_time": "0:00:21",
        "word": "to"
    },
    {
        "end_time": "0:00:21.600000",
        "speaker_tag": 2,
        "start_time": "0:00:21.600000",
        "word": "the"
    },
    {
        "end_time": "0:00:22",
        "speaker_tag": 2,
        "start_time": "0:00:21.600000",
        "word": "Grand"
    },
    {
        "end_time": "0:00:22.400000",
        "speaker_tag": 2,
        "start_time": "0:00:22",
        "word": "Canyon"
    },
    {
        "end_time": "0:00:25.800000",
        "speaker_tag": 1,
        "start_time": "0:00:24",
        "word": "we"
    },
    {
        "end_time": "0:00:26.100000",
        "speaker_tag": 1,
        "start_time": "0:00:25.800000",
        "word": "also"
    },
    {
        "end_time": "0:00:26.700000",
        "speaker_tag": 1,
        "start_time": "0:00:26.100000",
        "word": "went"
    },
    {
        "end_time": "0:00:27",
        "speaker_tag": 1,
        "start_time": "0:00:26.700000",
        "word": "to"
    },
    {
        "end_time": "0:00:27.600000",
        "speaker_tag": 1,
        "start_time": "0:00:27",
        "word": "lower"
    },
    {
        "end_time": "0:00:27.800000",
        "speaker_tag": 1,
        "start_time": "0:00:27.600000",
        "word": "Antelope"
    },
    {
        "end_time": "0:00:28.100000",
        "speaker_tag": 1,
        "start_time": "0:00:27.800000",
        "word": "Canyon"
    },
    {
        "end_time": "0:00:28.800000",
        "speaker_tag": 1,
        "start_time": "0:00:28.100000",
        "word": "Springs"
    },
    {
        "end_time": "0:00:28.900000",
        "speaker_tag": 1,
        "start_time": "0:00:28.800000",
        "word": "at"
    },
    {
        "end_time": "0:00:29",
        "speaker_tag": 1,
        "start_time": "0:00:28.900000",
        "word": "the"
    },
    {
        "end_time": "0:00:29.900000",
        "speaker_tag": 1,
        "start_time": "0:00:29",
        "word": "Arizona"
    },
    {
        "end_time": "0:00:31.300000",
        "speaker_tag": 2,
        "start_time": "0:00:29.900000",
        "word": "and"
    },
    {
        "end_time": "0:00:31.500000",
        "speaker_tag": 2,
        "start_time": "0:00:31.300000",
        "word": "then"
    },
    {
        "end_time": "0:00:36.600000",
        "speaker_tag": 1,
        "start_time": "0:00:36.200000",
        "word": "so"
    },
    {
        "end_time": "0:00:36.800000",
        "speaker_tag": 1,
        "start_time": "0:00:36.600000",
        "word": "we"
    },
    {
        "end_time": "0:00:37",
        "speaker_tag": 1,
        "start_time": "0:00:36.800000",
        "word": "saw"
    },
    {
        "end_time": "0:00:37.300000",
        "speaker_tag": 1,
        "start_time": "0:00:37",
        "word": "lower"
    },
    {
        "end_time": "0:00:37.600000",
        "speaker_tag": 1,
        "start_time": "0:00:37.300000",
        "word": "Antelope"
    },
    {
        "end_time": "0:00:38.500000",
        "speaker_tag": 1,
        "start_time": "0:00:37.600000",
        "word": "canyons"
    },
    {
        "end_time": "0:00:38.700000",
        "speaker_tag": 1,
        "start_time": "0:00:38.500000",
        "word": "and"
    },
    {
        "end_time": "0:00:39.100000",
        "speaker_tag": 1,
        "start_time": "0:00:38.700000",
        "word": "that"
    },
    {
        "end_time": "0:00:39.400000",
        "speaker_tag": 1,
        "start_time": "0:00:39.100000",
        "word": "was"
    },
    {
        "end_time": "0:00:39.600000",
        "speaker_tag": 1,
        "start_time": "0:00:39.400000",
        "word": "a"
    },
    {
        "end_time": "0:00:39.800000",
        "speaker_tag": 1,
        "start_time": "0:00:39.600000",
        "word": "really"
    },
    {
        "end_time": "0:00:40.200000",
        "speaker_tag": 1,
        "start_time": "0:00:39.800000",
        "word": "pretty"
    },
    {
        "end_time": "0:00:40.600000",
        "speaker_tag": 1,
        "start_time": "0:00:40.200000",
        "word": "hike"
    },
    {
        "end_time": "0:00:40.800000",
        "speaker_tag": 1,
        "start_time": "0:00:40.600000",
        "word": "because"
    },
    {
        "end_time": "0:00:41.200000",
        "speaker_tag": 1,
        "start_time": "0:00:40.800000",
        "word": "all"
    },
    {
        "end_time": "0:00:41.300000",
        "speaker_tag": 1,
        "start_time": "0:00:41.200000",
        "word": "the"
    },
    {
        "end_time": "0:00:41.800000",
        "speaker_tag": 2,
        "start_time": "0:00:41.300000",
        "word": "light"
    },
    {
        "end_time": "0:00:42.400000",
        "speaker_tag": 2,
        "start_time": "0:00:41.800000",
        "word": "comes"
    },
    {
        "end_time": "0:00:42.500000",
        "speaker_tag": 2,
        "start_time": "0:00:42.400000",
        "word": "through"
    },
    {
        "end_time": "0:00:42.900000",
        "speaker_tag": 2,
        "start_time": "0:00:42.500000",
        "word": "from"
    },
    {
        "end_time": "0:00:43.300000",
        "speaker_tag": 2,
        "start_time": "0:00:42.900000",
        "word": "like"
    },
    {
        "end_time": "0:00:44",
        "speaker_tag": 1,
        "start_time": "0:00:43.300000",
        "word": "cracking"
    },
    {
        "end_time": "0:00:44.300000",
        "speaker_tag": 1,
        "start_time": "0:00:44",
        "word": "ceiling"
    },
    {
        "end_time": "0:00:44.600000",
        "speaker_tag": 1,
        "start_time": "0:00:44.300000",
        "word": "and"
    },
    {
        "end_time": "0:00:44.800000",
        "speaker_tag": 1,
        "start_time": "0:00:44.600000",
        "word": "you"
    },
    {
        "end_time": "0:00:44.900000",
        "speaker_tag": 1,
        "start_time": "0:00:44.800000",
        "word": "like"
    },
    {
        "end_time": "0:00:45.200000",
        "speaker_tag": 1,
        "start_time": "0:00:44.900000",
        "word": "go"
    },
    {
        "end_time": "0:00:46",
        "speaker_tag": 1,
        "start_time": "0:00:45.200000",
        "word": "underneath"
    },
    {
        "end_time": "0:00:46.500000",
        "speaker_tag": 1,
        "start_time": "0:00:46",
        "word": "instead"
    },
    {
        "end_time": "0:00:46.600000",
        "speaker_tag": 1,
        "start_time": "0:00:46.500000",
        "word": "of"
    },
    {
        "end_time": "0:00:47",
        "speaker_tag": 1,
        "start_time": "0:00:46.600000",
        "word": "looking"
    },
    {
        "end_time": "0:00:47.200000",
        "speaker_tag": 1,
        "start_time": "0:00:47",
        "word": "from"
    },
    {
        "end_time": "0:00:47.300000",
        "speaker_tag": 1,
        "start_time": "0:00:47.200000",
        "word": "above"
    },
    {
        "end_time": "0:00:49.700000",
        "speaker_tag": 2,
        "start_time": "0:00:47.300000",
        "word": "is"
    },
    {
        "end_time": "0:00:50",
        "speaker_tag": 2,
        "start_time": "0:00:49.700000",
        "word": "really"
    },
    {
        "end_time": "0:00:50.300000",
        "speaker_tag": 2,
        "start_time": "0:00:50",
        "word": "pretty"
    },
    {
        "end_time": "0:00:53.100000",
        "speaker_tag": 1,
        "start_time": "0:00:52.700000",
        "word": "but"
    },
    {
        "end_time": "0:00:53.300000",
        "speaker_tag": 1,
        "start_time": "0:00:53.100000",
        "word": "it's"
    },
    {
        "end_time": "0:00:53.400000",
        "speaker_tag": 1,
        "start_time": "0:00:53.300000",
        "word": "really"
    },
    {
        "end_time": "0:00:54.300000",
        "speaker_tag": 1,
        "start_time": "0:00:53.400000",
        "word": "dangerous"
    },
    {
        "end_time": "0:00:56",
        "speaker_tag": 1,
        "start_time": "0:00:54.300000",
        "word": "what"
    },
    {
        "end_time": "0:00:56.300000",
        "speaker_tag": 1,
        "start_time": "0:00:56",
        "word": "used"
    },
    {
        "end_time": "0:00:56.400000",
        "speaker_tag": 1,
        "start_time": "0:00:56.300000",
        "word": "to"
    },
    {
        "end_time": "0:00:56.500000",
        "speaker_tag": 1,
        "start_time": "0:00:56.400000",
        "word": "be"
    },
    {
        "end_time": "0:00:56.800000",
        "speaker_tag": 1,
        "start_time": "0:00:56.500000",
        "word": "a"
    },
    {
        "end_time": "0:00:57.800000",
        "speaker_tag": 1,
        "start_time": "0:00:56.800000",
        "word": "tour"
    },
    {
        "end_time": "0:00:57.900000",
        "speaker_tag": 1,
        "start_time": "0:00:57.800000",
        "word": "guide"
    },
    {
        "end_time": "0:00:58.200000",
        "speaker_tag": 1,
        "start_time": "0:00:57.900000",
        "word": "said"
    },
    {
        "end_time": "0:00:58.500000",
        "speaker_tag": 1,
        "start_time": "0:00:58.200000",
        "word": "that"
    },
    {
        "end_time": "0:00:58.500000",
        "speaker_tag": 1,
        "start_time": "0:00:58.500000",
        "word": "a"
    },
    {
        "end_time": "0:00:58.700000",
        "speaker_tag": 1,
        "start_time": "0:00:58.500000",
        "word": "lot"
    },
    {
        "end_time": "0:00:58.700000",
        "speaker_tag": 1,
        "start_time": "0:00:58.700000",
        "word": "of"
    },
    {
        "end_time": "0:00:58.800000",
        "speaker_tag": 1,
        "start_time": "0:00:58.700000",
        "word": "people"
    },
    {
        "end_time": "0:00:59.200000",
        "speaker_tag": 1,
        "start_time": "0:00:58.800000",
        "word": "died"
    },
    {
        "end_time": "0:00:59.600000",
        "speaker_tag": 1,
        "start_time": "0:00:59.200000",
        "word": "so"
    },
    {
        "end_time": "0:00:59.700000",
        "speaker_tag": 1,
        "start_time": "0:00:59.600000",
        "word": "they"
    },
    {
        "end_time": "0:01:00",
        "speaker_tag": 1,
        "start_time": "0:00:59.700000",
        "word": "finally"
    },
    {
        "end_time": "0:01:00.700000",
        "speaker_tag": 1,
        "start_time": "0:01:00",
        "word": "installed"
    },
    {
        "end_time": "0:01:00.900000",
        "speaker_tag": 1,
        "start_time": "0:01:00.700000",
        "word": "like"
    },
    {
        "end_time": "0:01:01.700000",
        "speaker_tag": 1,
        "start_time": "0:01:00.900000",
        "word": "stairs"
    },
    {
        "end_time": "0:01:02.400000",
        "speaker_tag": 1,
        "start_time": "0:01:01.700000",
        "word": "because"
    },
    {
        "end_time": "0:01:03.100000",
        "speaker_tag": 1,
        "start_time": "0:01:02.400000",
        "word": "hikers"
    },
    {
        "end_time": "0:01:03.300000",
        "speaker_tag": 1,
        "start_time": "0:01:03.100000",
        "word": "used"
    },
    {
        "end_time": "0:01:03.400000",
        "speaker_tag": 1,
        "start_time": "0:01:03.300000",
        "word": "to"
    },
    {
        "end_time": "0:01:03.500000",
        "speaker_tag": 1,
        "start_time": "0:01:03.400000",
        "word": "go"
    },
    {
        "end_time": "0:01:03.700000",
        "speaker_tag": 1,
        "start_time": "0:01:03.500000",
        "word": "in"
    },
    {
        "end_time": "0:01:03.900000",
        "speaker_tag": 1,
        "start_time": "0:01:03.700000",
        "word": "there"
    },
    {
        "end_time": "0:01:04.200000",
        "speaker_tag": 1,
        "start_time": "0:01:03.900000",
        "word": "and"
    },
    {
        "end_time": "0:01:04.600000",
        "speaker_tag": 1,
        "start_time": "0:01:04.200000",
        "word": "like"
    },
    {
        "end_time": "0:01:04.700000",
        "speaker_tag": 1,
        "start_time": "0:01:04.600000",
        "word": "they"
    },
    {
        "end_time": "0:01:05",
        "speaker_tag": 1,
        "start_time": "0:01:04.700000",
        "word": "just"
    },
    {
        "end_time": "0:01:05.200000",
        "speaker_tag": 1,
        "start_time": "0:01:05",
        "word": "have"
    },
    {
        "end_time": "0:01:05.300000",
        "speaker_tag": 1,
        "start_time": "0:01:05.200000",
        "word": "their"
    },
    {
        "end_time": "0:01:06.100000",
        "speaker_tag": 1,
        "start_time": "0:01:05.300000",
        "word": "the"
    },
    {
        "end_time": "0:01:06.700000",
        "speaker_tag": 1,
        "start_time": "0:01:06.100000",
        "word": "ropes"
    },
    {
        "end_time": "0:01:06.900000",
        "speaker_tag": 1,
        "start_time": "0:01:06.700000",
        "word": "and"
    },
    {
        "end_time": "0:01:07.300000",
        "speaker_tag": 1,
        "start_time": "0:01:06.900000",
        "word": "sometimes"
    },
    {
        "end_time": "0:01:07.400000",
        "speaker_tag": 1,
        "start_time": "0:01:07.300000",
        "word": "they"
    },
    {
        "end_time": "0:01:07.500000",
        "speaker_tag": 1,
        "start_time": "0:01:07.400000",
        "word": "would"
    },
    {
        "end_time": "0:01:07.700000",
        "speaker_tag": 1,
        "start_time": "0:01:07.500000",
        "word": "get"
    },
    {
        "end_time": "0:01:08.300000",
        "speaker_tag": 1,
        "start_time": "0:01:07.700000",
        "word": "stuck"
    },
    {
        "end_time": "0:01:08.900000",
        "speaker_tag": 1,
        "start_time": "0:01:08.300000",
        "word": "and"
    },
    {
        "end_time": "0:01:09.100000",
        "speaker_tag": 1,
        "start_time": "0:01:08.900000",
        "word": "they"
    },
    {
        "end_time": "0:01:09.300000",
        "speaker_tag": 1,
        "start_time": "0:01:09.100000",
        "word": "would"
    },
    {
        "end_time": "0:01:09.500000",
        "speaker_tag": 1,
        "start_time": "0:01:09.300000",
        "word": "die"
    },
    {
        "end_time": "0:01:10.100000",
        "speaker_tag": 1,
        "start_time": "0:01:09.500000",
        "word": "so"
    },
    {
        "end_time": "0:01:12.400000",
        "speaker_tag": 2,
        "start_time": "0:01:10.800000",
        "word": "please"
    },
    {
        "end_time": "0:01:12.700000",
        "speaker_tag": 2,
        "start_time": "0:01:12.400000",
        "word": "really"
    },
    {
        "end_time": "0:01:13",
        "speaker_tag": 2,
        "start_time": "0:01:12.700000",
        "word": "pretty"
    },
    {
        "end_time": "0:01:14.100000",
        "speaker_tag": 2,
        "start_time": "0:01:13",
        "word": "and"
    },
    {
        "end_time": "0:01:15.300000",
        "speaker_tag": 2,
        "start_time": "0:01:14.100000",
        "word": "so"
    },
    {
        "end_time": "0:01:15.600000",
        "speaker_tag": 1,
        "start_time": "0:01:15.300000",
        "word": "we"
    },
    {
        "end_time": "0:01:15.700000",
        "speaker_tag": 1,
        "start_time": "0:01:15.600000",
        "word": "went"
    },
    {
        "end_time": "0:01:15.800000",
        "speaker_tag": 1,
        "start_time": "0:01:15.700000",
        "word": "there"
    },
    {
        "end_time": "0:01:16.300000",
        "speaker_tag": 1,
        "start_time": "0:01:15.800000",
        "word": "first"
    },
    {
        "end_time": "0:01:17.800000",
        "speaker_tag": 1,
        "start_time": "0:01:16.300000",
        "word": "we"
    },
    {
        "end_time": "0:01:18",
        "speaker_tag": 1,
        "start_time": "0:01:17.800000",
        "word": "go"
    },
    {
        "end_time": "0:01:18.100000",
        "speaker_tag": 1,
        "start_time": "0:01:18",
        "word": "there"
    },
    {
        "end_time": "0:01:18.300000",
        "speaker_tag": 1,
        "start_time": "0:01:18.100000",
        "word": "first"
    },
    {
        "end_time": "0:01:18.900000",
        "speaker_tag": 1,
        "start_time": "0:01:18.300000",
        "word": "really"
    },
    {
        "end_time": "0:01:19.100000",
        "speaker_tag": 1,
        "start_time": "0:01:18.900000",
        "word": "went"
    },
    {
        "end_time": "0:01:19.300000",
        "speaker_tag": 1,
        "start_time": "0:01:19.100000",
        "word": "to"
    },
    {
        "end_time": "0:01:19.800000",
        "speaker_tag": 1,
        "start_time": "0:01:19.300000",
        "word": "Horseshoe"
    },
    {
        "end_time": "0:01:19.900000",
        "speaker_tag": 1,
        "start_time": "0:01:19.800000",
        "word": "Bend"
    },
    {
        "end_time": "0:01:21.800000",
        "speaker_tag": 1,
        "start_time": "0:01:21.100000",
        "word": "and"
    },
    {
        "end_time": "0:01:22",
        "speaker_tag": 1,
        "start_time": "0:01:21.800000",
        "word": "that"
    },
    {
        "end_time": "0:01:22.300000",
        "speaker_tag": 1,
        "start_time": "0:01:22",
        "word": "was"
    },
    {
        "end_time": "0:01:22.900000",
        "speaker_tag": 1,
        "start_time": "0:01:22.300000",
        "word": "really"
    },
    {
        "end_time": "0:01:23.200000",
        "speaker_tag": 1,
        "start_time": "0:01:22.900000",
        "word": "pretty"
    },
    {
        "end_time": "0:01:23.800000",
        "speaker_tag": 1,
        "start_time": "0:01:23.200000",
        "word": "please"
    },
    {
        "end_time": "0:01:24.100000",
        "speaker_tag": 1,
        "start_time": "0:01:23.800000",
        "word": "just"
    },
    {
        "end_time": "0:01:24.400000",
        "speaker_tag": 1,
        "start_time": "0:01:24.100000",
        "word": "like"
    },
    {
        "end_time": "0:01:24.800000",
        "speaker_tag": 1,
        "start_time": "0:01:24.400000",
        "word": "it's"
    },
    {
        "end_time": "0:01:25",
        "speaker_tag": 1,
        "start_time": "0:01:24.800000",
        "word": "just"
    },
    {
        "end_time": "0:01:25.100000",
        "speaker_tag": 1,
        "start_time": "0:01:25",
        "word": "a"
    },
    {
        "end_time": "0:01:25.700000",
        "speaker_tag": 1,
        "start_time": "0:01:25.100000",
        "word": "Norman"
    },
    {
        "end_time": "0:01:26.300000",
        "speaker_tag": 1,
        "start_time": "0:01:25.700000",
        "word": "and"
    },
    {
        "end_time": "0:01:26.500000",
        "speaker_tag": 1,
        "start_time": "0:01:26.300000",
        "word": "there's"
    },
    {
        "end_time": "0:01:27.300000",
        "speaker_tag": 1,
        "start_time": "0:01:26.500000",
        "word": "a"
    },
    {
        "end_time": "0:01:27.400000",
        "speaker_tag": 1,
        "start_time": "0:01:27.300000",
        "word": "lot"
    },
    {
        "end_time": "0:01:27.600000",
        "speaker_tag": 1,
        "start_time": "0:01:27.400000",
        "word": "of"
    },
    {
        "end_time": "0:01:27.700000",
        "speaker_tag": 1,
        "start_time": "0:01:27.600000",
        "word": "places"
    },
    {
        "end_time": "0:01:28.100000",
        "speaker_tag": 1,
        "start_time": "0:01:27.700000",
        "word": "I"
    },
    {
        "end_time": "0:01:28.300000",
        "speaker_tag": 1,
        "start_time": "0:01:28.100000",
        "word": "feel"
    },
    {
        "end_time": "0:01:28.600000",
        "speaker_tag": 1,
        "start_time": "0:01:28.300000",
        "word": "late"
    },
    {
        "end_time": "0:01:29.100000",
        "speaker_tag": 1,
        "start_time": "0:01:28.600000",
        "word": "how"
    },
    {
        "end_time": "0:01:29.400000",
        "speaker_tag": 1,
        "start_time": "0:01:29.100000",
        "word": "late"
    },
    {
        "end_time": "0:01:30",
        "speaker_tag": 1,
        "start_time": "0:01:29.400000",
        "word": "a"
    },
    {
        "end_time": "0:01:30.600000",
        "speaker_tag": 1,
        "start_time": "0:01:30",
        "word": "barrier"
    },
    {
        "end_time": "0:01:30.700000",
        "speaker_tag": 1,
        "start_time": "0:01:30.600000",
        "word": "to"
    },
    {
        "end_time": "0:01:31",
        "speaker_tag": 1,
        "start_time": "0:01:30.700000",
        "word": "where"
    },
    {
        "end_time": "0:01:31.100000",
        "speaker_tag": 1,
        "start_time": "0:01:31",
        "word": "you"
    },
    {
        "end_time": "0:01:31.500000",
        "speaker_tag": 1,
        "start_time": "0:01:31.100000",
        "word": "can't"
    },
    {
        "end_time": "0:01:31.600000",
        "speaker_tag": 1,
        "start_time": "0:01:31.500000",
        "word": "go"
    },
    {
        "end_time": "0:01:31.800000",
        "speaker_tag": 1,
        "start_time": "0:01:31.600000",
        "word": "as"
    },
    {
        "end_time": "0:01:32.100000",
        "speaker_tag": 1,
        "start_time": "0:01:31.800000",
        "word": "close"
    },
    {
        "end_time": "0:01:32.300000",
        "speaker_tag": 1,
        "start_time": "0:01:32.100000",
        "word": "as"
    },
    {
        "end_time": "0:01:32.400000",
        "speaker_tag": 1,
        "start_time": "0:01:32.300000",
        "word": "you"
    },
    {
        "end_time": "0:01:32.800000",
        "speaker_tag": 1,
        "start_time": "0:01:32.400000",
        "word": "want"
    },
    {
        "end_time": "0:01:33.300000",
        "speaker_tag": 1,
        "start_time": "0:01:32.800000",
        "word": "but"
    },
    {
        "end_time": "0:01:33.600000",
        "speaker_tag": 1,
        "start_time": "0:01:33.300000",
        "word": "without"
    },
    {
        "end_time": "0:01:33.800000",
        "speaker_tag": 1,
        "start_time": "0:01:33.600000",
        "word": "faith"
    },
    {
        "end_time": "0:01:34.100000",
        "speaker_tag": 1,
        "start_time": "0:01:33.800000",
        "word": "you"
    },
    {
        "end_time": "0:01:34.300000",
        "speaker_tag": 1,
        "start_time": "0:01:34.100000",
        "word": "can"
    },
    {
        "end_time": "0:01:34.500000",
        "speaker_tag": 1,
        "start_time": "0:01:34.300000",
        "word": "like"
    },
    {
        "end_time": "0:01:34.800000",
        "speaker_tag": 1,
        "start_time": "0:01:34.500000",
        "word": "get"
    },
    {
        "end_time": "0:01:35",
        "speaker_tag": 1,
        "start_time": "0:01:34.800000",
        "word": "it"
    },
    {
        "end_time": "0:01:35.300000",
        "speaker_tag": 1,
        "start_time": "0:01:35",
        "word": "close"
    },
    {
        "end_time": "0:01:35.500000",
        "speaker_tag": 1,
        "start_time": "0:01:35.300000",
        "word": "but"
    },
    {
        "end_time": "0:01:35.700000",
        "speaker_tag": 1,
        "start_time": "0:01:35.500000",
        "word": "they're"
    },
    {
        "end_time": "0:01:35.800000",
        "speaker_tag": 1,
        "start_time": "0:01:35.700000",
        "word": "like"
    },
    {
        "end_time": "0:01:36.300000",
        "speaker_tag": 1,
        "start_time": "0:01:35.800000",
        "word": "making"
    },
    {
        "end_time": "0:01:36.300000",
        "speaker_tag": 1,
        "start_time": "0:01:36.300000",
        "word": "it"
    },
    {
        "end_time": "0:01:36.500000",
        "speaker_tag": 1,
        "start_time": "0:01:36.300000",
        "word": "to"
    },
    {
        "end_time": "0:01:36.600000",
        "speaker_tag": 1,
        "start_time": "0:01:36.500000",
        "word": "where"
    },
    {
        "end_time": "0:01:36.800000",
        "speaker_tag": 1,
        "start_time": "0:01:36.600000",
        "word": "they"
    },
    {
        "end_time": "0:01:36.900000",
        "speaker_tag": 1,
        "start_time": "0:01:36.800000",
        "word": "have"
    },
    {
        "end_time": "0:01:37.100000",
        "speaker_tag": 1,
        "start_time": "0:01:36.900000",
        "word": "like"
    },
    {
        "end_time": "0:01:37.200000",
        "speaker_tag": 1,
        "start_time": "0:01:37.100000",
        "word": "a"
    },
    {
        "end_time": "0:01:37.300000",
        "speaker_tag": 1,
        "start_time": "0:01:37.200000",
        "word": "little"
    },
    {
        "end_time": "0:01:39",
        "speaker_tag": 1,
        "start_time": "0:01:38.600000",
        "word": "it's"
    },
    {
        "end_time": "0:01:39.200000",
        "speaker_tag": 1,
        "start_time": "0:01:39",
        "word": "going"
    },
    {
        "end_time": "0:01:39.200000",
        "speaker_tag": 1,
        "start_time": "0:01:39.200000",
        "word": "to"
    },
    {
        "end_time": "0:01:39.300000",
        "speaker_tag": 1,
        "start_time": "0:01:39.200000",
        "word": "be"
    },
    {
        "end_time": "0:01:39.800000",
        "speaker_tag": 1,
        "start_time": "0:01:39.300000",
        "word": "like"
    },
    {
        "end_time": "0:01:39.900000",
        "speaker_tag": 1,
        "start_time": "0:01:39.800000",
        "word": "a"
    },
    {
        "end_time": "0:01:40.100000",
        "speaker_tag": 1,
        "start_time": "0:01:39.900000",
        "word": "little"
    },
    {
        "end_time": "0:01:41.200000",
        "speaker_tag": 1,
        "start_time": "0:01:40.100000",
        "word": "Gator"
    },
    {
        "end_time": "0:01:41.900000",
        "speaker_tag": 1,
        "start_time": "0:01:41.200000",
        "word": "something"
    },
    {
        "end_time": "0:01:42.700000",
        "speaker_tag": 1,
        "start_time": "0:01:41.900000",
        "word": "people"
    },
    {
        "end_time": "0:01:43.100000",
        "speaker_tag": 1,
        "start_time": "0:01:42.700000",
        "word": "fall"
    },
    {
        "end_time": "0:01:43.400000",
        "speaker_tag": 2,
        "start_time": "0:01:43.100000",
        "word": "in"
    },
    {
        "end_time": "0:01:45.300000",
        "speaker_tag": 2,
        "start_time": "0:01:43.400000",
        "word": "right"
    },
    {
        "end_time": "0:01:45.400000",
        "speaker_tag": 2,
        "start_time": "0:01:45.300000",
        "word": "now"
    },
    {
        "end_time": "0:01:46.800000",
        "speaker_tag": 2,
        "start_time": "0:01:45.400000",
        "word": "like"
    },
    {
        "end_time": "0:01:47.200000",
        "speaker_tag": 2,
        "start_time": "0:01:46.800000",
        "word": "going"
    },
    {
        "end_time": "0:01:47.300000",
        "speaker_tag": 2,
        "start_time": "0:01:47.200000",
        "word": "to"
    },
    {
        "end_time": "0:01:47.400000",
        "speaker_tag": 2,
        "start_time": "0:01:47.300000",
        "word": "be"
    },
    {
        "end_time": "0:01:47.500000",
        "speaker_tag": 2,
        "start_time": "0:01:47.400000",
        "word": "like"
    },
    {
        "end_time": "0:01:48",
        "speaker_tag": 2,
        "start_time": "0:01:47.500000",
        "word": "over"
    },
    {
        "end_time": "0:01:48.300000",
        "speaker_tag": 2,
        "start_time": "0:01:48",
        "word": "and"
    },
    {
        "end_time": "0:01:52.400000",
        "speaker_tag": 1,
        "start_time": "0:01:48.300000",
        "word": "it"
    },
    {
        "end_time": "0:01:52.600000",
        "speaker_tag": 1,
        "start_time": "0:01:52.400000",
        "word": "is"
    },
    {
        "end_time": "0:01:52.800000",
        "speaker_tag": 1,
        "start_time": "0:01:52.600000",
        "word": "really"
    },
    {
        "end_time": "0:01:52.900000",
        "speaker_tag": 1,
        "start_time": "0:01:52.800000",
        "word": "pretty"
    },
    {
        "end_time": "0:01:53.400000",
        "speaker_tag": 1,
        "start_time": "0:01:52.900000",
        "word": "cuz"
    },
    {
        "end_time": "0:01:53.600000",
        "speaker_tag": 1,
        "start_time": "0:01:53.400000",
        "word": "it's"
    },
    {
        "end_time": "0:01:53.700000",
        "speaker_tag": 1,
        "start_time": "0:01:53.600000",
        "word": "so"
    },
    {
        "end_time": "0:01:54.100000",
        "speaker_tag": 1,
        "start_time": "0:01:53.700000",
        "word": "big"
    },
    {
        "end_time": "0:01:59.800000",
        "speaker_tag": 1,
        "start_time": "0:01:59.300000",
        "word": "I"
    },
    {
        "end_time": "0:02:00.200000",
        "speaker_tag": 1,
        "start_time": "0:01:59.800000",
        "word": "went"
    },
    {
        "end_time": "0:02:00.300000",
        "speaker_tag": 1,
        "start_time": "0:02:00.200000",
        "word": "to"
    },
    {
        "end_time": "0:02:00.900000",
        "speaker_tag": 1,
        "start_time": "0:02:00.300000",
        "word": "the"
    },
    {
        "end_time": "0:02:01.300000",
        "speaker_tag": 1,
        "start_time": "0:02:00.900000",
        "word": "Grand"
    },
    {
        "end_time": "0:02:01.600000",
        "speaker_tag": 1,
        "start_time": "0:02:01.300000",
        "word": "Canyon"
    },
    {
        "end_time": "0:02:03.100000",
        "speaker_tag": 2,
        "start_time": "0:02:01.600000",
        "word": "just"
    },
    {
        "end_time": "0:02:03.200000",
        "speaker_tag": 2,
        "start_time": "0:02:03.100000",
        "word": "to"
    },
    {
        "end_time": "0:02:03.400000",
        "speaker_tag": 2,
        "start_time": "0:02:03.200000",
        "word": "see"
    },
    {
        "end_time": "0:02:03.900000",
        "speaker_tag": 2,
        "start_time": "0:02:03.400000",
        "word": "it"
    },
    {
        "end_time": "0:02:04.300000",
        "speaker_tag": 1,
        "start_time": "0:02:03.900000",
        "word": "and"
    },
    {
        "end_time": "0:02:04.400000",
        "speaker_tag": 1,
        "start_time": "0:02:04.300000",
        "word": "I"
    },
    {
        "end_time": "0:02:04.700000",
        "speaker_tag": 1,
        "start_time": "0:02:04.400000",
        "word": "remember"
    },
    {
        "end_time": "0:02:04.800000",
        "speaker_tag": 1,
        "start_time": "0:02:04.700000",
        "word": "my"
    },
    {
        "end_time": "0:02:05.200000",
        "speaker_tag": 1,
        "start_time": "0:02:04.800000",
        "word": "friend's"
    },
    {
        "end_time": "0:02:05.300000",
        "speaker_tag": 1,
        "start_time": "0:02:05.200000",
        "word": "a"
    },
    {
        "end_time": "0:02:05.700000",
        "speaker_tag": 1,
        "start_time": "0:02:05.300000",
        "word": "break"
    },
    {
        "end_time": "0:02:05.900000",
        "speaker_tag": 1,
        "start_time": "0:02:05.700000",
        "word": "and"
    },
    {
        "end_time": "0:02:06",
        "speaker_tag": 1,
        "start_time": "0:02:05.900000",
        "word": "is"
    },
    {
        "end_time": "0:02:06.200000",
        "speaker_tag": 1,
        "start_time": "0:02:06",
        "word": "not"
    },
    {
        "end_time": "0:02:06.600000",
        "speaker_tag": 1,
        "start_time": "0:02:06.200000",
        "word": "realize"
    },
    {
        "end_time": "0:02:06.800000",
        "speaker_tag": 1,
        "start_time": "0:02:06.600000",
        "word": "your"
    },
    {
        "end_time": "0:02:07.100000",
        "speaker_tag": 1,
        "start_time": "0:02:06.800000",
        "word": "speaker"
    },
    {
        "end_time": "0:02:07.900000",
        "speaker_tag": 1,
        "start_time": "0:02:07.100000",
        "word": "projection"
    },
    {
        "end_time": "0:02:08.300000",
        "speaker_tag": 1,
        "start_time": "0:02:07.900000",
        "word": "your"
    },
    {
        "end_time": "0:02:08.800000",
        "speaker_tag": 1,
        "start_time": "0:02:08.300000",
        "word": "painting"
    },
    {
        "end_time": "0:02:09.600000",
        "speaker_tag": 1,
        "start_time": "0:02:08.800000",
        "word": "and"
    },
    {
        "end_time": "0:02:10",
        "speaker_tag": 1,
        "start_time": "0:02:09.600000",
        "word": "Jose"
    },
    {
        "end_time": "0:02:10.400000",
        "speaker_tag": 1,
        "start_time": "0:02:10",
        "word": "okay"
    },
    {
        "end_time": "0:02:11.500000",
        "speaker_tag": 1,
        "start_time": "0:02:10.400000",
        "word": "to"
    },
    {
        "end_time": "0:02:11.600000",
        "speaker_tag": 1,
        "start_time": "0:02:11.500000",
        "word": "the"
    },
    {
        "end_time": "0:02:11.800000",
        "speaker_tag": 1,
        "start_time": "0:02:11.600000",
        "word": "Grand"
    },
    {
        "end_time": "0:02:12.100000",
        "speaker_tag": 1,
        "start_time": "0:02:11.800000",
        "word": "Canyon"
    },
    {
        "end_time": "0:02:12.500000",
        "speaker_tag": 1,
        "start_time": "0:02:12.100000",
        "word": "was"
    },
    {
        "end_time": "0:02:12.800000",
        "speaker_tag": 1,
        "start_time": "0:02:12.500000",
        "word": "really"
    },
    {
        "end_time": "0:02:13.100000",
        "speaker_tag": 1,
        "start_time": "0:02:12.800000",
        "word": "cute"
    },
    {
        "end_time": "0:02:13.400000",
        "speaker_tag": 1,
        "start_time": "0:02:13.100000",
        "word": "between"
    },
    {
        "end_time": "0:02:13.800000",
        "speaker_tag": 1,
        "start_time": "0:02:13.400000",
        "word": "release"
    },
    {
        "end_time": "0:02:14.100000",
        "speaker_tag": 1,
        "start_time": "0:02:13.800000",
        "word": "date"
    },
    {
        "end_time": "0:02:14.200000",
        "speaker_tag": 1,
        "start_time": "0:02:14.100000",
        "word": "of"
    },
    {
        "end_time": "0:02:14.300000",
        "speaker_tag": 1,
        "start_time": "0:02:14.200000",
        "word": "a"
    },
    {
        "end_time": "0:02:14.600000",
        "speaker_tag": 1,
        "start_time": "0:02:14.300000",
        "word": "long"
    },
    {
        "end_time": "0:02:15.200000",
        "speaker_tag": 1,
        "start_time": "0:02:14.600000",
        "word": "weekend"
    },
    {
        "end_time": "0:02:15.800000",
        "speaker_tag": 1,
        "start_time": "0:02:15.200000",
        "word": "overnight"
    },
    {
        "end_time": "0:02:16.100000",
        "speaker_tag": 1,
        "start_time": "0:02:15.800000",
        "word": "and"
    },
    {
        "end_time": "0:02:16.200000",
        "speaker_tag": 1,
        "start_time": "0:02:16.100000",
        "word": "it"
    },
    {
        "end_time": "0:02:16.300000",
        "speaker_tag": 1,
        "start_time": "0:02:16.200000",
        "word": "was"
    },
    {
        "end_time": "0:02:16.700000",
        "speaker_tag": 1,
        "start_time": "0:02:16.300000",
        "word": "really"
    },
    {
        "end_time": "0:02:17",
        "speaker_tag": 1,
        "start_time": "0:02:16.700000",
        "word": "cold"
    },
    {
        "end_time": "0:02:17.400000",
        "speaker_tag": 1,
        "start_time": "0:02:17",
        "word": "is"
    },
    {
        "end_time": "0:02:17.700000",
        "speaker_tag": 1,
        "start_time": "0:02:17.400000",
        "word": "like"
    },
    {
        "end_time": "0:02:18.300000",
        "speaker_tag": 1,
        "start_time": "0:02:17.700000",
        "word": "10\u00b0"
    },
    {
        "end_time": "0:02:18.700000",
        "speaker_tag": 1,
        "start_time": "0:02:18.300000",
        "word": "I"
    },
    {
        "end_time": "0:02:19",
        "speaker_tag": 1,
        "start_time": "0:02:18.700000",
        "word": "couldn't"
    },
    {
        "end_time": "0:02:19.200000",
        "speaker_tag": 1,
        "start_time": "0:02:19",
        "word": "sleep"
    },
    {
        "end_time": "0:02:26",
        "speaker_tag": 2,
        "start_time": "0:02:25.600000",
        "word": "we"
    },
    {
        "end_time": "0:02:26.300000",
        "speaker_tag": 1,
        "start_time": "0:02:26",
        "word": "camped"
    },
    {
        "end_time": "0:02:26.500000",
        "speaker_tag": 1,
        "start_time": "0:02:26.300000",
        "word": "out"
    },
    {
        "end_time": "0:02:26.800000",
        "speaker_tag": 1,
        "start_time": "0:02:26.500000",
        "word": "for"
    },
    {
        "end_time": "0:02:27",
        "speaker_tag": 1,
        "start_time": "0:02:26.800000",
        "word": "the"
    },
    {
        "end_time": "0:02:27.300000",
        "speaker_tag": 1,
        "start_time": "0:02:27",
        "word": "night"
    },
    {
        "end_time": "0:02:27.400000",
        "speaker_tag": 1,
        "start_time": "0:02:27.300000",
        "word": "and"
    },
    {
        "end_time": "0:02:27.500000",
        "speaker_tag": 1,
        "start_time": "0:02:27.400000",
        "word": "then"
    },
    {
        "end_time": "0:02:28.700000",
        "speaker_tag": 1,
        "start_time": "0:02:27.500000",
        "word": "we"
    },
    {
        "end_time": "0:02:29.100000",
        "speaker_tag": 1,
        "start_time": "0:02:28.700000",
        "word": "left"
    },
    {
        "end_time": "0:02:29.400000",
        "speaker_tag": 1,
        "start_time": "0:02:29.100000",
        "word": "the"
    },
    {
        "end_time": "0:02:29.600000",
        "speaker_tag": 1,
        "start_time": "0:02:29.400000",
        "word": "next"
    },
    {
        "end_time": "0:02:29.700000",
        "speaker_tag": 1,
        "start_time": "0:02:29.600000",
        "word": "day"
    },
    {
        "end_time": "0:02:30.500000",
        "speaker_tag": 1,
        "start_time": "0:02:29.700000",
        "word": "that"
    },
    {
        "end_time": "0:02:30.600000",
        "speaker_tag": 1,
        "start_time": "0:02:30.500000",
        "word": "we"
    },
    {
        "end_time": "0:02:30.800000",
        "speaker_tag": 1,
        "start_time": "0:02:30.600000",
        "word": "were"
    },
    {
        "end_time": "0:02:30.900000",
        "speaker_tag": 1,
        "start_time": "0:02:30.800000",
        "word": "going"
    },
    {
        "end_time": "0:02:31",
        "speaker_tag": 1,
        "start_time": "0:02:30.900000",
        "word": "to"
    },
    {
        "end_time": "0:02:31.100000",
        "speaker_tag": 1,
        "start_time": "0:02:31",
        "word": "go"
    },
    {
        "end_time": "0:02:31.600000",
        "speaker_tag": 1,
        "start_time": "0:02:31.100000",
        "word": "to"
    },
    {
        "end_time": "0:02:32.200000",
        "speaker_tag": 1,
        "start_time": "0:02:31.600000",
        "word": "Zion"
    },
    {
        "end_time": "0:02:33.500000",
        "speaker_tag": 1,
        "start_time": "0:02:32.200000",
        "word": "and"
    },
    {
        "end_time": "0:02:33.600000",
        "speaker_tag": 1,
        "start_time": "0:02:33.500000",
        "word": "go"
    },
    {
        "end_time": "0:02:33.900000",
        "speaker_tag": 1,
        "start_time": "0:02:33.600000",
        "word": "hiking"
    },
    {
        "end_time": "0:02:34.300000",
        "speaker_tag": 1,
        "start_time": "0:02:33.900000",
        "word": "on"
    },
    {
        "end_time": "0:02:34.800000",
        "speaker_tag": 1,
        "start_time": "0:02:34.300000",
        "word": "Angel's"
    },
    {
        "end_time": "0:02:34.900000",
        "speaker_tag": 1,
        "start_time": "0:02:34.800000",
        "word": "Landing"
    },
    {
        "end_time": "0:02:36.400000",
        "speaker_tag": 2,
        "start_time": "0:02:34.900000",
        "word": "but"
    },
    {
        "end_time": "0:02:38.500000",
        "speaker_tag": 2,
        "start_time": "0:02:36.400000",
        "word": "it"
    },
    {
        "end_time": "0:02:38.700000",
        "speaker_tag": 2,
        "start_time": "0:02:38.500000",
        "word": "was"
    },
    {
        "end_time": "0:02:39.300000",
        "speaker_tag": 2,
        "start_time": "0:02:38.700000",
        "word": "frozen"
    },
    {
        "end_time": "0:02:40.700000",
        "speaker_tag": 2,
        "start_time": "0:02:39.300000",
        "word": "so"
    },
    {
        "end_time": "0:02:41.200000",
        "speaker_tag": 2,
        "start_time": "0:02:40.700000",
        "word": "it"
    },
    {
        "end_time": "0:02:41.400000",
        "speaker_tag": 2,
        "start_time": "0:02:41.200000",
        "word": "was"
    },
    {
        "end_time": "0:02:41.500000",
        "speaker_tag": 2,
        "start_time": "0:02:41.400000",
        "word": "like"
    },
    {
        "end_time": "0:02:42.800000",
        "speaker_tag": 1,
        "start_time": "0:02:41.500000",
        "word": "snowing"
    },
    {
        "end_time": "0:02:42.900000",
        "speaker_tag": 1,
        "start_time": "0:02:42.800000",
        "word": "and"
    },
    {
        "end_time": "0:02:43.300000",
        "speaker_tag": 1,
        "start_time": "0:02:42.900000",
        "word": "stuff"
    },
    {
        "end_time": "0:02:43.400000",
        "speaker_tag": 1,
        "start_time": "0:02:43.300000",
        "word": "or"
    },
    {
        "end_time": "0:02:43.500000",
        "speaker_tag": 1,
        "start_time": "0:02:43.400000",
        "word": "not"
    },
    {
        "end_time": "0:02:44.300000",
        "speaker_tag": 1,
        "start_time": "0:02:43.500000",
        "word": "more"
    },
    {
        "end_time": "0:02:45.400000",
        "speaker_tag": 1,
        "start_time": "0:02:44.300000",
        "word": "dangerous"
    },
    {
        "end_time": "0:02:49.700000",
        "speaker_tag": 1,
        "start_time": "0:02:45.400000",
        "word": "hikes."
    },
    {
        "end_time": "0:02:51.200000",
        "speaker_tag": 2,
        "start_time": "0:02:49.700000",
        "word": "Super"
    },
    {
        "end_time": "0:02:51.500000",
        "speaker_tag": 2,
        "start_time": "0:02:51.200000",
        "word": "cute"
    },
    {
        "end_time": "0:02:51.800000",
        "speaker_tag": 2,
        "start_time": "0:02:51.500000",
        "word": "and"
    },
    {
        "end_time": "0:02:52",
        "speaker_tag": 2,
        "start_time": "0:02:51.800000",
        "word": "we"
    },
    {
        "end_time": "0:02:52.300000",
        "speaker_tag": 2,
        "start_time": "0:02:52",
        "word": "hike"
    },
    {
        "end_time": "0:02:53.700000",
        "speaker_tag": 2,
        "start_time": "0:02:52.300000",
        "word": "to"
    },
    {
        "end_time": "0:02:54.100000",
        "speaker_tag": 2,
        "start_time": "0:02:53.700000",
        "word": "Devil's"
    },
    {
        "end_time": "0:02:54.800000",
        "speaker_tag": 2,
        "start_time": "0:02:54.100000",
        "word": "Bridge"
    },
    {
        "end_time": "0:02:55.600000",
        "speaker_tag": 2,
        "start_time": "0:02:54.800000",
        "word": "which"
    },
    {
        "end_time": "0:02:55.700000",
        "speaker_tag": 2,
        "start_time": "0:02:55.600000",
        "word": "is"
    },
    {
        "end_time": "0:02:56.100000",
        "speaker_tag": 2,
        "start_time": "0:02:55.700000",
        "word": "like"
    },
    {
        "end_time": "0:03:02",
        "speaker_tag": 2,
        "start_time": "0:03:01.600000",
        "word": "it"
    },
    {
        "end_time": "0:03:02.200000",
        "speaker_tag": 2,
        "start_time": "0:03:02",
        "word": "just"
    },
    {
        "end_time": "0:03:02.400000",
        "speaker_tag": 2,
        "start_time": "0:03:02.200000",
        "word": "looks"
    },
    {
        "end_time": "0:03:02.500000",
        "speaker_tag": 2,
        "start_time": "0:03:02.400000",
        "word": "like"
    },
    {
        "end_time": "0:03:03.100000",
        "speaker_tag": 2,
        "start_time": "0:03:02.500000",
        "word": "it's"
    },
    {
        "end_time": "0:03:03.200000",
        "speaker_tag": 2,
        "start_time": "0:03:03.100000",
        "word": "just"
    },
    {
        "end_time": "0:03:03.500000",
        "speaker_tag": 2,
        "start_time": "0:03:03.200000",
        "word": "like"
    },
    {
        "end_time": "0:03:03.600000",
        "speaker_tag": 2,
        "start_time": "0:03:03.500000",
        "word": "a"
    },
    {
        "end_time": "0:03:04.100000",
        "speaker_tag": 1,
        "start_time": "0:03:03.600000",
        "word": "bridge"
    },
    {
        "end_time": "0:03:04.600000",
        "speaker_tag": 1,
        "start_time": "0:03:04.100000",
        "word": "just"
    },
    {
        "end_time": "0:03:04.800000",
        "speaker_tag": 1,
        "start_time": "0:03:04.600000",
        "word": "made"
    },
    {
        "end_time": "0:03:04.800000",
        "speaker_tag": 1,
        "start_time": "0:03:04.800000",
        "word": "out"
    },
    {
        "end_time": "0:03:04.900000",
        "speaker_tag": 1,
        "start_time": "0:03:04.800000",
        "word": "of"
    },
    {
        "end_time": "0:03:05.400000",
        "speaker_tag": 1,
        "start_time": "0:03:04.900000",
        "word": "rocks"
    },
    {
        "end_time": "0:03:05.600000",
        "speaker_tag": 1,
        "start_time": "0:03:05.400000",
        "word": "there's"
    },
    {
        "end_time": "0:03:05.900000",
        "speaker_tag": 1,
        "start_time": "0:03:05.600000",
        "word": "nothing"
    },
    {
        "end_time": "0:03:06.100000",
        "speaker_tag": 1,
        "start_time": "0:03:05.900000",
        "word": "like"
    },
    {
        "end_time": "0:03:06.600000",
        "speaker_tag": 1,
        "start_time": "0:03:06.100000",
        "word": "supporting"
    },
    {
        "end_time": "0:03:06.800000",
        "speaker_tag": 1,
        "start_time": "0:03:06.600000",
        "word": "and"
    },
    {
        "end_time": "0:03:07",
        "speaker_tag": 1,
        "start_time": "0:03:06.800000",
        "word": "under"
    },
    {
        "end_time": "0:03:07.200000",
        "speaker_tag": 1,
        "start_time": "0:03:07",
        "word": "me"
    },
    {
        "end_time": "0:03:08.300000",
        "speaker_tag": 1,
        "start_time": "0:03:07.200000",
        "word": "but"
    },
    {
        "end_time": "0:03:08.500000",
        "speaker_tag": 1,
        "start_time": "0:03:08.300000",
        "word": "it's"
    },
    {
        "end_time": "0:03:08.700000",
        "speaker_tag": 1,
        "start_time": "0:03:08.500000",
        "word": "really"
    },
    {
        "end_time": "0:03:09.100000",
        "speaker_tag": 1,
        "start_time": "0:03:08.700000",
        "word": "it's"
    },
    {
        "end_time": "0:03:09.400000",
        "speaker_tag": 1,
        "start_time": "0:03:09.100000",
        "word": "still"
    },
    {
        "end_time": "0:03:10.200000",
        "speaker_tag": 1,
        "start_time": "0:03:09.400000",
        "word": "straight"
    },
    {
        "end_time": "0:03:10.400000",
        "speaker_tag": 1,
        "start_time": "0:03:10.200000",
        "word": "As"
    },
    {
        "end_time": "0:03:10.700000",
        "speaker_tag": 1,
        "start_time": "0:03:10.400000",
        "word": "looks"
    },
    {
        "end_time": "0:03:11",
        "speaker_tag": 1,
        "start_time": "0:03:10.700000",
        "word": "scary"
    },
    {
        "end_time": "0:03:11.100000",
        "speaker_tag": 1,
        "start_time": "0:03:11",
        "word": "but"
    },
    {
        "end_time": "0:03:11.400000",
        "speaker_tag": 1,
        "start_time": "0:03:11.100000",
        "word": "it's"
    },
    {
        "end_time": "0:03:11.600000",
        "speaker_tag": 1,
        "start_time": "0:03:11.400000",
        "word": "not"
    },
    {
        "end_time": "0:03:12.700000",
        "speaker_tag": 1,
        "start_time": "0:03:11.600000",
        "word": "but"
    },
    {
        "end_time": "0:03:12.800000",
        "speaker_tag": 1,
        "start_time": "0:03:12.700000",
        "word": "it's"
    },
    {
        "end_time": "0:03:13",
        "speaker_tag": 1,
        "start_time": "0:03:12.800000",
        "word": "really"
    },
    {
        "end_time": "0:03:13.300000",
        "speaker_tag": 1,
        "start_time": "0:03:13",
        "word": "pretty"
    },
    {
        "end_time": "0:03:14.900000",
        "speaker_tag": 1,
        "start_time": "0:03:13.300000",
        "word": "Red"
    },
    {
        "end_time": "0:03:15.300000",
        "speaker_tag": 1,
        "start_time": "0:03:14.900000",
        "word": "Rocks"
    },
    {
        "end_time": "0:03:15.600000",
        "speaker_tag": 1,
        "start_time": "0:03:15.300000",
        "word": "everywhere"
    },
    {
        "end_time": "0:03:16.200000",
        "speaker_tag": 1,
        "start_time": "0:03:15.600000",
        "word": "and"
    },
    {
        "end_time": "0:03:16.400000",
        "speaker_tag": 1,
        "start_time": "0:03:16.200000",
        "word": "it's"
    },
    {
        "end_time": "0:03:16.600000",
        "speaker_tag": 1,
        "start_time": "0:03:16.400000",
        "word": "like"
    },
    {
        "end_time": "0:03:16.800000",
        "speaker_tag": 1,
        "start_time": "0:03:16.600000",
        "word": "the"
    },
    {
        "end_time": "0:03:17.100000",
        "speaker_tag": 1,
        "start_time": "0:03:16.800000",
        "word": "town"
    },
    {
        "end_time": "0:03:17.300000",
        "speaker_tag": 1,
        "start_time": "0:03:17.100000",
        "word": "or"
    },
    {
        "end_time": "0:03:17.800000",
        "speaker_tag": 1,
        "start_time": "0:03:17.300000",
        "word": "exist"
    },
    {
        "end_time": "0:03:18",
        "speaker_tag": 1,
        "start_time": "0:03:17.800000",
        "word": "because"
    },
    {
        "end_time": "0:03:18.200000",
        "speaker_tag": 1,
        "start_time": "0:03:18",
        "word": "of"
    },
    {
        "end_time": "0:03:18.500000",
        "speaker_tag": 1,
        "start_time": "0:03:18.200000",
        "word": "like"
    },
    {
        "end_time": "0:03:18.900000",
        "speaker_tag": 1,
        "start_time": "0:03:18.500000",
        "word": "tourism"
    },
    {
        "end_time": "0:03:20.200000",
        "speaker_tag": 1,
        "start_time": "0:03:18.900000",
        "word": "really"
    },
    {
        "end_time": "0:03:20.700000",
        "speaker_tag": 2,
        "start_time": "0:03:20.200000",
        "word": "small"
    },
    {
        "end_time": "0:03:22.200000",
        "speaker_tag": 2,
        "start_time": "0:03:21.700000",
        "word": "it's"
    },
    {
        "end_time": "0:03:22.400000",
        "speaker_tag": 2,
        "start_time": "0:03:22.200000",
        "word": "really"
    },
    {
        "end_time": "0:03:22.700000",
        "speaker_tag": 2,
        "start_time": "0:03:22.400000",
        "word": "cute"
    },
    {
        "end_time": "0:03:24.800000",
        "speaker_tag": 1,
        "start_time": "0:03:24.200000",
        "word": "we're"
    },
    {
        "end_time": "0:03:25",
        "speaker_tag": 1,
        "start_time": "0:03:24.800000",
        "word": "on"
    },
    {
        "end_time": "0:03:25.100000",
        "speaker_tag": 1,
        "start_time": "0:03:25",
        "word": "each"
    },
    {
        "end_time": "0:03:25.300000",
        "speaker_tag": 1,
        "start_time": "0:03:25.100000",
        "word": "other's"
    },
    {
        "end_time": "0:03:25.900000",
        "speaker_tag": 1,
        "start_time": "0:03:25.300000",
        "word": "Shuffle"
    },
    {
        "end_time": "0:03:26",
        "speaker_tag": 1,
        "start_time": "0:03:25.900000",
        "word": "her"
    },
    {
        "end_time": "0:03:26.300000",
        "speaker_tag": 1,
        "start_time": "0:03:26",
        "word": "he"
    },
    {
        "end_time": "0:03:26.400000",
        "speaker_tag": 1,
        "start_time": "0:03:26.300000",
        "word": "was"
    },
    {
        "end_time": "0:03:26.600000",
        "speaker_tag": 1,
        "start_time": "0:03:26.400000",
        "word": "going"
    },
    {
        "end_time": "0:03:26.900000",
        "speaker_tag": 1,
        "start_time": "0:03:26.600000",
        "word": "on"
    },
    {
        "end_time": "0:03:27.100000",
        "speaker_tag": 1,
        "start_time": "0:03:26.900000",
        "word": "it's"
    },
    {
        "end_time": "0:03:27.300000",
        "speaker_tag": 2,
        "start_time": "0:03:27.100000",
        "word": "all"
    },
    {
        "end_time": "0:03:27.400000",
        "speaker_tag": 2,
        "start_time": "0:03:27.300000",
        "word": "about"
    },
    {
        "end_time": "0:03:29.700000",
        "speaker_tag": 2,
        "start_time": "0:03:27.400000",
        "word": "holly"
    },
    {
        "end_time": "0:03:30.800000",
        "speaker_tag": 1,
        "start_time": "0:03:29.700000",
        "word": "hollywood"
    },
    {
        "end_time": "0:03:31.200000",
        "speaker_tag": 1,
        "start_time": "0:03:30.800000",
        "word": "it's"
    },
    {
        "end_time": "0:03:31.600000",
        "speaker_tag": 1,
        "start_time": "0:03:31.200000",
        "word": "about"
    },
    {
        "end_time": "0:03:31.800000",
        "speaker_tag": 1,
        "start_time": "0:03:31.600000",
        "word": "here"
    },
    {
        "end_time": "0:03:32.100000",
        "speaker_tag": 1,
        "start_time": "0:03:31.800000",
        "word": "in"
    },
    {
        "end_time": "0:03:32.200000",
        "speaker_tag": 1,
        "start_time": "0:03:32.100000",
        "word": "this"
    },
    {
        "end_time": "0:03:32.500000",
        "speaker_tag": 1,
        "start_time": "0:03:32.200000",
        "word": "and"
    },
    {
        "end_time": "0:03:32.600000",
        "speaker_tag": 1,
        "start_time": "0:03:32.500000",
        "word": "that"
    },
    {
        "end_time": "0:03:32.900000",
        "speaker_tag": 1,
        "start_time": "0:03:32.600000",
        "word": "and"
    },
    {
        "end_time": "0:03:34.800000",
        "speaker_tag": 1,
        "start_time": "0:03:32.900000",
        "word": "we"
    },
    {
        "end_time": "0:03:38.500000",
        "speaker_tag": 1,
        "start_time": "0:03:34.800000",
        "word": "drove"
    },
    {
        "end_time": "0:03:38.600000",
        "speaker_tag": 1,
        "start_time": "0:03:38.500000",
        "word": "to"
    },
    {
        "end_time": "0:03:38.800000",
        "speaker_tag": 1,
        "start_time": "0:03:38.600000",
        "word": "the"
    },
    {
        "end_time": "0:03:39.100000",
        "speaker_tag": 1,
        "start_time": "0:03:38.800000",
        "word": "for"
    },
    {
        "end_time": "0:03:39.100000",
        "speaker_tag": 1,
        "start_time": "0:03:39.100000",
        "word": "the"
    },
    {
        "end_time": "0:03:39.800000",
        "speaker_tag": 1,
        "start_time": "0:03:39.100000",
        "word": "forest"
    },
    {
        "end_time": "0:03:40",
        "speaker_tag": 1,
        "start_time": "0:03:39.800000",
        "word": "like"
    },
    {
        "end_time": "0:03:40.600000",
        "speaker_tag": 1,
        "start_time": "0:03:40",
        "word": "driving"
    },
    {
        "end_time": "0:03:40.700000",
        "speaker_tag": 1,
        "start_time": "0:03:40.600000",
        "word": "through"
    },
    {
        "end_time": "0:03:41.100000",
        "speaker_tag": 1,
        "start_time": "0:03:40.700000",
        "word": "so"
    },
    {
        "end_time": "0:03:41.700000",
        "speaker_tag": 1,
        "start_time": "0:03:41.100000",
        "word": "pretty"
    },
    {
        "end_time": "0:03:42.700000",
        "speaker_tag": 1,
        "start_time": "0:03:41.700000",
        "word": "it"
    },
    {
        "end_time": "0:03:42.800000",
        "speaker_tag": 1,
        "start_time": "0:03:42.700000",
        "word": "was"
    },
    {
        "end_time": "0:03:43.400000",
        "speaker_tag": 1,
        "start_time": "0:03:42.800000",
        "word": "it"
    },
    {
        "end_time": "0:03:43.400000",
        "speaker_tag": 1,
        "start_time": "0:03:43.400000",
        "word": "would"
    },
    {
        "end_time": "0:03:43.600000",
        "speaker_tag": 1,
        "start_time": "0:03:43.400000",
        "word": "have"
    },
    {
        "end_time": "0:03:43.600000",
        "speaker_tag": 1,
        "start_time": "0:03:43.600000",
        "word": "been"
    },
    {
        "end_time": "0:03:44",
        "speaker_tag": 1,
        "start_time": "0:03:43.600000",
        "word": "cuter"
    },
    {
        "end_time": "0:03:44.300000",
        "speaker_tag": 1,
        "start_time": "0:03:44",
        "word": "but"
    },
    {
        "end_time": "0:03:44.500000",
        "speaker_tag": 1,
        "start_time": "0:03:44.300000",
        "word": "it"
    },
    {
        "end_time": "0:03:44.600000",
        "speaker_tag": 1,
        "start_time": "0:03:44.500000",
        "word": "was"
    },
    {
        "end_time": "0:03:45",
        "speaker_tag": 1,
        "start_time": "0:03:44.600000",
        "word": "winter"
    },
    {
        "end_time": "0:03:57.100000",
        "speaker_tag": 2,
        "start_time": "0:03:54.200000",
        "word": "such"
    },
    {
        "end_time": "0:03:57.200000",
        "speaker_tag": 2,
        "start_time": "0:03:57.100000",
        "word": "a"
    },
    {
        "end_time": "0:03:57.400000",
        "speaker_tag": 1,
        "start_time": "0:03:57.200000",
        "word": "long"
    },
    {
        "end_time": "0:03:57.600000",
        "speaker_tag": 1,
        "start_time": "0:03:57.400000",
        "word": "drive"
    },
    {
        "end_time": "0:03:58.700000",
        "speaker_tag": 1,
        "start_time": "0:03:57.600000",
        "word": "through"
    },
    {
        "end_time": "0:03:58.800000",
        "speaker_tag": 1,
        "start_time": "0:03:58.700000",
        "word": "the"
    },
    {
        "end_time": "0:03:59.300000",
        "speaker_tag": 1,
        "start_time": "0:03:58.800000",
        "word": "night"
    },
    {
        "end_time": "0:04:14.200000",
        "speaker_tag": 2,
        "start_time": "0:04:12.300000",
        "word": "can"
    },
    {
        "end_time": "0:04:14.300000",
        "speaker_tag": 2,
        "start_time": "0:04:14.200000",
        "word": "you"
    },
    {
        "end_time": "0:04:14.800000",
        "speaker_tag": 1,
        "start_time": "0:04:14.300000",
        "word": "explain"
    },
    {
        "end_time": "0:04:15",
        "speaker_tag": 1,
        "start_time": "0:04:14.800000",
        "word": "how"
    },
    {
        "end_time": "0:04:15.200000",
        "speaker_tag": 1,
        "start_time": "0:04:15",
        "word": "you"
    },
    {
        "end_time": "0:04:15.400000",
        "speaker_tag": 1,
        "start_time": "0:04:15.200000",
        "word": "would"
    },
    {
        "end_time": "0:04:15.500000",
        "speaker_tag": 1,
        "start_time": "0:04:15.400000",
        "word": "make"
    },
    {
        "end_time": "0:04:15.700000",
        "speaker_tag": 1,
        "start_time": "0:04:15.500000",
        "word": "the"
    },
    {
        "end_time": "0:04:16",
        "speaker_tag": 1,
        "start_time": "0:04:15.700000",
        "word": "following"
    },
    {
        "end_time": "0:04:16.500000",
        "speaker_tag": 1,
        "start_time": "0:04:16",
        "word": "meal"
    },
    {
        "end_time": "0:04:17.600000",
        "speaker_tag": 2,
        "start_time": "0:04:16.500000",
        "word": "step-by-step"
    },
    {
        "end_time": "0:04:18.100000",
        "speaker_tag": 2,
        "start_time": "0:04:17.600000",
        "word": "a"
    },
    {
        "end_time": "0:04:18.300000",
        "speaker_tag": 2,
        "start_time": "0:04:18.100000",
        "word": "cup"
    },
    {
        "end_time": "0:04:18.500000",
        "speaker_tag": 2,
        "start_time": "0:04:18.300000",
        "word": "of"
    },
    {
        "end_time": "0:04:18.700000",
        "speaker_tag": 1,
        "start_time": "0:04:18.500000",
        "word": "coffee"
    },
    {
        "end_time": "0:04:19.800000",
        "speaker_tag": 1,
        "start_time": "0:04:18.700000",
        "word": "scrambled"
    },
    {
        "end_time": "0:04:20.200000",
        "speaker_tag": 1,
        "start_time": "0:04:19.800000",
        "word": "eggs"
    },
    {
        "end_time": "0:04:20.400000",
        "speaker_tag": 1,
        "start_time": "0:04:20.200000",
        "word": "and"
    },
    {
        "end_time": "0:04:20.400000",
        "speaker_tag": 1,
        "start_time": "0:04:20.400000",
        "word": "a"
    },
    {
        "end_time": "0:04:20.600000",
        "speaker_tag": 1,
        "start_time": "0:04:20.400000",
        "word": "bowl"
    },
    {
        "end_time": "0:04:20.700000",
        "speaker_tag": 1,
        "start_time": "0:04:20.600000",
        "word": "of"
    },
    {
        "end_time": "0:04:21.100000",
        "speaker_tag": 1,
        "start_time": "0:04:20.700000",
        "word": "fruit"
    },
    {
        "end_time": "0:04:21.900000",
        "speaker_tag": 1,
        "start_time": "0:04:21.100000",
        "word": "pretend"
    },
    {
        "end_time": "0:04:22.100000",
        "speaker_tag": 1,
        "start_time": "0:04:21.900000",
        "word": "I"
    },
    {
        "end_time": "0:04:22.300000",
        "speaker_tag": 1,
        "start_time": "0:04:22.100000",
        "word": "don't"
    },
    {
        "end_time": "0:04:22.500000",
        "speaker_tag": 1,
        "start_time": "0:04:22.300000",
        "word": "know"
    },
    {
        "end_time": "0:04:22.600000",
        "speaker_tag": 1,
        "start_time": "0:04:22.500000",
        "word": "how"
    },
    {
        "end_time": "0:04:22.700000",
        "speaker_tag": 1,
        "start_time": "0:04:22.600000",
        "word": "to"
    },
    {
        "end_time": "0:04:22.800000",
        "speaker_tag": 1,
        "start_time": "0:04:22.700000",
        "word": "make"
    },
    {
        "end_time": "0:04:23.100000",
        "speaker_tag": 1,
        "start_time": "0:04:22.800000",
        "word": "the"
    },
    {
        "end_time": "0:04:23.300000",
        "speaker_tag": 1,
        "start_time": "0:04:23.100000",
        "word": "meal"
    },
    {
        "end_time": "0:04:23.600000",
        "speaker_tag": 1,
        "start_time": "0:04:23.300000",
        "word": "and"
    },
    {
        "end_time": "0:04:24",
        "speaker_tag": 1,
        "start_time": "0:04:23.600000",
        "word": "provide"
    },
    {
        "end_time": "0:04:24.600000",
        "speaker_tag": 1,
        "start_time": "0:04:24",
        "word": "details"
    },
    {
        "end_time": "0:04:25.200000",
        "speaker_tag": 1,
        "start_time": "0:04:24.600000",
        "word": "you"
    },
    {
        "end_time": "0:04:25.400000",
        "speaker_tag": 1,
        "start_time": "0:04:25.200000",
        "word": "have"
    },
    {
        "end_time": "0:04:25.600000",
        "speaker_tag": 1,
        "start_time": "0:04:25.400000",
        "word": "5"
    },
    {
        "end_time": "0:04:25.600000",
        "speaker_tag": 1,
        "start_time": "0:04:25.600000",
        "word": "minutes"
    },
    {
        "end_time": "0:04:26",
        "speaker_tag": 1,
        "start_time": "0:04:25.600000",
        "word": "to"
    },
    {
        "end_time": "0:04:26.300000",
        "speaker_tag": 1,
        "start_time": "0:04:26",
        "word": "explain"
    },
    {
        "end_time": "0:04:38.300000",
        "speaker_tag": 2,
        "start_time": "0:04:26.300000",
        "word": "but"
    },
    {
        "end_time": "0:04:38.700000",
        "speaker_tag": 2,
        "start_time": "0:04:38.300000",
        "word": "I"
    },
    {
        "end_time": "0:04:38.900000",
        "speaker_tag": 1,
        "start_time": "0:04:38.700000",
        "word": "don't"
    },
    {
        "end_time": "0:04:40.700000",
        "speaker_tag": 1,
        "start_time": "0:04:38.900000",
        "word": "want"
    },
    {
        "end_time": "0:04:40.700000",
        "speaker_tag": 1,
        "start_time": "0:04:40.700000",
        "word": "to"
    },
    {
        "end_time": "0:04:41",
        "speaker_tag": 1,
        "start_time": "0:04:40.700000",
        "word": "put"
    },
    {
        "end_time": "0:04:41.200000",
        "speaker_tag": 1,
        "start_time": "0:04:41",
        "word": "hot"
    },
    {
        "end_time": "0:04:41.300000",
        "speaker_tag": 1,
        "start_time": "0:04:41.200000",
        "word": "water"
    },
    {
        "end_time": "0:04:42.200000",
        "speaker_tag": 1,
        "start_time": "0:04:41.300000",
        "word": "we"
    },
    {
        "end_time": "0:04:42.500000",
        "speaker_tag": 1,
        "start_time": "0:04:42.200000",
        "word": "can"
    },
    {
        "end_time": "0:04:42.600000",
        "speaker_tag": 1,
        "start_time": "0:04:42.500000",
        "word": "do"
    },
    {
        "end_time": "0:04:42.800000",
        "speaker_tag": 1,
        "start_time": "0:04:42.600000",
        "word": "that"
    },
    {
        "end_time": "0:04:43.100000",
        "speaker_tag": 1,
        "start_time": "0:04:42.800000",
        "word": "or"
    },
    {
        "end_time": "0:04:43.300000",
        "speaker_tag": 1,
        "start_time": "0:04:43.100000",
        "word": "you"
    },
    {
        "end_time": "0:04:43.500000",
        "speaker_tag": 1,
        "start_time": "0:04:43.300000",
        "word": "going"
    },
    {
        "end_time": "0:04:43.600000",
        "speaker_tag": 1,
        "start_time": "0:04:43.500000",
        "word": "to"
    },
    {
        "end_time": "0:04:43.800000",
        "speaker_tag": 1,
        "start_time": "0:04:43.600000",
        "word": "heat"
    },
    {
        "end_time": "0:04:43.800000",
        "speaker_tag": 1,
        "start_time": "0:04:43.800000",
        "word": "a"
    },
    {
        "end_time": "0:04:44.100000",
        "speaker_tag": 1,
        "start_time": "0:04:43.800000",
        "word": "pot"
    },
    {
        "end_time": "0:04:44.300000",
        "speaker_tag": 1,
        "start_time": "0:04:44.100000",
        "word": "on"
    },
    {
        "end_time": "0:04:44.300000",
        "speaker_tag": 1,
        "start_time": "0:04:44.300000",
        "word": "the"
    },
    {
        "end_time": "0:04:44.400000",
        "speaker_tag": 1,
        "start_time": "0:04:44.300000",
        "word": "stove"
    },
    {
        "end_time": "0:04:45.900000",
        "speaker_tag": 2,
        "start_time": "0:04:44.400000",
        "word": "if"
    },
    {
        "end_time": "0:04:46",
        "speaker_tag": 2,
        "start_time": "0:04:45.900000",
        "word": "you"
    },
    {
        "end_time": "0:04:46.500000",
        "speaker_tag": 2,
        "start_time": "0:04:46",
        "word": "stop"
    },
    {
        "end_time": "0:04:46.700000",
        "speaker_tag": 2,
        "start_time": "0:04:46.500000",
        "word": "for"
    },
    {
        "end_time": "0:04:46.800000",
        "speaker_tag": 2,
        "start_time": "0:04:46.700000",
        "word": "coffee"
    },
    {
        "end_time": "0:04:54.500000",
        "speaker_tag": 1,
        "start_time": "0:04:54.100000",
        "word": "and"
    },
    {
        "end_time": "0:04:54.900000",
        "speaker_tag": 1,
        "start_time": "0:04:54.500000",
        "word": "then"
    },
    {
        "end_time": "0:04:55.900000",
        "speaker_tag": 1,
        "start_time": "0:04:54.900000",
        "word": "all"
    },
    {
        "end_time": "0:04:56",
        "speaker_tag": 1,
        "start_time": "0:04:55.900000",
        "word": "that"
    },
    {
        "end_time": "0:04:56.500000",
        "speaker_tag": 1,
        "start_time": "0:04:56",
        "word": "scrolling"
    },
    {
        "end_time": "0:04:56.800000",
        "speaker_tag": 1,
        "start_time": "0:04:56.500000",
        "word": "down"
    },
    {
        "end_time": "0:04:59.900000",
        "speaker_tag": 1,
        "start_time": "0:04:56.800000",
        "word": "I'll"
    },
    {
        "end_time": "0:05:00.200000",
        "speaker_tag": 1,
        "start_time": "0:04:59.900000",
        "word": "make"
    },
    {
        "end_time": "0:05:00.500000",
        "speaker_tag": 1,
        "start_time": "0:05:00.200000",
        "word": "scrambled"
    },
    {
        "end_time": "0:05:01.200000",
        "speaker_tag": 1,
        "start_time": "0:05:00.500000",
        "word": "eggs"
    },
    {
        "end_time": "0:05:01.300000",
        "speaker_tag": 1,
        "start_time": "0:05:01.200000",
        "word": "what"
    },
    {
        "end_time": "0:05:01.400000",
        "speaker_tag": 1,
        "start_time": "0:05:01.300000",
        "word": "I"
    },
    {
        "end_time": "0:05:01.700000",
        "speaker_tag": 1,
        "start_time": "0:05:01.400000",
        "word": "do"
    },
    {
        "end_time": "0:05:01.900000",
        "speaker_tag": 1,
        "start_time": "0:05:01.700000",
        "word": "I"
    },
    {
        "end_time": "0:05:02",
        "speaker_tag": 1,
        "start_time": "0:05:01.900000",
        "word": "just"
    },
    {
        "end_time": "0:05:02.800000",
        "speaker_tag": 1,
        "start_time": "0:05:02",
        "word": "break"
    },
    {
        "end_time": "0:05:02.900000",
        "speaker_tag": 1,
        "start_time": "0:05:02.800000",
        "word": "the"
    },
    {
        "end_time": "0:05:03.200000",
        "speaker_tag": 1,
        "start_time": "0:05:02.900000",
        "word": "eggs"
    },
    {
        "end_time": "0:05:03.400000",
        "speaker_tag": 1,
        "start_time": "0:05:03.200000",
        "word": "in"
    },
    {
        "end_time": "0:05:03.400000",
        "speaker_tag": 1,
        "start_time": "0:05:03.400000",
        "word": "the"
    },
    {
        "end_time": "0:05:03.700000",
        "speaker_tag": 1,
        "start_time": "0:05:03.400000",
        "word": "pan"
    },
    {
        "end_time": "0:05:05",
        "speaker_tag": 1,
        "start_time": "0:05:03.700000",
        "word": "however"
    },
    {
        "end_time": "0:05:05.300000",
        "speaker_tag": 1,
        "start_time": "0:05:05",
        "word": "many"
    },
    {
        "end_time": "0:05:05.400000",
        "speaker_tag": 1,
        "start_time": "0:05:05.300000",
        "word": "you"
    },
    {
        "end_time": "0:05:05.500000",
        "speaker_tag": 1,
        "start_time": "0:05:05.400000",
        "word": "want"
    },
    {
        "end_time": "0:05:06.900000",
        "speaker_tag": 1,
        "start_time": "0:05:05.500000",
        "word": "hungry"
    },
    {
        "end_time": "0:05:07.400000",
        "speaker_tag": 1,
        "start_time": "0:05:06.900000",
        "word": "depending"
    },
    {
        "end_time": "0:05:07.400000",
        "speaker_tag": 1,
        "start_time": "0:05:07.400000",
        "word": "on"
    },
    {
        "end_time": "0:05:07.600000",
        "speaker_tag": 1,
        "start_time": "0:05:07.400000",
        "word": "how"
    },
    {
        "end_time": "0:05:07.800000",
        "speaker_tag": 1,
        "start_time": "0:05:07.600000",
        "word": "hungry"
    },
    {
        "end_time": "0:05:08",
        "speaker_tag": 1,
        "start_time": "0:05:07.800000",
        "word": "you"
    },
    {
        "end_time": "0:05:08.200000",
        "speaker_tag": 1,
        "start_time": "0:05:08",
        "word": "are"
    },
    {
        "end_time": "0:05:09.300000",
        "speaker_tag": 1,
        "start_time": "0:05:08.200000",
        "word": "and"
    },
    {
        "end_time": "0:05:09.700000",
        "speaker_tag": 1,
        "start_time": "0:05:09.300000",
        "word": "then"
    },
    {
        "end_time": "0:05:10.900000",
        "speaker_tag": 2,
        "start_time": "0:05:09.700000",
        "word": "you"
    },
    {
        "end_time": "0:05:11",
        "speaker_tag": 2,
        "start_time": "0:05:10.900000",
        "word": "just"
    },
    {
        "end_time": "0:05:11.600000",
        "speaker_tag": 2,
        "start_time": "0:05:11",
        "word": "I"
    },
    {
        "end_time": "0:05:11.700000",
        "speaker_tag": 2,
        "start_time": "0:05:11.600000",
        "word": "just"
    },
    {
        "end_time": "0:05:12.200000",
        "speaker_tag": 1,
        "start_time": "0:05:11.700000",
        "word": "break"
    },
    {
        "end_time": "0:05:12.200000",
        "speaker_tag": 1,
        "start_time": "0:05:12.200000",
        "word": "them"
    },
    {
        "end_time": "0:05:12.400000",
        "speaker_tag": 1,
        "start_time": "0:05:12.200000",
        "word": "up"
    },
    {
        "end_time": "0:05:12.700000",
        "speaker_tag": 1,
        "start_time": "0:05:12.400000",
        "word": "while"
    },
    {
        "end_time": "0:05:12.900000",
        "speaker_tag": 1,
        "start_time": "0:05:12.700000",
        "word": "they're"
    },
    {
        "end_time": "0:05:13.100000",
        "speaker_tag": 1,
        "start_time": "0:05:12.900000",
        "word": "cooking"
    },
    {
        "end_time": "0:05:14.300000",
        "speaker_tag": 2,
        "start_time": "0:05:13.100000",
        "word": "and"
    },
    {
        "end_time": "0:05:14.400000",
        "speaker_tag": 2,
        "start_time": "0:05:14.300000",
        "word": "I"
    },
    {
        "end_time": "0:05:14.700000",
        "speaker_tag": 2,
        "start_time": "0:05:14.400000",
        "word": "know"
    },
    {
        "end_time": "0:05:15.400000",
        "speaker_tag": 2,
        "start_time": "0:05:14.700000",
        "word": "you"
    },
    {
        "end_time": "0:05:15.600000",
        "speaker_tag": 2,
        "start_time": "0:05:15.400000",
        "word": "know"
    },
    {
        "end_time": "0:05:17.400000",
        "speaker_tag": 2,
        "start_time": "0:05:16.800000",
        "word": "just"
    },
    {
        "end_time": "0:05:18",
        "speaker_tag": 2,
        "start_time": "0:05:17.400000",
        "word": "use"
    },
    {
        "end_time": "0:05:18.100000",
        "speaker_tag": 2,
        "start_time": "0:05:18",
        "word": "that"
    },
    {
        "end_time": "0:05:18.800000",
        "speaker_tag": 2,
        "start_time": "0:05:18.100000",
        "word": "to"
    },
    {
        "end_time": "0:05:19",
        "speaker_tag": 2,
        "start_time": "0:05:18.800000",
        "word": "break"
    },
    {
        "end_time": "0:05:19.200000",
        "speaker_tag": 2,
        "start_time": "0:05:19",
        "word": "it"
    },
    {
        "end_time": "0:05:19.300000",
        "speaker_tag": 2,
        "start_time": "0:05:19.200000",
        "word": "up"
    },
    {
        "end_time": "0:05:19.500000",
        "speaker_tag": 2,
        "start_time": "0:05:19.300000",
        "word": "so"
    },
    {
        "end_time": "0:05:19.800000",
        "speaker_tag": 2,
        "start_time": "0:05:19.500000",
        "word": "you"
    },
    {
        "end_time": "0:05:20.100000",
        "speaker_tag": 2,
        "start_time": "0:05:19.800000",
        "word": "cook"
    },
    {
        "end_time": "0:05:20.700000",
        "speaker_tag": 1,
        "start_time": "0:05:20.100000",
        "word": "small"
    },
    {
        "end_time": "0:05:20.900000",
        "speaker_tag": 1,
        "start_time": "0:05:20.700000",
        "word": "pieces"
    },
    {
        "end_time": "0:05:21.300000",
        "speaker_tag": 1,
        "start_time": "0:05:20.900000",
        "word": "like"
    },
    {
        "end_time": "0:05:21.600000",
        "speaker_tag": 1,
        "start_time": "0:05:21.300000",
        "word": "however"
    },
    {
        "end_time": "0:05:21.900000",
        "speaker_tag": 1,
        "start_time": "0:05:21.600000",
        "word": "you"
    },
    {
        "end_time": "0:05:22.200000",
        "speaker_tag": 1,
        "start_time": "0:05:21.900000",
        "word": "want"
    },
    {
        "end_time": "0:05:22.300000",
        "speaker_tag": 1,
        "start_time": "0:05:22.200000",
        "word": "it"
    },
    {
        "end_time": "0:05:22.600000",
        "speaker_tag": 1,
        "start_time": "0:05:22.300000",
        "word": "and"
    },
    {
        "end_time": "0:05:22.900000",
        "speaker_tag": 1,
        "start_time": "0:05:22.600000",
        "word": "then"
    },
    {
        "end_time": "0:05:25",
        "speaker_tag": 1,
        "start_time": "0:05:24.100000",
        "word": "Blackstone"
    },
    {
        "end_time": "0:05:25.400000",
        "speaker_tag": 1,
        "start_time": "0:05:25",
        "word": "cooking"
    },
    {
        "end_time": "0:05:26.800000",
        "speaker_tag": 1,
        "start_time": "0:05:25.400000",
        "word": "you"
    },
    {
        "end_time": "0:05:26.900000",
        "speaker_tag": 1,
        "start_time": "0:05:26.800000",
        "word": "no"
    },
    {
        "end_time": "0:05:27.200000",
        "speaker_tag": 1,
        "start_time": "0:05:26.900000",
        "word": "because"
    },
    {
        "end_time": "0:05:27.500000",
        "speaker_tag": 1,
        "start_time": "0:05:27.200000",
        "word": "it"
    },
    {
        "end_time": "0:05:27.600000",
        "speaker_tag": 1,
        "start_time": "0:05:27.500000",
        "word": "won't"
    },
    {
        "end_time": "0:05:28.100000",
        "speaker_tag": 1,
        "start_time": "0:05:27.600000",
        "word": "lose"
    },
    {
        "end_time": "0:05:28.400000",
        "speaker_tag": 1,
        "start_time": "0:05:28.100000",
        "word": "anything"
    },
    {
        "end_time": "0:05:32.500000",
        "speaker_tag": 2,
        "start_time": "0:05:31.900000",
        "word": "and"
    },
    {
        "end_time": "0:05:32.600000",
        "speaker_tag": 2,
        "start_time": "0:05:32.500000",
        "word": "you"
    },
    {
        "end_time": "0:05:32.800000",
        "speaker_tag": 2,
        "start_time": "0:05:32.600000",
        "word": "can"
    },
    {
        "end_time": "0:05:33",
        "speaker_tag": 2,
        "start_time": "0:05:32.800000",
        "word": "put"
    },
    {
        "end_time": "0:05:33.700000",
        "speaker_tag": 2,
        "start_time": "0:05:33",
        "word": "dots"
    },
    {
        "end_time": "0:05:34",
        "speaker_tag": 2,
        "start_time": "0:05:33.700000",
        "word": "inside"
    },
    {
        "end_time": "0:05:34.300000",
        "speaker_tag": 2,
        "start_time": "0:05:34",
        "word": "in"
    },
    {
        "end_time": "0:05:34.500000",
        "speaker_tag": 1,
        "start_time": "0:05:34.300000",
        "word": "a"
    },
    {
        "end_time": "0:05:34.900000",
        "speaker_tag": 1,
        "start_time": "0:05:34.500000",
        "word": "bull's"
    },
    {
        "end_time": "0:05:35.500000",
        "speaker_tag": 1,
        "start_time": "0:05:34.900000",
        "word": "proved"
    },
    {
        "end_time": "0:05:36.500000",
        "speaker_tag": 1,
        "start_time": "0:05:35.500000",
        "word": "if"
    },
    {
        "end_time": "0:05:36.600000",
        "speaker_tag": 1,
        "start_time": "0:05:36.500000",
        "word": "you"
    },
    {
        "end_time": "0:05:36.800000",
        "speaker_tag": 1,
        "start_time": "0:05:36.600000",
        "word": "know"
    },
    {
        "end_time": "0:05:37",
        "speaker_tag": 1,
        "start_time": "0:05:36.800000",
        "word": "what"
    },
    {
        "end_time": "0:05:37.400000",
        "speaker_tag": 1,
        "start_time": "0:05:37",
        "word": "fruit"
    },
    {
        "end_time": "0:05:37.600000",
        "speaker_tag": 1,
        "start_time": "0:05:37.400000",
        "word": "you"
    },
    {
        "end_time": "0:05:37.800000",
        "speaker_tag": 1,
        "start_time": "0:05:37.600000",
        "word": "want"
    },
    {
        "end_time": "0:05:41.300000",
        "speaker_tag": 1,
        "start_time": "0:05:39.900000",
        "word": "grab"
    },
    {
        "end_time": "0:05:41.600000",
        "speaker_tag": 1,
        "start_time": "0:05:41.300000",
        "word": "it"
    },
    {
        "end_time": "0:05:41.700000",
        "speaker_tag": 1,
        "start_time": "0:05:41.600000",
        "word": "and"
    },
    {
        "end_time": "0:05:42.200000",
        "speaker_tag": 1,
        "start_time": "0:05:41.700000",
        "word": "washed"
    },
    {
        "end_time": "0:05:42.400000",
        "speaker_tag": 1,
        "start_time": "0:05:42.200000",
        "word": "it"
    },
    {
        "end_time": "0:05:42.800000",
        "speaker_tag": 1,
        "start_time": "0:05:42.400000",
        "word": "and"
    },
    {
        "end_time": "0:05:43.100000",
        "speaker_tag": 1,
        "start_time": "0:05:42.800000",
        "word": "then"
    },
    {
        "end_time": "0:05:43.200000",
        "speaker_tag": 1,
        "start_time": "0:05:43.100000",
        "word": "you"
    },
    {
        "end_time": "0:05:43.500000",
        "speaker_tag": 1,
        "start_time": "0:05:43.200000",
        "word": "cut"
    },
    {
        "end_time": "0:05:43.600000",
        "speaker_tag": 1,
        "start_time": "0:05:43.500000",
        "word": "it"
    },
    {
        "end_time": "0:05:43.800000",
        "speaker_tag": 1,
        "start_time": "0:05:43.600000",
        "word": "into"
    },
    {
        "end_time": "0:05:43.900000",
        "speaker_tag": 1,
        "start_time": "0:05:43.800000",
        "word": "pieces"
    },
    {
        "end_time": "0:05:44.700000",
        "speaker_tag": 1,
        "start_time": "0:05:43.900000",
        "word": "and"
    },
    {
        "end_time": "0:05:44.900000",
        "speaker_tag": 1,
        "start_time": "0:05:44.700000",
        "word": "then"
    },
    {
        "end_time": "0:05:45",
        "speaker_tag": 1,
        "start_time": "0:05:44.900000",
        "word": "you"
    },
    {
        "end_time": "0:05:45.700000",
        "speaker_tag": 2,
        "start_time": "0:05:45",
        "word": "put"
    },
    {
        "end_time": "0:05:45.800000",
        "speaker_tag": 2,
        "start_time": "0:05:45.700000",
        "word": "it"
    },
    {
        "end_time": "0:05:45.900000",
        "speaker_tag": 2,
        "start_time": "0:05:45.800000",
        "word": "in"
    }
]