[
    {
        "end_time": "0:00:02.100000",
        "speaker_tag": 1,
        "start_time": "0:00:00.700000",
        "word": "tell"
    },
    {
        "end_time": "0:00:02.200000",
        "speaker_tag": 1,
        "start_time": "0:00:02.100000",
        "word": "me"
    },
    {
        "end_time": "0:00:02.300000",
        "speaker_tag": 1,
        "start_time": "0:00:02.200000",
        "word": "about"
    },
    {
        "end_time": "0:00:02.400000",
        "speaker_tag": 1,
        "start_time": "0:00:02.300000",
        "word": "a"
    },
    {
        "end_time": "0:00:02.700000",
        "speaker_tag": 1,
        "start_time": "0:00:02.400000",
        "word": "trip"
    },
    {
        "end_time": "0:00:02.900000",
        "speaker_tag": 1,
        "start_time": "0:00:02.700000",
        "word": "or"
    },
    {
        "end_time": "0:00:02.900000",
        "speaker_tag": 1,
        "start_time": "0:00:02.900000",
        "word": "vacation"
    },
    {
        "end_time": "0:00:03.700000",
        "speaker_tag": 1,
        "start_time": "0:00:02.900000",
        "word": "that"
    },
    {
        "end_time": "0:00:03.800000",
        "speaker_tag": 1,
        "start_time": "0:00:03.700000",
        "word": "you"
    },
    {
        "end_time": "0:00:03.900000",
        "speaker_tag": 1,
        "start_time": "0:00:03.800000",
        "word": "have"
    },
    {
        "end_time": "0:00:04.100000",
        "speaker_tag": 1,
        "start_time": "0:00:03.900000",
        "word": "taken"
    },
    {
        "end_time": "0:00:04.800000",
        "speaker_tag": 1,
        "start_time": "0:00:04.100000",
        "word": "you"
    },
    {
        "end_time": "0:00:05",
        "speaker_tag": 1,
        "start_time": "0:00:04.800000",
        "word": "can"
    },
    {
        "end_time": "0:00:05.200000",
        "speaker_tag": 1,
        "start_time": "0:00:05",
        "word": "provide"
    },
    {
        "end_time": "0:00:05.400000",
        "speaker_tag": 1,
        "start_time": "0:00:05.200000",
        "word": "as"
    },
    {
        "end_time": "0:00:05.600000",
        "speaker_tag": 1,
        "start_time": "0:00:05.400000",
        "word": "many"
    },
    {
        "end_time": "0:00:05.900000",
        "speaker_tag": 1,
        "start_time": "0:00:05.600000",
        "word": "details"
    },
    {
        "end_time": "0:00:06.200000",
        "speaker_tag": 1,
        "start_time": "0:00:05.900000",
        "word": "as"
    },
    {
        "end_time": "0:00:06.900000",
        "speaker_tag": 1,
        "start_time": "0:00:06.200000",
        "word": "necessary"
    },
    {
        "end_time": "0:00:07.200000",
        "speaker_tag": 1,
        "start_time": "0:00:06.900000",
        "word": "I"
    },
    {
        "end_time": "0:00:07.300000",
        "speaker_tag": 1,
        "start_time": "0:00:07.200000",
        "word": "will"
    },
    {
        "end_time": "0:00:07.500000",
        "speaker_tag": 1,
        "start_time": "0:00:07.300000",
        "word": "tell"
    },
    {
        "end_time": "0:00:07.600000",
        "speaker_tag": 1,
        "start_time": "0:00:07.500000",
        "word": "you"
    },
    {
        "end_time": "0:00:07.700000",
        "speaker_tag": 1,
        "start_time": "0:00:07.600000",
        "word": "when"
    },
    {
        "end_time": "0:00:07.800000",
        "speaker_tag": 2,
        "start_time": "0:00:07.700000",
        "word": "to"
    },
    {
        "end_time": "0:00:07.900000",
        "speaker_tag": 2,
        "start_time": "0:00:07.800000",
        "word": "stop"
    },
    {
        "end_time": "0:00:12.800000",
        "speaker_tag": 2,
        "start_time": "0:00:12.400000",
        "word": "how's"
    },
    {
        "end_time": "0:00:13",
        "speaker_tag": 2,
        "start_time": "0:00:12.800000",
        "word": "my"
    },
    {
        "end_time": "0:00:13.500000",
        "speaker_tag": 2,
        "start_time": "0:00:13",
        "word": "family"
    },
    {
        "end_time": "0:00:14.100000",
        "speaker_tag": 2,
        "start_time": "0:00:13.500000",
        "word": "where"
    },
    {
        "end_time": "0:00:14.200000",
        "speaker_tag": 2,
        "start_time": "0:00:14.100000",
        "word": "are"
    },
    {
        "end_time": "0:00:14.300000",
        "speaker_tag": 2,
        "start_time": "0:00:14.200000",
        "word": "they"
    },
    {
        "end_time": "0:00:14.500000",
        "speaker_tag": 2,
        "start_time": "0:00:14.300000",
        "word": "were"
    },
    {
        "end_time": "0:00:16",
        "speaker_tag": 2,
        "start_time": "0:00:14.500000",
        "word": "with"
    },
    {
        "end_time": "0:00:16.200000",
        "speaker_tag": 2,
        "start_time": "0:00:16",
        "word": "me"
    },
    {
        "end_time": "0:00:19.300000",
        "speaker_tag": 2,
        "start_time": "0:00:18.900000",
        "word": "my"
    },
    {
        "end_time": "0:00:19.500000",
        "speaker_tag": 2,
        "start_time": "0:00:19.300000",
        "word": "two"
    },
    {
        "end_time": "0:00:19.800000",
        "speaker_tag": 2,
        "start_time": "0:00:19.500000",
        "word": "brothers"
    },
    {
        "end_time": "0:00:20.400000",
        "speaker_tag": 2,
        "start_time": "0:00:19.800000",
        "word": "my"
    },
    {
        "end_time": "0:00:20.900000",
        "speaker_tag": 2,
        "start_time": "0:00:20.400000",
        "word": "sister"
    },
    {
        "end_time": "0:00:21.800000",
        "speaker_tag": 2,
        "start_time": "0:00:20.900000",
        "word": "my"
    },
    {
        "end_time": "0:00:22.100000",
        "speaker_tag": 2,
        "start_time": "0:00:21.800000",
        "word": "two"
    },
    {
        "end_time": "0:00:22.600000",
        "speaker_tag": 2,
        "start_time": "0:00:22.100000",
        "word": "aunts"
    },
    {
        "end_time": "0:00:24.400000",
        "speaker_tag": 2,
        "start_time": "0:00:22.600000",
        "word": "cousin"
    },
    {
        "end_time": "0:00:24.800000",
        "speaker_tag": 2,
        "start_time": "0:00:24.400000",
        "word": "and"
    },
    {
        "end_time": "0:00:24.900000",
        "speaker_tag": 2,
        "start_time": "0:00:24.800000",
        "word": "her"
    },
    {
        "end_time": "0:00:25.300000",
        "speaker_tag": 2,
        "start_time": "0:00:24.900000",
        "word": "husband"
    },
    {
        "end_time": "0:00:25.800000",
        "speaker_tag": 2,
        "start_time": "0:00:25.300000",
        "word": "and"
    },
    {
        "end_time": "0:00:28.700000",
        "speaker_tag": 2,
        "start_time": "0:00:27.600000",
        "word": "one-nighter"
    },
    {
        "end_time": "0:00:30.600000",
        "speaker_tag": 2,
        "start_time": "0:00:30.200000",
        "word": "yeah"
    },
    {
        "end_time": "0:00:31.200000",
        "speaker_tag": 2,
        "start_time": "0:00:30.600000",
        "word": "that"
    },
    {
        "end_time": "0:00:31.400000",
        "speaker_tag": 2,
        "start_time": "0:00:31.200000",
        "word": "was"
    },
    {
        "end_time": "0:00:31.600000",
        "speaker_tag": 2,
        "start_time": "0:00:31.400000",
        "word": "it"
    },
    {
        "end_time": "0:00:32.600000",
        "speaker_tag": 2,
        "start_time": "0:00:31.600000",
        "word": "and"
    },
    {
        "end_time": "0:00:32.800000",
        "speaker_tag": 2,
        "start_time": "0:00:32.600000",
        "word": "we"
    },
    {
        "end_time": "0:00:33",
        "speaker_tag": 2,
        "start_time": "0:00:32.800000",
        "word": "all"
    },
    {
        "end_time": "0:00:33.200000",
        "speaker_tag": 2,
        "start_time": "0:00:33",
        "word": "get"
    },
    {
        "end_time": "0:00:33.400000",
        "speaker_tag": 2,
        "start_time": "0:00:33.200000",
        "word": "down"
    },
    {
        "end_time": "0:00:34.500000",
        "speaker_tag": 2,
        "start_time": "0:00:33.400000",
        "word": "we"
    },
    {
        "end_time": "0:00:34.800000",
        "speaker_tag": 2,
        "start_time": "0:00:34.500000",
        "word": "spent"
    },
    {
        "end_time": "0:00:34.900000",
        "speaker_tag": 2,
        "start_time": "0:00:34.800000",
        "word": "two"
    },
    {
        "end_time": "0:00:35.100000",
        "speaker_tag": 2,
        "start_time": "0:00:34.900000",
        "word": "days"
    },
    {
        "end_time": "0:00:35.400000",
        "speaker_tag": 2,
        "start_time": "0:00:35.100000",
        "word": "at"
    },
    {
        "end_time": "0:00:35.900000",
        "speaker_tag": 2,
        "start_time": "0:00:35.400000",
        "word": "Galveston"
    },
    {
        "end_time": "0:00:35.900000",
        "speaker_tag": 2,
        "start_time": "0:00:35.900000",
        "word": "Beach"
    },
    {
        "end_time": "0:00:36.800000",
        "speaker_tag": 2,
        "start_time": "0:00:35.900000",
        "word": "and"
    },
    {
        "end_time": "0:00:37",
        "speaker_tag": 2,
        "start_time": "0:00:36.800000",
        "word": "we"
    },
    {
        "end_time": "0:00:37.100000",
        "speaker_tag": 2,
        "start_time": "0:00:37",
        "word": "have"
    },
    {
        "end_time": "0:00:37.300000",
        "speaker_tag": 2,
        "start_time": "0:00:37.100000",
        "word": "to"
    },
    {
        "end_time": "0:00:37.300000",
        "speaker_tag": 2,
        "start_time": "0:00:37.300000",
        "word": "be"
    },
    {
        "end_time": "0:00:37.500000",
        "speaker_tag": 2,
        "start_time": "0:00:37.300000",
        "word": "a"
    },
    {
        "end_time": "0:00:37.600000",
        "speaker_tag": 2,
        "start_time": "0:00:37.500000",
        "word": "lot"
    },
    {
        "end_time": "0:00:37.700000",
        "speaker_tag": 2,
        "start_time": "0:00:37.600000",
        "word": "of"
    },
    {
        "end_time": "0:00:37.900000",
        "speaker_tag": 2,
        "start_time": "0:00:37.700000",
        "word": "fun"
    },
    {
        "end_time": "0:00:40.700000",
        "speaker_tag": 2,
        "start_time": "0:00:40",
        "word": "oh"
    },
    {
        "end_time": "0:00:41",
        "speaker_tag": 2,
        "start_time": "0:00:40.700000",
        "word": "yeah"
    },
    {
        "end_time": "0:00:41.800000",
        "speaker_tag": 2,
        "start_time": "0:00:41",
        "word": "we"
    },
    {
        "end_time": "0:00:41.900000",
        "speaker_tag": 2,
        "start_time": "0:00:41.800000",
        "word": "were"
    },
    {
        "end_time": "0:00:42.100000",
        "speaker_tag": 2,
        "start_time": "0:00:41.900000",
        "word": "staying"
    },
    {
        "end_time": "0:00:42.200000",
        "speaker_tag": 2,
        "start_time": "0:00:42.100000",
        "word": "at"
    },
    {
        "end_time": "0:00:42.800000",
        "speaker_tag": 2,
        "start_time": "0:00:42.200000",
        "word": "hotel"
    },
    {
        "end_time": "0:00:43.700000",
        "speaker_tag": 2,
        "start_time": "0:00:42.800000",
        "word": "beachfront"
    },
    {
        "end_time": "0:00:44.200000",
        "speaker_tag": 2,
        "start_time": "0:00:43.700000",
        "word": "hotel"
    },
    {
        "end_time": "0:00:44.600000",
        "speaker_tag": 2,
        "start_time": "0:00:44.200000",
        "word": "by"
    },
    {
        "end_time": "0:00:45.600000",
        "speaker_tag": 2,
        "start_time": "0:00:44.600000",
        "word": "the"
    },
    {
        "end_time": "0:00:45.700000",
        "speaker_tag": 2,
        "start_time": "0:00:45.600000",
        "word": "beach"
    },
    {
        "end_time": "0:00:46.200000",
        "speaker_tag": 2,
        "start_time": "0:00:45.700000",
        "word": "or"
    },
    {
        "end_time": "0:00:46.400000",
        "speaker_tag": 2,
        "start_time": "0:00:46.200000",
        "word": "within"
    },
    {
        "end_time": "0:00:46.700000",
        "speaker_tag": 2,
        "start_time": "0:00:46.400000",
        "word": "walking"
    },
    {
        "end_time": "0:00:46.800000",
        "speaker_tag": 2,
        "start_time": "0:00:46.700000",
        "word": "distance"
    },
    {
        "end_time": "0:00:48.800000",
        "speaker_tag": 2,
        "start_time": "0:00:46.800000",
        "word": "and"
    },
    {
        "end_time": "0:00:49.100000",
        "speaker_tag": 2,
        "start_time": "0:00:48.800000",
        "word": "we"
    },
    {
        "end_time": "0:00:49.500000",
        "speaker_tag": 2,
        "start_time": "0:00:49.100000",
        "word": "all"
    },
    {
        "end_time": "0:00:51.300000",
        "speaker_tag": 2,
        "start_time": "0:00:51",
        "word": "we"
    },
    {
        "end_time": "0:00:51.700000",
        "speaker_tag": 2,
        "start_time": "0:00:51.300000",
        "word": "stayed"
    },
    {
        "end_time": "0:00:51.900000",
        "speaker_tag": 2,
        "start_time": "0:00:51.700000",
        "word": "there"
    },
    {
        "end_time": "0:00:52.500000",
        "speaker_tag": 2,
        "start_time": "0:00:51.900000",
        "word": "for"
    },
    {
        "end_time": "0:00:52.800000",
        "speaker_tag": 2,
        "start_time": "0:00:52.500000",
        "word": "approximately"
    },
    {
        "end_time": "0:00:53.500000",
        "speaker_tag": 2,
        "start_time": "0:00:52.800000",
        "word": "two"
    },
    {
        "end_time": "0:00:54",
        "speaker_tag": 2,
        "start_time": "0:00:53.500000",
        "word": "nights"
    },
    {
        "end_time": "0:00:55.900000",
        "speaker_tag": 2,
        "start_time": "0:00:54",
        "word": "I"
    },
    {
        "end_time": "0:00:56.300000",
        "speaker_tag": 2,
        "start_time": "0:00:55.900000",
        "word": "wanted"
    },
    {
        "end_time": "0:00:56.300000",
        "speaker_tag": 2,
        "start_time": "0:00:56.300000",
        "word": "two"
    },
    {
        "end_time": "0:00:56.700000",
        "speaker_tag": 2,
        "start_time": "0:00:56.300000",
        "word": "days"
    },
    {
        "end_time": "0:00:56.900000",
        "speaker_tag": 2,
        "start_time": "0:00:56.700000",
        "word": "it"
    },
    {
        "end_time": "0:00:57",
        "speaker_tag": 2,
        "start_time": "0:00:56.900000",
        "word": "was"
    },
    {
        "end_time": "0:00:57.500000",
        "speaker_tag": 2,
        "start_time": "0:00:57",
        "word": "very"
    },
    {
        "end_time": "0:00:58",
        "speaker_tag": 2,
        "start_time": "0:00:57.500000",
        "word": "cloudy"
    },
    {
        "end_time": "0:00:58.500000",
        "speaker_tag": 2,
        "start_time": "0:00:58",
        "word": "but"
    },
    {
        "end_time": "0:00:59.200000",
        "speaker_tag": 2,
        "start_time": "0:00:58.500000",
        "word": "not"
    },
    {
        "end_time": "0:00:59.600000",
        "speaker_tag": 2,
        "start_time": "0:00:59.200000",
        "word": "raining"
    },
    {
        "end_time": "0:00:59.800000",
        "speaker_tag": 2,
        "start_time": "0:00:59.600000",
        "word": "at"
    },
    {
        "end_time": "0:00:59.800000",
        "speaker_tag": 2,
        "start_time": "0:00:59.800000",
        "word": "all"
    },
    {
        "end_time": "0:01:00.200000",
        "speaker_tag": 2,
        "start_time": "0:00:59.800000",
        "word": "we"
    },
    {
        "end_time": "0:01:00.300000",
        "speaker_tag": 2,
        "start_time": "0:01:00.200000",
        "word": "could"
    },
    {
        "end_time": "0:01:00.400000",
        "speaker_tag": 2,
        "start_time": "0:01:00.300000",
        "word": "have"
    },
    {
        "end_time": "0:01:00.500000",
        "speaker_tag": 2,
        "start_time": "0:01:00.400000",
        "word": "went"
    },
    {
        "end_time": "0:01:00.600000",
        "speaker_tag": 2,
        "start_time": "0:01:00.500000",
        "word": "to"
    },
    {
        "end_time": "0:01:00.700000",
        "speaker_tag": 2,
        "start_time": "0:01:00.600000",
        "word": "the"
    },
    {
        "end_time": "0:01:01",
        "speaker_tag": 2,
        "start_time": "0:01:00.700000",
        "word": "beach"
    },
    {
        "end_time": "0:01:03.900000",
        "speaker_tag": 2,
        "start_time": "0:01:03.500000",
        "word": "we"
    },
    {
        "end_time": "0:01:04.100000",
        "speaker_tag": 2,
        "start_time": "0:01:03.900000",
        "word": "have"
    },
    {
        "end_time": "0:01:04.100000",
        "speaker_tag": 2,
        "start_time": "0:01:04.100000",
        "word": "a"
    },
    {
        "end_time": "0:01:04.200000",
        "speaker_tag": 2,
        "start_time": "0:01:04.100000",
        "word": "lot"
    },
    {
        "end_time": "0:01:04.300000",
        "speaker_tag": 2,
        "start_time": "0:01:04.200000",
        "word": "of"
    },
    {
        "end_time": "0:01:04.500000",
        "speaker_tag": 2,
        "start_time": "0:01:04.300000",
        "word": "fun"
    },
    {
        "end_time": "0:01:05.900000",
        "speaker_tag": 2,
        "start_time": "0:01:04.500000",
        "word": "my"
    },
    {
        "end_time": "0:01:06.100000",
        "speaker_tag": 2,
        "start_time": "0:01:05.900000",
        "word": "other"
    },
    {
        "end_time": "0:01:06.200000",
        "speaker_tag": 2,
        "start_time": "0:01:06.100000",
        "word": "car"
    },
    {
        "end_time": "0:01:06.400000",
        "speaker_tag": 2,
        "start_time": "0:01:06.200000",
        "word": "lot"
    },
    {
        "end_time": "0:01:06.500000",
        "speaker_tag": 2,
        "start_time": "0:01:06.400000",
        "word": "of"
    },
    {
        "end_time": "0:01:07.300000",
        "speaker_tag": 2,
        "start_time": "0:01:06.500000",
        "word": "materials"
    },
    {
        "end_time": "0:01:08.900000",
        "speaker_tag": 2,
        "start_time": "0:01:07.300000",
        "word": "load"
    },
    {
        "end_time": "0:01:09.100000",
        "speaker_tag": 2,
        "start_time": "0:01:08.900000",
        "word": "up"
    },
    {
        "end_time": "0:01:09.100000",
        "speaker_tag": 2,
        "start_time": "0:01:09.100000",
        "word": "in"
    },
    {
        "end_time": "0:01:09.300000",
        "speaker_tag": 2,
        "start_time": "0:01:09.100000",
        "word": "her"
    },
    {
        "end_time": "0:01:09.700000",
        "speaker_tag": 2,
        "start_time": "0:01:09.300000",
        "word": "trunk"
    },
    {
        "end_time": "0:01:11.900000",
        "speaker_tag": 2,
        "start_time": "0:01:09.700000",
        "word": "giant"
    },
    {
        "end_time": "0:01:12.400000",
        "speaker_tag": 2,
        "start_time": "0:01:11.900000",
        "word": "ten"
    },
    {
        "end_time": "0:01:13.500000",
        "speaker_tag": 2,
        "start_time": "0:01:12.400000",
        "word": "umbrellas"
    },
    {
        "end_time": "0:01:15",
        "speaker_tag": 2,
        "start_time": "0:01:13.500000",
        "word": "chairs"
    },
    {
        "end_time": "0:01:16.700000",
        "speaker_tag": 2,
        "start_time": "0:01:15",
        "word": "cooler"
    },
    {
        "end_time": "0:01:17.800000",
        "speaker_tag": 2,
        "start_time": "0:01:16.700000",
        "word": "altisource."
    },
    {
        "end_time": "0:01:19.700000",
        "speaker_tag": 2,
        "start_time": "0:01:17.800000",
        "word": "We"
    },
    {
        "end_time": "0:01:19.900000",
        "speaker_tag": 2,
        "start_time": "0:01:19.700000",
        "word": "also"
    },
    {
        "end_time": "0:01:21",
        "speaker_tag": 2,
        "start_time": "0:01:19.900000",
        "word": "we"
    },
    {
        "end_time": "0:01:21.200000",
        "speaker_tag": 2,
        "start_time": "0:01:21",
        "word": "also"
    },
    {
        "end_time": "0:01:21.400000",
        "speaker_tag": 2,
        "start_time": "0:01:21.200000",
        "word": "need"
    },
    {
        "end_time": "0:01:21.500000",
        "speaker_tag": 2,
        "start_time": "0:01:21.400000",
        "word": "to"
    },
    {
        "end_time": "0:01:21.600000",
        "speaker_tag": 2,
        "start_time": "0:01:21.500000",
        "word": "know"
    },
    {
        "end_time": "0:01:21.700000",
        "speaker_tag": 2,
        "start_time": "0:01:21.600000",
        "word": "that"
    },
    {
        "end_time": "0:01:23",
        "speaker_tag": 2,
        "start_time": "0:01:21.700000",
        "word": "hibachi"
    },
    {
        "end_time": "0:01:24",
        "speaker_tag": 2,
        "start_time": "0:01:23",
        "word": "restaurant"
    },
    {
        "end_time": "0:01:24.600000",
        "speaker_tag": 2,
        "start_time": "0:01:24",
        "word": "Serena"
    },
    {
        "end_time": "0:01:25.300000",
        "speaker_tag": 2,
        "start_time": "0:01:24.600000",
        "word": "Sushi"
    },
    {
        "end_time": "0:01:26.600000",
        "speaker_tag": 2,
        "start_time": "0:01:25.300000",
        "word": "lots"
    },
    {
        "end_time": "0:01:26.700000",
        "speaker_tag": 2,
        "start_time": "0:01:26.600000",
        "word": "of"
    },
    {
        "end_time": "0:01:26.800000",
        "speaker_tag": 2,
        "start_time": "0:01:26.700000",
        "word": "a"
    },
    {
        "end_time": "0:01:27.200000",
        "speaker_tag": 2,
        "start_time": "0:01:26.800000",
        "word": "Japanese"
    },
    {
        "end_time": "0:01:28.800000",
        "speaker_tag": 2,
        "start_time": "0:01:27.200000",
        "word": "hibachi"
    },
    {
        "end_time": "0:01:29.200000",
        "speaker_tag": 2,
        "start_time": "0:01:28.800000",
        "word": "grill"
    },
    {
        "end_time": "0:01:30.600000",
        "speaker_tag": 2,
        "start_time": "0:01:30.200000",
        "word": "we"
    },
    {
        "end_time": "0:01:30.700000",
        "speaker_tag": 2,
        "start_time": "0:01:30.600000",
        "word": "we"
    },
    {
        "end_time": "0:01:33.500000",
        "speaker_tag": 2,
        "start_time": "0:01:30.700000",
        "word": "we"
    },
    {
        "end_time": "0:01:34.600000",
        "speaker_tag": 2,
        "start_time": "0:01:33.500000",
        "word": "shop"
    },
    {
        "end_time": "0:01:34.700000",
        "speaker_tag": 2,
        "start_time": "0:01:34.600000",
        "word": "at"
    },
    {
        "end_time": "0:01:35.200000",
        "speaker_tag": 2,
        "start_time": "0:01:34.700000",
        "word": "Walmart"
    },
    {
        "end_time": "0:01:35.400000",
        "speaker_tag": 2,
        "start_time": "0:01:35.200000",
        "word": "that"
    },
    {
        "end_time": "0:01:36.100000",
        "speaker_tag": 2,
        "start_time": "0:01:35.400000",
        "word": "birthday"
    },
    {
        "end_time": "0:01:36.400000",
        "speaker_tag": 2,
        "start_time": "0:01:36.100000",
        "word": "went"
    },
    {
        "end_time": "0:01:36.500000",
        "speaker_tag": 2,
        "start_time": "0:01:36.400000",
        "word": "there"
    },
    {
        "end_time": "0:01:36.700000",
        "speaker_tag": 2,
        "start_time": "0:01:36.500000",
        "word": "to"
    },
    {
        "end_time": "0:01:36.800000",
        "speaker_tag": 2,
        "start_time": "0:01:36.700000",
        "word": "get"
    },
    {
        "end_time": "0:01:37.800000",
        "speaker_tag": 2,
        "start_time": "0:01:36.800000",
        "word": "whatever"
    },
    {
        "end_time": "0:01:38.300000",
        "speaker_tag": 2,
        "start_time": "0:01:37.800000",
        "word": "supplies"
    },
    {
        "end_time": "0:01:38.700000",
        "speaker_tag": 2,
        "start_time": "0:01:38.300000",
        "word": "they"
    },
    {
        "end_time": "0:01:38.900000",
        "speaker_tag": 2,
        "start_time": "0:01:38.700000",
        "word": "were"
    },
    {
        "end_time": "0:01:39.100000",
        "speaker_tag": 2,
        "start_time": "0:01:38.900000",
        "word": "needed"
    },
    {
        "end_time": "0:01:39.800000",
        "speaker_tag": 2,
        "start_time": "0:01:39.100000",
        "word": "and"
    },
    {
        "end_time": "0:01:43.100000",
        "speaker_tag": 2,
        "start_time": "0:01:42.700000",
        "word": "we"
    },
    {
        "end_time": "0:01:44.900000",
        "speaker_tag": 2,
        "start_time": "0:01:43.100000",
        "word": "left"
    },
    {
        "end_time": "0:01:45",
        "speaker_tag": 2,
        "start_time": "0:01:44.900000",
        "word": "the"
    },
    {
        "end_time": "0:01:45.400000",
        "speaker_tag": 2,
        "start_time": "0:01:45",
        "word": "store"
    },
    {
        "end_time": "0:01:45.900000",
        "speaker_tag": 2,
        "start_time": "0:01:45.400000",
        "word": "when"
    },
    {
        "end_time": "0:01:45.900000",
        "speaker_tag": 2,
        "start_time": "0:01:45.900000",
        "word": "we"
    },
    {
        "end_time": "0:01:46.100000",
        "speaker_tag": 2,
        "start_time": "0:01:45.900000",
        "word": "met"
    },
    {
        "end_time": "0:01:46.200000",
        "speaker_tag": 2,
        "start_time": "0:01:46.100000",
        "word": "at"
    },
    {
        "end_time": "0:01:46.200000",
        "speaker_tag": 2,
        "start_time": "0:01:46.200000",
        "word": "a"
    },
    {
        "end_time": "0:01:46.200000",
        "speaker_tag": 2,
        "start_time": "0:01:46.200000",
        "word": "hotel"
    },
    {
        "end_time": "0:01:48.500000",
        "speaker_tag": 2,
        "start_time": "0:01:48.100000",
        "word": "what"
    },
    {
        "end_time": "0:01:48.700000",
        "speaker_tag": 2,
        "start_time": "0:01:48.500000",
        "word": "did"
    },
    {
        "end_time": "0:01:49.100000",
        "speaker_tag": 2,
        "start_time": "0:01:48.700000",
        "word": "beach"
    },
    {
        "end_time": "0:01:49.300000",
        "speaker_tag": 2,
        "start_time": "0:01:49.100000",
        "word": "in"
    },
    {
        "end_time": "0:01:49.800000",
        "speaker_tag": 1,
        "start_time": "0:01:49.300000",
        "word": "denial"
    },
    {
        "end_time": "0:01:51.100000",
        "speaker_tag": 2,
        "start_time": "0:01:49.800000",
        "word": "after"
    },
    {
        "end_time": "0:01:51.300000",
        "speaker_tag": 2,
        "start_time": "0:01:51.100000",
        "word": "we"
    },
    {
        "end_time": "0:01:51.500000",
        "speaker_tag": 2,
        "start_time": "0:01:51.300000",
        "word": "left"
    },
    {
        "end_time": "0:01:51.600000",
        "speaker_tag": 2,
        "start_time": "0:01:51.500000",
        "word": "the"
    },
    {
        "end_time": "0:01:52",
        "speaker_tag": 2,
        "start_time": "0:01:51.600000",
        "word": "beach"
    },
    {
        "end_time": "0:01:52.100000",
        "speaker_tag": 2,
        "start_time": "0:01:52",
        "word": "we"
    },
    {
        "end_time": "0:01:52.200000",
        "speaker_tag": 2,
        "start_time": "0:01:52.100000",
        "word": "were"
    },
    {
        "end_time": "0:01:52.500000",
        "speaker_tag": 2,
        "start_time": "0:01:52.200000",
        "word": "rather"
    },
    {
        "end_time": "0:01:53.100000",
        "speaker_tag": 2,
        "start_time": "0:01:52.500000",
        "word": "Hotel"
    },
    {
        "end_time": "0:01:55.900000",
        "speaker_tag": 2,
        "start_time": "0:01:55.400000",
        "word": "eat"
    },
    {
        "end_time": "0:01:56.100000",
        "speaker_tag": 2,
        "start_time": "0:01:55.900000",
        "word": "at"
    },
    {
        "end_time": "0:01:56.200000",
        "speaker_tag": 2,
        "start_time": "0:01:56.100000",
        "word": "an"
    },
    {
        "end_time": "0:01:56.300000",
        "speaker_tag": 2,
        "start_time": "0:01:56.200000",
        "word": "Italian"
    },
    {
        "end_time": "0:01:56.800000",
        "speaker_tag": 2,
        "start_time": "0:01:56.300000",
        "word": "restaurant"
    },
    {
        "end_time": "0:01:59.200000",
        "speaker_tag": 2,
        "start_time": "0:01:56.800000",
        "word": "just"
    },
    {
        "end_time": "0:01:59.900000",
        "speaker_tag": 2,
        "start_time": "0:01:59.200000",
        "word": "spend"
    },
    {
        "end_time": "0:02:00.100000",
        "speaker_tag": 2,
        "start_time": "0:01:59.900000",
        "word": "some"
    },
    {
        "end_time": "0:02:00.500000",
        "speaker_tag": 2,
        "start_time": "0:02:00.100000",
        "word": "time"
    },
    {
        "end_time": "0:02:01.600000",
        "speaker_tag": 2,
        "start_time": "0:02:00.500000",
        "word": "with"
    },
    {
        "end_time": "0:02:01.600000",
        "speaker_tag": 2,
        "start_time": "0:02:01.600000",
        "word": "you"
    },
    {
        "end_time": "0:02:01.700000",
        "speaker_tag": 2,
        "start_time": "0:02:01.600000",
        "word": "outside"
    },
    {
        "end_time": "0:02:02.100000",
        "speaker_tag": 2,
        "start_time": "0:02:01.700000",
        "word": "the"
    },
    {
        "end_time": "0:02:03.500000",
        "speaker_tag": 2,
        "start_time": "0:02:02.100000",
        "word": "balcony"
    },
    {
        "end_time": "0:02:06.100000",
        "speaker_tag": 2,
        "start_time": "0:02:03.500000",
        "word": "me"
    },
    {
        "end_time": "0:02:06.200000",
        "speaker_tag": 2,
        "start_time": "0:02:06.100000",
        "word": "and"
    },
    {
        "end_time": "0:02:06.300000",
        "speaker_tag": 2,
        "start_time": "0:02:06.200000",
        "word": "my"
    },
    {
        "end_time": "0:02:06.500000",
        "speaker_tag": 2,
        "start_time": "0:02:06.300000",
        "word": "aunt"
    },
    {
        "end_time": "0:02:06.700000",
        "speaker_tag": 2,
        "start_time": "0:02:06.500000",
        "word": "went"
    },
    {
        "end_time": "0:02:06.900000",
        "speaker_tag": 2,
        "start_time": "0:02:06.700000",
        "word": "down"
    },
    {
        "end_time": "0:02:07",
        "speaker_tag": 2,
        "start_time": "0:02:06.900000",
        "word": "to"
    },
    {
        "end_time": "0:02:07.400000",
        "speaker_tag": 2,
        "start_time": "0:02:07",
        "word": "walking"
    },
    {
        "end_time": "0:02:07.900000",
        "speaker_tag": 2,
        "start_time": "0:02:07.400000",
        "word": "walking"
    },
    {
        "end_time": "0:02:08.100000",
        "speaker_tag": 2,
        "start_time": "0:02:07.900000",
        "word": "down"
    },
    {
        "end_time": "0:02:08.300000",
        "speaker_tag": 2,
        "start_time": "0:02:08.100000",
        "word": "the"
    },
    {
        "end_time": "0:02:08.400000",
        "speaker_tag": 2,
        "start_time": "0:02:08.300000",
        "word": "beach"
    },
    {
        "end_time": "0:02:08.900000",
        "speaker_tag": 2,
        "start_time": "0:02:08.400000",
        "word": "with"
    },
    {
        "end_time": "0:02:10.200000",
        "speaker_tag": 2,
        "start_time": "0:02:08.900000",
        "word": "the"
    },
    {
        "end_time": "0:02:10.600000",
        "speaker_tag": 2,
        "start_time": "0:02:10.200000",
        "word": "sunset"
    },
    {
        "end_time": "0:02:11.600000",
        "speaker_tag": 2,
        "start_time": "0:02:10.600000",
        "word": "view"
    },
    {
        "end_time": "0:02:26",
        "speaker_tag": 2,
        "start_time": "0:02:25.600000",
        "word": "then"
    },
    {
        "end_time": "0:02:26.300000",
        "speaker_tag": 2,
        "start_time": "0:02:26",
        "word": "afterwards"
    },
    {
        "end_time": "0:02:27.200000",
        "speaker_tag": 2,
        "start_time": "0:02:26.300000",
        "word": "1:30"
    },
    {
        "end_time": "0:02:27.400000",
        "speaker_tag": 2,
        "start_time": "0:02:27.200000",
        "word": "alarm"
    },
    {
        "end_time": "0:02:27.800000",
        "speaker_tag": 2,
        "start_time": "0:02:27.400000",
        "word": "done"
    },
    {
        "end_time": "0:02:29.400000",
        "speaker_tag": 2,
        "start_time": "0:02:27.800000",
        "word": "and"
    },
    {
        "end_time": "0:02:29.500000",
        "speaker_tag": 2,
        "start_time": "0:02:29.400000",
        "word": "that"
    },
    {
        "end_time": "0:02:29.600000",
        "speaker_tag": 2,
        "start_time": "0:02:29.500000",
        "word": "there"
    },
    {
        "end_time": "0:02:29.700000",
        "speaker_tag": 2,
        "start_time": "0:02:29.600000",
        "word": "was"
    },
    {
        "end_time": "0:02:29.900000",
        "speaker_tag": 2,
        "start_time": "0:02:29.700000",
        "word": "one"
    },
    {
        "end_time": "0:02:30",
        "speaker_tag": 2,
        "start_time": "0:02:29.900000",
        "word": "of"
    },
    {
        "end_time": "0:02:30.100000",
        "speaker_tag": 2,
        "start_time": "0:02:30",
        "word": "the"
    },
    {
        "end_time": "0:02:30.400000",
        "speaker_tag": 2,
        "start_time": "0:02:30.100000",
        "word": "ones"
    },
    {
        "end_time": "0:02:30.800000",
        "speaker_tag": 2,
        "start_time": "0:02:30.400000",
        "word": "everybody"
    },
    {
        "end_time": "0:02:31.100000",
        "speaker_tag": 2,
        "start_time": "0:02:30.800000",
        "word": "went"
    },
    {
        "end_time": "0:02:31.300000",
        "speaker_tag": 2,
        "start_time": "0:02:31.100000",
        "word": "down"
    },
    {
        "end_time": "0:02:31.500000",
        "speaker_tag": 2,
        "start_time": "0:02:31.300000",
        "word": "and"
    },
    {
        "end_time": "0:02:31.600000",
        "speaker_tag": 2,
        "start_time": "0:02:31.500000",
        "word": "we"
    },
    {
        "end_time": "0:02:33.800000",
        "speaker_tag": 2,
        "start_time": "0:02:33.400000",
        "word": "are"
    },
    {
        "end_time": "0:02:34",
        "speaker_tag": 2,
        "start_time": "0:02:33.800000",
        "word": "cousins"
    },
    {
        "end_time": "0:02:35.400000",
        "speaker_tag": 2,
        "start_time": "0:02:34",
        "word": "are"
    },
    {
        "end_time": "0:02:35.500000",
        "speaker_tag": 2,
        "start_time": "0:02:35.400000",
        "word": "cousins"
    },
    {
        "end_time": "0:02:36",
        "speaker_tag": 2,
        "start_time": "0:02:35.500000",
        "word": "and"
    },
    {
        "end_time": "0:02:36.200000",
        "speaker_tag": 2,
        "start_time": "0:02:36",
        "word": "that"
    },
    {
        "end_time": "0:02:36.600000",
        "speaker_tag": 2,
        "start_time": "0:02:36.200000",
        "word": "they"
    },
    {
        "end_time": "0:02:36.800000",
        "speaker_tag": 2,
        "start_time": "0:02:36.600000",
        "word": "went"
    },
    {
        "end_time": "0:02:36.900000",
        "speaker_tag": 2,
        "start_time": "0:02:36.800000",
        "word": "back"
    },
    {
        "end_time": "0:02:37.100000",
        "speaker_tag": 2,
        "start_time": "0:02:36.900000",
        "word": "to"
    },
    {
        "end_time": "0:02:37.300000",
        "speaker_tag": 2,
        "start_time": "0:02:37.100000",
        "word": "the"
    },
    {
        "end_time": "0:02:40.400000",
        "speaker_tag": 2,
        "start_time": "0:02:39.900000",
        "word": "maybe"
    },
    {
        "end_time": "0:02:51.900000",
        "speaker_tag": 2,
        "start_time": "0:02:40.400000",
        "word": "next"
    },
    {
        "end_time": "0:02:52.100000",
        "speaker_tag": 2,
        "start_time": "0:02:51.900000",
        "word": "day"
    },
    {
        "end_time": "0:02:52.200000",
        "speaker_tag": 2,
        "start_time": "0:02:52.100000",
        "word": "or"
    },
    {
        "end_time": "0:02:52.300000",
        "speaker_tag": 2,
        "start_time": "0:02:52.200000",
        "word": "two"
    },
    {
        "end_time": "0:02:54.200000",
        "speaker_tag": 2,
        "start_time": "0:02:53.800000",
        "word": "oh"
    },
    {
        "end_time": "0:02:54.400000",
        "speaker_tag": 2,
        "start_time": "0:02:54.200000",
        "word": "yeah"
    },
    {
        "end_time": "0:02:54.700000",
        "speaker_tag": 2,
        "start_time": "0:02:54.400000",
        "word": "and"
    },
    {
        "end_time": "0:02:55",
        "speaker_tag": 2,
        "start_time": "0:02:54.700000",
        "word": "then"
    },
    {
        "end_time": "0:02:55.200000",
        "speaker_tag": 2,
        "start_time": "0:02:55",
        "word": "we"
    },
    {
        "end_time": "0:02:55.500000",
        "speaker_tag": 2,
        "start_time": "0:02:55.200000",
        "word": "all"
    },
    {
        "end_time": "0:02:55.700000",
        "speaker_tag": 2,
        "start_time": "0:02:55.500000",
        "word": "the"
    },
    {
        "end_time": "0:02:55.900000",
        "speaker_tag": 2,
        "start_time": "0:02:55.700000",
        "word": "rest"
    },
    {
        "end_time": "0:02:56",
        "speaker_tag": 2,
        "start_time": "0:02:55.900000",
        "word": "of"
    },
    {
        "end_time": "0:02:56.100000",
        "speaker_tag": 2,
        "start_time": "0:02:56",
        "word": "us"
    },
    {
        "end_time": "0:02:56.800000",
        "speaker_tag": 2,
        "start_time": "0:02:56.100000",
        "word": "drove"
    },
    {
        "end_time": "0:02:57",
        "speaker_tag": 2,
        "start_time": "0:02:56.800000",
        "word": "back"
    },
    {
        "end_time": "0:02:57.100000",
        "speaker_tag": 2,
        "start_time": "0:02:57",
        "word": "to"
    },
    {
        "end_time": "0:02:57.600000",
        "speaker_tag": 2,
        "start_time": "0:02:57.100000",
        "word": "Dallas"
    },
    {
        "end_time": "0:02:58.100000",
        "speaker_tag": 2,
        "start_time": "0:02:57.600000",
        "word": "to"
    },
    {
        "end_time": "0:02:58.300000",
        "speaker_tag": 2,
        "start_time": "0:02:58.100000",
        "word": "see"
    },
    {
        "end_time": "0:02:58.600000",
        "speaker_tag": 2,
        "start_time": "0:02:58.300000",
        "word": "my"
    },
    {
        "end_time": "0:02:59.200000",
        "speaker_tag": 2,
        "start_time": "0:02:58.600000",
        "word": "grandparents"
    },
    {
        "end_time": "0:03:01.400000",
        "speaker_tag": 2,
        "start_time": "0:03:00.600000",
        "word": "grandparents"
    },
    {
        "end_time": "0:03:01.500000",
        "speaker_tag": 2,
        "start_time": "0:03:01.400000",
        "word": "are"
    },
    {
        "end_time": "0:03:02.300000",
        "speaker_tag": 2,
        "start_time": "0:03:01.500000",
        "word": "in"
    },
    {
        "end_time": "0:03:04.500000",
        "speaker_tag": 2,
        "start_time": "0:03:04",
        "word": "I'm"
    },
    {
        "end_time": "0:03:04.700000",
        "speaker_tag": 2,
        "start_time": "0:03:04.500000",
        "word": "dropping"
    },
    {
        "end_time": "0:03:05",
        "speaker_tag": 2,
        "start_time": "0:03:04.700000",
        "word": "my"
    },
    {
        "end_time": "0:03:05.300000",
        "speaker_tag": 2,
        "start_time": "0:03:05",
        "word": "sister"
    },
    {
        "end_time": "0:03:05.600000",
        "speaker_tag": 2,
        "start_time": "0:03:05.300000",
        "word": "off"
    },
    {
        "end_time": "0:03:06",
        "speaker_tag": 2,
        "start_time": "0:03:05.600000",
        "word": "so"
    },
    {
        "end_time": "0:03:07.400000",
        "speaker_tag": 2,
        "start_time": "0:03:06",
        "word": "it's"
    },
    {
        "end_time": "0:03:07.500000",
        "speaker_tag": 2,
        "start_time": "0:03:07.400000",
        "word": "been"
    },
    {
        "end_time": "0:03:07.600000",
        "speaker_tag": 2,
        "start_time": "0:03:07.500000",
        "word": "about"
    },
    {
        "end_time": "0:03:07.900000",
        "speaker_tag": 2,
        "start_time": "0:03:07.600000",
        "word": "2"
    },
    {
        "end_time": "0:03:08.200000",
        "speaker_tag": 2,
        "start_time": "0:03:07.900000",
        "word": "weeks"
    },
    {
        "end_time": "0:03:08.300000",
        "speaker_tag": 2,
        "start_time": "0:03:08.200000",
        "word": "of"
    },
    {
        "end_time": "0:03:08.300000",
        "speaker_tag": 2,
        "start_time": "0:03:08.300000",
        "word": "my"
    },
    {
        "end_time": "0:03:09.200000",
        "speaker_tag": 2,
        "start_time": "0:03:08.300000",
        "word": "grandparents"
    },
    {
        "end_time": "0:03:09.900000",
        "speaker_tag": 2,
        "start_time": "0:03:09.200000",
        "word": "at"
    },
    {
        "end_time": "0:03:10",
        "speaker_tag": 2,
        "start_time": "0:03:09.900000",
        "word": "lot"
    },
    {
        "end_time": "0:03:10.200000",
        "speaker_tag": 2,
        "start_time": "0:03:10",
        "word": "of"
    },
    {
        "end_time": "0:03:10.400000",
        "speaker_tag": 2,
        "start_time": "0:03:10.200000",
        "word": "fun"
    },
    {
        "end_time": "0:03:10.600000",
        "speaker_tag": 2,
        "start_time": "0:03:10.400000",
        "word": "daycare"
    },
    {
        "end_time": "0:03:22.300000",
        "speaker_tag": 2,
        "start_time": "0:03:22",
        "word": "do"
    },
    {
        "end_time": "0:03:22.400000",
        "speaker_tag": 1,
        "start_time": "0:03:22.300000",
        "word": "I"
    },
    {
        "end_time": "0:03:22.500000",
        "speaker_tag": 1,
        "start_time": "0:03:22.400000",
        "word": "have"
    },
    {
        "end_time": "0:03:22.600000",
        "speaker_tag": 1,
        "start_time": "0:03:22.500000",
        "word": "to"
    },
    {
        "end_time": "0:03:22.700000",
        "speaker_tag": 1,
        "start_time": "0:03:22.600000",
        "word": "keep"
    },
    {
        "end_time": "0:03:29.900000",
        "speaker_tag": 1,
        "start_time": "0:03:29.500000",
        "word": "I'm"
    },
    {
        "end_time": "0:03:30.200000",
        "speaker_tag": 1,
        "start_time": "0:03:29.900000",
        "word": "right"
    },
    {
        "end_time": "0:03:31.100000",
        "speaker_tag": 1,
        "start_time": "0:03:30.200000",
        "word": "in"
    },
    {
        "end_time": "0:03:31.200000",
        "speaker_tag": 1,
        "start_time": "0:03:31.100000",
        "word": "the"
    },
    {
        "end_time": "0:03:31.300000",
        "speaker_tag": 1,
        "start_time": "0:03:31.200000",
        "word": "next"
    },
    {
        "end_time": "0:03:31.600000",
        "speaker_tag": 1,
        "start_time": "0:03:31.300000",
        "word": "one"
    },
    {
        "end_time": "0:03:32.100000",
        "speaker_tag": 1,
        "start_time": "0:03:31.600000",
        "word": "please"
    },
    {
        "end_time": "0:03:32.600000",
        "speaker_tag": 1,
        "start_time": "0:03:32.100000",
        "word": "explain"
    },
    {
        "end_time": "0:03:32.700000",
        "speaker_tag": 1,
        "start_time": "0:03:32.600000",
        "word": "to"
    },
    {
        "end_time": "0:03:32.900000",
        "speaker_tag": 1,
        "start_time": "0:03:32.700000",
        "word": "me"
    },
    {
        "end_time": "0:03:33.100000",
        "speaker_tag": 1,
        "start_time": "0:03:32.900000",
        "word": "how"
    },
    {
        "end_time": "0:03:33.400000",
        "speaker_tag": 1,
        "start_time": "0:03:33.100000",
        "word": "to"
    },
    {
        "end_time": "0:03:33.600000",
        "speaker_tag": 1,
        "start_time": "0:03:33.400000",
        "word": "make"
    },
    {
        "end_time": "0:03:33.800000",
        "speaker_tag": 1,
        "start_time": "0:03:33.600000",
        "word": "the"
    },
    {
        "end_time": "0:03:34.100000",
        "speaker_tag": 1,
        "start_time": "0:03:33.800000",
        "word": "following"
    },
    {
        "end_time": "0:03:34.500000",
        "speaker_tag": 1,
        "start_time": "0:03:34.100000",
        "word": "meal"
    },
    {
        "end_time": "0:03:35.400000",
        "speaker_tag": 1,
        "start_time": "0:03:34.500000",
        "word": "step-by-step"
    },
    {
        "end_time": "0:03:36",
        "speaker_tag": 1,
        "start_time": "0:03:35.400000",
        "word": "a"
    },
    {
        "end_time": "0:03:36.300000",
        "speaker_tag": 1,
        "start_time": "0:03:36",
        "word": "cup"
    },
    {
        "end_time": "0:03:36.400000",
        "speaker_tag": 1,
        "start_time": "0:03:36.300000",
        "word": "of"
    },
    {
        "end_time": "0:03:36.700000",
        "speaker_tag": 1,
        "start_time": "0:03:36.400000",
        "word": "coffee"
    },
    {
        "end_time": "0:03:37.900000",
        "speaker_tag": 1,
        "start_time": "0:03:36.700000",
        "word": "scrambled"
    },
    {
        "end_time": "0:03:38.300000",
        "speaker_tag": 1,
        "start_time": "0:03:37.900000",
        "word": "eggs"
    },
    {
        "end_time": "0:03:39",
        "speaker_tag": 1,
        "start_time": "0:03:38.300000",
        "word": "and"
    },
    {
        "end_time": "0:03:39.100000",
        "speaker_tag": 1,
        "start_time": "0:03:39",
        "word": "a"
    },
    {
        "end_time": "0:03:39.300000",
        "speaker_tag": 1,
        "start_time": "0:03:39.100000",
        "word": "bowl"
    },
    {
        "end_time": "0:03:39.300000",
        "speaker_tag": 1,
        "start_time": "0:03:39.300000",
        "word": "of"
    },
    {
        "end_time": "0:03:39.700000",
        "speaker_tag": 1,
        "start_time": "0:03:39.300000",
        "word": "fruit"
    },
    {
        "end_time": "0:03:40.300000",
        "speaker_tag": 1,
        "start_time": "0:03:39.700000",
        "word": "pretend"
    },
    {
        "end_time": "0:03:40.400000",
        "speaker_tag": 1,
        "start_time": "0:03:40.300000",
        "word": "I"
    },
    {
        "end_time": "0:03:40.500000",
        "speaker_tag": 1,
        "start_time": "0:03:40.400000",
        "word": "do"
    },
    {
        "end_time": "0:03:40.700000",
        "speaker_tag": 1,
        "start_time": "0:03:40.500000",
        "word": "not"
    },
    {
        "end_time": "0:03:40.800000",
        "speaker_tag": 1,
        "start_time": "0:03:40.700000",
        "word": "know"
    },
    {
        "end_time": "0:03:41",
        "speaker_tag": 1,
        "start_time": "0:03:40.800000",
        "word": "how"
    },
    {
        "end_time": "0:03:41",
        "speaker_tag": 1,
        "start_time": "0:03:41",
        "word": "to"
    },
    {
        "end_time": "0:03:41.200000",
        "speaker_tag": 1,
        "start_time": "0:03:41",
        "word": "make"
    },
    {
        "end_time": "0:03:41.400000",
        "speaker_tag": 1,
        "start_time": "0:03:41.200000",
        "word": "this"
    },
    {
        "end_time": "0:03:41.700000",
        "speaker_tag": 1,
        "start_time": "0:03:41.400000",
        "word": "meal"
    },
    {
        "end_time": "0:03:41.700000",
        "speaker_tag": 1,
        "start_time": "0:03:41.700000",
        "word": "and"
    },
    {
        "end_time": "0:03:42.200000",
        "speaker_tag": 1,
        "start_time": "0:03:41.700000",
        "word": "provide"
    },
    {
        "end_time": "0:03:43.400000",
        "speaker_tag": 1,
        "start_time": "0:03:42.200000",
        "word": "details"
    },
    {
        "end_time": "0:03:44.500000",
        "speaker_tag": 1,
        "start_time": "0:03:43.400000",
        "word": "I"
    },
    {
        "end_time": "0:03:45",
        "speaker_tag": 1,
        "start_time": "0:03:44.500000",
        "word": "will"
    },
    {
        "end_time": "0:03:45.800000",
        "speaker_tag": 1,
        "start_time": "0:03:45",
        "word": "tell"
    },
    {
        "end_time": "0:03:46",
        "speaker_tag": 1,
        "start_time": "0:03:45.800000",
        "word": "you"
    },
    {
        "end_time": "0:03:46.100000",
        "speaker_tag": 1,
        "start_time": "0:03:46",
        "word": "when"
    },
    {
        "end_time": "0:03:46.200000",
        "speaker_tag": 1,
        "start_time": "0:03:46.100000",
        "word": "to"
    },
    {
        "end_time": "0:03:46.300000",
        "speaker_tag": 1,
        "start_time": "0:03:46.200000",
        "word": "stop"
    },
    {
        "end_time": "0:03:47",
        "speaker_tag": 1,
        "start_time": "0:03:46.300000",
        "word": "ready"
    },
    {
        "end_time": "0:03:55.200000",
        "speaker_tag": 2,
        "start_time": "0:03:54.800000",
        "word": "take"
    },
    {
        "end_time": "0:03:55.500000",
        "speaker_tag": 2,
        "start_time": "0:03:55.200000",
        "word": "take"
    },
    {
        "end_time": "0:03:55.700000",
        "speaker_tag": 2,
        "start_time": "0:03:55.500000",
        "word": "their"
    },
    {
        "end_time": "0:03:56",
        "speaker_tag": 2,
        "start_time": "0:03:55.700000",
        "word": "up"
    },
    {
        "end_time": "0:03:56.800000",
        "speaker_tag": 2,
        "start_time": "0:03:56",
        "word": "take"
    },
    {
        "end_time": "0:03:56.900000",
        "speaker_tag": 2,
        "start_time": "0:03:56.800000",
        "word": "the"
    },
    {
        "end_time": "0:03:57.300000",
        "speaker_tag": 2,
        "start_time": "0:03:56.900000",
        "word": "rose"
    },
    {
        "end_time": "0:03:57.900000",
        "speaker_tag": 2,
        "start_time": "0:03:57.300000",
        "word": "from"
    },
    {
        "end_time": "0:03:58.200000",
        "speaker_tag": 2,
        "start_time": "0:03:57.900000",
        "word": "a"
    },
    {
        "end_time": "0:03:58.400000",
        "speaker_tag": 2,
        "start_time": "0:03:58.200000",
        "word": "can"
    },
    {
        "end_time": "0:03:59.600000",
        "speaker_tag": 2,
        "start_time": "0:03:58.400000",
        "word": "know"
    },
    {
        "end_time": "0:04:00.300000",
        "speaker_tag": 2,
        "start_time": "0:03:59.600000",
        "word": "the"
    },
    {
        "end_time": "0:04:00.500000",
        "speaker_tag": 2,
        "start_time": "0:04:00.300000",
        "word": "first"
    },
    {
        "end_time": "0:04:00.700000",
        "speaker_tag": 2,
        "start_time": "0:04:00.500000",
        "word": "step"
    },
    {
        "end_time": "0:04:00.900000",
        "speaker_tag": 2,
        "start_time": "0:04:00.700000",
        "word": "is"
    },
    {
        "end_time": "0:04:00.900000",
        "speaker_tag": 2,
        "start_time": "0:04:00.900000",
        "word": "to"
    },
    {
        "end_time": "0:04:01.200000",
        "speaker_tag": 2,
        "start_time": "0:04:00.900000",
        "word": "clean"
    },
    {
        "end_time": "0:04:01.400000",
        "speaker_tag": 2,
        "start_time": "0:04:01.200000",
        "word": "clean"
    },
    {
        "end_time": "0:04:02.100000",
        "speaker_tag": 2,
        "start_time": "0:04:01.400000",
        "word": "out"
    },
    {
        "end_time": "0:04:02.200000",
        "speaker_tag": 2,
        "start_time": "0:04:02.100000",
        "word": "the"
    },
    {
        "end_time": "0:04:02.600000",
        "speaker_tag": 2,
        "start_time": "0:04:02.200000",
        "word": "coffee"
    },
    {
        "end_time": "0:04:02.900000",
        "speaker_tag": 2,
        "start_time": "0:04:02.600000",
        "word": "pot"
    },
    {
        "end_time": "0:04:05.200000",
        "speaker_tag": 2,
        "start_time": "0:04:02.900000",
        "word": "out"
    },
    {
        "end_time": "0:04:06",
        "speaker_tag": 2,
        "start_time": "0:04:05.200000",
        "word": "the"
    },
    {
        "end_time": "0:04:08.200000",
        "speaker_tag": 2,
        "start_time": "0:04:06",
        "word": "get"
    },
    {
        "end_time": "0:04:08.300000",
        "speaker_tag": 2,
        "start_time": "0:04:08.200000",
        "word": "the"
    },
    {
        "end_time": "0:04:08.700000",
        "speaker_tag": 2,
        "start_time": "0:04:08.300000",
        "word": "filter"
    },
    {
        "end_time": "0:04:09.900000",
        "speaker_tag": 2,
        "start_time": "0:04:08.700000",
        "word": "in"
    },
    {
        "end_time": "0:04:10.800000",
        "speaker_tag": 2,
        "start_time": "0:04:09.900000",
        "word": "the"
    },
    {
        "end_time": "0:04:11.300000",
        "speaker_tag": 2,
        "start_time": "0:04:10.800000",
        "word": "paper"
    },
    {
        "end_time": "0:04:11.800000",
        "speaker_tag": 2,
        "start_time": "0:04:11.300000",
        "word": "paper"
    },
    {
        "end_time": "0:04:12",
        "speaker_tag": 2,
        "start_time": "0:04:11.800000",
        "word": "cup"
    },
    {
        "end_time": "0:04:12.300000",
        "speaker_tag": 2,
        "start_time": "0:04:12",
        "word": "filter"
    },
    {
        "end_time": "0:04:12.800000",
        "speaker_tag": 2,
        "start_time": "0:04:12.300000",
        "word": "but"
    },
    {
        "end_time": "0:04:12.900000",
        "speaker_tag": 2,
        "start_time": "0:04:12.800000",
        "word": "it"
    },
    {
        "end_time": "0:04:13.300000",
        "speaker_tag": 2,
        "start_time": "0:04:12.900000",
        "word": "inside"
    },
    {
        "end_time": "0:04:13.500000",
        "speaker_tag": 2,
        "start_time": "0:04:13.300000",
        "word": "the"
    },
    {
        "end_time": "0:04:14.600000",
        "speaker_tag": 2,
        "start_time": "0:04:13.500000",
        "word": "the"
    },
    {
        "end_time": "0:04:14.900000",
        "speaker_tag": 2,
        "start_time": "0:04:14.600000",
        "word": "building"
    },
    {
        "end_time": "0:04:15",
        "speaker_tag": 2,
        "start_time": "0:04:14.900000",
        "word": "that"
    },
    {
        "end_time": "0:04:15.300000",
        "speaker_tag": 2,
        "start_time": "0:04:15",
        "word": "come"
    },
    {
        "end_time": "0:04:15.400000",
        "speaker_tag": 2,
        "start_time": "0:04:15.300000",
        "word": "from"
    },
    {
        "end_time": "0:04:15.500000",
        "speaker_tag": 2,
        "start_time": "0:04:15.400000",
        "word": "the"
    },
    {
        "end_time": "0:04:15.800000",
        "speaker_tag": 2,
        "start_time": "0:04:15.500000",
        "word": "coffee"
    },
    {
        "end_time": "0:04:16.100000",
        "speaker_tag": 2,
        "start_time": "0:04:15.800000",
        "word": "pot"
    },
    {
        "end_time": "0:04:17.100000",
        "speaker_tag": 2,
        "start_time": "0:04:16.100000",
        "word": "or"
    },
    {
        "end_time": "0:04:17.100000",
        "speaker_tag": 2,
        "start_time": "0:04:17.100000",
        "word": "the"
    },
    {
        "end_time": "0:04:17.600000",
        "speaker_tag": 2,
        "start_time": "0:04:17.100000",
        "word": "roast"
    },
    {
        "end_time": "0:04:17.700000",
        "speaker_tag": 2,
        "start_time": "0:04:17.600000",
        "word": "in"
    },
    {
        "end_time": "0:04:18",
        "speaker_tag": 1,
        "start_time": "0:04:17.700000",
        "word": "there"
    },
    {
        "end_time": "0:04:19.800000",
        "speaker_tag": 1,
        "start_time": "0:04:19.200000",
        "word": "then"
    },
    {
        "end_time": "0:04:21.200000",
        "speaker_tag": 2,
        "start_time": "0:04:19.800000",
        "word": "then"
    },
    {
        "end_time": "0:04:21.400000",
        "speaker_tag": 2,
        "start_time": "0:04:21.200000",
        "word": "I"
    },
    {
        "end_time": "0:04:21.900000",
        "speaker_tag": 2,
        "start_time": "0:04:21.400000",
        "word": "think"
    },
    {
        "end_time": "0:04:22.100000",
        "speaker_tag": 2,
        "start_time": "0:04:21.900000",
        "word": "the"
    },
    {
        "end_time": "0:04:22.400000",
        "speaker_tag": 2,
        "start_time": "0:04:22.100000",
        "word": "coffee"
    },
    {
        "end_time": "0:04:22.600000",
        "speaker_tag": 2,
        "start_time": "0:04:22.400000",
        "word": "pot"
    },
    {
        "end_time": "0:04:23",
        "speaker_tag": 2,
        "start_time": "0:04:22.600000",
        "word": "sell"
    },
    {
        "end_time": "0:04:23.900000",
        "speaker_tag": 2,
        "start_time": "0:04:23",
        "word": "put"
    },
    {
        "end_time": "0:04:24",
        "speaker_tag": 2,
        "start_time": "0:04:23.900000",
        "word": "a"
    },
    {
        "end_time": "0:04:24.500000",
        "speaker_tag": 2,
        "start_time": "0:04:24",
        "word": "filter"
    },
    {
        "end_time": "0:04:24.800000",
        "speaker_tag": 2,
        "start_time": "0:04:24.500000",
        "word": "water"
    },
    {
        "end_time": "0:04:25",
        "speaker_tag": 2,
        "start_time": "0:04:24.800000",
        "word": "in"
    },
    {
        "end_time": "0:04:25.300000",
        "speaker_tag": 2,
        "start_time": "0:04:25",
        "word": "it"
    },
    {
        "end_time": "0:04:26.400000",
        "speaker_tag": 2,
        "start_time": "0:04:25.300000",
        "word": "drop"
    },
    {
        "end_time": "0:04:26.800000",
        "speaker_tag": 2,
        "start_time": "0:04:26.400000",
        "word": "inside"
    },
    {
        "end_time": "0:04:27.100000",
        "speaker_tag": 2,
        "start_time": "0:04:26.800000",
        "word": "the"
    },
    {
        "end_time": "0:04:31.300000",
        "speaker_tag": 2,
        "start_time": "0:04:30.700000",
        "word": "Evian"
    },
    {
        "end_time": "0:04:31.300000",
        "speaker_tag": 2,
        "start_time": "0:04:31.300000",
        "word": "water"
    },
    {
        "end_time": "0:04:31.700000",
        "speaker_tag": 2,
        "start_time": "0:04:31.300000",
        "word": "in"
    },
    {
        "end_time": "0:04:31.900000",
        "speaker_tag": 2,
        "start_time": "0:04:31.700000",
        "word": "the"
    },
    {
        "end_time": "0:04:32",
        "speaker_tag": 2,
        "start_time": "0:04:31.900000",
        "word": "back"
    },
    {
        "end_time": "0:04:32.200000",
        "speaker_tag": 2,
        "start_time": "0:04:32",
        "word": "of"
    },
    {
        "end_time": "0:04:32.200000",
        "speaker_tag": 2,
        "start_time": "0:04:32.200000",
        "word": "the"
    },
    {
        "end_time": "0:04:32.600000",
        "speaker_tag": 2,
        "start_time": "0:04:32.200000",
        "word": "pot"
    },
    {
        "end_time": "0:04:33.500000",
        "speaker_tag": 2,
        "start_time": "0:04:32.600000",
        "word": "they"
    },
    {
        "end_time": "0:04:33.700000",
        "speaker_tag": 2,
        "start_time": "0:04:33.500000",
        "word": "get"
    },
    {
        "end_time": "0:04:33.900000",
        "speaker_tag": 2,
        "start_time": "0:04:33.700000",
        "word": "hot"
    },
    {
        "end_time": "0:04:34.200000",
        "speaker_tag": 2,
        "start_time": "0:04:33.900000",
        "word": "name"
    },
    {
        "end_time": "0:04:35.900000",
        "speaker_tag": 1,
        "start_time": "0:04:34.200000",
        "word": "is"
    },
    {
        "end_time": "0:04:36.300000",
        "speaker_tag": 2,
        "start_time": "0:04:35.900000",
        "word": "Slick"
    },
    {
        "end_time": "0:04:36.400000",
        "speaker_tag": 2,
        "start_time": "0:04:36.300000",
        "word": "that"
    },
    {
        "end_time": "0:04:36.500000",
        "speaker_tag": 2,
        "start_time": "0:04:36.400000",
        "word": "I"
    },
    {
        "end_time": "0:04:37",
        "speaker_tag": 2,
        "start_time": "0:04:36.500000",
        "word": "copy"
    },
    {
        "end_time": "0:04:37.300000",
        "speaker_tag": 2,
        "start_time": "0:04:37",
        "word": "on"
    },
    {
        "end_time": "0:04:39.200000",
        "speaker_tag": 2,
        "start_time": "0:04:38.600000",
        "word": "carpet"
    },
    {
        "end_time": "0:04:39.400000",
        "speaker_tag": 2,
        "start_time": "0:04:39.200000",
        "word": "around"
    },
    {
        "end_time": "0:04:39.600000",
        "speaker_tag": 2,
        "start_time": "0:04:39.400000",
        "word": "the"
    },
    {
        "end_time": "0:04:40",
        "speaker_tag": 2,
        "start_time": "0:04:39.600000",
        "word": "pods"
    },
    {
        "end_time": "0:04:42.700000",
        "speaker_tag": 2,
        "start_time": "0:04:42.300000",
        "word": "2"
    },
    {
        "end_time": "0:04:43.100000",
        "speaker_tag": 2,
        "start_time": "0:04:42.700000",
        "word": "oz"
    },
    {
        "end_time": "0:04:43.800000",
        "speaker_tag": 2,
        "start_time": "0:04:43.100000",
        "word": "scrambled"
    },
    {
        "end_time": "0:04:44.300000",
        "speaker_tag": 2,
        "start_time": "0:04:43.800000",
        "word": "eggs"
    },
    {
        "end_time": "0:04:47.400000",
        "speaker_tag": 2,
        "start_time": "0:04:46.400000",
        "word": "they"
    },
    {
        "end_time": "0:04:47.600000",
        "speaker_tag": 2,
        "start_time": "0:04:47.400000",
        "word": "do"
    },
    {
        "end_time": "0:04:48.200000",
        "speaker_tag": 2,
        "start_time": "0:04:47.600000",
        "word": "eggs"
    },
    {
        "end_time": "0:04:49",
        "speaker_tag": 2,
        "start_time": "0:04:48.200000",
        "word": "washing-up"
    },
    {
        "end_time": "0:04:49.300000",
        "speaker_tag": 2,
        "start_time": "0:04:49",
        "word": "we"
    },
    {
        "end_time": "0:04:49.700000",
        "speaker_tag": 2,
        "start_time": "0:04:49.300000",
        "word": "want"
    },
    {
        "end_time": "0:04:49.900000",
        "speaker_tag": 2,
        "start_time": "0:04:49.700000",
        "word": "to"
    },
    {
        "end_time": "0:04:52.300000",
        "speaker_tag": 2,
        "start_time": "0:04:49.900000",
        "word": "crack"
    },
    {
        "end_time": "0:04:52.600000",
        "speaker_tag": 2,
        "start_time": "0:04:52.300000",
        "word": "and"
    },
    {
        "end_time": "0:04:53.300000",
        "speaker_tag": 1,
        "start_time": "0:04:52.600000",
        "word": "skillet"
    },
    {
        "end_time": "0:04:54.800000",
        "speaker_tag": 2,
        "start_time": "0:04:54.300000",
        "word": "take"
    },
    {
        "end_time": "0:04:54.900000",
        "speaker_tag": 2,
        "start_time": "0:04:54.800000",
        "word": "a"
    },
    {
        "end_time": "0:04:55.300000",
        "speaker_tag": 2,
        "start_time": "0:04:54.900000",
        "word": "spatula"
    },
    {
        "end_time": "0:04:56.100000",
        "speaker_tag": 2,
        "start_time": "0:04:55.300000",
        "word": "and"
    },
    {
        "end_time": "0:04:56.300000",
        "speaker_tag": 2,
        "start_time": "0:04:56.100000",
        "word": "make"
    },
    {
        "end_time": "0:04:56.500000",
        "speaker_tag": 2,
        "start_time": "0:04:56.300000",
        "word": "sure"
    },
    {
        "end_time": "0:04:56.600000",
        "speaker_tag": 2,
        "start_time": "0:04:56.500000",
        "word": "it's"
    },
    {
        "end_time": "0:04:56.700000",
        "speaker_tag": 2,
        "start_time": "0:04:56.600000",
        "word": "a"
    },
    {
        "end_time": "0:04:56.800000",
        "speaker_tag": 2,
        "start_time": "0:04:56.700000",
        "word": "bit"
    },
    {
        "end_time": "0:04:57.100000",
        "speaker_tag": 2,
        "start_time": "0:04:56.800000",
        "word": "over"
    },
    {
        "end_time": "0:04:57.700000",
        "speaker_tag": 2,
        "start_time": "0:04:57.100000",
        "word": "and"
    },
    {
        "end_time": "0:04:59",
        "speaker_tag": 2,
        "start_time": "0:04:58.600000",
        "word": "make"
    },
    {
        "end_time": "0:04:59.200000",
        "speaker_tag": 2,
        "start_time": "0:04:59",
        "word": "sure"
    },
    {
        "end_time": "0:04:59.400000",
        "speaker_tag": 2,
        "start_time": "0:04:59.200000",
        "word": "that"
    },
    {
        "end_time": "0:04:59.800000",
        "speaker_tag": 2,
        "start_time": "0:04:59.400000",
        "word": "things"
    },
    {
        "end_time": "0:05:00.100000",
        "speaker_tag": 2,
        "start_time": "0:04:59.800000",
        "word": "aren't"
    },
    {
        "end_time": "0:05:00.200000",
        "speaker_tag": 2,
        "start_time": "0:05:00.100000",
        "word": "you"
    },
    {
        "end_time": "0:05:00.300000",
        "speaker_tag": 2,
        "start_time": "0:05:00.200000",
        "word": "on"
    },
    {
        "end_time": "0:05:00.500000",
        "speaker_tag": 2,
        "start_time": "0:05:00.300000",
        "word": "there"
    },
    {
        "end_time": "0:05:00.800000",
        "speaker_tag": 2,
        "start_time": "0:05:00.500000",
        "word": "too"
    },
    {
        "end_time": "0:05:00.900000",
        "speaker_tag": 2,
        "start_time": "0:05:00.800000",
        "word": "long"
    },
    {
        "end_time": "0:05:01.300000",
        "speaker_tag": 2,
        "start_time": "0:05:00.900000",
        "word": "or"
    },
    {
        "end_time": "0:05:01.500000",
        "speaker_tag": 2,
        "start_time": "0:05:01.300000",
        "word": "else"
    },
    {
        "end_time": "0:05:01.700000",
        "speaker_tag": 2,
        "start_time": "0:05:01.500000",
        "word": "they're"
    },
    {
        "end_time": "0:05:02.300000",
        "speaker_tag": 2,
        "start_time": "0:05:01.700000",
        "word": "burned"
    },
    {
        "end_time": "0:05:02.900000",
        "speaker_tag": 2,
        "start_time": "0:05:02.300000",
        "word": "and"
    },
    {
        "end_time": "0:05:03.900000",
        "speaker_tag": 2,
        "start_time": "0:05:02.900000",
        "word": "put"
    },
    {
        "end_time": "0:05:04",
        "speaker_tag": 2,
        "start_time": "0:05:03.900000",
        "word": "on"
    },
    {
        "end_time": "0:05:04.100000",
        "speaker_tag": 2,
        "start_time": "0:05:04",
        "word": "the"
    },
    {
        "end_time": "0:05:04.700000",
        "speaker_tag": 2,
        "start_time": "0:05:04.100000",
        "word": "plates"
    },
    {
        "end_time": "0:05:07.100000",
        "speaker_tag": 2,
        "start_time": "0:05:06",
        "word": "Wells"
    },
    {
        "end_time": "0:05:07.400000",
        "speaker_tag": 2,
        "start_time": "0:05:07.100000",
        "word": "Fargo's"
    },
    {
        "end_time": "0:05:07.900000",
        "speaker_tag": 1,
        "start_time": "0:05:07.400000",
        "word": "grab"
    },
    {
        "end_time": "0:05:09.300000",
        "speaker_tag": 1,
        "start_time": "0:05:07.900000",
        "word": "a"
    },
    {
        "end_time": "0:05:09.500000",
        "speaker_tag": 1,
        "start_time": "0:05:09.300000",
        "word": "bowl"
    },
    {
        "end_time": "0:05:09.700000",
        "speaker_tag": 1,
        "start_time": "0:05:09.500000",
        "word": "of"
    },
    {
        "end_time": "0:05:10",
        "speaker_tag": 2,
        "start_time": "0:05:09.700000",
        "word": "fruit"
    },
    {
        "end_time": "0:05:11.800000",
        "speaker_tag": 2,
        "start_time": "0:05:11.400000",
        "word": "how"
    },
    {
        "end_time": "0:05:12.100000",
        "speaker_tag": 2,
        "start_time": "0:05:11.800000",
        "word": "to"
    },
    {
        "end_time": "0:05:12.200000",
        "speaker_tag": 2,
        "start_time": "0:05:12.100000",
        "word": "make"
    },
    {
        "end_time": "0:05:12.300000",
        "speaker_tag": 2,
        "start_time": "0:05:12.200000",
        "word": "a"
    },
    {
        "end_time": "0:05:12.500000",
        "speaker_tag": 2,
        "start_time": "0:05:12.300000",
        "word": "bowl"
    },
    {
        "end_time": "0:05:12.600000",
        "speaker_tag": 2,
        "start_time": "0:05:12.500000",
        "word": "of"
    },
    {
        "end_time": "0:05:12.800000",
        "speaker_tag": 2,
        "start_time": "0:05:12.600000",
        "word": "fruit"
    },
    {
        "end_time": "0:05:13",
        "speaker_tag": 2,
        "start_time": "0:05:12.800000",
        "word": "be"
    },
    {
        "end_time": "0:05:13.300000",
        "speaker_tag": 2,
        "start_time": "0:05:13",
        "word": "yes"
    },
    {
        "end_time": "0:05:15.600000",
        "speaker_tag": 2,
        "start_time": "0:05:15.100000",
        "word": "Gaudi"
    },
    {
        "end_time": "0:05:16.100000",
        "speaker_tag": 2,
        "start_time": "0:05:15.600000",
        "word": "refrigerator"
    },
    {
        "end_time": "0:05:16.300000",
        "speaker_tag": 2,
        "start_time": "0:05:16.100000",
        "word": "pick"
    },
    {
        "end_time": "0:05:16.400000",
        "speaker_tag": 2,
        "start_time": "0:05:16.300000",
        "word": "up"
    },
    {
        "end_time": "0:05:16.600000",
        "speaker_tag": 2,
        "start_time": "0:05:16.400000",
        "word": "her"
    },
    {
        "end_time": "0:05:16.700000",
        "speaker_tag": 2,
        "start_time": "0:05:16.600000",
        "word": "food"
    },
    {
        "end_time": "0:05:17",
        "speaker_tag": 2,
        "start_time": "0:05:16.700000",
        "word": "she"
    },
    {
        "end_time": "0:05:17.300000",
        "speaker_tag": 2,
        "start_time": "0:05:17",
        "word": "want"
    },
    {
        "end_time": "0:05:17.700000",
        "speaker_tag": 2,
        "start_time": "0:05:17.300000",
        "word": "and"
    },
    {
        "end_time": "0:05:17.900000",
        "speaker_tag": 2,
        "start_time": "0:05:17.700000",
        "word": "put"
    },
    {
        "end_time": "0:05:18.100000",
        "speaker_tag": 2,
        "start_time": "0:05:17.900000",
        "word": "in"
    },
    {
        "end_time": "0:05:18.100000",
        "speaker_tag": 2,
        "start_time": "0:05:18.100000",
        "word": "the"
    },
    {
        "end_time": "0:05:18.300000",
        "speaker_tag": 2,
        "start_time": "0:05:18.100000",
        "word": "bowl"
    },
    {
        "end_time": "0:05:18.600000",
        "speaker_tag": 2,
        "start_time": "0:05:18.300000",
        "word": "and"
    },
    {
        "end_time": "0:05:19.800000",
        "speaker_tag": 2,
        "start_time": "0:05:18.600000",
        "word": "customize"
    },
    {
        "end_time": "0:05:19.900000",
        "speaker_tag": 2,
        "start_time": "0:05:19.800000",
        "word": "it"
    },
    {
        "end_time": "0:05:20",
        "speaker_tag": 2,
        "start_time": "0:05:19.900000",
        "word": "to"
    },
    {
        "end_time": "0:05:20.200000",
        "speaker_tag": 2,
        "start_time": "0:05:20",
        "word": "your"
    },
    {
        "end_time": "0:05:20.300000",
        "speaker_tag": 2,
        "start_time": "0:05:20.200000",
        "word": "liking"
    }
]