[
    {
        "end_time": "0:00:05.600000",
        "speaker_tag": 1,
        "start_time": "0:00:02.900000",
        "word": "prayer"
    },
    {
        "end_time": "0:00:05.700000",
        "speaker_tag": 1,
        "start_time": "0:00:05.600000",
        "word": "for"
    },
    {
        "end_time": "0:00:05.800000",
        "speaker_tag": 1,
        "start_time": "0:00:05.700000",
        "word": "the"
    },
    {
        "end_time": "0:00:06",
        "speaker_tag": 1,
        "start_time": "0:00:05.800000",
        "word": "day"
    },
    {
        "end_time": "0:00:09.700000",
        "speaker_tag": 1,
        "start_time": "0:00:06",
        "word": "just"
    },
    {
        "end_time": "0:00:09.800000",
        "speaker_tag": 1,
        "start_time": "0:00:09.700000",
        "word": "in"
    },
    {
        "end_time": "0:00:10.100000",
        "speaker_tag": 1,
        "start_time": "0:00:09.800000",
        "word": "case"
    },
    {
        "end_time": "0:00:10.200000",
        "speaker_tag": 1,
        "start_time": "0:00:10.100000",
        "word": "I"
    },
    {
        "end_time": "0:00:10.600000",
        "speaker_tag": 1,
        "start_time": "0:00:10.200000",
        "word": "forget"
    },
    {
        "end_time": "0:00:10.700000",
        "speaker_tag": 1,
        "start_time": "0:00:10.600000",
        "word": "later"
    },
    {
        "end_time": "0:00:20.700000",
        "speaker_tag": 1,
        "start_time": "0:00:20.300000",
        "word": "tell"
    },
    {
        "end_time": "0:00:20.800000",
        "speaker_tag": 1,
        "start_time": "0:00:20.700000",
        "word": "me"
    },
    {
        "end_time": "0:00:21.100000",
        "speaker_tag": 1,
        "start_time": "0:00:20.800000",
        "word": "about"
    },
    {
        "end_time": "0:00:21.300000",
        "speaker_tag": 1,
        "start_time": "0:00:21.100000",
        "word": "a"
    },
    {
        "end_time": "0:00:21.600000",
        "speaker_tag": 1,
        "start_time": "0:00:21.300000",
        "word": "trip"
    },
    {
        "end_time": "0:00:21.800000",
        "speaker_tag": 1,
        "start_time": "0:00:21.600000",
        "word": "or"
    },
    {
        "end_time": "0:00:21.900000",
        "speaker_tag": 1,
        "start_time": "0:00:21.800000",
        "word": "vacation"
    },
    {
        "end_time": "0:00:22.700000",
        "speaker_tag": 1,
        "start_time": "0:00:21.900000",
        "word": "than"
    },
    {
        "end_time": "0:00:22.900000",
        "speaker_tag": 1,
        "start_time": "0:00:22.700000",
        "word": "you've"
    },
    {
        "end_time": "0:00:23.200000",
        "speaker_tag": 1,
        "start_time": "0:00:22.900000",
        "word": "taken"
    },
    {
        "end_time": "0:00:23.900000",
        "speaker_tag": 1,
        "start_time": "0:00:23.200000",
        "word": "you"
    },
    {
        "end_time": "0:00:24.100000",
        "speaker_tag": 1,
        "start_time": "0:00:23.900000",
        "word": "can"
    },
    {
        "end_time": "0:00:24.300000",
        "speaker_tag": 1,
        "start_time": "0:00:24.100000",
        "word": "provide"
    },
    {
        "end_time": "0:00:24.500000",
        "speaker_tag": 1,
        "start_time": "0:00:24.300000",
        "word": "as"
    },
    {
        "end_time": "0:00:24.800000",
        "speaker_tag": 1,
        "start_time": "0:00:24.500000",
        "word": "many"
    },
    {
        "end_time": "0:00:25.100000",
        "speaker_tag": 1,
        "start_time": "0:00:24.800000",
        "word": "details"
    },
    {
        "end_time": "0:00:25.400000",
        "speaker_tag": 1,
        "start_time": "0:00:25.100000",
        "word": "as"
    },
    {
        "end_time": "0:00:26.100000",
        "speaker_tag": 1,
        "start_time": "0:00:25.400000",
        "word": "necessary"
    },
    {
        "end_time": "0:00:26.600000",
        "speaker_tag": 1,
        "start_time": "0:00:26.100000",
        "word": "you"
    },
    {
        "end_time": "0:00:26.800000",
        "speaker_tag": 1,
        "start_time": "0:00:26.600000",
        "word": "have"
    },
    {
        "end_time": "0:00:27",
        "speaker_tag": 2,
        "start_time": "0:00:26.800000",
        "word": "5"
    },
    {
        "end_time": "0:00:28.300000",
        "speaker_tag": 2,
        "start_time": "0:00:27",
        "word": "minutes."
    },
    {
        "end_time": "0:00:32.300000",
        "speaker_tag": 1,
        "start_time": "0:00:28.300000",
        "word": "When"
    },
    {
        "end_time": "0:00:33",
        "speaker_tag": 1,
        "start_time": "0:00:32.300000",
        "word": "was"
    },
    {
        "end_time": "0:00:33.500000",
        "speaker_tag": 1,
        "start_time": "0:00:33",
        "word": "this"
    },
    {
        "end_time": "0:00:34",
        "speaker_tag": 1,
        "start_time": "0:00:33.500000",
        "word": "past"
    },
    {
        "end_time": "0:00:34.200000",
        "speaker_tag": 1,
        "start_time": "0:00:34",
        "word": "winter"
    },
    {
        "end_time": "0:00:34.700000",
        "speaker_tag": 1,
        "start_time": "0:00:34.200000",
        "word": "break"
    },
    {
        "end_time": "0:00:35.100000",
        "speaker_tag": 1,
        "start_time": "0:00:34.700000",
        "word": "when"
    },
    {
        "end_time": "0:00:35.400000",
        "speaker_tag": 1,
        "start_time": "0:00:35.100000",
        "word": "study"
    },
    {
        "end_time": "0:00:35.700000",
        "speaker_tag": 1,
        "start_time": "0:00:35.400000",
        "word": "abroad"
    },
    {
        "end_time": "0:00:37.900000",
        "speaker_tag": 2,
        "start_time": "0:00:37.600000",
        "word": "I"
    },
    {
        "end_time": "0:00:38.400000",
        "speaker_tag": 2,
        "start_time": "0:00:37.900000",
        "word": "minor"
    },
    {
        "end_time": "0:00:38.500000",
        "speaker_tag": 1,
        "start_time": "0:00:38.400000",
        "word": "in"
    },
    {
        "end_time": "0:00:39.300000",
        "speaker_tag": 1,
        "start_time": "0:00:38.500000",
        "word": "special"
    },
    {
        "end_time": "0:00:39.700000",
        "speaker_tag": 1,
        "start_time": "0:00:39.300000",
        "word": "learn"
    },
    {
        "end_time": "0:00:39.900000",
        "speaker_tag": 1,
        "start_time": "0:00:39.700000",
        "word": "Spanish"
    },
    {
        "end_time": "0:00:41.200000",
        "speaker_tag": 2,
        "start_time": "0:00:39.900000",
        "word": "and"
    },
    {
        "end_time": "0:00:41.500000",
        "speaker_tag": 2,
        "start_time": "0:00:41.200000",
        "word": "Spain"
    },
    {
        "end_time": "0:00:44.700000",
        "speaker_tag": 1,
        "start_time": "0:00:41.500000",
        "word": "and"
    },
    {
        "end_time": "0:00:44.800000",
        "speaker_tag": 1,
        "start_time": "0:00:44.700000",
        "word": "see"
    },
    {
        "end_time": "0:00:44.900000",
        "speaker_tag": 1,
        "start_time": "0:00:44.800000",
        "word": "what"
    },
    {
        "end_time": "0:00:45",
        "speaker_tag": 1,
        "start_time": "0:00:44.900000",
        "word": "the"
    },
    {
        "end_time": "0:00:45.200000",
        "speaker_tag": 1,
        "start_time": "0:00:45",
        "word": "host"
    },
    {
        "end_time": "0:00:45.500000",
        "speaker_tag": 1,
        "start_time": "0:00:45.200000",
        "word": "family"
    },
    {
        "end_time": "0:00:46.600000",
        "speaker_tag": 1,
        "start_time": "0:00:45.500000",
        "word": "host"
    },
    {
        "end_time": "0:00:47",
        "speaker_tag": 1,
        "start_time": "0:00:46.600000",
        "word": "mom"
    },
    {
        "end_time": "0:00:47.500000",
        "speaker_tag": 1,
        "start_time": "0:00:47",
        "word": "which"
    },
    {
        "end_time": "0:00:48.200000",
        "speaker_tag": 1,
        "start_time": "0:00:47.500000",
        "word": "was"
    },
    {
        "end_time": "0:00:48.400000",
        "speaker_tag": 1,
        "start_time": "0:00:48.200000",
        "word": "really"
    },
    {
        "end_time": "0:00:48.800000",
        "speaker_tag": 1,
        "start_time": "0:00:48.400000",
        "word": "stressful"
    },
    {
        "end_time": "0:00:49",
        "speaker_tag": 1,
        "start_time": "0:00:48.800000",
        "word": "because"
    },
    {
        "end_time": "0:00:49.400000",
        "speaker_tag": 1,
        "start_time": "0:00:49",
        "word": "I"
    },
    {
        "end_time": "0:00:49.700000",
        "speaker_tag": 1,
        "start_time": "0:00:49.400000",
        "word": "took"
    },
    {
        "end_time": "0:00:50.200000",
        "speaker_tag": 1,
        "start_time": "0:00:49.700000",
        "word": "a"
    },
    {
        "end_time": "0:00:50.500000",
        "speaker_tag": 1,
        "start_time": "0:00:50.200000",
        "word": "ton"
    },
    {
        "end_time": "0:00:50.700000",
        "speaker_tag": 1,
        "start_time": "0:00:50.500000",
        "word": "of"
    },
    {
        "end_time": "0:00:50.800000",
        "speaker_tag": 1,
        "start_time": "0:00:50.700000",
        "word": "I"
    },
    {
        "end_time": "0:00:51",
        "speaker_tag": 1,
        "start_time": "0:00:50.800000",
        "word": "put"
    },
    {
        "end_time": "0:00:51.100000",
        "speaker_tag": 1,
        "start_time": "0:00:51",
        "word": "a"
    },
    {
        "end_time": "0:00:51.200000",
        "speaker_tag": 1,
        "start_time": "0:00:51.100000",
        "word": "bunch"
    },
    {
        "end_time": "0:00:51.400000",
        "speaker_tag": 1,
        "start_time": "0:00:51.200000",
        "word": "of"
    },
    {
        "end_time": "0:00:51.700000",
        "speaker_tag": 1,
        "start_time": "0:00:51.400000",
        "word": "pressure"
    },
    {
        "end_time": "0:00:51.800000",
        "speaker_tag": 1,
        "start_time": "0:00:51.700000",
        "word": "on"
    },
    {
        "end_time": "0:00:51.900000",
        "speaker_tag": 1,
        "start_time": "0:00:51.800000",
        "word": "me"
    },
    {
        "end_time": "0:00:52.600000",
        "speaker_tag": 1,
        "start_time": "0:00:51.900000",
        "word": "to"
    },
    {
        "end_time": "0:00:52.900000",
        "speaker_tag": 1,
        "start_time": "0:00:52.600000",
        "word": "speak"
    },
    {
        "end_time": "0:00:53.100000",
        "speaker_tag": 1,
        "start_time": "0:00:52.900000",
        "word": "might"
    },
    {
        "end_time": "0:00:53.200000",
        "speaker_tag": 1,
        "start_time": "0:00:53.100000",
        "word": "be"
    },
    {
        "end_time": "0:00:53.700000",
        "speaker_tag": 1,
        "start_time": "0:00:53.200000",
        "word": "fluent"
    },
    {
        "end_time": "0:00:54",
        "speaker_tag": 1,
        "start_time": "0:00:53.700000",
        "word": "Spanish"
    },
    {
        "end_time": "0:00:54.200000",
        "speaker_tag": 1,
        "start_time": "0:00:54",
        "word": "speaker"
    },
    {
        "end_time": "0:00:54.600000",
        "speaker_tag": 1,
        "start_time": "0:00:54.200000",
        "word": "in"
    },
    {
        "end_time": "0:00:54.900000",
        "speaker_tag": 1,
        "start_time": "0:00:54.600000",
        "word": "like"
    },
    {
        "end_time": "0:00:55",
        "speaker_tag": 1,
        "start_time": "0:00:54.900000",
        "word": "a"
    },
    {
        "end_time": "0:00:55.200000",
        "speaker_tag": 1,
        "start_time": "0:00:55",
        "word": "day"
    },
    {
        "end_time": "0:00:55.500000",
        "speaker_tag": 1,
        "start_time": "0:00:55.200000",
        "word": "so"
    },
    {
        "end_time": "0:00:55.600000",
        "speaker_tag": 1,
        "start_time": "0:00:55.500000",
        "word": "that"
    },
    {
        "end_time": "0:00:55.900000",
        "speaker_tag": 1,
        "start_time": "0:00:55.600000",
        "word": "doesn't"
    },
    {
        "end_time": "0:00:56.200000",
        "speaker_tag": 1,
        "start_time": "0:00:55.900000",
        "word": "work"
    },
    {
        "end_time": "0:00:58.100000",
        "speaker_tag": 1,
        "start_time": "0:00:56.200000",
        "word": "so"
    },
    {
        "end_time": "0:00:58.300000",
        "speaker_tag": 1,
        "start_time": "0:00:58.100000",
        "word": "it"
    },
    {
        "end_time": "0:00:58.400000",
        "speaker_tag": 1,
        "start_time": "0:00:58.300000",
        "word": "was"
    },
    {
        "end_time": "0:00:58.700000",
        "speaker_tag": 1,
        "start_time": "0:00:58.400000",
        "word": "actually"
    },
    {
        "end_time": "0:00:58.900000",
        "speaker_tag": 1,
        "start_time": "0:00:58.700000",
        "word": "very"
    },
    {
        "end_time": "0:00:59.500000",
        "speaker_tag": 1,
        "start_time": "0:00:58.900000",
        "word": "stressful"
    },
    {
        "end_time": "0:00:59.900000",
        "speaker_tag": 1,
        "start_time": "0:00:59.500000",
        "word": "for"
    },
    {
        "end_time": "0:01:00.100000",
        "speaker_tag": 1,
        "start_time": "0:00:59.900000",
        "word": "the"
    },
    {
        "end_time": "0:01:00.400000",
        "speaker_tag": 1,
        "start_time": "0:01:00.100000",
        "word": "first"
    },
    {
        "end_time": "0:01:02.400000",
        "speaker_tag": 2,
        "start_time": "0:01:02.100000",
        "word": "how"
    },
    {
        "end_time": "0:01:02.400000",
        "speaker_tag": 2,
        "start_time": "0:01:02.400000",
        "word": "about"
    },
    {
        "end_time": "0:01:02.600000",
        "speaker_tag": 2,
        "start_time": "0:01:02.400000",
        "word": "your"
    },
    {
        "end_time": "0:01:02.800000",
        "speaker_tag": 2,
        "start_time": "0:01:02.600000",
        "word": "mental"
    },
    {
        "end_time": "0:01:03.300000",
        "speaker_tag": 2,
        "start_time": "0:01:02.800000",
        "word": "breakdown"
    },
    {
        "end_time": "0:01:12.700000",
        "speaker_tag": 2,
        "start_time": "0:01:12.200000",
        "word": "what"
    },
    {
        "end_time": "0:01:12.800000",
        "speaker_tag": 2,
        "start_time": "0:01:12.700000",
        "word": "about"
    },
    {
        "end_time": "0:01:13",
        "speaker_tag": 2,
        "start_time": "0:01:12.800000",
        "word": "the"
    },
    {
        "end_time": "0:01:13.300000",
        "speaker_tag": 2,
        "start_time": "0:01:13",
        "word": "culture"
    },
    {
        "end_time": "0:01:13.400000",
        "speaker_tag": 2,
        "start_time": "0:01:13.300000",
        "word": "as"
    },
    {
        "end_time": "0:01:13.500000",
        "speaker_tag": 2,
        "start_time": "0:01:13.400000",
        "word": "well"
    },
    {
        "end_time": "0:01:14.500000",
        "speaker_tag": 1,
        "start_time": "0:01:13.500000",
        "word": "and"
    },
    {
        "end_time": "0:01:14.600000",
        "speaker_tag": 1,
        "start_time": "0:01:14.500000",
        "word": "their"
    },
    {
        "end_time": "0:01:14.800000",
        "speaker_tag": 1,
        "start_time": "0:01:14.600000",
        "word": "strange"
    },
    {
        "end_time": "0:01:15",
        "speaker_tag": 1,
        "start_time": "0:01:14.800000",
        "word": "was"
    },
    {
        "end_time": "0:01:15.400000",
        "speaker_tag": 1,
        "start_time": "0:01:15",
        "word": "different"
    },
    {
        "end_time": "0:01:15.500000",
        "speaker_tag": 1,
        "start_time": "0:01:15.400000",
        "word": "cuz"
    },
    {
        "end_time": "0:01:15.600000",
        "speaker_tag": 1,
        "start_time": "0:01:15.500000",
        "word": "they"
    },
    {
        "end_time": "0:01:15.900000",
        "speaker_tag": 1,
        "start_time": "0:01:15.600000",
        "word": "like"
    },
    {
        "end_time": "0:01:20.200000",
        "speaker_tag": 1,
        "start_time": "0:01:19.900000",
        "word": "do"
    },
    {
        "end_time": "0:01:21.200000",
        "speaker_tag": 1,
        "start_time": "0:01:20.200000",
        "word": "you"
    },
    {
        "end_time": "0:01:21.300000",
        "speaker_tag": 1,
        "start_time": "0:01:21.200000",
        "word": "know"
    },
    {
        "end_time": "0:01:21.400000",
        "speaker_tag": 1,
        "start_time": "0:01:21.300000",
        "word": "any"
    },
    {
        "end_time": "0:01:21.500000",
        "speaker_tag": 1,
        "start_time": "0:01:21.400000",
        "word": "Spanish"
    },
    {
        "end_time": "0:01:23.600000",
        "speaker_tag": 2,
        "start_time": "0:01:21.500000",
        "word": "I"
    },
    {
        "end_time": "0:01:24",
        "speaker_tag": 1,
        "start_time": "0:01:23.600000",
        "word": "learned"
    },
    {
        "end_time": "0:01:24.100000",
        "speaker_tag": 1,
        "start_time": "0:01:24",
        "word": "in"
    },
    {
        "end_time": "0:01:24.200000",
        "speaker_tag": 1,
        "start_time": "0:01:24.100000",
        "word": "high"
    },
    {
        "end_time": "0:01:24.600000",
        "speaker_tag": 1,
        "start_time": "0:01:24.200000",
        "word": "school"
    },
    {
        "end_time": "0:01:24.900000",
        "speaker_tag": 1,
        "start_time": "0:01:24.600000",
        "word": "okay"
    },
    {
        "end_time": "0:01:25.100000",
        "speaker_tag": 1,
        "start_time": "0:01:24.900000",
        "word": "so"
    },
    {
        "end_time": "0:01:25.200000",
        "speaker_tag": 1,
        "start_time": "0:01:25.100000",
        "word": "I"
    },
    {
        "end_time": "0:01:25.300000",
        "speaker_tag": 1,
        "start_time": "0:01:25.200000",
        "word": "can"
    },
    {
        "end_time": "0:01:25.400000",
        "speaker_tag": 1,
        "start_time": "0:01:25.300000",
        "word": "do"
    },
    {
        "end_time": "0:01:25.500000",
        "speaker_tag": 1,
        "start_time": "0:01:25.400000",
        "word": "you"
    },
    {
        "end_time": "0:01:26.600000",
        "speaker_tag": 1,
        "start_time": "0:01:25.500000",
        "word": "want"
    },
    {
        "end_time": "0:01:26.800000",
        "speaker_tag": 1,
        "start_time": "0:01:26.600000",
        "word": "more"
    },
    {
        "end_time": "0:01:28.700000",
        "speaker_tag": 1,
        "start_time": "0:01:26.800000",
        "word": "she"
    },
    {
        "end_time": "0:01:32.800000",
        "speaker_tag": 1,
        "start_time": "0:01:28.700000",
        "word": "say"
    },
    {
        "end_time": "0:01:33.100000",
        "speaker_tag": 2,
        "start_time": "0:01:32.800000",
        "word": "that"
    },
    {
        "end_time": "0:01:37.900000",
        "speaker_tag": 1,
        "start_time": "0:01:37",
        "word": "I'm"
    },
    {
        "end_time": "0:01:39.600000",
        "speaker_tag": 1,
        "start_time": "0:01:37.900000",
        "word": "in"
    },
    {
        "end_time": "0:01:39.700000",
        "speaker_tag": 1,
        "start_time": "0:01:39.600000",
        "word": "my"
    },
    {
        "end_time": "0:01:40.800000",
        "speaker_tag": 1,
        "start_time": "0:01:39.700000",
        "word": "roommate"
    },
    {
        "end_time": "0:01:41.100000",
        "speaker_tag": 1,
        "start_time": "0:01:40.800000",
        "word": "was"
    },
    {
        "end_time": "0:01:41.300000",
        "speaker_tag": 1,
        "start_time": "0:01:41.100000",
        "word": "really"
    },
    {
        "end_time": "0:01:41.500000",
        "speaker_tag": 1,
        "start_time": "0:01:41.300000",
        "word": "cool"
    },
    {
        "end_time": "0:01:42.100000",
        "speaker_tag": 1,
        "start_time": "0:01:41.500000",
        "word": "she's"
    },
    {
        "end_time": "0:01:42.500000",
        "speaker_tag": 1,
        "start_time": "0:01:42.100000",
        "word": "from"
    },
    {
        "end_time": "0:01:43.300000",
        "speaker_tag": 1,
        "start_time": "0:01:42.500000",
        "word": "Wisconsin"
    },
    {
        "end_time": "0:01:43.900000",
        "speaker_tag": 1,
        "start_time": "0:01:43.300000",
        "word": "and"
    },
    {
        "end_time": "0:01:44",
        "speaker_tag": 1,
        "start_time": "0:01:43.900000",
        "word": "then"
    },
    {
        "end_time": "0:01:44.100000",
        "speaker_tag": 1,
        "start_time": "0:01:44",
        "word": "she"
    },
    {
        "end_time": "0:01:44.300000",
        "speaker_tag": 1,
        "start_time": "0:01:44.100000",
        "word": "smiled"
    },
    {
        "end_time": "0:01:44.900000",
        "speaker_tag": 1,
        "start_time": "0:01:44.300000",
        "word": "nursing"
    },
    {
        "end_time": "0:01:45.200000",
        "speaker_tag": 1,
        "start_time": "0:01:44.900000",
        "word": "school"
    },
    {
        "end_time": "0:01:45.400000",
        "speaker_tag": 1,
        "start_time": "0:01:45.200000",
        "word": "so"
    },
    {
        "end_time": "0:01:46",
        "speaker_tag": 1,
        "start_time": "0:01:45.400000",
        "word": "cool"
    },
    {
        "end_time": "0:01:46.500000",
        "speaker_tag": 1,
        "start_time": "0:01:46",
        "word": "and"
    },
    {
        "end_time": "0:01:46.600000",
        "speaker_tag": 1,
        "start_time": "0:01:46.500000",
        "word": "then"
    },
    {
        "end_time": "0:01:46.700000",
        "speaker_tag": 1,
        "start_time": "0:01:46.600000",
        "word": "she"
    },
    {
        "end_time": "0:01:46.900000",
        "speaker_tag": 1,
        "start_time": "0:01:46.700000",
        "word": "opened"
    },
    {
        "end_time": "0:01:47.100000",
        "speaker_tag": 1,
        "start_time": "0:01:46.900000",
        "word": "up"
    },
    {
        "end_time": "0:01:47.300000",
        "speaker_tag": 1,
        "start_time": "0:01:47.100000",
        "word": "about"
    },
    {
        "end_time": "0:01:47.700000",
        "speaker_tag": 1,
        "start_time": "0:01:47.300000",
        "word": "her"
    },
    {
        "end_time": "0:01:47.900000",
        "speaker_tag": 1,
        "start_time": "0:01:47.700000",
        "word": "boyfriend"
    },
    {
        "end_time": "0:01:49.200000",
        "speaker_tag": 1,
        "start_time": "0:01:47.900000",
        "word": "how"
    },
    {
        "end_time": "0:01:49.900000",
        "speaker_tag": 1,
        "start_time": "0:01:49.200000",
        "word": "she"
    },
    {
        "end_time": "0:01:50.100000",
        "speaker_tag": 1,
        "start_time": "0:01:49.900000",
        "word": "thought"
    },
    {
        "end_time": "0:01:50.200000",
        "speaker_tag": 1,
        "start_time": "0:01:50.100000",
        "word": "they"
    },
    {
        "end_time": "0:01:50.200000",
        "speaker_tag": 1,
        "start_time": "0:01:50.200000",
        "word": "were"
    },
    {
        "end_time": "0:01:50.400000",
        "speaker_tag": 1,
        "start_time": "0:01:50.200000",
        "word": "going"
    },
    {
        "end_time": "0:01:50.400000",
        "speaker_tag": 1,
        "start_time": "0:01:50.400000",
        "word": "to"
    },
    {
        "end_time": "0:01:50.500000",
        "speaker_tag": 1,
        "start_time": "0:01:50.400000",
        "word": "get"
    },
    {
        "end_time": "0:01:50.700000",
        "speaker_tag": 1,
        "start_time": "0:01:50.500000",
        "word": "married"
    },
    {
        "end_time": "0:01:51.100000",
        "speaker_tag": 1,
        "start_time": "0:01:50.700000",
        "word": "this"
    },
    {
        "end_time": "0:01:51.600000",
        "speaker_tag": 1,
        "start_time": "0:01:51.100000",
        "word": "Summer"
    },
    {
        "end_time": "0:01:52.100000",
        "speaker_tag": 1,
        "start_time": "0:01:51.600000",
        "word": "she"
    },
    {
        "end_time": "0:01:52.500000",
        "speaker_tag": 1,
        "start_time": "0:01:52.100000",
        "word": "she"
    },
    {
        "end_time": "0:01:52.800000",
        "speaker_tag": 1,
        "start_time": "0:01:52.500000",
        "word": "thought"
    },
    {
        "end_time": "0:01:52.900000",
        "speaker_tag": 1,
        "start_time": "0:01:52.800000",
        "word": "he"
    },
    {
        "end_time": "0:01:53.100000",
        "speaker_tag": 1,
        "start_time": "0:01:52.900000",
        "word": "was"
    },
    {
        "end_time": "0:01:53.200000",
        "speaker_tag": 1,
        "start_time": "0:01:53.100000",
        "word": "going"
    },
    {
        "end_time": "0:01:53.200000",
        "speaker_tag": 1,
        "start_time": "0:01:53.200000",
        "word": "to"
    },
    {
        "end_time": "0:01:53.300000",
        "speaker_tag": 1,
        "start_time": "0:01:53.200000",
        "word": "propose"
    },
    {
        "end_time": "0:01:53.600000",
        "speaker_tag": 1,
        "start_time": "0:01:53.300000",
        "word": "this"
    },
    {
        "end_time": "0:01:54.100000",
        "speaker_tag": 1,
        "start_time": "0:01:53.600000",
        "word": "summer"
    },
    {
        "end_time": "0:01:54.500000",
        "speaker_tag": 1,
        "start_time": "0:01:54.100000",
        "word": "cuz"
    },
    {
        "end_time": "0:01:54.700000",
        "speaker_tag": 1,
        "start_time": "0:01:54.500000",
        "word": "she's"
    },
    {
        "end_time": "0:01:54.800000",
        "speaker_tag": 1,
        "start_time": "0:01:54.700000",
        "word": "like"
    },
    {
        "end_time": "0:01:55.100000",
        "speaker_tag": 1,
        "start_time": "0:01:54.800000",
        "word": "super"
    },
    {
        "end_time": "0:01:55.500000",
        "speaker_tag": 1,
        "start_time": "0:01:55.100000",
        "word": "excited"
    },
    {
        "end_time": "0:01:55.500000",
        "speaker_tag": 1,
        "start_time": "0:01:55.500000",
        "word": "about"
    },
    {
        "end_time": "0:01:55.800000",
        "speaker_tag": 1,
        "start_time": "0:01:55.500000",
        "word": "it"
    },
    {
        "end_time": "0:01:56.100000",
        "speaker_tag": 1,
        "start_time": "0:01:55.800000",
        "word": "cuz"
    },
    {
        "end_time": "0:01:56.200000",
        "speaker_tag": 1,
        "start_time": "0:01:56.100000",
        "word": "she"
    },
    {
        "end_time": "0:01:56.300000",
        "speaker_tag": 1,
        "start_time": "0:01:56.200000",
        "word": "saw"
    },
    {
        "end_time": "0:01:56.500000",
        "speaker_tag": 1,
        "start_time": "0:01:56.300000",
        "word": "the"
    },
    {
        "end_time": "0:01:56.800000",
        "speaker_tag": 1,
        "start_time": "0:01:56.500000",
        "word": "ring"
    },
    {
        "end_time": "0:01:57.100000",
        "speaker_tag": 1,
        "start_time": "0:01:56.800000",
        "word": "as"
    },
    {
        "end_time": "0:01:57.700000",
        "speaker_tag": 1,
        "start_time": "0:01:57.100000",
        "word": "he"
    },
    {
        "end_time": "0:01:57.900000",
        "speaker_tag": 1,
        "start_time": "0:01:57.700000",
        "word": "was"
    },
    {
        "end_time": "0:01:59",
        "speaker_tag": 1,
        "start_time": "0:01:57.900000",
        "word": "people"
    },
    {
        "end_time": "0:01:59.300000",
        "speaker_tag": 1,
        "start_time": "0:01:59",
        "word": "hooked"
    },
    {
        "end_time": "0:01:59.500000",
        "speaker_tag": 1,
        "start_time": "0:01:59.300000",
        "word": "into"
    },
    {
        "end_time": "0:01:59.700000",
        "speaker_tag": 1,
        "start_time": "0:01:59.500000",
        "word": "her"
    },
    {
        "end_time": "0:02:00.100000",
        "speaker_tag": 1,
        "start_time": "0:01:59.700000",
        "word": "Facebook"
    },
    {
        "end_time": "0:02:01",
        "speaker_tag": 1,
        "start_time": "0:02:00.100000",
        "word": "and"
    },
    {
        "end_time": "0:02:01.600000",
        "speaker_tag": 1,
        "start_time": "0:02:01",
        "word": "she"
    },
    {
        "end_time": "0:02:01.900000",
        "speaker_tag": 1,
        "start_time": "0:02:01.600000",
        "word": "saw"
    },
    {
        "end_time": "0:02:02.100000",
        "speaker_tag": 1,
        "start_time": "0:02:01.900000",
        "word": "that"
    },
    {
        "end_time": "0:02:02.800000",
        "speaker_tag": 1,
        "start_time": "0:02:02.100000",
        "word": "kid"
    },
    {
        "end_time": "0:02:03.300000",
        "speaker_tag": 1,
        "start_time": "0:02:02.800000",
        "word": "or"
    },
    {
        "end_time": "0:02:03.400000",
        "speaker_tag": 1,
        "start_time": "0:02:03.300000",
        "word": "no"
    },
    {
        "end_time": "0:02:04",
        "speaker_tag": 1,
        "start_time": "0:02:03.400000",
        "word": "yeah"
    },
    {
        "end_time": "0:02:04.100000",
        "speaker_tag": 2,
        "start_time": "0:02:04",
        "word": "yeah"
    },
    {
        "end_time": "0:02:05.600000",
        "speaker_tag": 2,
        "start_time": "0:02:04.100000",
        "word": "she"
    },
    {
        "end_time": "0:02:05.800000",
        "speaker_tag": 2,
        "start_time": "0:02:05.600000",
        "word": "saw"
    },
    {
        "end_time": "0:02:05.900000",
        "speaker_tag": 2,
        "start_time": "0:02:05.800000",
        "word": "the"
    },
    {
        "end_time": "0:02:06.800000",
        "speaker_tag": 2,
        "start_time": "0:02:05.900000",
        "word": "photo"
    },
    {
        "end_time": "0:02:06.900000",
        "speaker_tag": 1,
        "start_time": "0:02:06.800000",
        "word": "of"
    },
    {
        "end_time": "0:02:07",
        "speaker_tag": 1,
        "start_time": "0:02:06.900000",
        "word": "the"
    },
    {
        "end_time": "0:02:07.500000",
        "speaker_tag": 1,
        "start_time": "0:02:07",
        "word": "ring"
    },
    {
        "end_time": "0:02:07.700000",
        "speaker_tag": 1,
        "start_time": "0:02:07.500000",
        "word": "cuz"
    },
    {
        "end_time": "0:02:07.800000",
        "speaker_tag": 1,
        "start_time": "0:02:07.700000",
        "word": "he"
    },
    {
        "end_time": "0:02:08",
        "speaker_tag": 1,
        "start_time": "0:02:07.800000",
        "word": "sent"
    },
    {
        "end_time": "0:02:08",
        "speaker_tag": 1,
        "start_time": "0:02:08",
        "word": "it"
    },
    {
        "end_time": "0:02:08.100000",
        "speaker_tag": 1,
        "start_time": "0:02:08",
        "word": "to"
    },
    {
        "end_time": "0:02:08.200000",
        "speaker_tag": 1,
        "start_time": "0:02:08.100000",
        "word": "his"
    },
    {
        "end_time": "0:02:08.800000",
        "speaker_tag": 1,
        "start_time": "0:02:08.200000",
        "word": "his"
    },
    {
        "end_time": "0:02:09.400000",
        "speaker_tag": 1,
        "start_time": "0:02:08.800000",
        "word": "friend"
    },
    {
        "end_time": "0:02:09.900000",
        "speaker_tag": 1,
        "start_time": "0:02:09.400000",
        "word": "so"
    },
    {
        "end_time": "0:02:10",
        "speaker_tag": 1,
        "start_time": "0:02:09.900000",
        "word": "she's"
    },
    {
        "end_time": "0:02:10.200000",
        "speaker_tag": 1,
        "start_time": "0:02:10",
        "word": "like"
    },
    {
        "end_time": "0:02:10.300000",
        "speaker_tag": 1,
        "start_time": "0:02:10.200000",
        "word": "he's"
    },
    {
        "end_time": "0:02:10.400000",
        "speaker_tag": 1,
        "start_time": "0:02:10.300000",
        "word": "going"
    },
    {
        "end_time": "0:02:10.600000",
        "speaker_tag": 1,
        "start_time": "0:02:10.400000",
        "word": "to"
    },
    {
        "end_time": "0:02:10.800000",
        "speaker_tag": 1,
        "start_time": "0:02:10.600000",
        "word": "ask"
    },
    {
        "end_time": "0:02:10.900000",
        "speaker_tag": 1,
        "start_time": "0:02:10.800000",
        "word": "me"
    },
    {
        "end_time": "0:02:11.300000",
        "speaker_tag": 1,
        "start_time": "0:02:10.900000",
        "word": "but"
    },
    {
        "end_time": "0:02:11.400000",
        "speaker_tag": 1,
        "start_time": "0:02:11.300000",
        "word": "then"
    },
    {
        "end_time": "0:02:11.500000",
        "speaker_tag": 1,
        "start_time": "0:02:11.400000",
        "word": "when"
    },
    {
        "end_time": "0:02:11.600000",
        "speaker_tag": 1,
        "start_time": "0:02:11.500000",
        "word": "she"
    },
    {
        "end_time": "0:02:11.800000",
        "speaker_tag": 1,
        "start_time": "0:02:11.600000",
        "word": "got"
    },
    {
        "end_time": "0:02:12",
        "speaker_tag": 1,
        "start_time": "0:02:11.800000",
        "word": "home"
    },
    {
        "end_time": "0:02:12.500000",
        "speaker_tag": 1,
        "start_time": "0:02:12",
        "word": "after"
    },
    {
        "end_time": "0:02:12.800000",
        "speaker_tag": 1,
        "start_time": "0:02:12.500000",
        "word": "study"
    },
    {
        "end_time": "0:02:13",
        "speaker_tag": 1,
        "start_time": "0:02:12.800000",
        "word": "abroad"
    },
    {
        "end_time": "0:02:13.400000",
        "speaker_tag": 1,
        "start_time": "0:02:13",
        "word": "after"
    },
    {
        "end_time": "0:02:14.500000",
        "speaker_tag": 1,
        "start_time": "0:02:13.400000",
        "word": "7"
    },
    {
        "end_time": "0:02:14.600000",
        "speaker_tag": 1,
        "start_time": "0:02:14.500000",
        "word": "that"
    },
    {
        "end_time": "0:02:14.700000",
        "speaker_tag": 1,
        "start_time": "0:02:14.600000",
        "word": "was"
    },
    {
        "end_time": "0:02:14.900000",
        "speaker_tag": 1,
        "start_time": "0:02:14.700000",
        "word": "cool"
    },
    {
        "end_time": "0:02:15.200000",
        "speaker_tag": 1,
        "start_time": "0:02:14.900000",
        "word": "cuz"
    },
    {
        "end_time": "0:02:16.300000",
        "speaker_tag": 1,
        "start_time": "0:02:15.200000",
        "word": "we"
    },
    {
        "end_time": "0:02:17.800000",
        "speaker_tag": 1,
        "start_time": "0:02:16.300000",
        "word": "experiencing"
    },
    {
        "end_time": "0:02:21.200000",
        "speaker_tag": 1,
        "start_time": "0:02:19.800000",
        "word": "and"
    },
    {
        "end_time": "0:02:25.700000",
        "speaker_tag": 1,
        "start_time": "0:02:21.200000",
        "word": "if"
    },
    {
        "end_time": "0:02:25.800000",
        "speaker_tag": 1,
        "start_time": "0:02:25.700000",
        "word": "you"
    },
    {
        "end_time": "0:02:26",
        "speaker_tag": 1,
        "start_time": "0:02:25.800000",
        "word": "don't"
    },
    {
        "end_time": "0:02:26",
        "speaker_tag": 1,
        "start_time": "0:02:26",
        "word": "have"
    },
    {
        "end_time": "0:02:26.200000",
        "speaker_tag": 1,
        "start_time": "0:02:26",
        "word": "anything"
    },
    {
        "end_time": "0:02:26.500000",
        "speaker_tag": 1,
        "start_time": "0:02:26.200000",
        "word": "you"
    },
    {
        "end_time": "0:02:26.600000",
        "speaker_tag": 1,
        "start_time": "0:02:26.500000",
        "word": "have"
    },
    {
        "end_time": "0:02:26.800000",
        "speaker_tag": 1,
        "start_time": "0:02:26.600000",
        "word": "anything"
    },
    {
        "end_time": "0:02:27",
        "speaker_tag": 1,
        "start_time": "0:02:26.800000",
        "word": "else"
    },
    {
        "end_time": "0:02:27.300000",
        "speaker_tag": 1,
        "start_time": "0:02:27",
        "word": "at"
    },
    {
        "end_time": "0:02:37.700000",
        "speaker_tag": 2,
        "start_time": "0:02:37.200000",
        "word": "please"
    },
    {
        "end_time": "0:02:37.900000",
        "speaker_tag": 2,
        "start_time": "0:02:37.700000",
        "word": "explain"
    },
    {
        "end_time": "0:02:38.300000",
        "speaker_tag": 1,
        "start_time": "0:02:37.900000",
        "word": "how"
    },
    {
        "end_time": "0:02:38.400000",
        "speaker_tag": 1,
        "start_time": "0:02:38.300000",
        "word": "you"
    },
    {
        "end_time": "0:02:38.500000",
        "speaker_tag": 1,
        "start_time": "0:02:38.400000",
        "word": "would"
    },
    {
        "end_time": "0:02:38.700000",
        "speaker_tag": 1,
        "start_time": "0:02:38.500000",
        "word": "make"
    },
    {
        "end_time": "0:02:38.900000",
        "speaker_tag": 1,
        "start_time": "0:02:38.700000",
        "word": "the"
    },
    {
        "end_time": "0:02:39.200000",
        "speaker_tag": 1,
        "start_time": "0:02:38.900000",
        "word": "following"
    },
    {
        "end_time": "0:02:39.600000",
        "speaker_tag": 1,
        "start_time": "0:02:39.200000",
        "word": "meal"
    },
    {
        "end_time": "0:02:40.600000",
        "speaker_tag": 1,
        "start_time": "0:02:39.600000",
        "word": "step-by-step"
    },
    {
        "end_time": "0:02:41.100000",
        "speaker_tag": 1,
        "start_time": "0:02:40.600000",
        "word": "a"
    },
    {
        "end_time": "0:02:41.300000",
        "speaker_tag": 1,
        "start_time": "0:02:41.100000",
        "word": "cup"
    },
    {
        "end_time": "0:02:41.500000",
        "speaker_tag": 1,
        "start_time": "0:02:41.300000",
        "word": "of"
    },
    {
        "end_time": "0:02:41.700000",
        "speaker_tag": 1,
        "start_time": "0:02:41.500000",
        "word": "coffee"
    },
    {
        "end_time": "0:02:42.800000",
        "speaker_tag": 1,
        "start_time": "0:02:41.700000",
        "word": "scrambled"
    },
    {
        "end_time": "0:02:43.300000",
        "speaker_tag": 1,
        "start_time": "0:02:42.800000",
        "word": "eggs"
    },
    {
        "end_time": "0:02:43.400000",
        "speaker_tag": 1,
        "start_time": "0:02:43.300000",
        "word": "and"
    },
    {
        "end_time": "0:02:43.500000",
        "speaker_tag": 1,
        "start_time": "0:02:43.400000",
        "word": "a"
    },
    {
        "end_time": "0:02:43.700000",
        "speaker_tag": 1,
        "start_time": "0:02:43.500000",
        "word": "bowl"
    },
    {
        "end_time": "0:02:43.800000",
        "speaker_tag": 1,
        "start_time": "0:02:43.700000",
        "word": "of"
    },
    {
        "end_time": "0:02:44.100000",
        "speaker_tag": 1,
        "start_time": "0:02:43.800000",
        "word": "fruit"
    },
    {
        "end_time": "0:02:44.700000",
        "speaker_tag": 1,
        "start_time": "0:02:44.100000",
        "word": "for"
    },
    {
        "end_time": "0:02:45",
        "speaker_tag": 1,
        "start_time": "0:02:44.700000",
        "word": "10"
    },
    {
        "end_time": "0:02:45.100000",
        "speaker_tag": 1,
        "start_time": "0:02:45",
        "word": "I"
    },
    {
        "end_time": "0:02:45.300000",
        "speaker_tag": 1,
        "start_time": "0:02:45.100000",
        "word": "do"
    },
    {
        "end_time": "0:02:45.500000",
        "speaker_tag": 1,
        "start_time": "0:02:45.300000",
        "word": "not"
    },
    {
        "end_time": "0:02:45.700000",
        "speaker_tag": 1,
        "start_time": "0:02:45.500000",
        "word": "know"
    },
    {
        "end_time": "0:02:45.800000",
        "speaker_tag": 1,
        "start_time": "0:02:45.700000",
        "word": "how"
    },
    {
        "end_time": "0:02:45.800000",
        "speaker_tag": 1,
        "start_time": "0:02:45.800000",
        "word": "to"
    },
    {
        "end_time": "0:02:46.100000",
        "speaker_tag": 1,
        "start_time": "0:02:45.800000",
        "word": "make"
    },
    {
        "end_time": "0:02:46.200000",
        "speaker_tag": 1,
        "start_time": "0:02:46.100000",
        "word": "the"
    },
    {
        "end_time": "0:02:46.400000",
        "speaker_tag": 1,
        "start_time": "0:02:46.200000",
        "word": "meal"
    },
    {
        "end_time": "0:02:46.600000",
        "speaker_tag": 1,
        "start_time": "0:02:46.400000",
        "word": "and"
    },
    {
        "end_time": "0:02:47",
        "speaker_tag": 1,
        "start_time": "0:02:46.600000",
        "word": "provide"
    },
    {
        "end_time": "0:02:47.600000",
        "speaker_tag": 1,
        "start_time": "0:02:47",
        "word": "details"
    },
    {
        "end_time": "0:02:47.800000",
        "speaker_tag": 1,
        "start_time": "0:02:47.600000",
        "word": "you"
    },
    {
        "end_time": "0:02:47.900000",
        "speaker_tag": 1,
        "start_time": "0:02:47.800000",
        "word": "have"
    },
    {
        "end_time": "0:02:48.200000",
        "speaker_tag": 1,
        "start_time": "0:02:47.900000",
        "word": "five"
    },
    {
        "end_time": "0:02:48.300000",
        "speaker_tag": 1,
        "start_time": "0:02:48.200000",
        "word": "minutes"
    },
    {
        "end_time": "0:02:48.600000",
        "speaker_tag": 1,
        "start_time": "0:02:48.300000",
        "word": "to"
    },
    {
        "end_time": "0:02:49.600000",
        "speaker_tag": 2,
        "start_time": "0:02:48.600000",
        "word": "explain."
    },
    {
        "end_time": "0:02:52.100000",
        "speaker_tag": 1,
        "start_time": "0:02:51.700000",
        "word": "I"
    },
    {
        "end_time": "0:02:52.600000",
        "speaker_tag": 1,
        "start_time": "0:02:52.100000",
        "word": "have"
    },
    {
        "end_time": "0:02:52.700000",
        "speaker_tag": 1,
        "start_time": "0:02:52.600000",
        "word": "a"
    },
    {
        "end_time": "0:02:53",
        "speaker_tag": 1,
        "start_time": "0:02:52.700000",
        "word": "Keurig"
    },
    {
        "end_time": "0:02:53.300000",
        "speaker_tag": 1,
        "start_time": "0:02:53",
        "word": "should"
    },
    {
        "end_time": "0:02:53.500000",
        "speaker_tag": 1,
        "start_time": "0:02:53.300000",
        "word": "actually"
    },
    {
        "end_time": "0:02:54.100000",
        "speaker_tag": 1,
        "start_time": "0:02:53.500000",
        "word": "racing"
    },
    {
        "end_time": "0:02:55.700000",
        "speaker_tag": 1,
        "start_time": "0:02:55.300000",
        "word": "we"
    },
    {
        "end_time": "0:02:55.800000",
        "speaker_tag": 1,
        "start_time": "0:02:55.700000",
        "word": "have"
    },
    {
        "end_time": "0:02:55.900000",
        "speaker_tag": 1,
        "start_time": "0:02:55.800000",
        "word": "those"
    },
    {
        "end_time": "0:02:56.500000",
        "speaker_tag": 1,
        "start_time": "0:02:55.900000",
        "word": "pods"
    },
    {
        "end_time": "0:02:56.600000",
        "speaker_tag": 1,
        "start_time": "0:02:56.500000",
        "word": "the"
    },
    {
        "end_time": "0:02:57",
        "speaker_tag": 1,
        "start_time": "0:02:56.600000",
        "word": "Keurig"
    },
    {
        "end_time": "0:02:57.500000",
        "speaker_tag": 1,
        "start_time": "0:02:57",
        "word": "pods"
    },
    {
        "end_time": "0:02:58.100000",
        "speaker_tag": 1,
        "start_time": "0:02:57.500000",
        "word": "and"
    },
    {
        "end_time": "0:02:58.300000",
        "speaker_tag": 1,
        "start_time": "0:02:58.100000",
        "word": "then"
    },
    {
        "end_time": "0:02:59.200000",
        "speaker_tag": 2,
        "start_time": "0:02:58.300000",
        "word": "make"
    },
    {
        "end_time": "0:02:59.300000",
        "speaker_tag": 2,
        "start_time": "0:02:59.200000",
        "word": "sure"
    },
    {
        "end_time": "0:02:59.500000",
        "speaker_tag": 2,
        "start_time": "0:02:59.300000",
        "word": "you"
    },
    {
        "end_time": "0:02:59.600000",
        "speaker_tag": 2,
        "start_time": "0:02:59.500000",
        "word": "have"
    },
    {
        "end_time": "0:02:59.700000",
        "speaker_tag": 2,
        "start_time": "0:02:59.600000",
        "word": "a"
    },
    {
        "end_time": "0:02:59.900000",
        "speaker_tag": 2,
        "start_time": "0:02:59.700000",
        "word": "lot"
    },
    {
        "end_time": "0:03:00",
        "speaker_tag": 2,
        "start_time": "0:02:59.900000",
        "word": "of"
    },
    {
        "end_time": "0:03:01.900000",
        "speaker_tag": 1,
        "start_time": "0:03:00",
        "word": "something"
    },
    {
        "end_time": "0:03:07.600000",
        "speaker_tag": 1,
        "start_time": "0:03:01.900000",
        "word": "you"
    },
    {
        "end_time": "0:03:07.700000",
        "speaker_tag": 1,
        "start_time": "0:03:07.600000",
        "word": "have"
    },
    {
        "end_time": "0:03:08",
        "speaker_tag": 1,
        "start_time": "0:03:07.700000",
        "word": "three"
    },
    {
        "end_time": "0:03:08.200000",
        "speaker_tag": 1,
        "start_time": "0:03:08",
        "word": "different"
    },
    {
        "end_time": "0:03:08.500000",
        "speaker_tag": 1,
        "start_time": "0:03:08.200000",
        "word": "we"
    },
    {
        "end_time": "0:03:08.600000",
        "speaker_tag": 1,
        "start_time": "0:03:08.500000",
        "word": "have"
    },
    {
        "end_time": "0:03:08.700000",
        "speaker_tag": 1,
        "start_time": "0:03:08.600000",
        "word": "to"
    },
    {
        "end_time": "0:03:08.800000",
        "speaker_tag": 1,
        "start_time": "0:03:08.700000",
        "word": "turn"
    },
    {
        "end_time": "0:03:09",
        "speaker_tag": 1,
        "start_time": "0:03:08.800000",
        "word": "it"
    },
    {
        "end_time": "0:03:09",
        "speaker_tag": 1,
        "start_time": "0:03:09",
        "word": "on"
    },
    {
        "end_time": "0:03:10.500000",
        "speaker_tag": 1,
        "start_time": "0:03:10.100000",
        "word": "we"
    },
    {
        "end_time": "0:03:10.600000",
        "speaker_tag": 1,
        "start_time": "0:03:10.500000",
        "word": "have"
    },
    {
        "end_time": "0:03:10.800000",
        "speaker_tag": 1,
        "start_time": "0:03:10.600000",
        "word": "three"
    },
    {
        "end_time": "0:03:10.800000",
        "speaker_tag": 1,
        "start_time": "0:03:10.800000",
        "word": "different"
    },
    {
        "end_time": "0:03:11.300000",
        "speaker_tag": 1,
        "start_time": "0:03:10.800000",
        "word": "sizes"
    },
    {
        "end_time": "0:03:11.500000",
        "speaker_tag": 1,
        "start_time": "0:03:11.300000",
        "word": "I"
    },
    {
        "end_time": "0:03:11.800000",
        "speaker_tag": 1,
        "start_time": "0:03:11.500000",
        "word": "like"
    },
    {
        "end_time": "0:03:12",
        "speaker_tag": 1,
        "start_time": "0:03:11.800000",
        "word": "medium"
    },
    {
        "end_time": "0:03:12.400000",
        "speaker_tag": 1,
        "start_time": "0:03:12",
        "word": "one"
    },
    {
        "end_time": "0:03:13.100000",
        "speaker_tag": 1,
        "start_time": "0:03:12.400000",
        "word": "so"
    },
    {
        "end_time": "0:03:13.400000",
        "speaker_tag": 1,
        "start_time": "0:03:13.100000",
        "word": "then"
    },
    {
        "end_time": "0:03:13.800000",
        "speaker_tag": 1,
        "start_time": "0:03:13.400000",
        "word": "make"
    },
    {
        "end_time": "0:03:13.800000",
        "speaker_tag": 1,
        "start_time": "0:03:13.800000",
        "word": "sure"
    },
    {
        "end_time": "0:03:14",
        "speaker_tag": 1,
        "start_time": "0:03:13.800000",
        "word": "you"
    },
    {
        "end_time": "0:03:14.100000",
        "speaker_tag": 1,
        "start_time": "0:03:14",
        "word": "put"
    },
    {
        "end_time": "0:03:14.200000",
        "speaker_tag": 1,
        "start_time": "0:03:14.100000",
        "word": "them"
    },
    {
        "end_time": "0:03:14.700000",
        "speaker_tag": 1,
        "start_time": "0:03:14.200000",
        "word": "underneath"
    },
    {
        "end_time": "0:03:15",
        "speaker_tag": 1,
        "start_time": "0:03:14.700000",
        "word": "the"
    },
    {
        "end_time": "0:03:15.800000",
        "speaker_tag": 1,
        "start_time": "0:03:15",
        "word": "medium"
    },
    {
        "end_time": "0:03:17.200000",
        "speaker_tag": 1,
        "start_time": "0:03:16.700000",
        "word": "when"
    },
    {
        "end_time": "0:03:17.300000",
        "speaker_tag": 1,
        "start_time": "0:03:17.200000",
        "word": "it's"
    },
    {
        "end_time": "0:03:17.400000",
        "speaker_tag": 1,
        "start_time": "0:03:17.300000",
        "word": "ready"
    },
    {
        "end_time": "0:03:17.700000",
        "speaker_tag": 1,
        "start_time": "0:03:17.400000",
        "word": "and"
    },
    {
        "end_time": "0:03:17.900000",
        "speaker_tag": 1,
        "start_time": "0:03:17.700000",
        "word": "it"
    },
    {
        "end_time": "0:03:18.100000",
        "speaker_tag": 1,
        "start_time": "0:03:17.900000",
        "word": "says"
    },
    {
        "end_time": "0:03:18.300000",
        "speaker_tag": 1,
        "start_time": "0:03:18.100000",
        "word": "it's"
    },
    {
        "end_time": "0:03:18.500000",
        "speaker_tag": 1,
        "start_time": "0:03:18.300000",
        "word": "ready"
    },
    {
        "end_time": "0:03:18.600000",
        "speaker_tag": 1,
        "start_time": "0:03:18.500000",
        "word": "so"
    },
    {
        "end_time": "0:03:19",
        "speaker_tag": 1,
        "start_time": "0:03:18.600000",
        "word": "poor"
    },
    {
        "end_time": "0:03:20.100000",
        "speaker_tag": 1,
        "start_time": "0:03:19.600000",
        "word": "make"
    },
    {
        "end_time": "0:03:20.200000",
        "speaker_tag": 1,
        "start_time": "0:03:20.100000",
        "word": "sure"
    },
    {
        "end_time": "0:03:20.300000",
        "speaker_tag": 1,
        "start_time": "0:03:20.200000",
        "word": "you"
    },
    {
        "end_time": "0:03:20.500000",
        "speaker_tag": 1,
        "start_time": "0:03:20.300000",
        "word": "wait"
    },
    {
        "end_time": "0:03:20.700000",
        "speaker_tag": 1,
        "start_time": "0:03:20.500000",
        "word": "to"
    },
    {
        "end_time": "0:03:21.100000",
        "speaker_tag": 1,
        "start_time": "0:03:20.700000",
        "word": "drink"
    },
    {
        "end_time": "0:03:21.400000",
        "speaker_tag": 1,
        "start_time": "0:03:21.100000",
        "word": "because"
    },
    {
        "end_time": "0:03:21.700000",
        "speaker_tag": 1,
        "start_time": "0:03:21.400000",
        "word": "it's"
    },
    {
        "end_time": "0:03:21.800000",
        "speaker_tag": 1,
        "start_time": "0:03:21.700000",
        "word": "really"
    },
    {
        "end_time": "0:03:22.200000",
        "speaker_tag": 1,
        "start_time": "0:03:21.800000",
        "word": "hot"
    },
    {
        "end_time": "0:03:23.100000",
        "speaker_tag": 1,
        "start_time": "0:03:22.200000",
        "word": "and"
    },
    {
        "end_time": "0:03:23.300000",
        "speaker_tag": 1,
        "start_time": "0:03:23.100000",
        "word": "then"
    },
    {
        "end_time": "0:03:23.800000",
        "speaker_tag": 1,
        "start_time": "0:03:23.300000",
        "word": "scrambled"
    },
    {
        "end_time": "0:03:24.300000",
        "speaker_tag": 1,
        "start_time": "0:03:23.800000",
        "word": "eggs"
    },
    {
        "end_time": "0:03:24.700000",
        "speaker_tag": 1,
        "start_time": "0:03:24.300000",
        "word": "I"
    },
    {
        "end_time": "0:03:24.900000",
        "speaker_tag": 1,
        "start_time": "0:03:24.700000",
        "word": "know"
    },
    {
        "end_time": "0:03:25.100000",
        "speaker_tag": 1,
        "start_time": "0:03:24.900000",
        "word": "some"
    },
    {
        "end_time": "0:03:25.200000",
        "speaker_tag": 1,
        "start_time": "0:03:25.100000",
        "word": "people"
    },
    {
        "end_time": "0:03:25.500000",
        "speaker_tag": 1,
        "start_time": "0:03:25.200000",
        "word": "put"
    },
    {
        "end_time": "0:03:25.600000",
        "speaker_tag": 1,
        "start_time": "0:03:25.500000",
        "word": "it"
    },
    {
        "end_time": "0:03:25.700000",
        "speaker_tag": 1,
        "start_time": "0:03:25.600000",
        "word": "in"
    },
    {
        "end_time": "0:03:25.800000",
        "speaker_tag": 1,
        "start_time": "0:03:25.700000",
        "word": "the"
    },
    {
        "end_time": "0:03:27.300000",
        "speaker_tag": 1,
        "start_time": "0:03:25.800000",
        "word": "bowl"
    },
    {
        "end_time": "0:03:27.500000",
        "speaker_tag": 1,
        "start_time": "0:03:27.300000",
        "word": "and"
    },
    {
        "end_time": "0:03:28",
        "speaker_tag": 1,
        "start_time": "0:03:27.500000",
        "word": "scramble"
    },
    {
        "end_time": "0:03:28.100000",
        "speaker_tag": 1,
        "start_time": "0:03:28",
        "word": "if"
    },
    {
        "end_time": "0:03:28.200000",
        "speaker_tag": 1,
        "start_time": "0:03:28.100000",
        "word": "I"
    },
    {
        "end_time": "0:03:28.400000",
        "speaker_tag": 1,
        "start_time": "0:03:28.200000",
        "word": "don't"
    },
    {
        "end_time": "0:03:28.500000",
        "speaker_tag": 1,
        "start_time": "0:03:28.400000",
        "word": "do"
    },
    {
        "end_time": "0:03:28.600000",
        "speaker_tag": 1,
        "start_time": "0:03:28.500000",
        "word": "it"
    },
    {
        "end_time": "0:03:28.700000",
        "speaker_tag": 1,
        "start_time": "0:03:28.600000",
        "word": "that"
    },
    {
        "end_time": "0:03:28.900000",
        "speaker_tag": 1,
        "start_time": "0:03:28.700000",
        "word": "way"
    },
    {
        "end_time": "0:03:29.300000",
        "speaker_tag": 1,
        "start_time": "0:03:28.900000",
        "word": "so"
    },
    {
        "end_time": "0:03:30.600000",
        "speaker_tag": 1,
        "start_time": "0:03:29.300000",
        "word": "you"
    },
    {
        "end_time": "0:03:31.100000",
        "speaker_tag": 1,
        "start_time": "0:03:30.600000",
        "word": "can"
    },
    {
        "end_time": "0:03:32",
        "speaker_tag": 1,
        "start_time": "0:03:31.100000",
        "word": "spray"
    },
    {
        "end_time": "0:03:32.200000",
        "speaker_tag": 1,
        "start_time": "0:03:32",
        "word": "it"
    },
    {
        "end_time": "0:03:32.600000",
        "speaker_tag": 1,
        "start_time": "0:03:32.200000",
        "word": "or"
    },
    {
        "end_time": "0:03:32.900000",
        "speaker_tag": 1,
        "start_time": "0:03:32.600000",
        "word": "olive"
    },
    {
        "end_time": "0:03:33",
        "speaker_tag": 1,
        "start_time": "0:03:32.900000",
        "word": "oil"
    },
    {
        "end_time": "0:03:33.500000",
        "speaker_tag": 1,
        "start_time": "0:03:33",
        "word": "because"
    },
    {
        "end_time": "0:03:33.600000",
        "speaker_tag": 1,
        "start_time": "0:03:33.500000",
        "word": "I"
    },
    {
        "end_time": "0:03:33.800000",
        "speaker_tag": 1,
        "start_time": "0:03:33.600000",
        "word": "think"
    },
    {
        "end_time": "0:03:34",
        "speaker_tag": 1,
        "start_time": "0:03:33.800000",
        "word": "I'll"
    },
    {
        "end_time": "0:03:34.200000",
        "speaker_tag": 1,
        "start_time": "0:03:34",
        "word": "look"
    },
    {
        "end_time": "0:03:34.500000",
        "speaker_tag": 1,
        "start_time": "0:03:34.200000",
        "word": "better"
    },
    {
        "end_time": "0:03:34.600000",
        "speaker_tag": 1,
        "start_time": "0:03:34.500000",
        "word": "than"
    },
    {
        "end_time": "0:03:35.200000",
        "speaker_tag": 1,
        "start_time": "0:03:34.600000",
        "word": "coming"
    },
    {
        "end_time": "0:03:35.400000",
        "speaker_tag": 1,
        "start_time": "0:03:35.200000",
        "word": "out"
    },
    {
        "end_time": "0:03:35.500000",
        "speaker_tag": 1,
        "start_time": "0:03:35.400000",
        "word": "of"
    },
    {
        "end_time": "0:03:35.500000",
        "speaker_tag": 1,
        "start_time": "0:03:35.500000",
        "word": "the"
    },
    {
        "end_time": "0:03:35.700000",
        "speaker_tag": 1,
        "start_time": "0:03:35.500000",
        "word": "can"
    },
    {
        "end_time": "0:03:38.100000",
        "speaker_tag": 1,
        "start_time": "0:03:37.700000",
        "word": "so"
    },
    {
        "end_time": "0:03:38.300000",
        "speaker_tag": 1,
        "start_time": "0:03:38.100000",
        "word": "olive"
    },
    {
        "end_time": "0:03:38.700000",
        "speaker_tag": 1,
        "start_time": "0:03:38.300000",
        "word": "oil"
    },
    {
        "end_time": "0:03:40.300000",
        "speaker_tag": 1,
        "start_time": "0:03:39.900000",
        "word": "and"
    },
    {
        "end_time": "0:03:40.400000",
        "speaker_tag": 1,
        "start_time": "0:03:40.300000",
        "word": "then"
    },
    {
        "end_time": "0:03:40.700000",
        "speaker_tag": 1,
        "start_time": "0:03:40.400000",
        "word": "crack"
    },
    {
        "end_time": "0:03:40.800000",
        "speaker_tag": 1,
        "start_time": "0:03:40.700000",
        "word": "an"
    },
    {
        "end_time": "0:03:41",
        "speaker_tag": 1,
        "start_time": "0:03:40.800000",
        "word": "egg"
    },
    {
        "end_time": "0:03:41.200000",
        "speaker_tag": 1,
        "start_time": "0:03:41",
        "word": "make"
    },
    {
        "end_time": "0:03:41.300000",
        "speaker_tag": 1,
        "start_time": "0:03:41.200000",
        "word": "sure"
    },
    {
        "end_time": "0:03:41.400000",
        "speaker_tag": 1,
        "start_time": "0:03:41.300000",
        "word": "you"
    },
    {
        "end_time": "0:03:41.500000",
        "speaker_tag": 1,
        "start_time": "0:03:41.400000",
        "word": "don't"
    },
    {
        "end_time": "0:03:41.700000",
        "speaker_tag": 2,
        "start_time": "0:03:41.500000",
        "word": "get"
    },
    {
        "end_time": "0:03:41.900000",
        "speaker_tag": 2,
        "start_time": "0:03:41.700000",
        "word": "the"
    },
    {
        "end_time": "0:03:47.900000",
        "speaker_tag": 2,
        "start_time": "0:03:47.200000",
        "word": "layers"
    },
    {
        "end_time": "0:03:48",
        "speaker_tag": 2,
        "start_time": "0:03:47.900000",
        "word": "of"
    },
    {
        "end_time": "0:03:48.200000",
        "speaker_tag": 2,
        "start_time": "0:03:48",
        "word": "it"
    },
    {
        "end_time": "0:03:48.500000",
        "speaker_tag": 2,
        "start_time": "0:03:48.200000",
        "word": "whatever"
    },
    {
        "end_time": "0:03:49.500000",
        "speaker_tag": 1,
        "start_time": "0:03:48.500000",
        "word": "and"
    },
    {
        "end_time": "0:03:49.800000",
        "speaker_tag": 1,
        "start_time": "0:03:49.500000",
        "word": "then"
    },
    {
        "end_time": "0:03:50.900000",
        "speaker_tag": 1,
        "start_time": "0:03:49.800000",
        "word": "start"
    },
    {
        "end_time": "0:03:51.100000",
        "speaker_tag": 1,
        "start_time": "0:03:50.900000",
        "word": "scrambling"
    },
    {
        "end_time": "0:03:51.700000",
        "speaker_tag": 1,
        "start_time": "0:03:51.100000",
        "word": "will"
    },
    {
        "end_time": "0:03:51.800000",
        "speaker_tag": 1,
        "start_time": "0:03:51.700000",
        "word": "now"
    },
    {
        "end_time": "0:03:52.100000",
        "speaker_tag": 1,
        "start_time": "0:03:51.800000",
        "word": "I"
    },
    {
        "end_time": "0:03:52.300000",
        "speaker_tag": 1,
        "start_time": "0:03:52.100000",
        "word": "wait"
    },
    {
        "end_time": "0:03:52.500000",
        "speaker_tag": 1,
        "start_time": "0:03:52.300000",
        "word": "for"
    },
    {
        "end_time": "0:03:52.600000",
        "speaker_tag": 1,
        "start_time": "0:03:52.500000",
        "word": "it"
    },
    {
        "end_time": "0:03:52.800000",
        "speaker_tag": 1,
        "start_time": "0:03:52.600000",
        "word": "to"
    },
    {
        "end_time": "0:03:53.400000",
        "speaker_tag": 1,
        "start_time": "0:03:52.800000",
        "word": "harden"
    },
    {
        "end_time": "0:03:53.500000",
        "speaker_tag": 1,
        "start_time": "0:03:53.400000",
        "word": "up"
    },
    {
        "end_time": "0:03:53.600000",
        "speaker_tag": 1,
        "start_time": "0:03:53.500000",
        "word": "a"
    },
    {
        "end_time": "0:03:53.900000",
        "speaker_tag": 1,
        "start_time": "0:03:53.600000",
        "word": "little"
    },
    {
        "end_time": "0:03:54.200000",
        "speaker_tag": 1,
        "start_time": "0:03:53.900000",
        "word": "bit"
    },
    {
        "end_time": "0:03:54.600000",
        "speaker_tag": 1,
        "start_time": "0:03:54.200000",
        "word": "and"
    },
    {
        "end_time": "0:03:54.700000",
        "speaker_tag": 1,
        "start_time": "0:03:54.600000",
        "word": "then"
    },
    {
        "end_time": "0:03:54.800000",
        "speaker_tag": 1,
        "start_time": "0:03:54.700000",
        "word": "I"
    },
    {
        "end_time": "0:03:55",
        "speaker_tag": 1,
        "start_time": "0:03:54.800000",
        "word": "searched"
    },
    {
        "end_time": "0:03:55.100000",
        "speaker_tag": 1,
        "start_time": "0:03:55",
        "word": "for"
    },
    {
        "end_time": "0:03:55.200000",
        "speaker_tag": 1,
        "start_time": "0:03:55.100000",
        "word": "a"
    },
    {
        "end_time": "0:03:59.800000",
        "speaker_tag": 1,
        "start_time": "0:03:55.200000",
        "word": "man"
    },
    {
        "end_time": "0:04:00.600000",
        "speaker_tag": 2,
        "start_time": "0:03:59.800000",
        "word": "I"
    },
    {
        "end_time": "0:04:01",
        "speaker_tag": 2,
        "start_time": "0:04:00.600000",
        "word": "like"
    },
    {
        "end_time": "0:04:02.600000",
        "speaker_tag": 1,
        "start_time": "0:04:02.200000",
        "word": "how"
    },
    {
        "end_time": "0:04:02.800000",
        "speaker_tag": 1,
        "start_time": "0:04:02.600000",
        "word": "can"
    },
    {
        "end_time": "0:04:03",
        "speaker_tag": 1,
        "start_time": "0:04:02.800000",
        "word": "using"
    },
    {
        "end_time": "0:04:03.200000",
        "speaker_tag": 1,
        "start_time": "0:04:03",
        "word": "it"
    },
    {
        "end_time": "0:04:03.300000",
        "speaker_tag": 1,
        "start_time": "0:04:03.200000",
        "word": "cuz"
    },
    {
        "end_time": "0:04:03.400000",
        "speaker_tag": 1,
        "start_time": "0:04:03.300000",
        "word": "I"
    },
    {
        "end_time": "0:04:03.500000",
        "speaker_tag": 1,
        "start_time": "0:04:03.400000",
        "word": "don't"
    },
    {
        "end_time": "0:04:03.700000",
        "speaker_tag": 1,
        "start_time": "0:04:03.500000",
        "word": "like"
    },
    {
        "end_time": "0:04:04.200000",
        "speaker_tag": 1,
        "start_time": "0:04:03.700000",
        "word": "XXL"
    },
    {
        "end_time": "0:04:04.500000",
        "speaker_tag": 1,
        "start_time": "0:04:04.200000",
        "word": "stop"
    },
    {
        "end_time": "0:04:05.200000",
        "speaker_tag": 1,
        "start_time": "0:04:04.500000",
        "word": "Jalapenos"
    },
    {
        "end_time": "0:04:05.300000",
        "speaker_tag": 1,
        "start_time": "0:04:05.200000",
        "word": "in"
    },
    {
        "end_time": "0:04:05.300000",
        "speaker_tag": 1,
        "start_time": "0:04:05.300000",
        "word": "it"
    },
    {
        "end_time": "0:04:05.900000",
        "speaker_tag": 1,
        "start_time": "0:04:05.300000",
        "word": "like"
    },
    {
        "end_time": "0:04:06",
        "speaker_tag": 1,
        "start_time": "0:04:05.900000",
        "word": "the"
    },
    {
        "end_time": "0:04:06.400000",
        "speaker_tag": 2,
        "start_time": "0:04:06",
        "word": "juice"
    },
    {
        "end_time": "0:04:07.100000",
        "speaker_tag": 2,
        "start_time": "0:04:06.400000",
        "word": "and"
    },
    {
        "end_time": "0:04:07.400000",
        "speaker_tag": 2,
        "start_time": "0:04:07.100000",
        "word": "then"
    },
    {
        "end_time": "0:04:09.400000",
        "speaker_tag": 1,
        "start_time": "0:04:08.800000",
        "word": "wait"
    },
    {
        "end_time": "0:04:09.900000",
        "speaker_tag": 1,
        "start_time": "0:04:09.400000",
        "word": "until"
    },
    {
        "end_time": "0:04:10",
        "speaker_tag": 1,
        "start_time": "0:04:09.900000",
        "word": "it"
    },
    {
        "end_time": "0:04:10.300000",
        "speaker_tag": 1,
        "start_time": "0:04:10",
        "word": "starts"
    },
    {
        "end_time": "0:04:10.400000",
        "speaker_tag": 1,
        "start_time": "0:04:10.300000",
        "word": "to"
    },
    {
        "end_time": "0:04:10.600000",
        "speaker_tag": 1,
        "start_time": "0:04:10.400000",
        "word": "get"
    },
    {
        "end_time": "0:04:11.500000",
        "speaker_tag": 1,
        "start_time": "0:04:10.600000",
        "word": "a"
    },
    {
        "end_time": "0:04:11.600000",
        "speaker_tag": 1,
        "start_time": "0:04:11.500000",
        "word": "little"
    },
    {
        "end_time": "0:04:12.800000",
        "speaker_tag": 1,
        "start_time": "0:04:11.600000",
        "word": "running"
    },
    {
        "end_time": "0:04:13.900000",
        "speaker_tag": 1,
        "start_time": "0:04:12.800000",
        "word": "like"
    },
    {
        "end_time": "0:04:13.900000",
        "speaker_tag": 1,
        "start_time": "0:04:13.900000",
        "word": "a"
    },
    {
        "end_time": "0:04:14.100000",
        "speaker_tag": 1,
        "start_time": "0:04:13.900000",
        "word": "little"
    },
    {
        "end_time": "0:04:14.400000",
        "speaker_tag": 1,
        "start_time": "0:04:14.100000",
        "word": "stop"
    },
    {
        "end_time": "0:04:14.500000",
        "speaker_tag": 1,
        "start_time": "0:04:14.400000",
        "word": "and"
    },
    {
        "end_time": "0:04:14.700000",
        "speaker_tag": 1,
        "start_time": "0:04:14.500000",
        "word": "not"
    },
    {
        "end_time": "0:04:14.800000",
        "speaker_tag": 1,
        "start_time": "0:04:14.700000",
        "word": "too"
    },
    {
        "end_time": "0:04:15.100000",
        "speaker_tag": 1,
        "start_time": "0:04:14.800000",
        "word": "hard"
    },
    {
        "end_time": "0:04:15.300000",
        "speaker_tag": 1,
        "start_time": "0:04:15.100000",
        "word": "cuz"
    },
    {
        "end_time": "0:04:15.300000",
        "speaker_tag": 1,
        "start_time": "0:04:15.300000",
        "word": "I"
    },
    {
        "end_time": "0:04:15.500000",
        "speaker_tag": 1,
        "start_time": "0:04:15.300000",
        "word": "like"
    },
    {
        "end_time": "0:04:15.700000",
        "speaker_tag": 1,
        "start_time": "0:04:15.500000",
        "word": "it."
    },
    {
        "end_time": "0:04:16.600000",
        "speaker_tag": 1,
        "start_time": "0:04:15.700000",
        "word": "And"
    },
    {
        "end_time": "0:04:16.800000",
        "speaker_tag": 1,
        "start_time": "0:04:16.600000",
        "word": "then"
    },
    {
        "end_time": "0:04:16.800000",
        "speaker_tag": 1,
        "start_time": "0:04:16.800000",
        "word": "at"
    },
    {
        "end_time": "0:04:16.900000",
        "speaker_tag": 1,
        "start_time": "0:04:16.800000",
        "word": "the"
    },
    {
        "end_time": "0:04:17",
        "speaker_tag": 1,
        "start_time": "0:04:16.900000",
        "word": "end"
    },
    {
        "end_time": "0:04:17.100000",
        "speaker_tag": 1,
        "start_time": "0:04:17",
        "word": "of"
    },
    {
        "end_time": "0:04:17.300000",
        "speaker_tag": 1,
        "start_time": "0:04:17.100000",
        "word": "put"
    },
    {
        "end_time": "0:04:17.500000",
        "speaker_tag": 1,
        "start_time": "0:04:17.300000",
        "word": "sriracha"
    },
    {
        "end_time": "0:04:17.800000",
        "speaker_tag": 1,
        "start_time": "0:04:17.500000",
        "word": "sauce"
    },
    {
        "end_time": "0:04:18.200000",
        "speaker_tag": 1,
        "start_time": "0:04:17.800000",
        "word": "in"
    },
    {
        "end_time": "0:04:18.400000",
        "speaker_tag": 1,
        "start_time": "0:04:18.200000",
        "word": "it"
    },
    {
        "end_time": "0:04:18.500000",
        "speaker_tag": 1,
        "start_time": "0:04:18.400000",
        "word": "and"
    },
    {
        "end_time": "0:04:18.700000",
        "speaker_tag": 1,
        "start_time": "0:04:18.500000",
        "word": "get"
    },
    {
        "end_time": "0:04:18.700000",
        "speaker_tag": 1,
        "start_time": "0:04:18.700000",
        "word": "it"
    },
    {
        "end_time": "0:04:18.900000",
        "speaker_tag": 1,
        "start_time": "0:04:18.700000",
        "word": "out"
    },
    {
        "end_time": "0:04:19.700000",
        "speaker_tag": 1,
        "start_time": "0:04:18.900000",
        "word": "put"
    },
    {
        "end_time": "0:04:19.900000",
        "speaker_tag": 1,
        "start_time": "0:04:19.700000",
        "word": "on"
    },
    {
        "end_time": "0:04:19.900000",
        "speaker_tag": 1,
        "start_time": "0:04:19.900000",
        "word": "a"
    },
    {
        "end_time": "0:04:20.300000",
        "speaker_tag": 1,
        "start_time": "0:04:19.900000",
        "word": "plate"
    },
    {
        "end_time": "0:04:20.400000",
        "speaker_tag": 1,
        "start_time": "0:04:20.300000",
        "word": "and"
    },
    {
        "end_time": "0:04:20.600000",
        "speaker_tag": 1,
        "start_time": "0:04:20.400000",
        "word": "then"
    },
    {
        "end_time": "0:04:20.700000",
        "speaker_tag": 1,
        "start_time": "0:04:20.600000",
        "word": "you"
    },
    {
        "end_time": "0:04:20.800000",
        "speaker_tag": 1,
        "start_time": "0:04:20.700000",
        "word": "get"
    },
    {
        "end_time": "0:04:21.100000",
        "speaker_tag": 1,
        "start_time": "0:04:20.800000",
        "word": "for"
    },
    {
        "end_time": "0:04:21.300000",
        "speaker_tag": 1,
        "start_time": "0:04:21.100000",
        "word": "can"
    },
    {
        "end_time": "0:04:21.400000",
        "speaker_tag": 1,
        "start_time": "0:04:21.300000",
        "word": "you"
    },
    {
        "end_time": "0:04:21.800000",
        "speaker_tag": 1,
        "start_time": "0:04:21.400000",
        "word": "eat"
    },
    {
        "end_time": "0:04:21.900000",
        "speaker_tag": 1,
        "start_time": "0:04:21.800000",
        "word": "it"
    },
    {
        "end_time": "0:04:22.100000",
        "speaker_tag": 1,
        "start_time": "0:04:21.900000",
        "word": "as"
    },
    {
        "end_time": "0:04:22.600000",
        "speaker_tag": 1,
        "start_time": "0:04:22.100000",
        "word": "desired"
    },
    {
        "end_time": "0:04:24.500000",
        "speaker_tag": 1,
        "start_time": "0:04:23.600000",
        "word": "and"
    },
    {
        "end_time": "0:04:24.700000",
        "speaker_tag": 1,
        "start_time": "0:04:24.500000",
        "word": "the"
    },
    {
        "end_time": "0:04:25.100000",
        "speaker_tag": 1,
        "start_time": "0:04:24.700000",
        "word": "last"
    },
    {
        "end_time": "0:04:25.300000",
        "speaker_tag": 1,
        "start_time": "0:04:25.100000",
        "word": "one"
    },
    {
        "end_time": "0:04:25.800000",
        "speaker_tag": 1,
        "start_time": "0:04:25.300000",
        "word": "was"
    },
    {
        "end_time": "0:04:27",
        "speaker_tag": 1,
        "start_time": "0:04:25.800000",
        "word": "cereal"
    },
    {
        "end_time": "0:04:31.600000",
        "speaker_tag": 2,
        "start_time": "0:04:31.100000",
        "word": "get"
    },
    {
        "end_time": "0:04:31.700000",
        "speaker_tag": 1,
        "start_time": "0:04:31.600000",
        "word": "the"
    },
    {
        "end_time": "0:04:32",
        "speaker_tag": 1,
        "start_time": "0:04:31.700000",
        "word": "food"
    },
    {
        "end_time": "0:04:32",
        "speaker_tag": 1,
        "start_time": "0:04:32",
        "word": "out"
    },
    {
        "end_time": "0:04:32.200000",
        "speaker_tag": 1,
        "start_time": "0:04:32",
        "word": "of"
    },
    {
        "end_time": "0:04:32.200000",
        "speaker_tag": 1,
        "start_time": "0:04:32.200000",
        "word": "the"
    },
    {
        "end_time": "0:04:32.300000",
        "speaker_tag": 1,
        "start_time": "0:04:32.200000",
        "word": "fridge"
    },
    {
        "end_time": "0:04:33",
        "speaker_tag": 1,
        "start_time": "0:04:32.300000",
        "word": "if"
    },
    {
        "end_time": "0:04:33.100000",
        "speaker_tag": 1,
        "start_time": "0:04:33",
        "word": "it's"
    },
    {
        "end_time": "0:04:33.300000",
        "speaker_tag": 1,
        "start_time": "0:04:33.100000",
        "word": "in"
    },
    {
        "end_time": "0:04:33.300000",
        "speaker_tag": 1,
        "start_time": "0:04:33.300000",
        "word": "the"
    },
    {
        "end_time": "0:04:33.400000",
        "speaker_tag": 1,
        "start_time": "0:04:33.300000",
        "word": "fridge"
    },
    {
        "end_time": "0:04:34",
        "speaker_tag": 1,
        "start_time": "0:04:33.400000",
        "word": "or"
    }
]