[
    {
        "end_time": "0:00:22.500000",
        "speaker_tag": 1,
        "start_time": "0:00:22",
        "word": "tell"
    },
    {
        "end_time": "0:00:22.600000",
        "speaker_tag": 1,
        "start_time": "0:00:22.500000",
        "word": "me"
    },
    {
        "end_time": "0:00:22.800000",
        "speaker_tag": 1,
        "start_time": "0:00:22.600000",
        "word": "about"
    },
    {
        "end_time": "0:00:23.100000",
        "speaker_tag": 1,
        "start_time": "0:00:22.800000",
        "word": "a"
    },
    {
        "end_time": "0:00:23.400000",
        "speaker_tag": 1,
        "start_time": "0:00:23.100000",
        "word": "trip"
    },
    {
        "end_time": "0:00:23.500000",
        "speaker_tag": 1,
        "start_time": "0:00:23.400000",
        "word": "or"
    },
    {
        "end_time": "0:00:23.500000",
        "speaker_tag": 1,
        "start_time": "0:00:23.500000",
        "word": "vacation"
    },
    {
        "end_time": "0:00:24.200000",
        "speaker_tag": 1,
        "start_time": "0:00:23.500000",
        "word": "that"
    },
    {
        "end_time": "0:00:24.400000",
        "speaker_tag": 1,
        "start_time": "0:00:24.200000",
        "word": "you"
    },
    {
        "end_time": "0:00:24.500000",
        "speaker_tag": 1,
        "start_time": "0:00:24.400000",
        "word": "have"
    },
    {
        "end_time": "0:00:24.700000",
        "speaker_tag": 1,
        "start_time": "0:00:24.500000",
        "word": "taken"
    },
    {
        "end_time": "0:00:25.200000",
        "speaker_tag": 1,
        "start_time": "0:00:24.700000",
        "word": "you"
    },
    {
        "end_time": "0:00:25.300000",
        "speaker_tag": 1,
        "start_time": "0:00:25.200000",
        "word": "can"
    },
    {
        "end_time": "0:00:25.600000",
        "speaker_tag": 1,
        "start_time": "0:00:25.300000",
        "word": "provide"
    },
    {
        "end_time": "0:00:25.800000",
        "speaker_tag": 1,
        "start_time": "0:00:25.600000",
        "word": "as"
    },
    {
        "end_time": "0:00:26",
        "speaker_tag": 1,
        "start_time": "0:00:25.800000",
        "word": "many"
    },
    {
        "end_time": "0:00:26.300000",
        "speaker_tag": 1,
        "start_time": "0:00:26",
        "word": "details"
    },
    {
        "end_time": "0:00:26.600000",
        "speaker_tag": 1,
        "start_time": "0:00:26.300000",
        "word": "as"
    },
    {
        "end_time": "0:00:27.400000",
        "speaker_tag": 1,
        "start_time": "0:00:26.600000",
        "word": "necessary"
    },
    {
        "end_time": "0:00:27.600000",
        "speaker_tag": 1,
        "start_time": "0:00:27.400000",
        "word": "I"
    },
    {
        "end_time": "0:00:27.800000",
        "speaker_tag": 1,
        "start_time": "0:00:27.600000",
        "word": "will"
    },
    {
        "end_time": "0:00:28",
        "speaker_tag": 1,
        "start_time": "0:00:27.800000",
        "word": "tell"
    },
    {
        "end_time": "0:00:28.100000",
        "speaker_tag": 1,
        "start_time": "0:00:28",
        "word": "you"
    },
    {
        "end_time": "0:00:28.300000",
        "speaker_tag": 1,
        "start_time": "0:00:28.100000",
        "word": "when"
    },
    {
        "end_time": "0:00:28.300000",
        "speaker_tag": 1,
        "start_time": "0:00:28.300000",
        "word": "to"
    },
    {
        "end_time": "0:00:28.500000",
        "speaker_tag": 2,
        "start_time": "0:00:28.300000",
        "word": "stop"
    },
    {
        "end_time": "0:00:33.400000",
        "speaker_tag": 2,
        "start_time": "0:00:31.900000",
        "word": "San"
    },
    {
        "end_time": "0:00:34.300000",
        "speaker_tag": 1,
        "start_time": "0:00:33.400000",
        "word": "Francisco"
    },
    {
        "end_time": "0:00:35.100000",
        "speaker_tag": 1,
        "start_time": "0:00:34.300000",
        "word": "Mari"
    },
    {
        "end_time": "0:00:36",
        "speaker_tag": 1,
        "start_time": "0:00:35.100000",
        "word": "16"
    },
    {
        "end_time": "0:00:45.700000",
        "speaker_tag": 1,
        "start_time": "0:00:44.700000",
        "word": "it"
    },
    {
        "end_time": "0:00:45.900000",
        "speaker_tag": 1,
        "start_time": "0:00:45.700000",
        "word": "was"
    },
    {
        "end_time": "0:00:46.100000",
        "speaker_tag": 1,
        "start_time": "0:00:45.900000",
        "word": "really"
    },
    {
        "end_time": "0:00:47.100000",
        "speaker_tag": 1,
        "start_time": "0:00:46.100000",
        "word": "cool."
    },
    {
        "end_time": "0:00:47.400000",
        "speaker_tag": 1,
        "start_time": "0:00:47.100000",
        "word": "I"
    },
    {
        "end_time": "0:00:48.500000",
        "speaker_tag": 1,
        "start_time": "0:00:47.400000",
        "word": "felt"
    },
    {
        "end_time": "0:00:48.600000",
        "speaker_tag": 1,
        "start_time": "0:00:48.500000",
        "word": "like"
    },
    {
        "end_time": "0:00:49",
        "speaker_tag": 1,
        "start_time": "0:00:48.600000",
        "word": "really"
    },
    {
        "end_time": "0:00:49.100000",
        "speaker_tag": 1,
        "start_time": "0:00:49",
        "word": "at"
    },
    {
        "end_time": "0:00:49.200000",
        "speaker_tag": 1,
        "start_time": "0:00:49.100000",
        "word": "home"
    },
    {
        "end_time": "0:00:49.600000",
        "speaker_tag": 1,
        "start_time": "0:00:49.200000",
        "word": "when"
    },
    {
        "end_time": "0:00:49.700000",
        "speaker_tag": 1,
        "start_time": "0:00:49.600000",
        "word": "I"
    },
    {
        "end_time": "0:00:49.800000",
        "speaker_tag": 1,
        "start_time": "0:00:49.700000",
        "word": "was"
    },
    {
        "end_time": "0:00:50.400000",
        "speaker_tag": 1,
        "start_time": "0:00:49.800000",
        "word": "there"
    },
    {
        "end_time": "0:00:51.300000",
        "speaker_tag": 1,
        "start_time": "0:00:50.400000",
        "word": "really"
    },
    {
        "end_time": "0:00:51.700000",
        "speaker_tag": 1,
        "start_time": "0:00:51.300000",
        "word": "want"
    },
    {
        "end_time": "0:00:51.800000",
        "speaker_tag": 1,
        "start_time": "0:00:51.700000",
        "word": "to"
    },
    {
        "end_time": "0:00:52",
        "speaker_tag": 1,
        "start_time": "0:00:51.800000",
        "word": "live"
    },
    {
        "end_time": "0:00:52.400000",
        "speaker_tag": 1,
        "start_time": "0:00:52",
        "word": "there"
    },
    {
        "end_time": "0:00:53.800000",
        "speaker_tag": 1,
        "start_time": "0:00:52.400000",
        "word": "you"
    },
    {
        "end_time": "0:00:54.300000",
        "speaker_tag": 1,
        "start_time": "0:00:53.800000",
        "word": "expect"
    },
    {
        "end_time": "0:00:54.600000",
        "speaker_tag": 1,
        "start_time": "0:00:54.300000",
        "word": "I'm"
    },
    {
        "end_time": "0:00:55.500000",
        "speaker_tag": 1,
        "start_time": "0:00:54.600000",
        "word": "not"
    },
    {
        "end_time": "0:00:55.900000",
        "speaker_tag": 1,
        "start_time": "0:00:55.500000",
        "word": "going"
    },
    {
        "end_time": "0:00:56.200000",
        "speaker_tag": 1,
        "start_time": "0:00:55.900000",
        "word": "to"
    },
    {
        "end_time": "0:00:57.200000",
        "speaker_tag": 1,
        "start_time": "0:00:56.200000",
        "word": "cry"
    },
    {
        "end_time": "0:00:57.200000",
        "speaker_tag": 1,
        "start_time": "0:00:57.200000",
        "word": "like"
    },
    {
        "end_time": "0:00:57.800000",
        "speaker_tag": 1,
        "start_time": "0:00:57.200000",
        "word": "being"
    },
    {
        "end_time": "0:00:57.900000",
        "speaker_tag": 1,
        "start_time": "0:00:57.800000",
        "word": "able"
    },
    {
        "end_time": "0:00:58.200000",
        "speaker_tag": 1,
        "start_time": "0:00:57.900000",
        "word": "to"
    },
    {
        "end_time": "0:00:58.400000",
        "speaker_tag": 1,
        "start_time": "0:00:58.200000",
        "word": "just"
    },
    {
        "end_time": "0:00:59",
        "speaker_tag": 1,
        "start_time": "0:00:58.400000",
        "word": "walk"
    },
    {
        "end_time": "0:00:59.400000",
        "speaker_tag": 1,
        "start_time": "0:00:59",
        "word": "everywhere"
    },
    {
        "end_time": "0:01:01",
        "speaker_tag": 1,
        "start_time": "0:00:59.400000",
        "word": "and"
    },
    {
        "end_time": "0:01:01.100000",
        "speaker_tag": 1,
        "start_time": "0:01:01",
        "word": "we"
    },
    {
        "end_time": "0:01:01.400000",
        "speaker_tag": 1,
        "start_time": "0:01:01.100000",
        "word": "sicken"
    },
    {
        "end_time": "0:01:01.700000",
        "speaker_tag": 1,
        "start_time": "0:01:01.400000",
        "word": "just"
    },
    {
        "end_time": "0:01:01.900000",
        "speaker_tag": 1,
        "start_time": "0:01:01.700000",
        "word": "like"
    },
    {
        "end_time": "0:01:01.900000",
        "speaker_tag": 1,
        "start_time": "0:01:01.900000",
        "word": "a"
    },
    {
        "end_time": "0:01:02.500000",
        "speaker_tag": 1,
        "start_time": "0:01:01.900000",
        "word": "motel"
    },
    {
        "end_time": "0:01:02.800000",
        "speaker_tag": 1,
        "start_time": "0:01:02.500000",
        "word": "but"
    },
    {
        "end_time": "0:01:02.900000",
        "speaker_tag": 1,
        "start_time": "0:01:02.800000",
        "word": "it"
    },
    {
        "end_time": "0:01:03",
        "speaker_tag": 1,
        "start_time": "0:01:02.900000",
        "word": "was"
    },
    {
        "end_time": "0:01:06.300000",
        "speaker_tag": 2,
        "start_time": "0:01:04.800000",
        "word": "hey"
    },
    {
        "end_time": "0:01:06.500000",
        "speaker_tag": 2,
        "start_time": "0:01:06.300000",
        "word": "Dad"
    },
    {
        "end_time": "0:01:06.800000",
        "speaker_tag": 1,
        "start_time": "0:01:06.500000",
        "word": "staying"
    },
    {
        "end_time": "0:01:06.900000",
        "speaker_tag": 1,
        "start_time": "0:01:06.800000",
        "word": "in"
    },
    {
        "end_time": "0:01:07",
        "speaker_tag": 1,
        "start_time": "0:01:06.900000",
        "word": "a"
    },
    {
        "end_time": "0:01:07.100000",
        "speaker_tag": 1,
        "start_time": "0:01:07",
        "word": "motel"
    },
    {
        "end_time": "0:01:07.400000",
        "speaker_tag": 1,
        "start_time": "0:01:07.100000",
        "word": "with"
    },
    {
        "end_time": "0:01:07.600000",
        "speaker_tag": 1,
        "start_time": "0:01:07.400000",
        "word": "my"
    },
    {
        "end_time": "0:01:08.100000",
        "speaker_tag": 1,
        "start_time": "0:01:07.600000",
        "word": "parents"
    },
    {
        "end_time": "0:01:08.400000",
        "speaker_tag": 1,
        "start_time": "0:01:08.100000",
        "word": "because"
    },
    {
        "end_time": "0:01:08.700000",
        "speaker_tag": 1,
        "start_time": "0:01:08.400000",
        "word": "my"
    },
    {
        "end_time": "0:01:09.200000",
        "speaker_tag": 1,
        "start_time": "0:01:08.700000",
        "word": "dad"
    },
    {
        "end_time": "0:01:10",
        "speaker_tag": 1,
        "start_time": "0:01:09.200000",
        "word": "was"
    },
    {
        "end_time": "0:01:10.300000",
        "speaker_tag": 1,
        "start_time": "0:01:10",
        "word": "like"
    },
    {
        "end_time": "0:01:10.600000",
        "speaker_tag": 1,
        "start_time": "0:01:10.300000",
        "word": "crazy"
    },
    {
        "end_time": "0:01:11.200000",
        "speaker_tag": 1,
        "start_time": "0:01:10.600000",
        "word": "and"
    },
    {
        "end_time": "0:01:11.300000",
        "speaker_tag": 1,
        "start_time": "0:01:11.200000",
        "word": "then"
    },
    {
        "end_time": "0:01:11.500000",
        "speaker_tag": 1,
        "start_time": "0:01:11.300000",
        "word": "my"
    },
    {
        "end_time": "0:01:11.900000",
        "speaker_tag": 1,
        "start_time": "0:01:11.500000",
        "word": "mom"
    },
    {
        "end_time": "0:01:12.200000",
        "speaker_tag": 1,
        "start_time": "0:01:11.900000",
        "word": "wakes"
    },
    {
        "end_time": "0:01:12.300000",
        "speaker_tag": 1,
        "start_time": "0:01:12.200000",
        "word": "up"
    },
    {
        "end_time": "0:01:12.500000",
        "speaker_tag": 1,
        "start_time": "0:01:12.300000",
        "word": "at"
    },
    {
        "end_time": "0:01:12.700000",
        "speaker_tag": 1,
        "start_time": "0:01:12.500000",
        "word": "like"
    },
    {
        "end_time": "0:01:13.100000",
        "speaker_tag": 1,
        "start_time": "0:01:12.700000",
        "word": "5"
    },
    {
        "end_time": "0:01:13.300000",
        "speaker_tag": 1,
        "start_time": "0:01:13.100000",
        "word": "in"
    },
    {
        "end_time": "0:01:13.300000",
        "speaker_tag": 1,
        "start_time": "0:01:13.300000",
        "word": "the"
    },
    {
        "end_time": "0:01:13.400000",
        "speaker_tag": 1,
        "start_time": "0:01:13.300000",
        "word": "morning"
    },
    {
        "end_time": "0:01:14.700000",
        "speaker_tag": 1,
        "start_time": "0:01:13.400000",
        "word": "so"
    },
    {
        "end_time": "0:01:14.900000",
        "speaker_tag": 1,
        "start_time": "0:01:14.700000",
        "word": "that"
    },
    {
        "end_time": "0:01:15.400000",
        "speaker_tag": 1,
        "start_time": "0:01:14.900000",
        "word": "wasn't"
    },
    {
        "end_time": "0:01:15.600000",
        "speaker_tag": 1,
        "start_time": "0:01:15.400000",
        "word": "fun"
    },
    {
        "end_time": "0:01:18.100000",
        "speaker_tag": 1,
        "start_time": "0:01:15.600000",
        "word": "and"
    },
    {
        "end_time": "0:01:19.400000",
        "speaker_tag": 1,
        "start_time": "0:01:18.100000",
        "word": "we"
    },
    {
        "end_time": "0:01:19.600000",
        "speaker_tag": 1,
        "start_time": "0:01:19.400000",
        "word": "went"
    },
    {
        "end_time": "0:01:19.900000",
        "speaker_tag": 1,
        "start_time": "0:01:19.600000",
        "word": "some"
    },
    {
        "end_time": "0:01:20.100000",
        "speaker_tag": 1,
        "start_time": "0:01:19.900000",
        "word": "good"
    },
    {
        "end_time": "0:01:20.900000",
        "speaker_tag": 1,
        "start_time": "0:01:20.100000",
        "word": "restaurants"
    },
    {
        "end_time": "0:01:21.400000",
        "speaker_tag": 1,
        "start_time": "0:01:20.900000",
        "word": "and"
    },
    {
        "end_time": "0:01:21.500000",
        "speaker_tag": 1,
        "start_time": "0:01:21.400000",
        "word": "they"
    },
    {
        "end_time": "0:01:21.700000",
        "speaker_tag": 1,
        "start_time": "0:01:21.500000",
        "word": "went"
    },
    {
        "end_time": "0:01:22",
        "speaker_tag": 1,
        "start_time": "0:01:21.700000",
        "word": "for"
    },
    {
        "end_time": "0:01:22.200000",
        "speaker_tag": 1,
        "start_time": "0:01:22",
        "word": "The"
    },
    {
        "end_time": "0:01:23.600000",
        "speaker_tag": 1,
        "start_time": "0:01:22.200000",
        "word": "Bait"
    },
    {
        "end_time": "0:01:24.100000",
        "speaker_tag": 1,
        "start_time": "0:01:23.600000",
        "word": "House"
    },
    {
        "end_time": "0:01:24.200000",
        "speaker_tag": 1,
        "start_time": "0:01:24.100000",
        "word": "brewery"
    },
    {
        "end_time": "0:01:24.900000",
        "speaker_tag": 1,
        "start_time": "0:01:24.200000",
        "word": "Street"
    },
    {
        "end_time": "0:01:26.500000",
        "speaker_tag": 1,
        "start_time": "0:01:24.900000",
        "word": "it"
    },
    {
        "end_time": "0:01:26.700000",
        "speaker_tag": 1,
        "start_time": "0:01:26.500000",
        "word": "be"
    },
    {
        "end_time": "0:01:27.900000",
        "speaker_tag": 1,
        "start_time": "0:01:26.700000",
        "word": "used"
    },
    {
        "end_time": "0:01:28",
        "speaker_tag": 1,
        "start_time": "0:01:27.900000",
        "word": "to"
    },
    {
        "end_time": "0:01:28.300000",
        "speaker_tag": 1,
        "start_time": "0:01:28",
        "word": "hang"
    },
    {
        "end_time": "0:01:28.500000",
        "speaker_tag": 1,
        "start_time": "0:01:28.300000",
        "word": "out"
    },
    {
        "end_time": "0:01:29.800000",
        "speaker_tag": 1,
        "start_time": "0:01:28.500000",
        "word": "and"
    },
    {
        "end_time": "0:01:30.300000",
        "speaker_tag": 1,
        "start_time": "0:01:29.800000",
        "word": "got"
    },
    {
        "end_time": "0:01:30.500000",
        "speaker_tag": 1,
        "start_time": "0:01:30.300000",
        "word": "some"
    },
    {
        "end_time": "0:01:30.900000",
        "speaker_tag": 1,
        "start_time": "0:01:30.500000",
        "word": "cool"
    },
    {
        "end_time": "0:01:31.700000",
        "speaker_tag": 1,
        "start_time": "0:01:30.900000",
        "word": "clothes"
    },
    {
        "end_time": "0:01:32",
        "speaker_tag": 1,
        "start_time": "0:01:31.700000",
        "word": "and"
    },
    {
        "end_time": "0:01:32.300000",
        "speaker_tag": 1,
        "start_time": "0:01:32",
        "word": "everyone"
    },
    {
        "end_time": "0:01:32.600000",
        "speaker_tag": 1,
        "start_time": "0:01:32.300000",
        "word": "says"
    },
    {
        "end_time": "0:01:33.600000",
        "speaker_tag": 1,
        "start_time": "0:01:32.600000",
        "word": "with"
    },
    {
        "end_time": "0:01:33.700000",
        "speaker_tag": 1,
        "start_time": "0:01:33.600000",
        "word": "the"
    },
    {
        "end_time": "0:01:34.100000",
        "speaker_tag": 1,
        "start_time": "0:01:33.700000",
        "word": "Japanese"
    },
    {
        "end_time": "0:01:34.700000",
        "speaker_tag": 1,
        "start_time": "0:01:34.100000",
        "word": "tea"
    },
    {
        "end_time": "0:01:35.300000",
        "speaker_tag": 1,
        "start_time": "0:01:34.700000",
        "word": "garden"
    },
    {
        "end_time": "0:01:36.400000",
        "speaker_tag": 1,
        "start_time": "0:01:35.300000",
        "word": "has"
    },
    {
        "end_time": "0:01:36.500000",
        "speaker_tag": 1,
        "start_time": "0:01:36.400000",
        "word": "the"
    },
    {
        "end_time": "0:01:37.100000",
        "speaker_tag": 1,
        "start_time": "0:01:36.500000",
        "word": "best"
    },
    {
        "end_time": "0:01:37.500000",
        "speaker_tag": 1,
        "start_time": "0:01:37.100000",
        "word": "jobs"
    },
    {
        "end_time": "0:01:37.700000",
        "speaker_tag": 1,
        "start_time": "0:01:37.500000",
        "word": "and"
    },
    {
        "end_time": "0:01:37.900000",
        "speaker_tag": 1,
        "start_time": "0:01:37.700000",
        "word": "he"
    },
    {
        "end_time": "0:01:38.500000",
        "speaker_tag": 1,
        "start_time": "0:01:37.900000",
        "word": "ever"
    },
    {
        "end_time": "0:01:42.300000",
        "speaker_tag": 1,
        "start_time": "0:01:41.600000",
        "word": "what's"
    },
    {
        "end_time": "0:01:42.500000",
        "speaker_tag": 1,
        "start_time": "0:01:42.300000",
        "word": "really"
    },
    {
        "end_time": "0:01:42.800000",
        "speaker_tag": 1,
        "start_time": "0:01:42.500000",
        "word": "good"
    },
    {
        "end_time": "0:01:43.200000",
        "speaker_tag": 1,
        "start_time": "0:01:42.800000",
        "word": "Vietnamese"
    },
    {
        "end_time": "0:01:44.700000",
        "speaker_tag": 1,
        "start_time": "0:01:43.200000",
        "word": "restaurant"
    },
    {
        "end_time": "0:01:46.100000",
        "speaker_tag": 1,
        "start_time": "0:01:44.700000",
        "word": "driving"
    },
    {
        "end_time": "0:01:46.400000",
        "speaker_tag": 1,
        "start_time": "0:01:46.100000",
        "word": "there"
    },
    {
        "end_time": "0:01:46.500000",
        "speaker_tag": 1,
        "start_time": "0:01:46.400000",
        "word": "with"
    },
    {
        "end_time": "0:01:46.700000",
        "speaker_tag": 1,
        "start_time": "0:01:46.500000",
        "word": "your"
    },
    {
        "end_time": "0:01:46.900000",
        "speaker_tag": 1,
        "start_time": "0:01:46.700000",
        "word": "looks"
    },
    {
        "end_time": "0:01:47",
        "speaker_tag": 1,
        "start_time": "0:01:46.900000",
        "word": "are"
    },
    {
        "end_time": "0:01:47.400000",
        "speaker_tag": 1,
        "start_time": "0:01:47",
        "word": "you"
    },
    {
        "end_time": "0:01:47.500000",
        "speaker_tag": 1,
        "start_time": "0:01:47.400000",
        "word": "awake"
    },
    {
        "end_time": "0:01:47.600000",
        "speaker_tag": 1,
        "start_time": "0:01:47.500000",
        "word": "I"
    },
    {
        "end_time": "0:01:48.100000",
        "speaker_tag": 1,
        "start_time": "0:01:47.600000",
        "word": "wasn't"
    },
    {
        "end_time": "0:01:48.100000",
        "speaker_tag": 1,
        "start_time": "0:01:48.100000",
        "word": "the"
    },
    {
        "end_time": "0:01:48.200000",
        "speaker_tag": 1,
        "start_time": "0:01:48.100000",
        "word": "one"
    },
    {
        "end_time": "0:01:48.300000",
        "speaker_tag": 1,
        "start_time": "0:01:48.200000",
        "word": "driving"
    },
    {
        "end_time": "0:01:48.800000",
        "speaker_tag": 1,
        "start_time": "0:01:48.300000",
        "word": "I'm"
    },
    {
        "end_time": "0:01:49.100000",
        "speaker_tag": 1,
        "start_time": "0:01:48.800000",
        "word": "just"
    },
    {
        "end_time": "0:01:49.300000",
        "speaker_tag": 1,
        "start_time": "0:01:49.100000",
        "word": "staying"
    },
    {
        "end_time": "0:01:49.400000",
        "speaker_tag": 1,
        "start_time": "0:01:49.300000",
        "word": "in"
    },
    {
        "end_time": "0:01:49.500000",
        "speaker_tag": 1,
        "start_time": "0:01:49.400000",
        "word": "the"
    },
    {
        "end_time": "0:01:49.800000",
        "speaker_tag": 1,
        "start_time": "0:01:49.500000",
        "word": "car"
    },
    {
        "end_time": "0:01:50.100000",
        "speaker_tag": 1,
        "start_time": "0:01:49.800000",
        "word": "was"
    },
    {
        "end_time": "0:01:50.200000",
        "speaker_tag": 1,
        "start_time": "0:01:50.100000",
        "word": "really"
    },
    {
        "end_time": "0:01:50.700000",
        "speaker_tag": 1,
        "start_time": "0:01:50.200000",
        "word": "scary"
    },
    {
        "end_time": "0:01:51",
        "speaker_tag": 1,
        "start_time": "0:01:50.700000",
        "word": "and"
    },
    {
        "end_time": "0:01:51.200000",
        "speaker_tag": 1,
        "start_time": "0:01:51",
        "word": "there's"
    },
    {
        "end_time": "0:01:51.300000",
        "speaker_tag": 1,
        "start_time": "0:01:51.200000",
        "word": "so"
    },
    {
        "end_time": "0:01:51.500000",
        "speaker_tag": 1,
        "start_time": "0:01:51.300000",
        "word": "many"
    },
    {
        "end_time": "0:01:51.900000",
        "speaker_tag": 1,
        "start_time": "0:01:51.500000",
        "word": "Hills"
    },
    {
        "end_time": "0:01:52.400000",
        "speaker_tag": 1,
        "start_time": "0:01:51.900000",
        "word": "and"
    },
    {
        "end_time": "0:01:52.600000",
        "speaker_tag": 1,
        "start_time": "0:01:52.400000",
        "word": "whenever"
    },
    {
        "end_time": "0:01:53",
        "speaker_tag": 1,
        "start_time": "0:01:52.600000",
        "word": "you're"
    },
    {
        "end_time": "0:01:53.100000",
        "speaker_tag": 1,
        "start_time": "0:01:53",
        "word": "like"
    },
    {
        "end_time": "0:01:53.700000",
        "speaker_tag": 1,
        "start_time": "0:01:53.100000",
        "word": "stop."
    },
    {
        "end_time": "0:01:54.700000",
        "speaker_tag": 1,
        "start_time": "0:01:53.700000",
        "word": "Late"
    },
    {
        "end_time": "0:01:55.300000",
        "speaker_tag": 1,
        "start_time": "0:01:54.700000",
        "word": "you're"
    },
    {
        "end_time": "0:01:55.400000",
        "speaker_tag": 1,
        "start_time": "0:01:55.300000",
        "word": "on"
    },
    {
        "end_time": "0:01:55.500000",
        "speaker_tag": 1,
        "start_time": "0:01:55.400000",
        "word": "a"
    },
    {
        "end_time": "0:01:55.700000",
        "speaker_tag": 1,
        "start_time": "0:01:55.500000",
        "word": "keto"
    },
    {
        "end_time": "0:01:56.200000",
        "speaker_tag": 1,
        "start_time": "0:01:55.700000",
        "word": "and"
    },
    {
        "end_time": "0:01:56.400000",
        "speaker_tag": 1,
        "start_time": "0:01:56.200000",
        "word": "then"
    },
    {
        "end_time": "0:01:56.700000",
        "speaker_tag": 1,
        "start_time": "0:01:56.400000",
        "word": "like"
    },
    {
        "end_time": "0:01:57",
        "speaker_tag": 1,
        "start_time": "0:01:56.700000",
        "word": "when"
    },
    {
        "end_time": "0:01:57.900000",
        "speaker_tag": 1,
        "start_time": "0:01:57",
        "word": "you"
    },
    {
        "end_time": "0:01:58.100000",
        "speaker_tag": 1,
        "start_time": "0:01:57.900000",
        "word": "start"
    },
    {
        "end_time": "0:01:58.300000",
        "speaker_tag": 1,
        "start_time": "0:01:58.100000",
        "word": "going"
    },
    {
        "end_time": "0:01:58.600000",
        "speaker_tag": 1,
        "start_time": "0:01:58.300000",
        "word": "your"
    },
    {
        "end_time": "0:01:58.800000",
        "speaker_tag": 1,
        "start_time": "0:01:58.600000",
        "word": "car"
    },
    {
        "end_time": "0:02:03.300000",
        "speaker_tag": 1,
        "start_time": "0:02:02.800000",
        "word": "2"
    },
    {
        "end_time": "0:02:05.700000",
        "speaker_tag": 1,
        "start_time": "0:02:05.300000",
        "word": "what"
    },
    {
        "end_time": "0:02:05.800000",
        "speaker_tag": 1,
        "start_time": "0:02:05.700000",
        "word": "is"
    },
    {
        "end_time": "0:02:05.900000",
        "speaker_tag": 1,
        "start_time": "0:02:05.800000",
        "word": "the"
    },
    {
        "end_time": "0:02:06.200000",
        "speaker_tag": 1,
        "start_time": "0:02:05.900000",
        "word": "party"
    },
    {
        "end_time": "0:02:06.400000",
        "speaker_tag": 1,
        "start_time": "0:02:06.200000",
        "word": "called"
    },
    {
        "end_time": "0:02:06.600000",
        "speaker_tag": 1,
        "start_time": "0:02:06.400000",
        "word": "the"
    },
    {
        "end_time": "0:02:07.100000",
        "speaker_tag": 1,
        "start_time": "0:02:06.600000",
        "word": "Muirwood"
    },
    {
        "end_time": "0:02:08.600000",
        "speaker_tag": 2,
        "start_time": "0:02:07.100000",
        "word": "Park"
    },
    {
        "end_time": "0:02:09.100000",
        "speaker_tag": 2,
        "start_time": "0:02:08.600000",
        "word": "and"
    },
    {
        "end_time": "0:02:09.700000",
        "speaker_tag": 1,
        "start_time": "0:02:09.100000",
        "word": "driving"
    },
    {
        "end_time": "0:02:09.900000",
        "speaker_tag": 1,
        "start_time": "0:02:09.700000",
        "word": "there"
    },
    {
        "end_time": "0:02:10.200000",
        "speaker_tag": 1,
        "start_time": "0:02:09.900000",
        "word": "like"
    },
    {
        "end_time": "0:02:10.300000",
        "speaker_tag": 1,
        "start_time": "0:02:10.200000",
        "word": "you"
    },
    {
        "end_time": "0:02:10.400000",
        "speaker_tag": 1,
        "start_time": "0:02:10.300000",
        "word": "have"
    },
    {
        "end_time": "0:02:10.600000",
        "speaker_tag": 1,
        "start_time": "0:02:10.400000",
        "word": "two"
    },
    {
        "end_time": "0:02:11.100000",
        "speaker_tag": 1,
        "start_time": "0:02:10.600000",
        "word": "dragons"
    },
    {
        "end_time": "0:02:11.500000",
        "speaker_tag": 1,
        "start_time": "0:02:11.100000",
        "word": "off"
    },
    {
        "end_time": "0:02:11.600000",
        "speaker_tag": 1,
        "start_time": "0:02:11.500000",
        "word": "of"
    },
    {
        "end_time": "0:02:12",
        "speaker_tag": 1,
        "start_time": "0:02:11.600000",
        "word": "mountain"
    },
    {
        "end_time": "0:02:12.400000",
        "speaker_tag": 1,
        "start_time": "0:02:12",
        "word": "and"
    },
    {
        "end_time": "0:02:12.500000",
        "speaker_tag": 1,
        "start_time": "0:02:12.400000",
        "word": "there"
    },
    {
        "end_time": "0:02:12.700000",
        "speaker_tag": 1,
        "start_time": "0:02:12.500000",
        "word": "was"
    },
    {
        "end_time": "0:02:12.900000",
        "speaker_tag": 1,
        "start_time": "0:02:12.700000",
        "word": "no"
    },
    {
        "end_time": "0:02:13.200000",
        "speaker_tag": 1,
        "start_time": "0:02:12.900000",
        "word": "guard"
    },
    {
        "end_time": "0:02:13.900000",
        "speaker_tag": 1,
        "start_time": "0:02:13.200000",
        "word": "rails"
    },
    {
        "end_time": "0:02:14.600000",
        "speaker_tag": 1,
        "start_time": "0:02:13.900000",
        "word": "but"
    },
    {
        "end_time": "0:02:14.700000",
        "speaker_tag": 1,
        "start_time": "0:02:14.600000",
        "word": "I"
    },
    {
        "end_time": "0:02:14.900000",
        "speaker_tag": 1,
        "start_time": "0:02:14.700000",
        "word": "would"
    },
    {
        "end_time": "0:02:15.100000",
        "speaker_tag": 1,
        "start_time": "0:02:14.900000",
        "word": "sleep"
    },
    {
        "end_time": "0:02:16.400000",
        "speaker_tag": 1,
        "start_time": "0:02:15.100000",
        "word": "with"
    },
    {
        "end_time": "0:02:17.100000",
        "speaker_tag": 1,
        "start_time": "0:02:16.400000",
        "word": "you"
    },
    {
        "end_time": "0:02:17.800000",
        "speaker_tag": 1,
        "start_time": "0:02:17.100000",
        "word": "crying"
    },
    {
        "end_time": "0:02:18",
        "speaker_tag": 1,
        "start_time": "0:02:17.800000",
        "word": "for"
    },
    {
        "end_time": "0:02:18.100000",
        "speaker_tag": 1,
        "start_time": "0:02:18",
        "word": "my"
    },
    {
        "end_time": "0:02:18.500000",
        "speaker_tag": 1,
        "start_time": "0:02:18.100000",
        "word": "dad's"
    },
    {
        "end_time": "0:02:18.700000",
        "speaker_tag": 1,
        "start_time": "0:02:18.500000",
        "word": "with"
    },
    {
        "end_time": "0:02:19.200000",
        "speaker_tag": 1,
        "start_time": "0:02:18.700000",
        "word": "slow"
    },
    {
        "end_time": "0:02:19.500000",
        "speaker_tag": 1,
        "start_time": "0:02:19.200000",
        "word": "down"
    },
    {
        "end_time": "0:02:19.900000",
        "speaker_tag": 1,
        "start_time": "0:02:19.500000",
        "word": "here"
    },
    {
        "end_time": "0:02:28.800000",
        "speaker_tag": 1,
        "start_time": "0:02:28.200000",
        "word": "turn"
    },
    {
        "end_time": "0:02:28.900000",
        "speaker_tag": 1,
        "start_time": "0:02:28.800000",
        "word": "the"
    },
    {
        "end_time": "0:02:29.300000",
        "speaker_tag": 1,
        "start_time": "0:02:28.900000",
        "word": "air"
    },
    {
        "end_time": "0:02:29.400000",
        "speaker_tag": 1,
        "start_time": "0:02:29.300000",
        "word": "up"
    },
    {
        "end_time": "0:02:29.500000",
        "speaker_tag": 1,
        "start_time": "0:02:29.400000",
        "word": "there"
    },
    {
        "end_time": "0:02:29.900000",
        "speaker_tag": 1,
        "start_time": "0:02:29.500000",
        "word": "was"
    },
    {
        "end_time": "0:02:30.100000",
        "speaker_tag": 1,
        "start_time": "0:02:29.900000",
        "word": "so"
    },
    {
        "end_time": "0:02:31.200000",
        "speaker_tag": 2,
        "start_time": "0:02:30.100000",
        "word": "Brash"
    },
    {
        "end_time": "0:02:32.300000",
        "speaker_tag": 1,
        "start_time": "0:02:31.200000",
        "word": "was"
    },
    {
        "end_time": "0:02:32.500000",
        "speaker_tag": 1,
        "start_time": "0:02:32.300000",
        "word": "like"
    },
    {
        "end_time": "0:02:32.600000",
        "speaker_tag": 1,
        "start_time": "0:02:32.500000",
        "word": "the"
    },
    {
        "end_time": "0:02:32.700000",
        "speaker_tag": 1,
        "start_time": "0:02:32.600000",
        "word": "best"
    },
    {
        "end_time": "0:02:33.300000",
        "speaker_tag": 1,
        "start_time": "0:02:32.700000",
        "word": "hotels"
    },
    {
        "end_time": "0:02:33.500000",
        "speaker_tag": 1,
        "start_time": "0:02:33.300000",
        "word": "near"
    },
    {
        "end_time": "0:02:33.700000",
        "speaker_tag": 1,
        "start_time": "0:02:33.500000",
        "word": "like"
    },
    {
        "end_time": "0:02:33.900000",
        "speaker_tag": 1,
        "start_time": "0:02:33.700000",
        "word": "the"
    },
    {
        "end_time": "0:02:34.300000",
        "speaker_tag": 1,
        "start_time": "0:02:33.900000",
        "word": "best"
    },
    {
        "end_time": "0:02:34.600000",
        "speaker_tag": 1,
        "start_time": "0:02:34.300000",
        "word": "are"
    },
    {
        "end_time": "0:02:34.800000",
        "speaker_tag": 1,
        "start_time": "0:02:34.600000",
        "word": "and"
    },
    {
        "end_time": "0:02:36.700000",
        "speaker_tag": 2,
        "start_time": "0:02:34.800000",
        "word": "we"
    },
    {
        "end_time": "0:02:36.900000",
        "speaker_tag": 2,
        "start_time": "0:02:36.700000",
        "word": "was"
    },
    {
        "end_time": "0:02:37",
        "speaker_tag": 2,
        "start_time": "0:02:36.900000",
        "word": "so"
    },
    {
        "end_time": "0:02:37.300000",
        "speaker_tag": 2,
        "start_time": "0:02:37",
        "word": "nice"
    },
    {
        "end_time": "0:02:37.500000",
        "speaker_tag": 2,
        "start_time": "0:02:37.300000",
        "word": "but"
    },
    {
        "end_time": "0:02:37.700000",
        "speaker_tag": 2,
        "start_time": "0:02:37.500000",
        "word": "I'm"
    },
    {
        "end_time": "0:02:37.800000",
        "speaker_tag": 2,
        "start_time": "0:02:37.700000",
        "word": "never"
    },
    {
        "end_time": "0:02:38.100000",
        "speaker_tag": 1,
        "start_time": "0:02:37.800000",
        "word": "going"
    },
    {
        "end_time": "0:02:38.200000",
        "speaker_tag": 1,
        "start_time": "0:02:38.100000",
        "word": "to"
    },
    {
        "end_time": "0:02:38.400000",
        "speaker_tag": 1,
        "start_time": "0:02:38.200000",
        "word": "go"
    },
    {
        "end_time": "0:02:38.600000",
        "speaker_tag": 1,
        "start_time": "0:02:38.400000",
        "word": "back"
    },
    {
        "end_time": "0:02:38.700000",
        "speaker_tag": 1,
        "start_time": "0:02:38.600000",
        "word": "up"
    },
    {
        "end_time": "0:02:38.800000",
        "speaker_tag": 1,
        "start_time": "0:02:38.700000",
        "word": "there"
    },
    {
        "end_time": "0:02:43.800000",
        "speaker_tag": 1,
        "start_time": "0:02:43.200000",
        "word": "throughout"
    },
    {
        "end_time": "0:02:44",
        "speaker_tag": 1,
        "start_time": "0:02:43.800000",
        "word": "the"
    },
    {
        "end_time": "0:02:44.700000",
        "speaker_tag": 1,
        "start_time": "0:02:44",
        "word": "Chipmunks"
    },
    {
        "end_time": "0:02:44.900000",
        "speaker_tag": 1,
        "start_time": "0:02:44.700000",
        "word": "there"
    },
    {
        "end_time": "0:02:55.300000",
        "speaker_tag": 1,
        "start_time": "0:02:54.900000",
        "word": "can"
    },
    {
        "end_time": "0:02:55.400000",
        "speaker_tag": 1,
        "start_time": "0:02:55.300000",
        "word": "I"
    },
    {
        "end_time": "0:02:55.600000",
        "speaker_tag": 1,
        "start_time": "0:02:55.400000",
        "word": "talk"
    },
    {
        "end_time": "0:02:55.700000",
        "speaker_tag": 1,
        "start_time": "0:02:55.600000",
        "word": "about"
    },
    {
        "end_time": "0:02:56",
        "speaker_tag": 1,
        "start_time": "0:02:55.700000",
        "word": "another"
    },
    {
        "end_time": "0:02:56.600000",
        "speaker_tag": 1,
        "start_time": "0:02:56",
        "word": "trip"
    },
    {
        "end_time": "0:02:56.700000",
        "speaker_tag": 1,
        "start_time": "0:02:56.600000",
        "word": "I"
    },
    {
        "end_time": "0:02:56.800000",
        "speaker_tag": 1,
        "start_time": "0:02:56.700000",
        "word": "was"
    },
    {
        "end_time": "0:02:57.400000",
        "speaker_tag": 1,
        "start_time": "0:02:56.800000",
        "word": "similar"
    },
    {
        "end_time": "0:02:57.700000",
        "speaker_tag": 1,
        "start_time": "0:02:57.400000",
        "word": "or"
    },
    {
        "end_time": "0:02:57.800000",
        "speaker_tag": 1,
        "start_time": "0:02:57.700000",
        "word": "do"
    },
    {
        "end_time": "0:02:57.900000",
        "speaker_tag": 1,
        "start_time": "0:02:57.800000",
        "word": "I"
    },
    {
        "end_time": "0:02:58",
        "speaker_tag": 1,
        "start_time": "0:02:57.900000",
        "word": "have"
    },
    {
        "end_time": "0:02:58.100000",
        "speaker_tag": 1,
        "start_time": "0:02:58",
        "word": "to"
    },
    {
        "end_time": "0:02:58.300000",
        "speaker_tag": 1,
        "start_time": "0:02:58.100000",
        "word": "talk"
    },
    {
        "end_time": "0:02:58.400000",
        "speaker_tag": 1,
        "start_time": "0:02:58.300000",
        "word": "about"
    },
    {
        "end_time": "0:02:58.800000",
        "speaker_tag": 1,
        "start_time": "0:02:58.400000",
        "word": "this"
    },
    {
        "end_time": "0:02:59.300000",
        "speaker_tag": 1,
        "start_time": "0:02:58.800000",
        "word": "warm"
    },
    {
        "end_time": "0:02:59.800000",
        "speaker_tag": 2,
        "start_time": "0:02:59.300000",
        "word": "trip"
    },
    {
        "end_time": "0:03:02.600000",
        "speaker_tag": 1,
        "start_time": "0:02:59.800000",
        "word": "trip"
    },
    {
        "end_time": "0:03:02.900000",
        "speaker_tag": 1,
        "start_time": "0:03:02.600000",
        "word": "but"
    },
    {
        "end_time": "0:03:03.300000",
        "speaker_tag": 1,
        "start_time": "0:03:02.900000",
        "word": "I"
    },
    {
        "end_time": "0:03:07.600000",
        "speaker_tag": 1,
        "start_time": "0:03:03.300000",
        "word": "left"
    },
    {
        "end_time": "0:03:07.700000",
        "speaker_tag": 1,
        "start_time": "0:03:07.600000",
        "word": "my"
    },
    {
        "end_time": "0:03:08",
        "speaker_tag": 1,
        "start_time": "0:03:07.700000",
        "word": "purse"
    },
    {
        "end_time": "0:03:08.500000",
        "speaker_tag": 1,
        "start_time": "0:03:08",
        "word": "at"
    },
    {
        "end_time": "0:03:08.800000",
        "speaker_tag": 1,
        "start_time": "0:03:08.500000",
        "word": "one"
    },
    {
        "end_time": "0:03:08.800000",
        "speaker_tag": 1,
        "start_time": "0:03:08.800000",
        "word": "of"
    },
    {
        "end_time": "0:03:09",
        "speaker_tag": 1,
        "start_time": "0:03:08.800000",
        "word": "those"
    },
    {
        "end_time": "0:03:09.300000",
        "speaker_tag": 1,
        "start_time": "0:03:09",
        "word": "places"
    },
    {
        "end_time": "0:03:09.700000",
        "speaker_tag": 1,
        "start_time": "0:03:09.300000",
        "word": "if"
    },
    {
        "end_time": "0:03:09.800000",
        "speaker_tag": 1,
        "start_time": "0:03:09.700000",
        "word": "you"
    },
    {
        "end_time": "0:03:09.800000",
        "speaker_tag": 1,
        "start_time": "0:03:09.800000",
        "word": "want"
    },
    {
        "end_time": "0:03:10.200000",
        "speaker_tag": 1,
        "start_time": "0:03:09.800000",
        "word": "to"
    },
    {
        "end_time": "0:03:10.400000",
        "speaker_tag": 1,
        "start_time": "0:03:10.200000",
        "word": "and"
    },
    {
        "end_time": "0:03:10.400000",
        "speaker_tag": 1,
        "start_time": "0:03:10.400000",
        "word": "I"
    },
    {
        "end_time": "0:03:10.600000",
        "speaker_tag": 1,
        "start_time": "0:03:10.400000",
        "word": "didn't"
    },
    {
        "end_time": "0:03:10.800000",
        "speaker_tag": 1,
        "start_time": "0:03:10.600000",
        "word": "realize"
    },
    {
        "end_time": "0:03:11.100000",
        "speaker_tag": 1,
        "start_time": "0:03:10.800000",
        "word": "it"
    },
    {
        "end_time": "0:03:11.400000",
        "speaker_tag": 1,
        "start_time": "0:03:11.100000",
        "word": "for"
    },
    {
        "end_time": "0:03:11.500000",
        "speaker_tag": 1,
        "start_time": "0:03:11.400000",
        "word": "like"
    },
    {
        "end_time": "0:03:11.600000",
        "speaker_tag": 1,
        "start_time": "0:03:11.500000",
        "word": "3"
    },
    {
        "end_time": "0:03:11.900000",
        "speaker_tag": 1,
        "start_time": "0:03:11.600000",
        "word": "hours"
    },
    {
        "end_time": "0:03:12.600000",
        "speaker_tag": 1,
        "start_time": "0:03:11.900000",
        "word": "and"
    },
    {
        "end_time": "0:03:13",
        "speaker_tag": 1,
        "start_time": "0:03:12.600000",
        "word": "then"
    },
    {
        "end_time": "0:03:13.300000",
        "speaker_tag": 1,
        "start_time": "0:03:13",
        "word": "we"
    },
    {
        "end_time": "0:03:13.400000",
        "speaker_tag": 1,
        "start_time": "0:03:13.300000",
        "word": "went"
    },
    {
        "end_time": "0:03:13.600000",
        "speaker_tag": 1,
        "start_time": "0:03:13.400000",
        "word": "back"
    },
    {
        "end_time": "0:03:14.400000",
        "speaker_tag": 1,
        "start_time": "0:03:13.600000",
        "word": "and"
    },
    {
        "end_time": "0:03:14.600000",
        "speaker_tag": 1,
        "start_time": "0:03:14.400000",
        "word": "they"
    },
    {
        "end_time": "0:03:14.800000",
        "speaker_tag": 1,
        "start_time": "0:03:14.600000",
        "word": "still"
    },
    {
        "end_time": "0:03:15",
        "speaker_tag": 1,
        "start_time": "0:03:14.800000",
        "word": "had"
    },
    {
        "end_time": "0:03:15.100000",
        "speaker_tag": 1,
        "start_time": "0:03:15",
        "word": "it"
    },
    {
        "end_time": "0:03:20.900000",
        "speaker_tag": 2,
        "start_time": "0:03:20.100000",
        "word": "my"
    },
    {
        "end_time": "0:03:21.100000",
        "speaker_tag": 2,
        "start_time": "0:03:20.900000",
        "word": "worst"
    },
    {
        "end_time": "0:03:21.200000",
        "speaker_tag": 2,
        "start_time": "0:03:21.100000",
        "word": "nightmare"
    },
    {
        "end_time": "0:03:25.200000",
        "speaker_tag": 1,
        "start_time": "0:03:23.700000",
        "word": "all"
    },
    {
        "end_time": "0:03:25.300000",
        "speaker_tag": 1,
        "start_time": "0:03:25.200000",
        "word": "the"
    },
    {
        "end_time": "0:03:25.800000",
        "speaker_tag": 1,
        "start_time": "0:03:25.300000",
        "word": "houses"
    },
    {
        "end_time": "0:03:26",
        "speaker_tag": 1,
        "start_time": "0:03:25.800000",
        "word": "are"
    },
    {
        "end_time": "0:03:26.300000",
        "speaker_tag": 1,
        "start_time": "0:03:26",
        "word": "really"
    },
    {
        "end_time": "0:03:27.200000",
        "speaker_tag": 1,
        "start_time": "0:03:26.300000",
        "word": "cute."
    },
    {
        "end_time": "0:03:33.100000",
        "speaker_tag": 1,
        "start_time": "0:03:32.600000",
        "word": "Open"
    },
    {
        "end_time": "0:03:33.300000",
        "speaker_tag": 1,
        "start_time": "0:03:33.100000",
        "word": "with"
    },
    {
        "end_time": "0:03:34.200000",
        "speaker_tag": 1,
        "start_time": "0:03:33.300000",
        "word": "driveways"
    },
    {
        "end_time": "0:03:34.400000",
        "speaker_tag": 1,
        "start_time": "0:03:34.200000",
        "word": "room"
    },
    {
        "end_time": "0:03:36.400000",
        "speaker_tag": 1,
        "start_time": "0:03:35.100000",
        "word": "garage"
    },
    {
        "end_time": "0:03:43.900000",
        "speaker_tag": 1,
        "start_time": "0:03:43.500000",
        "word": "how"
    },
    {
        "end_time": "0:03:44.300000",
        "speaker_tag": 1,
        "start_time": "0:03:43.900000",
        "word": "to"
    },
    {
        "end_time": "0:03:44.400000",
        "speaker_tag": 1,
        "start_time": "0:03:44.300000",
        "word": "say"
    },
    {
        "end_time": "0:03:46.200000",
        "speaker_tag": 1,
        "start_time": "0:03:45.900000",
        "word": "there"
    },
    {
        "end_time": "0:03:46.400000",
        "speaker_tag": 1,
        "start_time": "0:03:46.200000",
        "word": "was"
    },
    {
        "end_time": "0:03:46.400000",
        "speaker_tag": 1,
        "start_time": "0:03:46.400000",
        "word": "a"
    },
    {
        "end_time": "0:03:46.600000",
        "speaker_tag": 1,
        "start_time": "0:03:46.400000",
        "word": "lot"
    },
    {
        "end_time": "0:03:46.700000",
        "speaker_tag": 1,
        "start_time": "0:03:46.600000",
        "word": "of"
    },
    {
        "end_time": "0:03:47.300000",
        "speaker_tag": 1,
        "start_time": "0:03:46.700000",
        "word": "cigarette"
    },
    {
        "end_time": "0:03:47.700000",
        "speaker_tag": 1,
        "start_time": "0:03:47.300000",
        "word": "smoke"
    },
    {
        "end_time": "0:03:47.900000",
        "speaker_tag": 1,
        "start_time": "0:03:47.700000",
        "word": "though"
    },
    {
        "end_time": "0:03:49.100000",
        "speaker_tag": 1,
        "start_time": "0:03:47.900000",
        "word": "it"
    },
    {
        "end_time": "0:03:49.200000",
        "speaker_tag": 1,
        "start_time": "0:03:49.100000",
        "word": "was"
    },
    {
        "end_time": "0:03:51.600000",
        "speaker_tag": 1,
        "start_time": "0:03:49.200000",
        "word": "cigarette"
    },
    {
        "end_time": "0:03:52",
        "speaker_tag": 1,
        "start_time": "0:03:51.600000",
        "word": "smoke"
    },
    {
        "end_time": "0:03:52.200000",
        "speaker_tag": 1,
        "start_time": "0:03:52",
        "word": "and"
    },
    {
        "end_time": "0:03:53.100000",
        "speaker_tag": 1,
        "start_time": "0:03:52.200000",
        "word": "dogs"
    },
    {
        "end_time": "0:03:53.400000",
        "speaker_tag": 1,
        "start_time": "0:03:53.100000",
        "word": "or"
    },
    {
        "end_time": "0:03:53.600000",
        "speaker_tag": 1,
        "start_time": "0:03:53.400000",
        "word": "dogs"
    },
    {
        "end_time": "0:03:54.300000",
        "speaker_tag": 1,
        "start_time": "0:03:53.600000",
        "word": "Every"
    },
    {
        "end_time": "0:03:55.900000",
        "speaker_tag": 2,
        "start_time": "0:03:54.300000",
        "word": "Witch"
    },
    {
        "end_time": "0:03:56.100000",
        "speaker_tag": 2,
        "start_time": "0:03:55.900000",
        "word": "Way"
    },
    {
        "end_time": "0:04:07.600000",
        "speaker_tag": 2,
        "start_time": "0:04:05.700000",
        "word": "all"
    },
    {
        "end_time": "0:04:07.800000",
        "speaker_tag": 2,
        "start_time": "0:04:07.600000",
        "word": "the"
    },
    {
        "end_time": "0:04:08",
        "speaker_tag": 2,
        "start_time": "0:04:07.800000",
        "word": "cool"
    },
    {
        "end_time": "0:04:08.400000",
        "speaker_tag": 2,
        "start_time": "0:04:08",
        "word": "cars"
    },
    {
        "end_time": "0:04:19.700000",
        "speaker_tag": 2,
        "start_time": "0:04:19.200000",
        "word": "all"
    },
    {
        "end_time": "0:04:20",
        "speaker_tag": 2,
        "start_time": "0:04:19.700000",
        "word": "right"
    },
    {
        "end_time": "0:04:21.100000",
        "speaker_tag": 2,
        "start_time": "0:04:20",
        "word": "please"
    },
    {
        "end_time": "0:04:21.500000",
        "speaker_tag": 1,
        "start_time": "0:04:21.100000",
        "word": "explain"
    },
    {
        "end_time": "0:04:21.700000",
        "speaker_tag": 1,
        "start_time": "0:04:21.500000",
        "word": "how"
    },
    {
        "end_time": "0:04:21.900000",
        "speaker_tag": 1,
        "start_time": "0:04:21.700000",
        "word": "you"
    },
    {
        "end_time": "0:04:22",
        "speaker_tag": 1,
        "start_time": "0:04:21.900000",
        "word": "would"
    },
    {
        "end_time": "0:04:22.200000",
        "speaker_tag": 1,
        "start_time": "0:04:22",
        "word": "make"
    },
    {
        "end_time": "0:04:22.300000",
        "speaker_tag": 1,
        "start_time": "0:04:22.200000",
        "word": "the"
    },
    {
        "end_time": "0:04:22.700000",
        "speaker_tag": 1,
        "start_time": "0:04:22.300000",
        "word": "following"
    },
    {
        "end_time": "0:04:23.100000",
        "speaker_tag": 1,
        "start_time": "0:04:22.700000",
        "word": "meal"
    },
    {
        "end_time": "0:04:23.900000",
        "speaker_tag": 2,
        "start_time": "0:04:23.100000",
        "word": "step-by-step"
    },
    {
        "end_time": "0:04:24.500000",
        "speaker_tag": 2,
        "start_time": "0:04:23.900000",
        "word": "a"
    },
    {
        "end_time": "0:04:24.800000",
        "speaker_tag": 2,
        "start_time": "0:04:24.500000",
        "word": "cup"
    },
    {
        "end_time": "0:04:24.900000",
        "speaker_tag": 2,
        "start_time": "0:04:24.800000",
        "word": "of"
    },
    {
        "end_time": "0:04:25.200000",
        "speaker_tag": 2,
        "start_time": "0:04:24.900000",
        "word": "coffee"
    },
    {
        "end_time": "0:04:26.100000",
        "speaker_tag": 2,
        "start_time": "0:04:25.200000",
        "word": "scrambled"
    },
    {
        "end_time": "0:04:26.500000",
        "speaker_tag": 2,
        "start_time": "0:04:26.100000",
        "word": "eggs"
    },
    {
        "end_time": "0:04:26.700000",
        "speaker_tag": 2,
        "start_time": "0:04:26.500000",
        "word": "and"
    },
    {
        "end_time": "0:04:26.800000",
        "speaker_tag": 2,
        "start_time": "0:04:26.700000",
        "word": "a"
    },
    {
        "end_time": "0:04:27",
        "speaker_tag": 2,
        "start_time": "0:04:26.800000",
        "word": "bowl"
    },
    {
        "end_time": "0:04:27",
        "speaker_tag": 2,
        "start_time": "0:04:27",
        "word": "of"
    },
    {
        "end_time": "0:04:27.400000",
        "speaker_tag": 2,
        "start_time": "0:04:27",
        "word": "fruit"
    },
    {
        "end_time": "0:04:28.200000",
        "speaker_tag": 2,
        "start_time": "0:04:27.400000",
        "word": "pretend"
    },
    {
        "end_time": "0:04:28.300000",
        "speaker_tag": 2,
        "start_time": "0:04:28.200000",
        "word": "I"
    },
    {
        "end_time": "0:04:28.500000",
        "speaker_tag": 2,
        "start_time": "0:04:28.300000",
        "word": "do"
    },
    {
        "end_time": "0:04:28.700000",
        "speaker_tag": 1,
        "start_time": "0:04:28.500000",
        "word": "not"
    },
    {
        "end_time": "0:04:28.900000",
        "speaker_tag": 1,
        "start_time": "0:04:28.700000",
        "word": "know"
    },
    {
        "end_time": "0:04:29.100000",
        "speaker_tag": 1,
        "start_time": "0:04:28.900000",
        "word": "how"
    },
    {
        "end_time": "0:04:29.100000",
        "speaker_tag": 1,
        "start_time": "0:04:29.100000",
        "word": "to"
    },
    {
        "end_time": "0:04:29.400000",
        "speaker_tag": 1,
        "start_time": "0:04:29.100000",
        "word": "make"
    },
    {
        "end_time": "0:04:29.500000",
        "speaker_tag": 1,
        "start_time": "0:04:29.400000",
        "word": "the"
    },
    {
        "end_time": "0:04:29.700000",
        "speaker_tag": 1,
        "start_time": "0:04:29.500000",
        "word": "meal"
    },
    {
        "end_time": "0:04:30",
        "speaker_tag": 1,
        "start_time": "0:04:29.700000",
        "word": "and"
    },
    {
        "end_time": "0:04:30.400000",
        "speaker_tag": 1,
        "start_time": "0:04:30",
        "word": "provide"
    },
    {
        "end_time": "0:04:31",
        "speaker_tag": 2,
        "start_time": "0:04:30.400000",
        "word": "details"
    },
    {
        "end_time": "0:04:31.300000",
        "speaker_tag": 2,
        "start_time": "0:04:31",
        "word": "I"
    },
    {
        "end_time": "0:04:31.600000",
        "speaker_tag": 2,
        "start_time": "0:04:31.300000",
        "word": "will"
    },
    {
        "end_time": "0:04:31.700000",
        "speaker_tag": 2,
        "start_time": "0:04:31.600000",
        "word": "tell"
    },
    {
        "end_time": "0:04:31.900000",
        "speaker_tag": 2,
        "start_time": "0:04:31.700000",
        "word": "you"
    },
    {
        "end_time": "0:04:31.900000",
        "speaker_tag": 2,
        "start_time": "0:04:31.900000",
        "word": "when"
    },
    {
        "end_time": "0:04:32",
        "speaker_tag": 2,
        "start_time": "0:04:31.900000",
        "word": "to"
    },
    {
        "end_time": "0:04:32.100000",
        "speaker_tag": 2,
        "start_time": "0:04:32",
        "word": "stop"
    },
    {
        "end_time": "0:04:32.900000",
        "speaker_tag": 2,
        "start_time": "0:04:32.100000",
        "word": "by"
    },
    {
        "end_time": "0:04:34.300000",
        "speaker_tag": 1,
        "start_time": "0:04:32.900000",
        "word": "for"
    },
    {
        "end_time": "0:04:34.600000",
        "speaker_tag": 1,
        "start_time": "0:04:34.300000",
        "word": "coffee"
    },
    {
        "end_time": "0:04:35.100000",
        "speaker_tag": 1,
        "start_time": "0:04:34.600000",
        "word": "I"
    },
    {
        "end_time": "0:04:35.600000",
        "speaker_tag": 1,
        "start_time": "0:04:35.100000",
        "word": "never"
    },
    {
        "end_time": "0:04:35.900000",
        "speaker_tag": 1,
        "start_time": "0:04:35.600000",
        "word": "drink"
    },
    {
        "end_time": "0:04:36.500000",
        "speaker_tag": 1,
        "start_time": "0:04:35.900000",
        "word": "coffee"
    },
    {
        "end_time": "0:04:36.700000",
        "speaker_tag": 1,
        "start_time": "0:04:36.500000",
        "word": "so"
    },
    {
        "end_time": "0:04:36.700000",
        "speaker_tag": 1,
        "start_time": "0:04:36.700000",
        "word": "I"
    },
    {
        "end_time": "0:04:36.900000",
        "speaker_tag": 1,
        "start_time": "0:04:36.700000",
        "word": "don't"
    },
    {
        "end_time": "0:04:36.900000",
        "speaker_tag": 1,
        "start_time": "0:04:36.900000",
        "word": "think"
    },
    {
        "end_time": "0:04:37.200000",
        "speaker_tag": 1,
        "start_time": "0:04:36.900000",
        "word": "I've"
    },
    {
        "end_time": "0:04:37.200000",
        "speaker_tag": 1,
        "start_time": "0:04:37.200000",
        "word": "ever"
    },
    {
        "end_time": "0:04:37.700000",
        "speaker_tag": 1,
        "start_time": "0:04:37.200000",
        "word": "made"
    },
    {
        "end_time": "0:04:38",
        "speaker_tag": 1,
        "start_time": "0:04:37.700000",
        "word": "myself"
    },
    {
        "end_time": "0:04:38.200000",
        "speaker_tag": 1,
        "start_time": "0:04:38",
        "word": "a"
    },
    {
        "end_time": "0:04:38.400000",
        "speaker_tag": 1,
        "start_time": "0:04:38.200000",
        "word": "cup"
    },
    {
        "end_time": "0:04:38.500000",
        "speaker_tag": 1,
        "start_time": "0:04:38.400000",
        "word": "of"
    },
    {
        "end_time": "0:04:38.800000",
        "speaker_tag": 1,
        "start_time": "0:04:38.500000",
        "word": "coffee"
    },
    {
        "end_time": "0:04:39.200000",
        "speaker_tag": 1,
        "start_time": "0:04:38.800000",
        "word": "but"
    },
    {
        "end_time": "0:04:39.300000",
        "speaker_tag": 1,
        "start_time": "0:04:39.200000",
        "word": "I"
    },
    {
        "end_time": "0:04:39.600000",
        "speaker_tag": 1,
        "start_time": "0:04:39.300000",
        "word": "have"
    },
    {
        "end_time": "0:04:39.700000",
        "speaker_tag": 1,
        "start_time": "0:04:39.600000",
        "word": "a"
    },
    {
        "end_time": "0:04:40.200000",
        "speaker_tag": 1,
        "start_time": "0:04:39.700000",
        "word": "Keurig"
    },
    {
        "end_time": "0:04:41.500000",
        "speaker_tag": 1,
        "start_time": "0:04:40.200000",
        "word": "but"
    },
    {
        "end_time": "0:04:41.600000",
        "speaker_tag": 1,
        "start_time": "0:04:41.500000",
        "word": "I"
    },
    {
        "end_time": "0:04:41.800000",
        "speaker_tag": 1,
        "start_time": "0:04:41.600000",
        "word": "got"
    },
    {
        "end_time": "0:04:42",
        "speaker_tag": 1,
        "start_time": "0:04:41.800000",
        "word": "for"
    },
    {
        "end_time": "0:04:42.300000",
        "speaker_tag": 1,
        "start_time": "0:04:42",
        "word": "free"
    },
    {
        "end_time": "0:04:42.400000",
        "speaker_tag": 1,
        "start_time": "0:04:42.300000",
        "word": "if"
    },
    {
        "end_time": "0:04:42.600000",
        "speaker_tag": 1,
        "start_time": "0:04:42.400000",
        "word": "you"
    },
    {
        "end_time": "0:04:45.600000",
        "speaker_tag": 1,
        "start_time": "0:04:42.600000",
        "word": "have"
    },
    {
        "end_time": "0:04:45.900000",
        "speaker_tag": 1,
        "start_time": "0:04:45.600000",
        "word": "poo"
    },
    {
        "end_time": "0:04:45.900000",
        "speaker_tag": 1,
        "start_time": "0:04:45.900000",
        "word": "poo"
    },
    {
        "end_time": "0:04:46.500000",
        "speaker_tag": 1,
        "start_time": "0:04:45.900000",
        "word": "coffee"
    },
    {
        "end_time": "0:04:47.300000",
        "speaker_tag": 1,
        "start_time": "0:04:46.500000",
        "word": "pods"
    },
    {
        "end_time": "0:04:48.100000",
        "speaker_tag": 1,
        "start_time": "0:04:47.300000",
        "word": "you"
    },
    {
        "end_time": "0:04:48.400000",
        "speaker_tag": 1,
        "start_time": "0:04:48.100000",
        "word": "open"
    },
    {
        "end_time": "0:04:48.500000",
        "speaker_tag": 1,
        "start_time": "0:04:48.400000",
        "word": "up"
    },
    {
        "end_time": "0:04:48.600000",
        "speaker_tag": 1,
        "start_time": "0:04:48.500000",
        "word": "the"
    },
    {
        "end_time": "0:04:48.900000",
        "speaker_tag": 1,
        "start_time": "0:04:48.600000",
        "word": "saying"
    },
    {
        "end_time": "0:04:49.100000",
        "speaker_tag": 1,
        "start_time": "0:04:48.900000",
        "word": "we"
    },
    {
        "end_time": "0:04:49.300000",
        "speaker_tag": 1,
        "start_time": "0:04:49.100000",
        "word": "put"
    },
    {
        "end_time": "0:04:49.400000",
        "speaker_tag": 1,
        "start_time": "0:04:49.300000",
        "word": "in"
    },
    {
        "end_time": "0:04:49.500000",
        "speaker_tag": 1,
        "start_time": "0:04:49.400000",
        "word": "a"
    },
    {
        "end_time": "0:04:49.900000",
        "speaker_tag": 1,
        "start_time": "0:04:49.500000",
        "word": "coffee"
    },
    {
        "end_time": "0:04:49.900000",
        "speaker_tag": 1,
        "start_time": "0:04:49.900000",
        "word": "pot"
    },
    {
        "end_time": "0:04:50.300000",
        "speaker_tag": 1,
        "start_time": "0:04:49.900000",
        "word": "and"
    },
    {
        "end_time": "0:04:50.700000",
        "speaker_tag": 1,
        "start_time": "0:04:50.300000",
        "word": "close"
    },
    {
        "end_time": "0:04:50.900000",
        "speaker_tag": 1,
        "start_time": "0:04:50.700000",
        "word": "it"
    },
    {
        "end_time": "0:04:51",
        "speaker_tag": 1,
        "start_time": "0:04:50.900000",
        "word": "and"
    },
    {
        "end_time": "0:04:51.200000",
        "speaker_tag": 1,
        "start_time": "0:04:51",
        "word": "it'll"
    },
    {
        "end_time": "0:04:51.400000",
        "speaker_tag": 1,
        "start_time": "0:04:51.200000",
        "word": "make"
    },
    {
        "end_time": "0:04:51.700000",
        "speaker_tag": 1,
        "start_time": "0:04:51.400000",
        "word": "the"
    },
    {
        "end_time": "0:04:51.900000",
        "speaker_tag": 1,
        "start_time": "0:04:51.700000",
        "word": "coffee"
    },
    {
        "end_time": "0:04:52.400000",
        "speaker_tag": 1,
        "start_time": "0:04:51.900000",
        "word": "for"
    },
    {
        "end_time": "0:04:52.700000",
        "speaker_tag": 2,
        "start_time": "0:04:52.400000",
        "word": "you"
    },
    {
        "end_time": "0:04:57.100000",
        "speaker_tag": 1,
        "start_time": "0:04:52.700000",
        "word": "the"
    },
    {
        "end_time": "0:04:57.200000",
        "speaker_tag": 1,
        "start_time": "0:04:57.100000",
        "word": "next"
    },
    {
        "end_time": "0:04:57.400000",
        "speaker_tag": 1,
        "start_time": "0:04:57.200000",
        "word": "time"
    },
    {
        "end_time": "0:04:57.600000",
        "speaker_tag": 1,
        "start_time": "0:04:57.400000",
        "word": "to"
    },
    {
        "end_time": "0:04:58",
        "speaker_tag": 1,
        "start_time": "0:04:57.600000",
        "word": "scramble"
    },
    {
        "end_time": "0:04:58.500000",
        "speaker_tag": 1,
        "start_time": "0:04:58",
        "word": "guide"
    },
    {
        "end_time": "0:05:00.400000",
        "speaker_tag": 1,
        "start_time": "0:04:59.800000",
        "word": "continue"
    },
    {
        "end_time": "0:05:00.800000",
        "speaker_tag": 1,
        "start_time": "0:05:00.400000",
        "word": "couple"
    },
    {
        "end_time": "0:05:01.200000",
        "speaker_tag": 1,
        "start_time": "0:05:00.800000",
        "word": "ads"
    },
    {
        "end_time": "0:05:01.500000",
        "speaker_tag": 1,
        "start_time": "0:05:01.200000",
        "word": "gray"
    },
    {
        "end_time": "0:05:02.300000",
        "speaker_tag": 1,
        "start_time": "0:05:01.500000",
        "word": "commendable"
    },
    {
        "end_time": "0:05:04.300000",
        "speaker_tag": 1,
        "start_time": "0:05:02.300000",
        "word": "require"
    },
    {
        "end_time": "0:05:04.600000",
        "speaker_tag": 1,
        "start_time": "0:05:04.300000",
        "word": "bread"
    },
    {
        "end_time": "0:05:05.100000",
        "speaker_tag": 1,
        "start_time": "0:05:04.600000",
        "word": "milk"
    },
    {
        "end_time": "0:05:06.500000",
        "speaker_tag": 1,
        "start_time": "0:05:05.100000",
        "word": "when"
    },
    {
        "end_time": "0:05:06.600000",
        "speaker_tag": 1,
        "start_time": "0:05:06.500000",
        "word": "we"
    },
    {
        "end_time": "0:05:06.900000",
        "speaker_tag": 1,
        "start_time": "0:05:06.600000",
        "word": "wake"
    },
    {
        "end_time": "0:05:07.200000",
        "speaker_tag": 1,
        "start_time": "0:05:06.900000",
        "word": "beat"
    },
    {
        "end_time": "0:05:07.400000",
        "speaker_tag": 1,
        "start_time": "0:05:07.200000",
        "word": "them"
    },
    {
        "end_time": "0:05:07.600000",
        "speaker_tag": 1,
        "start_time": "0:05:07.400000",
        "word": "with"
    },
    {
        "end_time": "0:05:07.600000",
        "speaker_tag": 1,
        "start_time": "0:05:07.600000",
        "word": "a"
    },
    {
        "end_time": "0:05:08.200000",
        "speaker_tag": 1,
        "start_time": "0:05:07.600000",
        "word": "fork"
    },
    {
        "end_time": "0:05:14",
        "speaker_tag": 1,
        "start_time": "0:05:12.100000",
        "word": "exam4"
    },
    {
        "end_time": "0:05:14.700000",
        "speaker_tag": 1,
        "start_time": "0:05:14",
        "word": "into"
    },
    {
        "end_time": "0:05:14.800000",
        "speaker_tag": 1,
        "start_time": "0:05:14.700000",
        "word": "a"
    },
    {
        "end_time": "0:05:15.200000",
        "speaker_tag": 1,
        "start_time": "0:05:14.800000",
        "word": "frying"
    },
    {
        "end_time": "0:05:17.800000",
        "speaker_tag": 1,
        "start_time": "0:05:15.200000",
        "word": "pan."
    },
    {
        "end_time": "0:05:20.900000",
        "speaker_tag": 2,
        "start_time": "0:05:20.600000",
        "word": "How"
    },
    {
        "end_time": "0:05:21.100000",
        "speaker_tag": 2,
        "start_time": "0:05:20.900000",
        "word": "you"
    },
    {
        "end_time": "0:05:21.300000",
        "speaker_tag": 2,
        "start_time": "0:05:21.100000",
        "word": "like"
    },
    {
        "end_time": "0:05:21.400000",
        "speaker_tag": 2,
        "start_time": "0:05:21.300000",
        "word": "it"
    },
    {
        "end_time": "0:05:22.500000",
        "speaker_tag": 2,
        "start_time": "0:05:21.400000",
        "word": "and"
    },
    {
        "end_time": "0:05:22.900000",
        "speaker_tag": 2,
        "start_time": "0:05:22.500000",
        "word": "then"
    },
    {
        "end_time": "0:05:23.500000",
        "speaker_tag": 2,
        "start_time": "0:05:22.900000",
        "word": "a"
    },
    {
        "end_time": "0:05:23.900000",
        "speaker_tag": 1,
        "start_time": "0:05:23.500000",
        "word": "bowl"
    },
    {
        "end_time": "0:05:24",
        "speaker_tag": 1,
        "start_time": "0:05:23.900000",
        "word": "of"
    },
    {
        "end_time": "0:05:24.700000",
        "speaker_tag": 1,
        "start_time": "0:05:24",
        "word": "fruit"
    },
    {
        "end_time": "0:05:24.900000",
        "speaker_tag": 1,
        "start_time": "0:05:24.700000",
        "word": "with"
    },
    {
        "end_time": "0:05:25.100000",
        "speaker_tag": 1,
        "start_time": "0:05:24.900000",
        "word": "the"
    },
    {
        "end_time": "0:05:25.500000",
        "speaker_tag": 1,
        "start_time": "0:05:25.100000",
        "word": "last"
    },
    {
        "end_time": "0:05:25.900000",
        "speaker_tag": 1,
        "start_time": "0:05:25.500000",
        "word": "one"
    },
    {
        "end_time": "0:05:27.100000",
        "speaker_tag": 1,
        "start_time": "0:05:25.900000",
        "word": "you"
    },
    {
        "end_time": "0:05:27.300000",
        "speaker_tag": 1,
        "start_time": "0:05:27.100000",
        "word": "get"
    },
    {
        "end_time": "0:05:27.700000",
        "speaker_tag": 1,
        "start_time": "0:05:27.300000",
        "word": "some"
    },
    {
        "end_time": "0:05:28",
        "speaker_tag": 1,
        "start_time": "0:05:27.700000",
        "word": "food"
    },
    {
        "end_time": "0:05:29",
        "speaker_tag": 1,
        "start_time": "0:05:28",
        "word": "from"
    },
    {
        "end_time": "0:05:29.700000",
        "speaker_tag": 1,
        "start_time": "0:05:29",
        "word": "store"
    },
    {
        "end_time": "0:05:30.500000",
        "speaker_tag": 1,
        "start_time": "0:05:29.700000",
        "word": "and"
    },
    {
        "end_time": "0:05:31",
        "speaker_tag": 1,
        "start_time": "0:05:30.500000",
        "word": "cut"
    },
    {
        "end_time": "0:05:31.200000",
        "speaker_tag": 2,
        "start_time": "0:05:31",
        "word": "them"
    },
    {
        "end_time": "0:05:31.300000",
        "speaker_tag": 2,
        "start_time": "0:05:31.200000",
        "word": "up"
    }
]