[
    {
        "end_time": "0:00:03.100000",
        "speaker_tag": 2,
        "start_time": "0:00:02.400000",
        "word": "Stryker"
    },
    {
        "end_time": "0:00:13.600000",
        "speaker_tag": 2,
        "start_time": "0:00:12.400000",
        "word": "tell"
    },
    {
        "end_time": "0:00:13.800000",
        "speaker_tag": 2,
        "start_time": "0:00:13.600000",
        "word": "me"
    },
    {
        "end_time": "0:00:14",
        "speaker_tag": 2,
        "start_time": "0:00:13.800000",
        "word": "about"
    },
    {
        "end_time": "0:00:14.100000",
        "speaker_tag": 2,
        "start_time": "0:00:14",
        "word": "a"
    },
    {
        "end_time": "0:00:14.400000",
        "speaker_tag": 2,
        "start_time": "0:00:14.100000",
        "word": "trip"
    },
    {
        "end_time": "0:00:14.600000",
        "speaker_tag": 2,
        "start_time": "0:00:14.400000",
        "word": "or"
    },
    {
        "end_time": "0:00:14.600000",
        "speaker_tag": 2,
        "start_time": "0:00:14.600000",
        "word": "vacation"
    },
    {
        "end_time": "0:00:15.200000",
        "speaker_tag": 2,
        "start_time": "0:00:14.600000",
        "word": "that"
    },
    {
        "end_time": "0:00:15.600000",
        "speaker_tag": 2,
        "start_time": "0:00:15.200000",
        "word": "you've"
    },
    {
        "end_time": "0:00:15.800000",
        "speaker_tag": 2,
        "start_time": "0:00:15.600000",
        "word": "taken"
    },
    {
        "end_time": "0:00:16.800000",
        "speaker_tag": 2,
        "start_time": "0:00:15.800000",
        "word": "you"
    },
    {
        "end_time": "0:00:16.900000",
        "speaker_tag": 2,
        "start_time": "0:00:16.800000",
        "word": "may"
    },
    {
        "end_time": "0:00:17.200000",
        "speaker_tag": 2,
        "start_time": "0:00:16.900000",
        "word": "provide"
    },
    {
        "end_time": "0:00:17.400000",
        "speaker_tag": 2,
        "start_time": "0:00:17.200000",
        "word": "as"
    },
    {
        "end_time": "0:00:17.700000",
        "speaker_tag": 2,
        "start_time": "0:00:17.400000",
        "word": "many"
    },
    {
        "end_time": "0:00:17.900000",
        "speaker_tag": 2,
        "start_time": "0:00:17.700000",
        "word": "details"
    },
    {
        "end_time": "0:00:18.300000",
        "speaker_tag": 2,
        "start_time": "0:00:17.900000",
        "word": "as"
    },
    {
        "end_time": "0:00:19",
        "speaker_tag": 2,
        "start_time": "0:00:18.300000",
        "word": "necessary"
    },
    {
        "end_time": "0:00:19.600000",
        "speaker_tag": 2,
        "start_time": "0:00:19",
        "word": "you"
    },
    {
        "end_time": "0:00:19.700000",
        "speaker_tag": 2,
        "start_time": "0:00:19.600000",
        "word": "have"
    },
    {
        "end_time": "0:00:20",
        "speaker_tag": 2,
        "start_time": "0:00:19.700000",
        "word": "five"
    },
    {
        "end_time": "0:00:20.100000",
        "speaker_tag": 2,
        "start_time": "0:00:20",
        "word": "bucks"
    },
    {
        "end_time": "0:00:22.900000",
        "speaker_tag": 1,
        "start_time": "0:00:22.500000",
        "word": "so"
    },
    {
        "end_time": "0:00:25.100000",
        "speaker_tag": 1,
        "start_time": "0:00:24.200000",
        "word": "most"
    },
    {
        "end_time": "0:00:25.400000",
        "speaker_tag": 1,
        "start_time": "0:00:25.100000",
        "word": "recent"
    },
    {
        "end_time": "0:00:25.500000",
        "speaker_tag": 1,
        "start_time": "0:00:25.400000",
        "word": "vacation"
    },
    {
        "end_time": "0:00:27.600000",
        "speaker_tag": 2,
        "start_time": "0:00:25.500000",
        "word": "winter"
    },
    {
        "end_time": "0:00:28.200000",
        "speaker_tag": 1,
        "start_time": "0:00:27.600000",
        "word": "break"
    },
    {
        "end_time": "0:00:29.200000",
        "speaker_tag": 1,
        "start_time": "0:00:28.200000",
        "word": "so"
    },
    {
        "end_time": "0:00:29.300000",
        "speaker_tag": 1,
        "start_time": "0:00:29.200000",
        "word": "it's"
    },
    {
        "end_time": "0:00:29.600000",
        "speaker_tag": 1,
        "start_time": "0:00:29.300000",
        "word": "winter"
    },
    {
        "end_time": "0:00:29.700000",
        "speaker_tag": 1,
        "start_time": "0:00:29.600000",
        "word": "break"
    },
    {
        "end_time": "0:00:30.500000",
        "speaker_tag": 1,
        "start_time": "0:00:29.700000",
        "word": "and"
    },
    {
        "end_time": "0:00:30.600000",
        "speaker_tag": 1,
        "start_time": "0:00:30.500000",
        "word": "it"
    },
    {
        "end_time": "0:00:30.700000",
        "speaker_tag": 1,
        "start_time": "0:00:30.600000",
        "word": "was"
    },
    {
        "end_time": "0:00:30.900000",
        "speaker_tag": 1,
        "start_time": "0:00:30.700000",
        "word": "few"
    },
    {
        "end_time": "0:00:31.400000",
        "speaker_tag": 1,
        "start_time": "0:00:30.900000",
        "word": "years"
    },
    {
        "end_time": "0:00:31.800000",
        "speaker_tag": 1,
        "start_time": "0:00:31.400000",
        "word": "and"
    },
    {
        "end_time": "0:00:31.900000",
        "speaker_tag": 1,
        "start_time": "0:00:31.800000",
        "word": "we"
    },
    {
        "end_time": "0:00:32.300000",
        "speaker_tag": 1,
        "start_time": "0:00:31.900000",
        "word": "decided"
    },
    {
        "end_time": "0:00:32.400000",
        "speaker_tag": 1,
        "start_time": "0:00:32.300000",
        "word": "to"
    },
    {
        "end_time": "0:00:32.500000",
        "speaker_tag": 1,
        "start_time": "0:00:32.400000",
        "word": "go"
    },
    {
        "end_time": "0:00:32.600000",
        "speaker_tag": 1,
        "start_time": "0:00:32.500000",
        "word": "to"
    },
    {
        "end_time": "0:00:33.300000",
        "speaker_tag": 1,
        "start_time": "0:00:32.600000",
        "word": "Vegas"
    },
    {
        "end_time": "0:00:34.500000",
        "speaker_tag": 1,
        "start_time": "0:00:33.300000",
        "word": "because"
    },
    {
        "end_time": "0:00:34.900000",
        "speaker_tag": 1,
        "start_time": "0:00:34.500000",
        "word": "my"
    },
    {
        "end_time": "0:00:35.200000",
        "speaker_tag": 1,
        "start_time": "0:00:34.900000",
        "word": "mom"
    },
    {
        "end_time": "0:00:35.500000",
        "speaker_tag": 1,
        "start_time": "0:00:35.200000",
        "word": "moved"
    },
    {
        "end_time": "0:00:35.900000",
        "speaker_tag": 1,
        "start_time": "0:00:35.500000",
        "word": "there"
    },
    {
        "end_time": "0:00:36.400000",
        "speaker_tag": 1,
        "start_time": "0:00:35.900000",
        "word": "a"
    },
    {
        "end_time": "0:00:36.600000",
        "speaker_tag": 1,
        "start_time": "0:00:36.400000",
        "word": "year"
    },
    {
        "end_time": "0:00:36.700000",
        "speaker_tag": 1,
        "start_time": "0:00:36.600000",
        "word": "ago"
    },
    {
        "end_time": "0:00:37.800000",
        "speaker_tag": 1,
        "start_time": "0:00:36.700000",
        "word": "and"
    },
    {
        "end_time": "0:00:38.100000",
        "speaker_tag": 1,
        "start_time": "0:00:37.800000",
        "word": "the"
    },
    {
        "end_time": "0:00:38.400000",
        "speaker_tag": 1,
        "start_time": "0:00:38.100000",
        "word": "following"
    },
    {
        "end_time": "0:00:39",
        "speaker_tag": 1,
        "start_time": "0:00:38.400000",
        "word": "many"
    },
    {
        "end_time": "0:00:39.300000",
        "speaker_tag": 1,
        "start_time": "0:00:39",
        "word": "years"
    },
    {
        "end_time": "0:00:39.600000",
        "speaker_tag": 1,
        "start_time": "0:00:39.300000",
        "word": "I"
    },
    {
        "end_time": "0:00:39.900000",
        "speaker_tag": 1,
        "start_time": "0:00:39.600000",
        "word": "had"
    },
    {
        "end_time": "0:00:40",
        "speaker_tag": 1,
        "start_time": "0:00:39.900000",
        "word": "to"
    },
    {
        "end_time": "0:00:40.100000",
        "speaker_tag": 1,
        "start_time": "0:00:40",
        "word": "go"
    },
    {
        "end_time": "0:00:40.400000",
        "speaker_tag": 1,
        "start_time": "0:00:40.100000",
        "word": "pick"
    },
    {
        "end_time": "0:00:40.600000",
        "speaker_tag": 1,
        "start_time": "0:00:40.400000",
        "word": "up"
    },
    {
        "end_time": "0:00:40.600000",
        "speaker_tag": 1,
        "start_time": "0:00:40.600000",
        "word": "the"
    },
    {
        "end_time": "0:00:41",
        "speaker_tag": 1,
        "start_time": "0:00:40.600000",
        "word": "keys"
    },
    {
        "end_time": "0:00:41.400000",
        "speaker_tag": 1,
        "start_time": "0:00:41",
        "word": "for"
    },
    {
        "end_time": "0:00:41.600000",
        "speaker_tag": 1,
        "start_time": "0:00:41.400000",
        "word": "her"
    },
    {
        "end_time": "0:00:42",
        "speaker_tag": 1,
        "start_time": "0:00:41.600000",
        "word": "since"
    },
    {
        "end_time": "0:00:42.200000",
        "speaker_tag": 1,
        "start_time": "0:00:42",
        "word": "she"
    },
    {
        "end_time": "0:00:42.500000",
        "speaker_tag": 1,
        "start_time": "0:00:42.200000",
        "word": "works"
    },
    {
        "end_time": "0:00:42.800000",
        "speaker_tag": 1,
        "start_time": "0:00:42.500000",
        "word": "overseas"
    },
    {
        "end_time": "0:00:44.100000",
        "speaker_tag": 1,
        "start_time": "0:00:42.800000",
        "word": "so"
    },
    {
        "end_time": "0:00:45.600000",
        "speaker_tag": 1,
        "start_time": "0:00:44.100000",
        "word": "go"
    },
    {
        "end_time": "0:00:45.800000",
        "speaker_tag": 1,
        "start_time": "0:00:45.600000",
        "word": "there"
    },
    {
        "end_time": "0:00:46.100000",
        "speaker_tag": 1,
        "start_time": "0:00:45.800000",
        "word": "then"
    },
    {
        "end_time": "0:00:46.900000",
        "speaker_tag": 1,
        "start_time": "0:00:46.100000",
        "word": "that"
    },
    {
        "end_time": "0:00:47.100000",
        "speaker_tag": 1,
        "start_time": "0:00:46.900000",
        "word": "drove"
    },
    {
        "end_time": "0:00:47.300000",
        "speaker_tag": 1,
        "start_time": "0:00:47.100000",
        "word": "there"
    },
    {
        "end_time": "0:00:47.600000",
        "speaker_tag": 1,
        "start_time": "0:00:47.300000",
        "word": "again"
    },
    {
        "end_time": "0:00:47.700000",
        "speaker_tag": 1,
        "start_time": "0:00:47.600000",
        "word": "this"
    },
    {
        "end_time": "0:00:48",
        "speaker_tag": 1,
        "start_time": "0:00:47.700000",
        "word": "time"
    },
    {
        "end_time": "0:00:48.500000",
        "speaker_tag": 1,
        "start_time": "0:00:48",
        "word": "with"
    },
    {
        "end_time": "0:00:48.800000",
        "speaker_tag": 1,
        "start_time": "0:00:48.500000",
        "word": "my"
    },
    {
        "end_time": "0:00:49",
        "speaker_tag": 1,
        "start_time": "0:00:48.800000",
        "word": "dad"
    },
    {
        "end_time": "0:00:49.200000",
        "speaker_tag": 1,
        "start_time": "0:00:49",
        "word": "and"
    },
    {
        "end_time": "0:00:49.300000",
        "speaker_tag": 1,
        "start_time": "0:00:49.200000",
        "word": "my"
    },
    {
        "end_time": "0:00:49.700000",
        "speaker_tag": 1,
        "start_time": "0:00:49.300000",
        "word": "brother"
    },
    {
        "end_time": "0:00:53.600000",
        "speaker_tag": 1,
        "start_time": "0:00:49.700000",
        "word": "the"
    },
    {
        "end_time": "0:00:53.800000",
        "speaker_tag": 1,
        "start_time": "0:00:53.600000",
        "word": "drive"
    },
    {
        "end_time": "0:00:54",
        "speaker_tag": 1,
        "start_time": "0:00:53.800000",
        "word": "was"
    },
    {
        "end_time": "0:00:54.600000",
        "speaker_tag": 1,
        "start_time": "0:00:54",
        "word": "fast"
    },
    {
        "end_time": "0:00:54.800000",
        "speaker_tag": 1,
        "start_time": "0:00:54.600000",
        "word": "took"
    },
    {
        "end_time": "0:00:55.400000",
        "speaker_tag": 1,
        "start_time": "0:00:54.800000",
        "word": "turns"
    },
    {
        "end_time": "0:00:55.600000",
        "speaker_tag": 1,
        "start_time": "0:00:55.400000",
        "word": "got"
    },
    {
        "end_time": "0:00:55.800000",
        "speaker_tag": 1,
        "start_time": "0:00:55.600000",
        "word": "there"
    },
    {
        "end_time": "0:00:56.200000",
        "speaker_tag": 1,
        "start_time": "0:00:55.800000",
        "word": "earlier"
    },
    {
        "end_time": "0:00:56.400000",
        "speaker_tag": 1,
        "start_time": "0:00:56.200000",
        "word": "than"
    },
    {
        "end_time": "0:00:56.500000",
        "speaker_tag": 1,
        "start_time": "0:00:56.400000",
        "word": "we"
    },
    {
        "end_time": "0:00:56.600000",
        "speaker_tag": 1,
        "start_time": "0:00:56.500000",
        "word": "thought"
    },
    {
        "end_time": "0:00:57.200000",
        "speaker_tag": 1,
        "start_time": "0:00:56.600000",
        "word": "cuz"
    },
    {
        "end_time": "0:00:58.100000",
        "speaker_tag": 1,
        "start_time": "0:00:57.200000",
        "word": "I"
    },
    {
        "end_time": "0:00:58.400000",
        "speaker_tag": 1,
        "start_time": "0:00:58.100000",
        "word": "didn't"
    },
    {
        "end_time": "0:00:58.400000",
        "speaker_tag": 1,
        "start_time": "0:00:58.400000",
        "word": "realize"
    },
    {
        "end_time": "0:00:58.700000",
        "speaker_tag": 1,
        "start_time": "0:00:58.400000",
        "word": "my"
    },
    {
        "end_time": "0:00:58.900000",
        "speaker_tag": 1,
        "start_time": "0:00:58.700000",
        "word": "dad"
    },
    {
        "end_time": "0:00:59.100000",
        "speaker_tag": 1,
        "start_time": "0:00:58.900000",
        "word": "real"
    },
    {
        "end_time": "0:00:59.500000",
        "speaker_tag": 1,
        "start_time": "0:00:59.100000",
        "word": "fast"
    },
    {
        "end_time": "0:00:59.600000",
        "speaker_tag": 1,
        "start_time": "0:00:59.500000",
        "word": "cuz"
    },
    {
        "end_time": "0:00:59.700000",
        "speaker_tag": 1,
        "start_time": "0:00:59.600000",
        "word": "you"
    },
    {
        "end_time": "0:00:59.800000",
        "speaker_tag": 1,
        "start_time": "0:00:59.700000",
        "word": "took"
    },
    {
        "end_time": "0:01:00.200000",
        "speaker_tag": 1,
        "start_time": "0:00:59.800000",
        "word": "turns"
    },
    {
        "end_time": "0:01:01",
        "speaker_tag": 1,
        "start_time": "0:01:00.200000",
        "word": "each"
    },
    {
        "end_time": "0:01:01.300000",
        "speaker_tag": 1,
        "start_time": "0:01:01",
        "word": "time"
    },
    {
        "end_time": "0:01:02.400000",
        "speaker_tag": 1,
        "start_time": "0:01:01.300000",
        "word": "and"
    },
    {
        "end_time": "0:01:02.600000",
        "speaker_tag": 1,
        "start_time": "0:01:02.400000",
        "word": "I"
    },
    {
        "end_time": "0:01:02.700000",
        "speaker_tag": 1,
        "start_time": "0:01:02.600000",
        "word": "feel"
    },
    {
        "end_time": "0:01:03.100000",
        "speaker_tag": 1,
        "start_time": "0:01:02.700000",
        "word": "really"
    },
    {
        "end_time": "0:01:03.200000",
        "speaker_tag": 1,
        "start_time": "0:01:03.100000",
        "word": "bad"
    },
    {
        "end_time": "0:01:03.500000",
        "speaker_tag": 1,
        "start_time": "0:01:03.200000",
        "word": "I"
    },
    {
        "end_time": "0:01:05.300000",
        "speaker_tag": 1,
        "start_time": "0:01:03.500000",
        "word": "got"
    },
    {
        "end_time": "0:01:05.700000",
        "speaker_tag": 1,
        "start_time": "0:01:05.300000",
        "word": "their"
    },
    {
        "end_time": "0:01:12.800000",
        "speaker_tag": 1,
        "start_time": "0:01:05.700000",
        "word": "contact"
    },
    {
        "end_time": "0:01:13.300000",
        "speaker_tag": 1,
        "start_time": "0:01:12.800000",
        "word": "one"
    },
    {
        "end_time": "0:01:13.300000",
        "speaker_tag": 1,
        "start_time": "0:01:13.300000",
        "word": "of"
    },
    {
        "end_time": "0:01:13.500000",
        "speaker_tag": 1,
        "start_time": "0:01:13.300000",
        "word": "his"
    },
    {
        "end_time": "0:01:13.800000",
        "speaker_tag": 1,
        "start_time": "0:01:13.500000",
        "word": "older"
    },
    {
        "end_time": "0:01:14.200000",
        "speaker_tag": 1,
        "start_time": "0:01:13.800000",
        "word": "brother"
    },
    {
        "end_time": "0:01:14.300000",
        "speaker_tag": 1,
        "start_time": "0:01:14.200000",
        "word": "or"
    },
    {
        "end_time": "0:01:14.600000",
        "speaker_tag": 1,
        "start_time": "0:01:14.300000",
        "word": "his"
    },
    {
        "end_time": "0:01:15",
        "speaker_tag": 1,
        "start_time": "0:01:14.600000",
        "word": "oldest"
    },
    {
        "end_time": "0:01:15.100000",
        "speaker_tag": 1,
        "start_time": "0:01:15",
        "word": "brother"
    },
    {
        "end_time": "0:01:15.900000",
        "speaker_tag": 1,
        "start_time": "0:01:15.100000",
        "word": "and"
    },
    {
        "end_time": "0:01:16",
        "speaker_tag": 1,
        "start_time": "0:01:15.900000",
        "word": "he"
    },
    {
        "end_time": "0:01:16.200000",
        "speaker_tag": 1,
        "start_time": "0:01:16",
        "word": "hasn't"
    },
    {
        "end_time": "0:01:16.400000",
        "speaker_tag": 1,
        "start_time": "0:01:16.200000",
        "word": "seen"
    },
    {
        "end_time": "0:01:16.700000",
        "speaker_tag": 1,
        "start_time": "0:01:16.400000",
        "word": "him"
    },
    {
        "end_time": "0:01:16.800000",
        "speaker_tag": 1,
        "start_time": "0:01:16.700000",
        "word": "and"
    },
    {
        "end_time": "0:01:17.300000",
        "speaker_tag": 1,
        "start_time": "0:01:16.800000",
        "word": "literally"
    },
    {
        "end_time": "0:01:17.900000",
        "speaker_tag": 1,
        "start_time": "0:01:17.300000",
        "word": "my"
    },
    {
        "end_time": "0:01:18.100000",
        "speaker_tag": 1,
        "start_time": "0:01:17.900000",
        "word": "entire"
    },
    {
        "end_time": "0:01:18.700000",
        "speaker_tag": 1,
        "start_time": "0:01:18.100000",
        "word": "life"
    },
    {
        "end_time": "0:01:19.300000",
        "speaker_tag": 1,
        "start_time": "0:01:18.700000",
        "word": "spans"
    },
    {
        "end_time": "0:01:19.500000",
        "speaker_tag": 1,
        "start_time": "0:01:19.300000",
        "word": "so"
    },
    {
        "end_time": "0:01:19.700000",
        "speaker_tag": 1,
        "start_time": "0:01:19.500000",
        "word": "I'm"
    },
    {
        "end_time": "0:01:20.400000",
        "speaker_tag": 1,
        "start_time": "0:01:19.700000",
        "word": "21"
    },
    {
        "end_time": "0:01:20.600000",
        "speaker_tag": 1,
        "start_time": "0:01:20.400000",
        "word": "will"
    },
    {
        "end_time": "0:01:20.800000",
        "speaker_tag": 1,
        "start_time": "0:01:20.600000",
        "word": "then"
    },
    {
        "end_time": "0:01:21.200000",
        "speaker_tag": 1,
        "start_time": "0:01:20.800000",
        "word": "20"
    },
    {
        "end_time": "0:01:22",
        "speaker_tag": 1,
        "start_time": "0:01:21.200000",
        "word": "+"
    },
    {
        "end_time": "0:01:27.300000",
        "speaker_tag": 1,
        "start_time": "0:01:24.800000",
        "word": "you"
    },
    {
        "end_time": "0:01:27.400000",
        "speaker_tag": 1,
        "start_time": "0:01:27.300000",
        "word": "say"
    },
    {
        "end_time": "0:01:27.600000",
        "speaker_tag": 1,
        "start_time": "0:01:27.400000",
        "word": "that"
    },
    {
        "end_time": "0:01:27.700000",
        "speaker_tag": 1,
        "start_time": "0:01:27.600000",
        "word": "so"
    },
    {
        "end_time": "0:01:28",
        "speaker_tag": 1,
        "start_time": "0:01:27.700000",
        "word": "casually"
    },
    {
        "end_time": "0:01:28.600000",
        "speaker_tag": 1,
        "start_time": "0:01:28",
        "word": "but"
    },
    {
        "end_time": "0:01:28.800000",
        "speaker_tag": 1,
        "start_time": "0:01:28.600000",
        "word": "all"
    },
    {
        "end_time": "0:01:29",
        "speaker_tag": 1,
        "start_time": "0:01:28.800000",
        "word": "right"
    },
    {
        "end_time": "0:01:30",
        "speaker_tag": 1,
        "start_time": "0:01:29",
        "word": "so"
    },
    {
        "end_time": "0:01:31",
        "speaker_tag": 1,
        "start_time": "0:01:30",
        "word": "went"
    },
    {
        "end_time": "0:01:31.100000",
        "speaker_tag": 1,
        "start_time": "0:01:31",
        "word": "to"
    },
    {
        "end_time": "0:01:31.200000",
        "speaker_tag": 1,
        "start_time": "0:01:31.100000",
        "word": "go"
    },
    {
        "end_time": "0:01:31.400000",
        "speaker_tag": 1,
        "start_time": "0:01:31.200000",
        "word": "see"
    },
    {
        "end_time": "0:01:31.800000",
        "speaker_tag": 1,
        "start_time": "0:01:31.400000",
        "word": "his"
    },
    {
        "end_time": "0:01:32",
        "speaker_tag": 1,
        "start_time": "0:01:31.800000",
        "word": "brother"
    },
    {
        "end_time": "0:01:32.800000",
        "speaker_tag": 1,
        "start_time": "0:01:32",
        "word": "family"
    },
    {
        "end_time": "0:01:33.300000",
        "speaker_tag": 1,
        "start_time": "0:01:32.800000",
        "word": "and"
    },
    {
        "end_time": "0:01:33.700000",
        "speaker_tag": 1,
        "start_time": "0:01:33.300000",
        "word": "product"
    },
    {
        "end_time": "0:01:36.100000",
        "speaker_tag": 1,
        "start_time": "0:01:35.800000",
        "word": "it"
    },
    {
        "end_time": "0:01:36.200000",
        "speaker_tag": 1,
        "start_time": "0:01:36.100000",
        "word": "was"
    },
    {
        "end_time": "0:01:36.500000",
        "speaker_tag": 1,
        "start_time": "0:01:36.200000",
        "word": "nice"
    },
    {
        "end_time": "0:01:36.600000",
        "speaker_tag": 1,
        "start_time": "0:01:36.500000",
        "word": "to"
    },
    {
        "end_time": "0:01:36.700000",
        "speaker_tag": 1,
        "start_time": "0:01:36.600000",
        "word": "do"
    },
    {
        "end_time": "0:01:36.900000",
        "speaker_tag": 1,
        "start_time": "0:01:36.700000",
        "word": "that"
    },
    {
        "end_time": "0:01:37.600000",
        "speaker_tag": 1,
        "start_time": "0:01:36.900000",
        "word": "and"
    },
    {
        "end_time": "0:01:37.900000",
        "speaker_tag": 1,
        "start_time": "0:01:37.600000",
        "word": "see"
    },
    {
        "end_time": "0:01:38.200000",
        "speaker_tag": 1,
        "start_time": "0:01:37.900000",
        "word": "them"
    },
    {
        "end_time": "0:01:38.500000",
        "speaker_tag": 1,
        "start_time": "0:01:38.200000",
        "word": "after"
    },
    {
        "end_time": "0:01:38.900000",
        "speaker_tag": 1,
        "start_time": "0:01:38.500000",
        "word": "hearing"
    },
    {
        "end_time": "0:01:39",
        "speaker_tag": 1,
        "start_time": "0:01:38.900000",
        "word": "all"
    },
    {
        "end_time": "0:01:39.200000",
        "speaker_tag": 1,
        "start_time": "0:01:39",
        "word": "these"
    },
    {
        "end_time": "0:01:39.200000",
        "speaker_tag": 1,
        "start_time": "0:01:39.200000",
        "word": "stories"
    },
    {
        "end_time": "0:01:40.800000",
        "speaker_tag": 1,
        "start_time": "0:01:39.200000",
        "word": "about"
    },
    {
        "end_time": "0:01:41.100000",
        "speaker_tag": 1,
        "start_time": "0:01:40.800000",
        "word": "them"
    },
    {
        "end_time": "0:01:41.300000",
        "speaker_tag": 1,
        "start_time": "0:01:41.100000",
        "word": "in"
    },
    {
        "end_time": "0:01:41.400000",
        "speaker_tag": 1,
        "start_time": "0:01:41.300000",
        "word": "like"
    },
    {
        "end_time": "0:01:41.700000",
        "speaker_tag": 1,
        "start_time": "0:01:41.400000",
        "word": "finally"
    },
    {
        "end_time": "0:01:42",
        "speaker_tag": 1,
        "start_time": "0:01:41.700000",
        "word": "able"
    },
    {
        "end_time": "0:01:42.200000",
        "speaker_tag": 1,
        "start_time": "0:01:42",
        "word": "to"
    },
    {
        "end_time": "0:01:42.400000",
        "speaker_tag": 1,
        "start_time": "0:01:42.200000",
        "word": "meet"
    },
    {
        "end_time": "0:01:42.600000",
        "speaker_tag": 1,
        "start_time": "0:01:42.400000",
        "word": "like"
    },
    {
        "end_time": "0:01:42.800000",
        "speaker_tag": 1,
        "start_time": "0:01:42.600000",
        "word": "my"
    },
    {
        "end_time": "0:01:43.100000",
        "speaker_tag": 1,
        "start_time": "0:01:42.800000",
        "word": "two"
    },
    {
        "end_time": "0:01:43.400000",
        "speaker_tag": 1,
        "start_time": "0:01:43.100000",
        "word": "older"
    },
    {
        "end_time": "0:01:43.800000",
        "speaker_tag": 1,
        "start_time": "0:01:43.400000",
        "word": "cousins"
    },
    {
        "end_time": "0:01:44",
        "speaker_tag": 1,
        "start_time": "0:01:43.800000",
        "word": "that"
    },
    {
        "end_time": "0:01:45.400000",
        "speaker_tag": 1,
        "start_time": "0:01:44",
        "word": "they've"
    },
    {
        "end_time": "0:01:45.600000",
        "speaker_tag": 1,
        "start_time": "0:01:45.400000",
        "word": "seen"
    },
    {
        "end_time": "0:01:45.800000",
        "speaker_tag": 1,
        "start_time": "0:01:45.600000",
        "word": "me"
    },
    {
        "end_time": "0:01:45.900000",
        "speaker_tag": 1,
        "start_time": "0:01:45.800000",
        "word": "before"
    },
    {
        "end_time": "0:01:46.400000",
        "speaker_tag": 1,
        "start_time": "0:01:45.900000",
        "word": "but"
    },
    {
        "end_time": "0:01:46.400000",
        "speaker_tag": 1,
        "start_time": "0:01:46.400000",
        "word": "I"
    },
    {
        "end_time": "0:01:46.600000",
        "speaker_tag": 1,
        "start_time": "0:01:46.400000",
        "word": "was"
    },
    {
        "end_time": "0:01:46.800000",
        "speaker_tag": 1,
        "start_time": "0:01:46.600000",
        "word": "so"
    },
    {
        "end_time": "0:01:46.900000",
        "speaker_tag": 1,
        "start_time": "0:01:46.800000",
        "word": "young"
    },
    {
        "end_time": "0:01:47.200000",
        "speaker_tag": 1,
        "start_time": "0:01:46.900000",
        "word": "to"
    },
    {
        "end_time": "0:01:47.300000",
        "speaker_tag": 1,
        "start_time": "0:01:47.200000",
        "word": "remember"
    },
    {
        "end_time": "0:01:47.800000",
        "speaker_tag": 1,
        "start_time": "0:01:47.300000",
        "word": "so"
    },
    {
        "end_time": "0:01:51.400000",
        "speaker_tag": 1,
        "start_time": "0:01:47.800000",
        "word": "it"
    },
    {
        "end_time": "0:01:51.500000",
        "speaker_tag": 1,
        "start_time": "0:01:51.400000",
        "word": "was"
    },
    {
        "end_time": "0:01:51.800000",
        "speaker_tag": 1,
        "start_time": "0:01:51.500000",
        "word": "nice"
    },
    {
        "end_time": "0:01:52",
        "speaker_tag": 1,
        "start_time": "0:01:51.800000",
        "word": "seeing"
    },
    {
        "end_time": "0:01:52.700000",
        "speaker_tag": 1,
        "start_time": "0:01:52",
        "word": "the"
    },
    {
        "end_time": "0:01:53.100000",
        "speaker_tag": 1,
        "start_time": "0:01:52.700000",
        "word": "scenery"
    },
    {
        "end_time": "0:01:53.600000",
        "speaker_tag": 1,
        "start_time": "0:01:53.100000",
        "word": "again"
    },
    {
        "end_time": "0:01:56.200000",
        "speaker_tag": 1,
        "start_time": "0:01:55.800000",
        "word": "catch"
    },
    {
        "end_time": "0:01:56.400000",
        "speaker_tag": 1,
        "start_time": "0:01:56.200000",
        "word": "up"
    },
    {
        "end_time": "0:01:56.500000",
        "speaker_tag": 1,
        "start_time": "0:01:56.400000",
        "word": "with"
    },
    {
        "end_time": "0:01:56.900000",
        "speaker_tag": 1,
        "start_time": "0:01:56.500000",
        "word": "family"
    },
    {
        "end_time": "0:01:57.300000",
        "speaker_tag": 1,
        "start_time": "0:01:56.900000",
        "word": "members"
    },
    {
        "end_time": "0:02:09.600000",
        "speaker_tag": 2,
        "start_time": "0:02:09.200000",
        "word": "all"
    },
    {
        "end_time": "0:02:10.700000",
        "speaker_tag": 2,
        "start_time": "0:02:09.600000",
        "word": "right."
    },
    {
        "end_time": "0:02:10.900000",
        "speaker_tag": 2,
        "start_time": "0:02:10.700000",
        "word": "Please"
    },
    {
        "end_time": "0:02:11.200000",
        "speaker_tag": 2,
        "start_time": "0:02:10.900000",
        "word": "explain"
    },
    {
        "end_time": "0:02:11.500000",
        "speaker_tag": 2,
        "start_time": "0:02:11.200000",
        "word": "to"
    },
    {
        "end_time": "0:02:11.800000",
        "speaker_tag": 2,
        "start_time": "0:02:11.500000",
        "word": "me"
    },
    {
        "end_time": "0:02:12",
        "speaker_tag": 2,
        "start_time": "0:02:11.800000",
        "word": "how"
    },
    {
        "end_time": "0:02:12.200000",
        "speaker_tag": 2,
        "start_time": "0:02:12",
        "word": "you"
    },
    {
        "end_time": "0:02:12.200000",
        "speaker_tag": 2,
        "start_time": "0:02:12.200000",
        "word": "would"
    },
    {
        "end_time": "0:02:12.500000",
        "speaker_tag": 2,
        "start_time": "0:02:12.200000",
        "word": "make"
    },
    {
        "end_time": "0:02:12.700000",
        "speaker_tag": 2,
        "start_time": "0:02:12.500000",
        "word": "the"
    },
    {
        "end_time": "0:02:13",
        "speaker_tag": 2,
        "start_time": "0:02:12.700000",
        "word": "following"
    },
    {
        "end_time": "0:02:13.400000",
        "speaker_tag": 2,
        "start_time": "0:02:13",
        "word": "meal"
    },
    {
        "end_time": "0:02:14.300000",
        "speaker_tag": 2,
        "start_time": "0:02:13.400000",
        "word": "step-by-step"
    },
    {
        "end_time": "0:02:15.200000",
        "speaker_tag": 2,
        "start_time": "0:02:14.300000",
        "word": "your"
    },
    {
        "end_time": "0:02:15.400000",
        "speaker_tag": 2,
        "start_time": "0:02:15.200000",
        "word": "cup"
    },
    {
        "end_time": "0:02:15.500000",
        "speaker_tag": 2,
        "start_time": "0:02:15.400000",
        "word": "of"
    },
    {
        "end_time": "0:02:15.700000",
        "speaker_tag": 2,
        "start_time": "0:02:15.500000",
        "word": "coffee"
    },
    {
        "end_time": "0:02:17.200000",
        "speaker_tag": 2,
        "start_time": "0:02:15.700000",
        "word": "scrambled"
    },
    {
        "end_time": "0:02:17.700000",
        "speaker_tag": 2,
        "start_time": "0:02:17.200000",
        "word": "eggs"
    },
    {
        "end_time": "0:02:17.900000",
        "speaker_tag": 2,
        "start_time": "0:02:17.700000",
        "word": "and"
    },
    {
        "end_time": "0:02:18.100000",
        "speaker_tag": 2,
        "start_time": "0:02:17.900000",
        "word": "a"
    },
    {
        "end_time": "0:02:18.300000",
        "speaker_tag": 2,
        "start_time": "0:02:18.100000",
        "word": "bowl"
    },
    {
        "end_time": "0:02:18.400000",
        "speaker_tag": 2,
        "start_time": "0:02:18.300000",
        "word": "of"
    },
    {
        "end_time": "0:02:18.800000",
        "speaker_tag": 2,
        "start_time": "0:02:18.400000",
        "word": "fruit"
    },
    {
        "end_time": "0:02:20.200000",
        "speaker_tag": 2,
        "start_time": "0:02:19.600000",
        "word": "pretend"
    },
    {
        "end_time": "0:02:20.300000",
        "speaker_tag": 2,
        "start_time": "0:02:20.200000",
        "word": "I"
    },
    {
        "end_time": "0:02:20.300000",
        "speaker_tag": 2,
        "start_time": "0:02:20.300000",
        "word": "do"
    },
    {
        "end_time": "0:02:20.600000",
        "speaker_tag": 2,
        "start_time": "0:02:20.300000",
        "word": "not"
    },
    {
        "end_time": "0:02:20.700000",
        "speaker_tag": 2,
        "start_time": "0:02:20.600000",
        "word": "know"
    },
    {
        "end_time": "0:02:20.900000",
        "speaker_tag": 2,
        "start_time": "0:02:20.700000",
        "word": "how"
    },
    {
        "end_time": "0:02:20.900000",
        "speaker_tag": 2,
        "start_time": "0:02:20.900000",
        "word": "to"
    },
    {
        "end_time": "0:02:21.200000",
        "speaker_tag": 2,
        "start_time": "0:02:20.900000",
        "word": "make"
    },
    {
        "end_time": "0:02:21.300000",
        "speaker_tag": 2,
        "start_time": "0:02:21.200000",
        "word": "the"
    },
    {
        "end_time": "0:02:21.600000",
        "speaker_tag": 2,
        "start_time": "0:02:21.300000",
        "word": "mule"
    },
    {
        "end_time": "0:02:21.700000",
        "speaker_tag": 2,
        "start_time": "0:02:21.600000",
        "word": "and"
    },
    {
        "end_time": "0:02:22.100000",
        "speaker_tag": 2,
        "start_time": "0:02:21.700000",
        "word": "provide"
    },
    {
        "end_time": "0:02:22.700000",
        "speaker_tag": 2,
        "start_time": "0:02:22.100000",
        "word": "details"
    },
    {
        "end_time": "0:02:24.100000",
        "speaker_tag": 2,
        "start_time": "0:02:23.700000",
        "word": "you"
    },
    {
        "end_time": "0:02:24.300000",
        "speaker_tag": 2,
        "start_time": "0:02:24.100000",
        "word": "have"
    },
    {
        "end_time": "0:02:24.600000",
        "speaker_tag": 2,
        "start_time": "0:02:24.300000",
        "word": "five"
    },
    {
        "end_time": "0:02:24.600000",
        "speaker_tag": 2,
        "start_time": "0:02:24.600000",
        "word": "minutes"
    },
    {
        "end_time": "0:02:24.900000",
        "speaker_tag": 2,
        "start_time": "0:02:24.600000",
        "word": "to"
    },
    {
        "end_time": "0:02:25.300000",
        "speaker_tag": 2,
        "start_time": "0:02:24.900000",
        "word": "explain"
    },
    {
        "end_time": "0:02:27.500000",
        "speaker_tag": 1,
        "start_time": "0:02:25.300000",
        "word": "so"
    },
    {
        "end_time": "0:02:27.700000",
        "speaker_tag": 1,
        "start_time": "0:02:27.500000",
        "word": "for"
    },
    {
        "end_time": "0:02:27.800000",
        "speaker_tag": 1,
        "start_time": "0:02:27.700000",
        "word": "the"
    },
    {
        "end_time": "0:02:28.300000",
        "speaker_tag": 1,
        "start_time": "0:02:27.800000",
        "word": "coffee"
    },
    {
        "end_time": "0:02:29.500000",
        "speaker_tag": 1,
        "start_time": "0:02:28.300000",
        "word": "starting"
    },
    {
        "end_time": "0:02:29.600000",
        "speaker_tag": 1,
        "start_time": "0:02:29.500000",
        "word": "off"
    },
    {
        "end_time": "0:02:29.700000",
        "speaker_tag": 1,
        "start_time": "0:02:29.600000",
        "word": "of"
    },
    {
        "end_time": "0:02:30.100000",
        "speaker_tag": 1,
        "start_time": "0:02:29.700000",
        "word": "coffee"
    },
    {
        "end_time": "0:02:30.800000",
        "speaker_tag": 1,
        "start_time": "0:02:30.100000",
        "word": "is"
    },
    {
        "end_time": "0:02:31.500000",
        "speaker_tag": 1,
        "start_time": "0:02:30.800000",
        "word": "instant"
    },
    {
        "end_time": "0:02:32.100000",
        "speaker_tag": 1,
        "start_time": "0:02:31.500000",
        "word": "you"
    },
    {
        "end_time": "0:02:32.200000",
        "speaker_tag": 1,
        "start_time": "0:02:32.100000",
        "word": "would"
    },
    {
        "end_time": "0:02:32.400000",
        "speaker_tag": 1,
        "start_time": "0:02:32.200000",
        "word": "just"
    },
    {
        "end_time": "0:02:32.600000",
        "speaker_tag": 1,
        "start_time": "0:02:32.400000",
        "word": "heat"
    },
    {
        "end_time": "0:02:32.700000",
        "speaker_tag": 1,
        "start_time": "0:02:32.600000",
        "word": "up"
    },
    {
        "end_time": "0:02:32.800000",
        "speaker_tag": 1,
        "start_time": "0:02:32.700000",
        "word": "the"
    },
    {
        "end_time": "0:02:32.900000",
        "speaker_tag": 1,
        "start_time": "0:02:32.800000",
        "word": "water"
    },
    {
        "end_time": "0:02:34.200000",
        "speaker_tag": 1,
        "start_time": "0:02:32.900000",
        "word": "and"
    },
    {
        "end_time": "0:02:37.800000",
        "speaker_tag": 1,
        "start_time": "0:02:34.200000",
        "word": "mix"
    },
    {
        "end_time": "0:02:38.200000",
        "speaker_tag": 1,
        "start_time": "0:02:37.800000",
        "word": "it"
    },
    {
        "end_time": "0:02:38.400000",
        "speaker_tag": 1,
        "start_time": "0:02:38.200000",
        "word": "and"
    },
    {
        "end_time": "0:02:38.700000",
        "speaker_tag": 1,
        "start_time": "0:02:38.400000",
        "word": "then"
    },
    {
        "end_time": "0:02:39",
        "speaker_tag": 1,
        "start_time": "0:02:38.700000",
        "word": "add"
    },
    {
        "end_time": "0:02:39.400000",
        "speaker_tag": 1,
        "start_time": "0:02:39",
        "word": "creamer"
    },
    {
        "end_time": "0:02:39.500000",
        "speaker_tag": 1,
        "start_time": "0:02:39.400000",
        "word": "and"
    },
    {
        "end_time": "0:02:39.600000",
        "speaker_tag": 1,
        "start_time": "0:02:39.500000",
        "word": "sugar"
    },
    {
        "end_time": "0:02:40",
        "speaker_tag": 1,
        "start_time": "0:02:39.600000",
        "word": "to"
    },
    {
        "end_time": "0:02:40.100000",
        "speaker_tag": 1,
        "start_time": "0:02:40",
        "word": "your"
    },
    {
        "end_time": "0:02:40.600000",
        "speaker_tag": 1,
        "start_time": "0:02:40.100000",
        "word": "liking"
    },
    {
        "end_time": "0:02:42.700000",
        "speaker_tag": 1,
        "start_time": "0:02:40.600000",
        "word": "certain"
    },
    {
        "end_time": "0:02:43",
        "speaker_tag": 1,
        "start_time": "0:02:42.700000",
        "word": "people"
    },
    {
        "end_time": "0:02:43.200000",
        "speaker_tag": 1,
        "start_time": "0:02:43",
        "word": "has"
    },
    {
        "end_time": "0:02:43.500000",
        "speaker_tag": 1,
        "start_time": "0:02:43.200000",
        "word": "turned"
    },
    {
        "end_time": "0:02:43.500000",
        "speaker_tag": 1,
        "start_time": "0:02:43.500000",
        "word": "him"
    },
    {
        "end_time": "0:02:43.600000",
        "speaker_tag": 1,
        "start_time": "0:02:43.500000",
        "word": "out"
    },
    {
        "end_time": "0:02:43.800000",
        "speaker_tag": 1,
        "start_time": "0:02:43.600000",
        "word": "so"
    },
    {
        "end_time": "0:02:43.900000",
        "speaker_tag": 1,
        "start_time": "0:02:43.800000",
        "word": "if"
    },
    {
        "end_time": "0:02:44.100000",
        "speaker_tag": 1,
        "start_time": "0:02:43.900000",
        "word": "you"
    },
    {
        "end_time": "0:02:44.400000",
        "speaker_tag": 1,
        "start_time": "0:02:44.100000",
        "word": "want"
    },
    {
        "end_time": "0:02:44.600000",
        "speaker_tag": 1,
        "start_time": "0:02:44.400000",
        "word": "but"
    },
    {
        "end_time": "0:02:45",
        "speaker_tag": 1,
        "start_time": "0:02:44.600000",
        "word": "that's"
    },
    {
        "end_time": "0:02:45.100000",
        "speaker_tag": 1,
        "start_time": "0:02:45",
        "word": "okay"
    },
    {
        "end_time": "0:02:48.100000",
        "speaker_tag": 1,
        "start_time": "0:02:45.100000",
        "word": "is"
    },
    {
        "end_time": "0:02:48.600000",
        "speaker_tag": 1,
        "start_time": "0:02:48.100000",
        "word": "for"
    },
    {
        "end_time": "0:02:48.700000",
        "speaker_tag": 1,
        "start_time": "0:02:48.600000",
        "word": "the"
    },
    {
        "end_time": "0:02:49.300000",
        "speaker_tag": 1,
        "start_time": "0:02:48.700000",
        "word": "fruit"
    },
    {
        "end_time": "0:02:49.400000",
        "speaker_tag": 1,
        "start_time": "0:02:49.300000",
        "word": "a"
    },
    {
        "end_time": "0:02:49.600000",
        "speaker_tag": 1,
        "start_time": "0:02:49.400000",
        "word": "bowl"
    },
    {
        "end_time": "0:02:49.700000",
        "speaker_tag": 1,
        "start_time": "0:02:49.600000",
        "word": "of"
    },
    {
        "end_time": "0:02:50.200000",
        "speaker_tag": 1,
        "start_time": "0:02:49.700000",
        "word": "fruit"
    },
    {
        "end_time": "0:02:50.600000",
        "speaker_tag": 1,
        "start_time": "0:02:50.200000",
        "word": "either"
    },
    {
        "end_time": "0:02:51.200000",
        "speaker_tag": 1,
        "start_time": "0:02:50.600000",
        "word": "you'd"
    },
    {
        "end_time": "0:02:51.300000",
        "speaker_tag": 1,
        "start_time": "0:02:51.200000",
        "word": "have"
    },
    {
        "end_time": "0:02:51.400000",
        "speaker_tag": 1,
        "start_time": "0:02:51.300000",
        "word": "the"
    },
    {
        "end_time": "0:02:51.800000",
        "speaker_tag": 1,
        "start_time": "0:02:51.400000",
        "word": "fruit"
    },
    {
        "end_time": "0:02:52.200000",
        "speaker_tag": 1,
        "start_time": "0:02:51.800000",
        "word": "prepared"
    },
    {
        "end_time": "0:02:52.500000",
        "speaker_tag": 1,
        "start_time": "0:02:52.200000",
        "word": "for"
    },
    {
        "end_time": "0:02:52.800000",
        "speaker_tag": 1,
        "start_time": "0:02:52.500000",
        "word": "the"
    },
    {
        "end_time": "0:02:53",
        "speaker_tag": 1,
        "start_time": "0:02:52.800000",
        "word": "other"
    },
    {
        "end_time": "0:02:53.200000",
        "speaker_tag": 1,
        "start_time": "0:02:53",
        "word": "guy"
    },
    {
        "end_time": "0:02:53.500000",
        "speaker_tag": 1,
        "start_time": "0:02:53.200000",
        "word": "or"
    },
    {
        "end_time": "0:02:53.800000",
        "speaker_tag": 1,
        "start_time": "0:02:53.500000",
        "word": "you"
    },
    {
        "end_time": "0:02:54",
        "speaker_tag": 1,
        "start_time": "0:02:53.800000",
        "word": "just"
    },
    {
        "end_time": "0:02:54.500000",
        "speaker_tag": 1,
        "start_time": "0:02:54",
        "word": "makes"
    },
    {
        "end_time": "0:02:54.600000",
        "speaker_tag": 1,
        "start_time": "0:02:54.500000",
        "word": "it"
    },
    {
        "end_time": "0:02:54.800000",
        "speaker_tag": 1,
        "start_time": "0:02:54.600000",
        "word": "through"
    },
    {
        "end_time": "0:02:55.100000",
        "speaker_tag": 1,
        "start_time": "0:02:54.800000",
        "word": "and"
    },
    {
        "end_time": "0:02:55.300000",
        "speaker_tag": 1,
        "start_time": "0:02:55.100000",
        "word": "cut"
    },
    {
        "end_time": "0:02:55.400000",
        "speaker_tag": 1,
        "start_time": "0:02:55.300000",
        "word": "it"
    },
    {
        "end_time": "0:02:55.600000",
        "speaker_tag": 1,
        "start_time": "0:02:55.400000",
        "word": "up"
    },
    {
        "end_time": "0:02:56.600000",
        "speaker_tag": 1,
        "start_time": "0:02:55.600000",
        "word": "and"
    },
    {
        "end_time": "0:02:57.100000",
        "speaker_tag": 1,
        "start_time": "0:02:56.600000",
        "word": "then"
    },
    {
        "end_time": "0:02:57.600000",
        "speaker_tag": 1,
        "start_time": "0:02:57.100000",
        "word": "those"
    },
    {
        "end_time": "0:02:57.700000",
        "speaker_tag": 1,
        "start_time": "0:02:57.600000",
        "word": "little"
    },
    {
        "end_time": "0:02:58",
        "speaker_tag": 1,
        "start_time": "0:02:57.700000",
        "word": "bowl"
    },
    {
        "end_time": "0:02:58",
        "speaker_tag": 1,
        "start_time": "0:02:58",
        "word": "of"
    },
    {
        "end_time": "0:02:58.400000",
        "speaker_tag": 1,
        "start_time": "0:02:58",
        "word": "cereal"
    },
    {
        "end_time": "0:03:00.200000",
        "speaker_tag": 2,
        "start_time": "0:02:58.400000",
        "word": "scrambled"
    },
    {
        "end_time": "0:03:00.700000",
        "speaker_tag": 2,
        "start_time": "0:03:00.200000",
        "word": "eggs"
    },
    {
        "end_time": "0:03:01.100000",
        "speaker_tag": 2,
        "start_time": "0:03:00.700000",
        "word": "scrambled"
    },
    {
        "end_time": "0:03:02.400000",
        "speaker_tag": 2,
        "start_time": "0:03:01.100000",
        "word": "eggs"
    },
    {
        "end_time": "0:03:03.500000",
        "speaker_tag": 1,
        "start_time": "0:03:02.400000",
        "word": "in"
    },
    {
        "end_time": "0:03:06.400000",
        "speaker_tag": 1,
        "start_time": "0:03:03.500000",
        "word": "a"
    },
    {
        "end_time": "0:03:06.700000",
        "speaker_tag": 1,
        "start_time": "0:03:06.400000",
        "word": "pan"
    },
    {
        "end_time": "0:03:07.200000",
        "speaker_tag": 1,
        "start_time": "0:03:06.700000",
        "word": "and"
    },
    {
        "end_time": "0:03:07.700000",
        "speaker_tag": 1,
        "start_time": "0:03:07.200000",
        "word": "spatula"
    },
    {
        "end_time": "0:03:09",
        "speaker_tag": 1,
        "start_time": "0:03:07.700000",
        "word": "and"
    },
    {
        "end_time": "0:03:09.100000",
        "speaker_tag": 1,
        "start_time": "0:03:09",
        "word": "you"
    },
    {
        "end_time": "0:03:09.300000",
        "speaker_tag": 1,
        "start_time": "0:03:09.100000",
        "word": "could"
    },
    {
        "end_time": "0:03:09.400000",
        "speaker_tag": 1,
        "start_time": "0:03:09.300000",
        "word": "either"
    },
    {
        "end_time": "0:03:10.700000",
        "speaker_tag": 1,
        "start_time": "0:03:09.400000",
        "word": "do"
    },
    {
        "end_time": "0:03:11.100000",
        "speaker_tag": 1,
        "start_time": "0:03:10.700000",
        "word": "you"
    },
    {
        "end_time": "0:03:11.200000",
        "speaker_tag": 1,
        "start_time": "0:03:11.100000",
        "word": "can"
    },
    {
        "end_time": "0:03:11.400000",
        "speaker_tag": 1,
        "start_time": "0:03:11.200000",
        "word": "either"
    },
    {
        "end_time": "0:03:11.900000",
        "speaker_tag": 1,
        "start_time": "0:03:11.400000",
        "word": "scrambled"
    },
    {
        "end_time": "0:03:12.200000",
        "speaker_tag": 1,
        "start_time": "0:03:11.900000",
        "word": "eggs"
    },
    {
        "end_time": "0:03:12.500000",
        "speaker_tag": 1,
        "start_time": "0:03:12.200000",
        "word": "wanted"
    },
    {
        "end_time": "0:03:12.600000",
        "speaker_tag": 1,
        "start_time": "0:03:12.500000",
        "word": "to"
    },
    {
        "end_time": "0:03:12.800000",
        "speaker_tag": 1,
        "start_time": "0:03:12.600000",
        "word": "wait"
    },
    {
        "end_time": "0:03:12.900000",
        "speaker_tag": 1,
        "start_time": "0:03:12.800000",
        "word": "till"
    },
    {
        "end_time": "0:03:13.100000",
        "speaker_tag": 1,
        "start_time": "0:03:12.900000",
        "word": "later"
    },
    {
        "end_time": "0:03:13.400000",
        "speaker_tag": 1,
        "start_time": "0:03:13.100000",
        "word": "to"
    },
    {
        "end_time": "0:03:14.400000",
        "speaker_tag": 1,
        "start_time": "0:03:13.400000",
        "word": "grab"
    },
    {
        "end_time": "0:03:14.500000",
        "speaker_tag": 1,
        "start_time": "0:03:14.400000",
        "word": "the"
    },
    {
        "end_time": "0:03:15",
        "speaker_tag": 1,
        "start_time": "0:03:14.500000",
        "word": "eggs"
    },
    {
        "end_time": "0:03:15.300000",
        "speaker_tag": 1,
        "start_time": "0:03:15",
        "word": "however"
    },
    {
        "end_time": "0:03:15.600000",
        "speaker_tag": 1,
        "start_time": "0:03:15.300000",
        "word": "many"
    },
    {
        "end_time": "0:03:15.600000",
        "speaker_tag": 1,
        "start_time": "0:03:15.600000",
        "word": "you"
    },
    {
        "end_time": "0:03:15.900000",
        "speaker_tag": 1,
        "start_time": "0:03:15.600000",
        "word": "like"
    },
    {
        "end_time": "0:03:16.100000",
        "speaker_tag": 1,
        "start_time": "0:03:15.900000",
        "word": "to"
    },
    {
        "end_time": "0:03:17",
        "speaker_tag": 1,
        "start_time": "0:03:16.100000",
        "word": "234"
    },
    {
        "end_time": "0:03:18.200000",
        "speaker_tag": 1,
        "start_time": "0:03:17",
        "word": "put"
    },
    {
        "end_time": "0:03:18.300000",
        "speaker_tag": 1,
        "start_time": "0:03:18.200000",
        "word": "it"
    },
    {
        "end_time": "0:03:18.400000",
        "speaker_tag": 1,
        "start_time": "0:03:18.300000",
        "word": "in"
    },
    {
        "end_time": "0:03:18.400000",
        "speaker_tag": 1,
        "start_time": "0:03:18.400000",
        "word": "a"
    },
    {
        "end_time": "0:03:18.600000",
        "speaker_tag": 1,
        "start_time": "0:03:18.400000",
        "word": "bowl"
    },
    {
        "end_time": "0:03:19",
        "speaker_tag": 1,
        "start_time": "0:03:18.600000",
        "word": "and"
    },
    {
        "end_time": "0:03:19.300000",
        "speaker_tag": 1,
        "start_time": "0:03:19",
        "word": "whisk"
    },
    {
        "end_time": "0:03:19.400000",
        "speaker_tag": 1,
        "start_time": "0:03:19.300000",
        "word": "it"
    },
    {
        "end_time": "0:03:19.600000",
        "speaker_tag": 1,
        "start_time": "0:03:19.400000",
        "word": "together"
    },
    {
        "end_time": "0:03:20.600000",
        "speaker_tag": 1,
        "start_time": "0:03:19.600000",
        "word": "add"
    },
    {
        "end_time": "0:03:21",
        "speaker_tag": 1,
        "start_time": "0:03:20.600000",
        "word": "milk"
    },
    {
        "end_time": "0:03:21.100000",
        "speaker_tag": 1,
        "start_time": "0:03:21",
        "word": "if"
    },
    {
        "end_time": "0:03:21.200000",
        "speaker_tag": 1,
        "start_time": "0:03:21.100000",
        "word": "you"
    },
    {
        "end_time": "0:03:21.400000",
        "speaker_tag": 1,
        "start_time": "0:03:21.200000",
        "word": "want"
    },
    {
        "end_time": "0:03:21.500000",
        "speaker_tag": 1,
        "start_time": "0:03:21.400000",
        "word": "to"
    },
    {
        "end_time": "0:03:21.800000",
        "speaker_tag": 1,
        "start_time": "0:03:21.500000",
        "word": "fluff"
    },
    {
        "end_time": "0:03:21.900000",
        "speaker_tag": 1,
        "start_time": "0:03:21.800000",
        "word": "it"
    },
    {
        "end_time": "0:03:23.200000",
        "speaker_tag": 1,
        "start_time": "0:03:21.900000",
        "word": "or"
    },
    {
        "end_time": "0:03:23.400000",
        "speaker_tag": 1,
        "start_time": "0:03:23.200000",
        "word": "you"
    },
    {
        "end_time": "0:03:23.600000",
        "speaker_tag": 1,
        "start_time": "0:03:23.400000",
        "word": "could"
    },
    {
        "end_time": "0:03:24.800000",
        "speaker_tag": 1,
        "start_time": "0:03:23.700000",
        "word": "just"
    },
    {
        "end_time": "0:03:24.900000",
        "speaker_tag": 1,
        "start_time": "0:03:24.800000",
        "word": "do"
    },
    {
        "end_time": "0:03:25.300000",
        "speaker_tag": 1,
        "start_time": "0:03:24.900000",
        "word": "crack"
    },
    {
        "end_time": "0:03:25.400000",
        "speaker_tag": 1,
        "start_time": "0:03:25.300000",
        "word": "the"
    },
    {
        "end_time": "0:03:25.700000",
        "speaker_tag": 1,
        "start_time": "0:03:25.400000",
        "word": "eggs"
    },
    {
        "end_time": "0:03:25.800000",
        "speaker_tag": 1,
        "start_time": "0:03:25.700000",
        "word": "in"
    },
    {
        "end_time": "0:03:25.800000",
        "speaker_tag": 1,
        "start_time": "0:03:25.800000",
        "word": "the"
    },
    {
        "end_time": "0:03:26",
        "speaker_tag": 1,
        "start_time": "0:03:25.800000",
        "word": "pan"
    },
    {
        "end_time": "0:03:26.500000",
        "speaker_tag": 1,
        "start_time": "0:03:26",
        "word": "and"
    },
    {
        "end_time": "0:03:26.700000",
        "speaker_tag": 1,
        "start_time": "0:03:26.500000",
        "word": "I'm"
    },
    {
        "end_time": "0:03:26.900000",
        "speaker_tag": 1,
        "start_time": "0:03:26.700000",
        "word": "just"
    },
    {
        "end_time": "0:03:27.900000",
        "speaker_tag": 1,
        "start_time": "0:03:26.900000",
        "word": "scramble"
    },
    {
        "end_time": "0:03:28",
        "speaker_tag": 1,
        "start_time": "0:03:27.900000",
        "word": "it"
    },
    {
        "end_time": "0:03:28.200000",
        "speaker_tag": 1,
        "start_time": "0:03:28",
        "word": "that"
    },
    {
        "end_time": "0:03:28.400000",
        "speaker_tag": 1,
        "start_time": "0:03:28.200000",
        "word": "way"
    },
    {
        "end_time": "0:03:29.100000",
        "speaker_tag": 1,
        "start_time": "0:03:28.400000",
        "word": "two"
    },
    {
        "end_time": "0:03:29.400000",
        "speaker_tag": 1,
        "start_time": "0:03:29.100000",
        "word": "ways"
    },
    {
        "end_time": "0:03:32.300000",
        "speaker_tag": 1,
        "start_time": "0:03:30.400000",
        "word": "the"
    },
    {
        "end_time": "0:03:32.800000",
        "speaker_tag": 1,
        "start_time": "0:03:32.300000",
        "word": "eggs"
    },
    {
        "end_time": "0:03:33.100000",
        "speaker_tag": 1,
        "start_time": "0:03:32.800000",
        "word": "and"
    },
    {
        "end_time": "0:03:33.300000",
        "speaker_tag": 1,
        "start_time": "0:03:33.100000",
        "word": "the"
    },
    {
        "end_time": "0:03:33.700000",
        "speaker_tag": 1,
        "start_time": "0:03:33.300000",
        "word": "vulture"
    },
    {
        "end_time": "0:03:44.800000",
        "speaker_tag": 2,
        "start_time": "0:03:44.300000",
        "word": "your"
    },
    {
        "end_time": "0:03:45.100000",
        "speaker_tag": 2,
        "start_time": "0:03:44.800000",
        "word": "dumpster"
    },
    {
        "end_time": "0:03:45.700000",
        "speaker_tag": 2,
        "start_time": "0:03:45.100000",
        "word": "computer"
    },
    {
        "end_time": "0:03:46.100000",
        "speaker_tag": 2,
        "start_time": "0:03:45.700000",
        "word": "test"
    }
]