[
    {
        "end_time": "0:00:01.200000",
        "speaker_tag": 1,
        "start_time": "0:00:00.500000",
        "word": "okay"
    },
    {
        "end_time": "0:00:04.400000",
        "speaker_tag": 1,
        "start_time": "0:00:04",
        "word": "now"
    },
    {
        "end_time": "0:00:04.900000",
        "speaker_tag": 1,
        "start_time": "0:00:04.400000",
        "word": "please"
    },
    {
        "end_time": "0:00:05.200000",
        "speaker_tag": 1,
        "start_time": "0:00:04.900000",
        "word": "tell"
    },
    {
        "end_time": "0:00:05.400000",
        "speaker_tag": 1,
        "start_time": "0:00:05.200000",
        "word": "me"
    },
    {
        "end_time": "0:00:05.600000",
        "speaker_tag": 1,
        "start_time": "0:00:05.400000",
        "word": "how"
    },
    {
        "end_time": "0:00:05.800000",
        "speaker_tag": 2,
        "start_time": "0:00:05.600000",
        "word": "you"
    },
    {
        "end_time": "0:00:05.900000",
        "speaker_tag": 2,
        "start_time": "0:00:05.800000",
        "word": "make"
    },
    {
        "end_time": "0:00:06",
        "speaker_tag": 2,
        "start_time": "0:00:05.900000",
        "word": "the"
    },
    {
        "end_time": "0:00:06.300000",
        "speaker_tag": 2,
        "start_time": "0:00:06",
        "word": "following"
    },
    {
        "end_time": "0:00:06.700000",
        "speaker_tag": 2,
        "start_time": "0:00:06.300000",
        "word": "meal"
    },
    {
        "end_time": "0:00:07.700000",
        "speaker_tag": 2,
        "start_time": "0:00:06.700000",
        "word": "step-by-step"
    },
    {
        "end_time": "0:00:08.500000",
        "speaker_tag": 1,
        "start_time": "0:00:07.700000",
        "word": "a"
    },
    {
        "end_time": "0:00:08.800000",
        "speaker_tag": 1,
        "start_time": "0:00:08.500000",
        "word": "cup"
    },
    {
        "end_time": "0:00:08.800000",
        "speaker_tag": 1,
        "start_time": "0:00:08.800000",
        "word": "of"
    },
    {
        "end_time": "0:00:09",
        "speaker_tag": 1,
        "start_time": "0:00:08.800000",
        "word": "coffee"
    },
    {
        "end_time": "0:00:10.600000",
        "speaker_tag": 1,
        "start_time": "0:00:09",
        "word": "scrambled"
    },
    {
        "end_time": "0:00:11",
        "speaker_tag": 1,
        "start_time": "0:00:10.600000",
        "word": "eggs"
    },
    {
        "end_time": "0:00:11.700000",
        "speaker_tag": 1,
        "start_time": "0:00:11",
        "word": "in"
    },
    {
        "end_time": "0:00:11.700000",
        "speaker_tag": 1,
        "start_time": "0:00:11.700000",
        "word": "a"
    },
    {
        "end_time": "0:00:11.900000",
        "speaker_tag": 1,
        "start_time": "0:00:11.700000",
        "word": "bowl"
    },
    {
        "end_time": "0:00:12",
        "speaker_tag": 1,
        "start_time": "0:00:11.900000",
        "word": "of"
    },
    {
        "end_time": "0:00:12.300000",
        "speaker_tag": 1,
        "start_time": "0:00:12",
        "word": "fruit"
    },
    {
        "end_time": "0:00:13.400000",
        "speaker_tag": 1,
        "start_time": "0:00:12.300000",
        "word": "pretend"
    },
    {
        "end_time": "0:00:13.400000",
        "speaker_tag": 1,
        "start_time": "0:00:13.400000",
        "word": "I"
    },
    {
        "end_time": "0:00:13.600000",
        "speaker_tag": 1,
        "start_time": "0:00:13.400000",
        "word": "don't"
    },
    {
        "end_time": "0:00:13.700000",
        "speaker_tag": 1,
        "start_time": "0:00:13.600000",
        "word": "know"
    },
    {
        "end_time": "0:00:13.900000",
        "speaker_tag": 1,
        "start_time": "0:00:13.700000",
        "word": "how"
    },
    {
        "end_time": "0:00:14",
        "speaker_tag": 1,
        "start_time": "0:00:13.900000",
        "word": "to"
    },
    {
        "end_time": "0:00:14.100000",
        "speaker_tag": 1,
        "start_time": "0:00:14",
        "word": "make"
    },
    {
        "end_time": "0:00:14.300000",
        "speaker_tag": 1,
        "start_time": "0:00:14.100000",
        "word": "the"
    },
    {
        "end_time": "0:00:14.600000",
        "speaker_tag": 2,
        "start_time": "0:00:14.300000",
        "word": "meal"
    },
    {
        "end_time": "0:00:14.900000",
        "speaker_tag": 2,
        "start_time": "0:00:14.600000",
        "word": "and"
    },
    {
        "end_time": "0:00:15.400000",
        "speaker_tag": 2,
        "start_time": "0:00:14.900000",
        "word": "provide"
    },
    {
        "end_time": "0:00:15.900000",
        "speaker_tag": 1,
        "start_time": "0:00:15.400000",
        "word": "details"
    },
    {
        "end_time": "0:00:16.900000",
        "speaker_tag": 1,
        "start_time": "0:00:15.900000",
        "word": "Okay"
    },
    {
        "end_time": "0:00:17.400000",
        "speaker_tag": 1,
        "start_time": "0:00:16.900000",
        "word": "so"
    },
    {
        "end_time": "0:00:19",
        "speaker_tag": 1,
        "start_time": "0:00:18.600000",
        "word": "you"
    },
    {
        "end_time": "0:00:19.200000",
        "speaker_tag": 1,
        "start_time": "0:00:19",
        "word": "have"
    },
    {
        "end_time": "0:00:19.400000",
        "speaker_tag": 1,
        "start_time": "0:00:19.200000",
        "word": "a"
    },
    {
        "end_time": "0:00:22.400000",
        "speaker_tag": 1,
        "start_time": "0:00:21.900000",
        "word": "pot"
    },
    {
        "end_time": "0:00:23.500000",
        "speaker_tag": 2,
        "start_time": "0:00:22.400000",
        "word": "to"
    },
    {
        "end_time": "0:00:23.600000",
        "speaker_tag": 2,
        "start_time": "0:00:23.500000",
        "word": "make"
    },
    {
        "end_time": "0:00:24",
        "speaker_tag": 2,
        "start_time": "0:00:23.600000",
        "word": "coffee"
    },
    {
        "end_time": "0:00:25.500000",
        "speaker_tag": 2,
        "start_time": "0:00:24",
        "word": "you"
    },
    {
        "end_time": "0:00:26.200000",
        "speaker_tag": 2,
        "start_time": "0:00:25.500000",
        "word": "open"
    },
    {
        "end_time": "0:00:26.400000",
        "speaker_tag": 2,
        "start_time": "0:00:26.200000",
        "word": "the"
    },
    {
        "end_time": "0:00:26.500000",
        "speaker_tag": 2,
        "start_time": "0:00:26.400000",
        "word": "lid"
    },
    {
        "end_time": "0:00:26.800000",
        "speaker_tag": 2,
        "start_time": "0:00:26.500000",
        "word": "and"
    },
    {
        "end_time": "0:00:27.100000",
        "speaker_tag": 2,
        "start_time": "0:00:26.800000",
        "word": "you"
    },
    {
        "end_time": "0:00:27.500000",
        "speaker_tag": 2,
        "start_time": "0:00:27.100000",
        "word": "open"
    },
    {
        "end_time": "0:00:27.700000",
        "speaker_tag": 2,
        "start_time": "0:00:27.500000",
        "word": "the"
    },
    {
        "end_time": "0:00:28",
        "speaker_tag": 2,
        "start_time": "0:00:27.700000",
        "word": "food"
    },
    {
        "end_time": "0:00:28.100000",
        "speaker_tag": 2,
        "start_time": "0:00:28",
        "word": "and"
    },
    {
        "end_time": "0:00:28.200000",
        "speaker_tag": 2,
        "start_time": "0:00:28.100000",
        "word": "you"
    },
    {
        "end_time": "0:00:28.500000",
        "speaker_tag": 2,
        "start_time": "0:00:28.200000",
        "word": "put"
    },
    {
        "end_time": "0:00:28.600000",
        "speaker_tag": 2,
        "start_time": "0:00:28.500000",
        "word": "the"
    },
    {
        "end_time": "0:00:29",
        "speaker_tag": 2,
        "start_time": "0:00:28.600000",
        "word": "filter"
    },
    {
        "end_time": "0:00:29.200000",
        "speaker_tag": 2,
        "start_time": "0:00:29",
        "word": "for"
    },
    {
        "end_time": "0:00:29.300000",
        "speaker_tag": 2,
        "start_time": "0:00:29.200000",
        "word": "the"
    },
    {
        "end_time": "0:00:29.800000",
        "speaker_tag": 2,
        "start_time": "0:00:29.300000",
        "word": "coffee"
    },
    {
        "end_time": "0:00:30.100000",
        "speaker_tag": 2,
        "start_time": "0:00:29.800000",
        "word": "then"
    },
    {
        "end_time": "0:00:30.200000",
        "speaker_tag": 2,
        "start_time": "0:00:30.100000",
        "word": "you"
    },
    {
        "end_time": "0:00:30.300000",
        "speaker_tag": 2,
        "start_time": "0:00:30.200000",
        "word": "get"
    },
    {
        "end_time": "0:00:30.500000",
        "speaker_tag": 2,
        "start_time": "0:00:30.300000",
        "word": "the"
    },
    {
        "end_time": "0:00:30.700000",
        "speaker_tag": 2,
        "start_time": "0:00:30.500000",
        "word": "coffee"
    },
    {
        "end_time": "0:00:31.600000",
        "speaker_tag": 2,
        "start_time": "0:00:30.700000",
        "word": "and"
    },
    {
        "end_time": "0:00:32.300000",
        "speaker_tag": 2,
        "start_time": "0:00:31.600000",
        "word": "put"
    },
    {
        "end_time": "0:00:32.700000",
        "speaker_tag": 2,
        "start_time": "0:00:32.300000",
        "word": "whatever"
    },
    {
        "end_time": "0:00:33.300000",
        "speaker_tag": 2,
        "start_time": "0:00:32.700000",
        "word": "Mountain"
    },
    {
        "end_time": "0:00:33.700000",
        "speaker_tag": 2,
        "start_time": "0:00:33.300000",
        "word": "Coffee"
    },
    {
        "end_time": "0:00:33.800000",
        "speaker_tag": 2,
        "start_time": "0:00:33.700000",
        "word": "you"
    },
    {
        "end_time": "0:00:33.900000",
        "speaker_tag": 2,
        "start_time": "0:00:33.800000",
        "word": "like"
    },
    {
        "end_time": "0:00:34.800000",
        "speaker_tag": 2,
        "start_time": "0:00:33.900000",
        "word": "usually"
    },
    {
        "end_time": "0:00:35",
        "speaker_tag": 2,
        "start_time": "0:00:34.800000",
        "word": "a"
    },
    {
        "end_time": "0:00:35.600000",
        "speaker_tag": 2,
        "start_time": "0:00:35",
        "word": "couple"
    },
    {
        "end_time": "0:00:36",
        "speaker_tag": 2,
        "start_time": "0:00:35.600000",
        "word": "of"
    },
    {
        "end_time": "0:00:37.100000",
        "speaker_tag": 2,
        "start_time": "0:00:36",
        "word": "teaspoons"
    },
    {
        "end_time": "0:00:37.800000",
        "speaker_tag": 2,
        "start_time": "0:00:37.100000",
        "word": "for"
    },
    {
        "end_time": "0:00:38",
        "speaker_tag": 2,
        "start_time": "0:00:37.800000",
        "word": "a"
    },
    {
        "end_time": "0:00:38.500000",
        "speaker_tag": 2,
        "start_time": "0:00:38",
        "word": "small"
    },
    {
        "end_time": "0:00:38.800000",
        "speaker_tag": 2,
        "start_time": "0:00:38.500000",
        "word": "apple"
    },
    {
        "end_time": "0:00:39",
        "speaker_tag": 2,
        "start_time": "0:00:38.800000",
        "word": "pie"
    },
    {
        "end_time": "0:00:39.300000",
        "speaker_tag": 2,
        "start_time": "0:00:39",
        "word": "cup"
    },
    {
        "end_time": "0:00:46.500000",
        "speaker_tag": 2,
        "start_time": "0:00:39.300000",
        "word": "with"
    },
    {
        "end_time": "0:00:46.600000",
        "speaker_tag": 2,
        "start_time": "0:00:46.500000",
        "word": "the"
    },
    {
        "end_time": "0:00:47",
        "speaker_tag": 2,
        "start_time": "0:00:46.600000",
        "word": "coffee"
    },
    {
        "end_time": "0:00:47.300000",
        "speaker_tag": 2,
        "start_time": "0:00:47",
        "word": "go"
    },
    {
        "end_time": "0:00:47.900000",
        "speaker_tag": 2,
        "start_time": "0:00:47.300000",
        "word": "to"
    },
    {
        "end_time": "0:00:48.100000",
        "speaker_tag": 2,
        "start_time": "0:00:47.900000",
        "word": "put"
    },
    {
        "end_time": "0:00:48.100000",
        "speaker_tag": 2,
        "start_time": "0:00:48.100000",
        "word": "it"
    },
    {
        "end_time": "0:00:48.300000",
        "speaker_tag": 2,
        "start_time": "0:00:48.100000",
        "word": "under"
    },
    {
        "end_time": "0:00:48.400000",
        "speaker_tag": 2,
        "start_time": "0:00:48.300000",
        "word": "the"
    },
    {
        "end_time": "0:00:48.700000",
        "speaker_tag": 2,
        "start_time": "0:00:48.400000",
        "word": "sea"
    },
    {
        "end_time": "0:00:49",
        "speaker_tag": 2,
        "start_time": "0:00:48.700000",
        "word": "under"
    },
    {
        "end_time": "0:00:49.200000",
        "speaker_tag": 2,
        "start_time": "0:00:49",
        "word": "the"
    },
    {
        "end_time": "0:00:49.600000",
        "speaker_tag": 2,
        "start_time": "0:00:49.200000",
        "word": "water"
    },
    {
        "end_time": "0:00:49.800000",
        "speaker_tag": 2,
        "start_time": "0:00:49.600000",
        "word": "and"
    },
    {
        "end_time": "0:00:50.200000",
        "speaker_tag": 2,
        "start_time": "0:00:49.800000",
        "word": "it"
    },
    {
        "end_time": "0:00:50.700000",
        "speaker_tag": 2,
        "start_time": "0:00:50.200000",
        "word": "up"
    },
    {
        "end_time": "0:00:50.900000",
        "speaker_tag": 2,
        "start_time": "0:00:50.700000",
        "word": "and"
    },
    {
        "end_time": "0:00:52",
        "speaker_tag": 2,
        "start_time": "0:00:50.900000",
        "word": "put"
    },
    {
        "end_time": "0:00:52.100000",
        "speaker_tag": 2,
        "start_time": "0:00:52",
        "word": "the"
    },
    {
        "end_time": "0:00:52.500000",
        "speaker_tag": 2,
        "start_time": "0:00:52.100000",
        "word": "water"
    },
    {
        "end_time": "0:00:53.100000",
        "speaker_tag": 2,
        "start_time": "0:00:52.500000",
        "word": "into"
    },
    {
        "end_time": "0:00:53.300000",
        "speaker_tag": 2,
        "start_time": "0:00:53.100000",
        "word": "the"
    },
    {
        "end_time": "0:00:54.100000",
        "speaker_tag": 2,
        "start_time": "0:00:53.300000",
        "word": "coffee"
    },
    {
        "end_time": "0:00:54.400000",
        "speaker_tag": 2,
        "start_time": "0:00:54.100000",
        "word": "cup"
    },
    {
        "end_time": "0:00:54.900000",
        "speaker_tag": 2,
        "start_time": "0:00:54.400000",
        "word": "and"
    },
    {
        "end_time": "0:00:55",
        "speaker_tag": 2,
        "start_time": "0:00:54.900000",
        "word": "then"
    },
    {
        "end_time": "0:00:55.300000",
        "speaker_tag": 2,
        "start_time": "0:00:55",
        "word": "you"
    },
    {
        "end_time": "0:00:55.400000",
        "speaker_tag": 2,
        "start_time": "0:00:55.300000",
        "word": "turn"
    },
    {
        "end_time": "0:00:55.700000",
        "speaker_tag": 2,
        "start_time": "0:00:55.400000",
        "word": "in"
    },
    {
        "end_time": "0:00:58.500000",
        "speaker_tag": 2,
        "start_time": "0:00:58.100000",
        "word": "and"
    },
    {
        "end_time": "0:00:58.700000",
        "speaker_tag": 2,
        "start_time": "0:00:58.500000",
        "word": "what"
    },
    {
        "end_time": "0:00:58.700000",
        "speaker_tag": 2,
        "start_time": "0:00:58.700000",
        "word": "a"
    },
    {
        "end_time": "0:00:59",
        "speaker_tag": 2,
        "start_time": "0:00:58.700000",
        "word": "boil"
    },
    {
        "end_time": "0:00:59.100000",
        "speaker_tag": 2,
        "start_time": "0:00:59",
        "word": "eggs"
    },
    {
        "end_time": "0:01:00.900000",
        "speaker_tag": 2,
        "start_time": "0:00:59.100000",
        "word": "scrambled"
    },
    {
        "end_time": "0:01:01",
        "speaker_tag": 2,
        "start_time": "0:01:00.900000",
        "word": "eggs"
    },
    {
        "end_time": "0:01:01.400000",
        "speaker_tag": 2,
        "start_time": "0:01:01",
        "word": "in"
    },
    {
        "end_time": "0:01:06.200000",
        "speaker_tag": 2,
        "start_time": "0:01:01.400000",
        "word": "the"
    },
    {
        "end_time": "0:01:06.500000",
        "speaker_tag": 2,
        "start_time": "0:01:06.200000",
        "word": "pan"
    },
    {
        "end_time": "0:01:06.800000",
        "speaker_tag": 2,
        "start_time": "0:01:06.500000",
        "word": "and"
    },
    {
        "end_time": "0:01:07",
        "speaker_tag": 2,
        "start_time": "0:01:06.800000",
        "word": "put"
    },
    {
        "end_time": "0:01:07.200000",
        "speaker_tag": 2,
        "start_time": "0:01:07",
        "word": "it"
    },
    {
        "end_time": "0:01:07.300000",
        "speaker_tag": 2,
        "start_time": "0:01:07.200000",
        "word": "in"
    },
    {
        "end_time": "0:01:07.400000",
        "speaker_tag": 2,
        "start_time": "0:01:07.300000",
        "word": "the"
    },
    {
        "end_time": "0:01:07.800000",
        "speaker_tag": 2,
        "start_time": "0:01:07.400000",
        "word": "fire"
    },
    {
        "end_time": "0:01:08.200000",
        "speaker_tag": 2,
        "start_time": "0:01:07.800000",
        "word": "low"
    },
    {
        "end_time": "0:01:08.700000",
        "speaker_tag": 2,
        "start_time": "0:01:08.200000",
        "word": "with"
    },
    {
        "end_time": "0:01:08.800000",
        "speaker_tag": 2,
        "start_time": "0:01:08.700000",
        "word": "a"
    },
    {
        "end_time": "0:01:09.100000",
        "speaker_tag": 2,
        "start_time": "0:01:08.800000",
        "word": "little"
    },
    {
        "end_time": "0:01:09.200000",
        "speaker_tag": 2,
        "start_time": "0:01:09.100000",
        "word": "bit"
    },
    {
        "end_time": "0:01:09.300000",
        "speaker_tag": 2,
        "start_time": "0:01:09.200000",
        "word": "of"
    },
    {
        "end_time": "0:01:09.500000",
        "speaker_tag": 2,
        "start_time": "0:01:09.300000",
        "word": "olive"
    },
    {
        "end_time": "0:01:10",
        "speaker_tag": 2,
        "start_time": "0:01:09.500000",
        "word": "oil"
    },
    {
        "end_time": "0:01:10.600000",
        "speaker_tag": 2,
        "start_time": "0:01:10",
        "word": "when"
    },
    {
        "end_time": "0:01:10.700000",
        "speaker_tag": 2,
        "start_time": "0:01:10.600000",
        "word": "you"
    },
    {
        "end_time": "0:01:10.900000",
        "speaker_tag": 2,
        "start_time": "0:01:10.700000",
        "word": "get"
    },
    {
        "end_time": "0:01:11.100000",
        "speaker_tag": 2,
        "start_time": "0:01:10.900000",
        "word": "two"
    },
    {
        "end_time": "0:01:11.500000",
        "speaker_tag": 2,
        "start_time": "0:01:11.100000",
        "word": "eggs"
    },
    {
        "end_time": "0:01:11.600000",
        "speaker_tag": 2,
        "start_time": "0:01:11.500000",
        "word": "to"
    },
    {
        "end_time": "0:01:12.100000",
        "speaker_tag": 2,
        "start_time": "0:01:11.600000",
        "word": "Ramona"
    },
    {
        "end_time": "0:01:12.500000",
        "speaker_tag": 2,
        "start_time": "0:01:12.100000",
        "word": "bowl"
    },
    {
        "end_time": "0:01:13.600000",
        "speaker_tag": 2,
        "start_time": "0:01:12.500000",
        "word": "and"
    },
    {
        "end_time": "0:01:13.900000",
        "speaker_tag": 2,
        "start_time": "0:01:13.600000",
        "word": "just"
    },
    {
        "end_time": "0:01:14.500000",
        "speaker_tag": 2,
        "start_time": "0:01:13.900000",
        "word": "picked"
    },
    {
        "end_time": "0:01:14.700000",
        "speaker_tag": 2,
        "start_time": "0:01:14.500000",
        "word": "up"
    },
    {
        "end_time": "0:01:15.500000",
        "speaker_tag": 2,
        "start_time": "0:01:14.700000",
        "word": "out"
    },
    {
        "end_time": "0:01:15.600000",
        "speaker_tag": 2,
        "start_time": "0:01:15.500000",
        "word": "of"
    },
    {
        "end_time": "0:01:15.900000",
        "speaker_tag": 2,
        "start_time": "0:01:15.600000",
        "word": "them"
    },
    {
        "end_time": "0:01:17.500000",
        "speaker_tag": 2,
        "start_time": "0:01:15.900000",
        "word": "maybe"
    },
    {
        "end_time": "0:01:17.800000",
        "speaker_tag": 2,
        "start_time": "0:01:17.500000",
        "word": "put"
    },
    {
        "end_time": "0:01:17.900000",
        "speaker_tag": 2,
        "start_time": "0:01:17.800000",
        "word": "some"
    },
    {
        "end_time": "0:01:18.300000",
        "speaker_tag": 2,
        "start_time": "0:01:17.900000",
        "word": "salt"
    },
    {
        "end_time": "0:01:18.500000",
        "speaker_tag": 2,
        "start_time": "0:01:18.300000",
        "word": "and"
    },
    {
        "end_time": "0:01:18.800000",
        "speaker_tag": 2,
        "start_time": "0:01:18.500000",
        "word": "pepper"
    },
    {
        "end_time": "0:01:19.100000",
        "speaker_tag": 2,
        "start_time": "0:01:18.800000",
        "word": "and"
    },
    {
        "end_time": "0:01:19.300000",
        "speaker_tag": 2,
        "start_time": "0:01:19.100000",
        "word": "by"
    },
    {
        "end_time": "0:01:19.400000",
        "speaker_tag": 2,
        "start_time": "0:01:19.300000",
        "word": "the"
    },
    {
        "end_time": "0:01:19.500000",
        "speaker_tag": 2,
        "start_time": "0:01:19.400000",
        "word": "time"
    },
    {
        "end_time": "0:01:20.200000",
        "speaker_tag": 2,
        "start_time": "0:01:19.500000",
        "word": "you're"
    },
    {
        "end_time": "0:01:20.700000",
        "speaker_tag": 2,
        "start_time": "0:01:20.200000",
        "word": "fired"
    },
    {
        "end_time": "0:01:20.800000",
        "speaker_tag": 2,
        "start_time": "0:01:20.700000",
        "word": "would"
    },
    {
        "end_time": "0:01:21",
        "speaker_tag": 2,
        "start_time": "0:01:20.800000",
        "word": "be"
    },
    {
        "end_time": "0:01:21.500000",
        "speaker_tag": 2,
        "start_time": "0:01:21",
        "word": "your"
    },
    {
        "end_time": "0:01:21.800000",
        "speaker_tag": 2,
        "start_time": "0:01:21.500000",
        "word": "pan"
    },
    {
        "end_time": "0:01:22.100000",
        "speaker_tag": 2,
        "start_time": "0:01:21.800000",
        "word": "would"
    },
    {
        "end_time": "0:01:22.200000",
        "speaker_tag": 2,
        "start_time": "0:01:22.100000",
        "word": "be"
    },
    {
        "end_time": "0:01:22.500000",
        "speaker_tag": 2,
        "start_time": "0:01:22.200000",
        "word": "fine"
    },
    {
        "end_time": "0:01:22.700000",
        "speaker_tag": 2,
        "start_time": "0:01:22.500000",
        "word": "and"
    },
    {
        "end_time": "0:01:22.900000",
        "speaker_tag": 2,
        "start_time": "0:01:22.700000",
        "word": "just"
    },
    {
        "end_time": "0:01:23.100000",
        "speaker_tag": 2,
        "start_time": "0:01:22.900000",
        "word": "put"
    },
    {
        "end_time": "0:01:23.200000",
        "speaker_tag": 2,
        "start_time": "0:01:23.100000",
        "word": "it"
    },
    {
        "end_time": "0:01:23.400000",
        "speaker_tag": 2,
        "start_time": "0:01:23.200000",
        "word": "in"
    },
    {
        "end_time": "0:01:23.500000",
        "speaker_tag": 2,
        "start_time": "0:01:23.400000",
        "word": "there"
    },
    {
        "end_time": "0:01:23.800000",
        "speaker_tag": 2,
        "start_time": "0:01:23.500000",
        "word": "and"
    },
    {
        "end_time": "0:01:24.700000",
        "speaker_tag": 2,
        "start_time": "0:01:23.800000",
        "word": "get"
    },
    {
        "end_time": "0:01:24.900000",
        "speaker_tag": 2,
        "start_time": "0:01:24.700000",
        "word": "you"
    },
    {
        "end_time": "0:01:25",
        "speaker_tag": 2,
        "start_time": "0:01:24.900000",
        "word": "a"
    },
    {
        "end_time": "0:01:26.400000",
        "speaker_tag": 2,
        "start_time": "0:01:25",
        "word": "non-stick"
    },
    {
        "end_time": "0:01:27.200000",
        "speaker_tag": 2,
        "start_time": "0:01:26.400000",
        "word": "spoon"
    },
    {
        "end_time": "0:01:27.400000",
        "speaker_tag": 2,
        "start_time": "0:01:27.200000",
        "word": "and"
    },
    {
        "end_time": "0:01:27.700000",
        "speaker_tag": 2,
        "start_time": "0:01:27.400000",
        "word": "just"
    },
    {
        "end_time": "0:01:28.100000",
        "speaker_tag": 2,
        "start_time": "0:01:27.700000",
        "word": "roll"
    },
    {
        "end_time": "0:01:28.200000",
        "speaker_tag": 2,
        "start_time": "0:01:28.100000",
        "word": "it"
    },
    {
        "end_time": "0:01:28.400000",
        "speaker_tag": 2,
        "start_time": "0:01:28.200000",
        "word": "around"
    },
    {
        "end_time": "0:01:28.700000",
        "speaker_tag": 2,
        "start_time": "0:01:28.400000",
        "word": "to"
    },
    {
        "end_time": "0:01:28.900000",
        "speaker_tag": 2,
        "start_time": "0:01:28.700000",
        "word": "this"
    },
    {
        "end_time": "0:01:29.600000",
        "speaker_tag": 2,
        "start_time": "0:01:28.900000",
        "word": "nice"
    },
    {
        "end_time": "0:01:29.800000",
        "speaker_tag": 2,
        "start_time": "0:01:29.600000",
        "word": "and"
    },
    {
        "end_time": "0:01:30.100000",
        "speaker_tag": 2,
        "start_time": "0:01:29.800000",
        "word": "cook"
    },
    {
        "end_time": "0:01:32",
        "speaker_tag": 2,
        "start_time": "0:01:31.500000",
        "word": "what"
    },
    {
        "end_time": "0:01:32.100000",
        "speaker_tag": 2,
        "start_time": "0:01:32",
        "word": "are"
    },
    {
        "end_time": "0:01:32.600000",
        "speaker_tag": 2,
        "start_time": "0:01:32.100000",
        "word": "salad"
    },
    {
        "end_time": "0:01:38.100000",
        "speaker_tag": 2,
        "start_time": "0:01:32.600000",
        "word": "apples"
    },
    {
        "end_time": "0:01:38.400000",
        "speaker_tag": 2,
        "start_time": "0:01:38.100000",
        "word": "bananas"
    },
    {
        "end_time": "0:01:39.200000",
        "speaker_tag": 2,
        "start_time": "0:01:38.400000",
        "word": "strawberries"
    },
    {
        "end_time": "0:01:40.300000",
        "speaker_tag": 2,
        "start_time": "0:01:39.200000",
        "word": "oranges"
    },
    {
        "end_time": "0:01:41.100000",
        "speaker_tag": 2,
        "start_time": "0:01:40.300000",
        "word": "and"
    },
    {
        "end_time": "0:01:41.200000",
        "speaker_tag": 2,
        "start_time": "0:01:41.100000",
        "word": "I'm"
    },
    {
        "end_time": "0:01:41.400000",
        "speaker_tag": 2,
        "start_time": "0:01:41.200000",
        "word": "going"
    },
    {
        "end_time": "0:01:41.500000",
        "speaker_tag": 2,
        "start_time": "0:01:41.400000",
        "word": "to"
    },
    {
        "end_time": "0:01:41.600000",
        "speaker_tag": 2,
        "start_time": "0:01:41.500000",
        "word": "make"
    },
    {
        "end_time": "0:01:41.700000",
        "speaker_tag": 2,
        "start_time": "0:01:41.600000",
        "word": "a"
    },
    {
        "end_time": "0:01:42.100000",
        "speaker_tag": 2,
        "start_time": "0:01:41.700000",
        "word": "salad"
    },
    {
        "end_time": "0:01:43.100000",
        "speaker_tag": 2,
        "start_time": "0:01:42.100000",
        "word": "and"
    },
    {
        "end_time": "0:01:43.500000",
        "speaker_tag": 2,
        "start_time": "0:01:43.100000",
        "word": "you"
    },
    {
        "end_time": "0:01:43.800000",
        "speaker_tag": 2,
        "start_time": "0:01:43.500000",
        "word": "will"
    },
    {
        "end_time": "0:01:44.700000",
        "speaker_tag": 2,
        "start_time": "0:01:43.800000",
        "word": "get"
    },
    {
        "end_time": "0:01:44.900000",
        "speaker_tag": 2,
        "start_time": "0:01:44.700000",
        "word": "the"
    },
    {
        "end_time": "0:01:45.200000",
        "speaker_tag": 2,
        "start_time": "0:01:44.900000",
        "word": "cutting"
    },
    {
        "end_time": "0:01:45.800000",
        "speaker_tag": 2,
        "start_time": "0:01:45.200000",
        "word": "board"
    },
    {
        "end_time": "0:01:45.900000",
        "speaker_tag": 2,
        "start_time": "0:01:45.800000",
        "word": "a"
    },
    {
        "end_time": "0:01:46.300000",
        "speaker_tag": 2,
        "start_time": "0:01:45.900000",
        "word": "nice"
    },
    {
        "end_time": "0:01:46.400000",
        "speaker_tag": 2,
        "start_time": "0:01:46.300000",
        "word": "nice"
    },
    {
        "end_time": "0:01:47.300000",
        "speaker_tag": 2,
        "start_time": "0:01:46.400000",
        "word": "knife"
    },
    {
        "end_time": "0:01:48",
        "speaker_tag": 2,
        "start_time": "0:01:47.300000",
        "word": "cutting"
    },
    {
        "end_time": "0:01:48.500000",
        "speaker_tag": 2,
        "start_time": "0:01:48",
        "word": "knife"
    },
    {
        "end_time": "0:01:48.800000",
        "speaker_tag": 2,
        "start_time": "0:01:48.500000",
        "word": "then"
    },
    {
        "end_time": "0:01:48.900000",
        "speaker_tag": 2,
        "start_time": "0:01:48.800000",
        "word": "you"
    },
    {
        "end_time": "0:01:49.100000",
        "speaker_tag": 2,
        "start_time": "0:01:48.900000",
        "word": "will"
    },
    {
        "end_time": "0:01:49.500000",
        "speaker_tag": 2,
        "start_time": "0:01:49.100000",
        "word": "wash"
    },
    {
        "end_time": "0:01:49.800000",
        "speaker_tag": 2,
        "start_time": "0:01:49.500000",
        "word": "your"
    },
    {
        "end_time": "0:01:50.200000",
        "speaker_tag": 2,
        "start_time": "0:01:49.800000",
        "word": "regular"
    },
    {
        "end_time": "0:01:50.500000",
        "speaker_tag": 2,
        "start_time": "0:01:50.200000",
        "word": "fruit"
    },
    {
        "end_time": "0:01:51.400000",
        "speaker_tag": 2,
        "start_time": "0:01:50.500000",
        "word": "and"
    },
    {
        "end_time": "0:01:51.500000",
        "speaker_tag": 2,
        "start_time": "0:01:51.400000",
        "word": "you"
    },
    {
        "end_time": "0:01:51.800000",
        "speaker_tag": 2,
        "start_time": "0:01:51.500000",
        "word": "cut"
    },
    {
        "end_time": "0:01:51.800000",
        "speaker_tag": 2,
        "start_time": "0:01:51.800000",
        "word": "it"
    },
    {
        "end_time": "0:01:52",
        "speaker_tag": 2,
        "start_time": "0:01:51.800000",
        "word": "in"
    },
    {
        "end_time": "0:01:52.700000",
        "speaker_tag": 2,
        "start_time": "0:01:52",
        "word": "small"
    },
    {
        "end_time": "0:01:52.900000",
        "speaker_tag": 2,
        "start_time": "0:01:52.700000",
        "word": "by"
    },
    {
        "end_time": "0:01:53.500000",
        "speaker_tag": 2,
        "start_time": "0:01:52.900000",
        "word": "pieces"
    },
    {
        "end_time": "0:01:53.700000",
        "speaker_tag": 2,
        "start_time": "0:01:53.500000",
        "word": "and"
    },
    {
        "end_time": "0:01:54",
        "speaker_tag": 2,
        "start_time": "0:01:53.700000",
        "word": "throw"
    },
    {
        "end_time": "0:01:54.100000",
        "speaker_tag": 2,
        "start_time": "0:01:54",
        "word": "it"
    },
    {
        "end_time": "0:01:54.200000",
        "speaker_tag": 2,
        "start_time": "0:01:54.100000",
        "word": "in"
    },
    {
        "end_time": "0:01:54.300000",
        "speaker_tag": 2,
        "start_time": "0:01:54.200000",
        "word": "the"
    },
    {
        "end_time": "0:01:54.500000",
        "speaker_tag": 2,
        "start_time": "0:01:54.300000",
        "word": "whole"
    },
    {
        "end_time": "0:01:55.600000",
        "speaker_tag": 2,
        "start_time": "0:01:54.500000",
        "word": "maybe"
    },
    {
        "end_time": "0:01:55.900000",
        "speaker_tag": 2,
        "start_time": "0:01:55.600000",
        "word": "you"
    },
    {
        "end_time": "0:01:56.100000",
        "speaker_tag": 2,
        "start_time": "0:01:55.900000",
        "word": "put"
    },
    {
        "end_time": "0:01:56.300000",
        "speaker_tag": 2,
        "start_time": "0:01:56.100000",
        "word": "some"
    },
    {
        "end_time": "0:01:56.600000",
        "speaker_tag": 2,
        "start_time": "0:01:56.300000",
        "word": "Splenda"
    },
    {
        "end_time": "0:01:57.200000",
        "speaker_tag": 2,
        "start_time": "0:01:56.600000",
        "word": "or"
    },
    {
        "end_time": "0:01:57.600000",
        "speaker_tag": 2,
        "start_time": "0:01:57.200000",
        "word": "sweet"
    },
    {
        "end_time": "0:01:57.800000",
        "speaker_tag": 2,
        "start_time": "0:01:57.600000",
        "word": "little"
    },
    {
        "end_time": "0:01:57.900000",
        "speaker_tag": 2,
        "start_time": "0:01:57.800000",
        "word": "bit"
    },
    {
        "end_time": "0:01:58",
        "speaker_tag": 2,
        "start_time": "0:01:57.900000",
        "word": "of"
    },
    {
        "end_time": "0:01:58.200000",
        "speaker_tag": 2,
        "start_time": "0:01:58",
        "word": "sugar"
    },
    {
        "end_time": "0:01:58.700000",
        "speaker_tag": 2,
        "start_time": "0:01:58.200000",
        "word": "you"
    },
    {
        "end_time": "0:01:59.500000",
        "speaker_tag": 2,
        "start_time": "0:01:58.700000",
        "word": "just"
    },
    {
        "end_time": "0:02:00.900000",
        "speaker_tag": 2,
        "start_time": "0:01:59.500000",
        "word": "mix"
    },
    {
        "end_time": "0:02:01",
        "speaker_tag": 2,
        "start_time": "0:02:00.900000",
        "word": "it"
    },
    {
        "end_time": "0:02:01.100000",
        "speaker_tag": 2,
        "start_time": "0:02:01",
        "word": "up"
    },
    {
        "end_time": "0:02:01.800000",
        "speaker_tag": 2,
        "start_time": "0:02:01.100000",
        "word": "and"
    },
    {
        "end_time": "0:02:02.100000",
        "speaker_tag": 2,
        "start_time": "0:02:01.800000",
        "word": "you"
    },
    {
        "end_time": "0:02:02.200000",
        "speaker_tag": 2,
        "start_time": "0:02:02.100000",
        "word": "want"
    },
    {
        "end_time": "0:02:02.400000",
        "speaker_tag": 2,
        "start_time": "0:02:02.200000",
        "word": "some"
    },
    {
        "end_time": "0:02:02.800000",
        "speaker_tag": 2,
        "start_time": "0:02:02.400000",
        "word": "whipped"
    },
    {
        "end_time": "0:02:02.800000",
        "speaker_tag": 2,
        "start_time": "0:02:02.800000",
        "word": "cream"
    },
    {
        "end_time": "0:02:03.200000",
        "speaker_tag": 2,
        "start_time": "0:02:02.800000",
        "word": "you"
    },
    {
        "end_time": "0:02:03.300000",
        "speaker_tag": 2,
        "start_time": "0:02:03.200000",
        "word": "can"
    },
    {
        "end_time": "0:02:03.500000",
        "speaker_tag": 2,
        "start_time": "0:02:03.300000",
        "word": "use"
    },
    {
        "end_time": "0:02:03.700000",
        "speaker_tag": 2,
        "start_time": "0:02:03.500000",
        "word": "it"
    },
    {
        "end_time": "0:02:04",
        "speaker_tag": 2,
        "start_time": "0:02:03.700000",
        "word": "whenever"
    },
    {
        "end_time": "0:02:04.200000",
        "speaker_tag": 2,
        "start_time": "0:02:04",
        "word": "you"
    },
    {
        "end_time": "0:02:04.600000",
        "speaker_tag": 2,
        "start_time": "0:02:04.200000",
        "word": "serve"
    },
    {
        "end_time": "0:02:05",
        "speaker_tag": 2,
        "start_time": "0:02:04.600000",
        "word": "it"
    },
    {
        "end_time": "0:02:05.100000",
        "speaker_tag": 2,
        "start_time": "0:02:05",
        "word": "on"
    },
    {
        "end_time": "0:02:05.200000",
        "speaker_tag": 2,
        "start_time": "0:02:05.100000",
        "word": "a"
    },
    {
        "end_time": "0:02:05.400000",
        "speaker_tag": 2,
        "start_time": "0:02:05.200000",
        "word": "little"
    },
    {
        "end_time": "0:02:05.900000",
        "speaker_tag": 2,
        "start_time": "0:02:05.400000",
        "word": "bowl"
    },
    {
        "end_time": "0:02:06.100000",
        "speaker_tag": 2,
        "start_time": "0:02:05.900000",
        "word": "for"
    },
    {
        "end_time": "0:02:06.300000",
        "speaker_tag": 2,
        "start_time": "0:02:06.100000",
        "word": "you"
    },
    {
        "end_time": "0:02:06.600000",
        "speaker_tag": 2,
        "start_time": "0:02:06.300000",
        "word": "gas"
    },
    {
        "end_time": "0:02:06.900000",
        "speaker_tag": 2,
        "start_time": "0:02:06.600000",
        "word": "with"
    },
    {
        "end_time": "0:02:06.900000",
        "speaker_tag": 2,
        "start_time": "0:02:06.900000",
        "word": "a"
    },
    {
        "end_time": "0:02:07.400000",
        "speaker_tag": 2,
        "start_time": "0:02:06.900000",
        "word": "little"
    },
    {
        "end_time": "0:02:07.800000",
        "speaker_tag": 1,
        "start_time": "0:02:07.400000",
        "word": "whipped"
    },
    {
        "end_time": "0:02:08.100000",
        "speaker_tag": 1,
        "start_time": "0:02:07.800000",
        "word": "cream"
    },
    {
        "end_time": "0:02:08.800000",
        "speaker_tag": 1,
        "start_time": "0:02:08.100000",
        "word": "that's"
    },
    {
        "end_time": "0:02:09.100000",
        "speaker_tag": 1,
        "start_time": "0:02:08.800000",
        "word": "it"
    },
    {
        "end_time": "0:02:13.100000",
        "speaker_tag": 1,
        "start_time": "0:02:09.100000",
        "word": "thank"
    },
    {
        "end_time": "0:02:13.300000",
        "speaker_tag": 1,
        "start_time": "0:02:13.100000",
        "word": "you"
    }
]