[
    {
        "end_time": "0:00:01.300000",
        "speaker_tag": 2,
        "start_time": "0:00:00.900000",
        "word": "but"
    },
    {
        "end_time": "0:00:01.400000",
        "speaker_tag": 2,
        "start_time": "0:00:01.300000",
        "word": "I"
    },
    {
        "end_time": "0:00:01.500000",
        "speaker_tag": 2,
        "start_time": "0:00:01.400000",
        "word": "only"
    },
    {
        "end_time": "0:00:01.800000",
        "speaker_tag": 2,
        "start_time": "0:00:01.500000",
        "word": "put"
    },
    {
        "end_time": "0:00:01.900000",
        "speaker_tag": 2,
        "start_time": "0:00:01.800000",
        "word": "this"
    },
    {
        "end_time": "0:00:02.200000",
        "speaker_tag": 2,
        "start_time": "0:00:01.900000",
        "word": "back"
    },
    {
        "end_time": "0:00:02.400000",
        "speaker_tag": 2,
        "start_time": "0:00:02.200000",
        "word": "real"
    },
    {
        "end_time": "0:00:02.700000",
        "speaker_tag": 2,
        "start_time": "0:00:02.400000",
        "word": "quick"
    },
    {
        "end_time": "0:00:10.400000",
        "speaker_tag": 2,
        "start_time": "0:00:10",
        "word": "I"
    },
    {
        "end_time": "0:00:10.600000",
        "speaker_tag": 2,
        "start_time": "0:00:10.400000",
        "word": "got"
    },
    {
        "end_time": "0:00:10.700000",
        "speaker_tag": 2,
        "start_time": "0:00:10.600000",
        "word": "so"
    },
    {
        "end_time": "0:00:10.800000",
        "speaker_tag": 2,
        "start_time": "0:00:10.700000",
        "word": "the"
    },
    {
        "end_time": "0:00:11.100000",
        "speaker_tag": 2,
        "start_time": "0:00:10.800000",
        "word": "first"
    },
    {
        "end_time": "0:00:11.200000",
        "speaker_tag": 2,
        "start_time": "0:00:11.100000",
        "word": "one"
    },
    {
        "end_time": "0:00:13.800000",
        "speaker_tag": 2,
        "start_time": "0:00:12.300000",
        "word": "I"
    },
    {
        "end_time": "0:00:14",
        "speaker_tag": 2,
        "start_time": "0:00:13.800000",
        "word": "just"
    },
    {
        "end_time": "0:00:14.100000",
        "speaker_tag": 2,
        "start_time": "0:00:14",
        "word": "want"
    },
    {
        "end_time": "0:00:14.200000",
        "speaker_tag": 2,
        "start_time": "0:00:14.100000",
        "word": "you"
    },
    {
        "end_time": "0:00:14.200000",
        "speaker_tag": 2,
        "start_time": "0:00:14.200000",
        "word": "to"
    },
    {
        "end_time": "0:00:14.400000",
        "speaker_tag": 2,
        "start_time": "0:00:14.200000",
        "word": "tell"
    },
    {
        "end_time": "0:00:14.400000",
        "speaker_tag": 2,
        "start_time": "0:00:14.400000",
        "word": "me"
    },
    {
        "end_time": "0:00:14.600000",
        "speaker_tag": 2,
        "start_time": "0:00:14.400000",
        "word": "about"
    },
    {
        "end_time": "0:00:14.900000",
        "speaker_tag": 2,
        "start_time": "0:00:14.600000",
        "word": "a"
    },
    {
        "end_time": "0:00:15.300000",
        "speaker_tag": 2,
        "start_time": "0:00:14.900000",
        "word": "trip"
    },
    {
        "end_time": "0:00:15.500000",
        "speaker_tag": 2,
        "start_time": "0:00:15.300000",
        "word": "or"
    },
    {
        "end_time": "0:00:15.600000",
        "speaker_tag": 2,
        "start_time": "0:00:15.500000",
        "word": "vacation"
    },
    {
        "end_time": "0:00:16.400000",
        "speaker_tag": 2,
        "start_time": "0:00:15.600000",
        "word": "that"
    },
    {
        "end_time": "0:00:16.500000",
        "speaker_tag": 2,
        "start_time": "0:00:16.400000",
        "word": "you"
    },
    {
        "end_time": "0:00:16.700000",
        "speaker_tag": 2,
        "start_time": "0:00:16.500000",
        "word": "had"
    },
    {
        "end_time": "0:00:17.800000",
        "speaker_tag": 2,
        "start_time": "0:00:16.700000",
        "word": "and"
    },
    {
        "end_time": "0:00:17.900000",
        "speaker_tag": 2,
        "start_time": "0:00:17.800000",
        "word": "you"
    },
    {
        "end_time": "0:00:18",
        "speaker_tag": 2,
        "start_time": "0:00:17.900000",
        "word": "can"
    },
    {
        "end_time": "0:00:18.100000",
        "speaker_tag": 2,
        "start_time": "0:00:18",
        "word": "just"
    },
    {
        "end_time": "0:00:18.300000",
        "speaker_tag": 2,
        "start_time": "0:00:18.100000",
        "word": "provide"
    },
    {
        "end_time": "0:00:18.700000",
        "speaker_tag": 2,
        "start_time": "0:00:18.300000",
        "word": "as"
    },
    {
        "end_time": "0:00:19",
        "speaker_tag": 2,
        "start_time": "0:00:18.700000",
        "word": "many"
    },
    {
        "end_time": "0:00:19.200000",
        "speaker_tag": 2,
        "start_time": "0:00:19",
        "word": "details"
    },
    {
        "end_time": "0:00:19.600000",
        "speaker_tag": 2,
        "start_time": "0:00:19.200000",
        "word": "as"
    },
    {
        "end_time": "0:00:19.900000",
        "speaker_tag": 2,
        "start_time": "0:00:19.600000",
        "word": "you"
    },
    {
        "end_time": "0:00:20.100000",
        "speaker_tag": 2,
        "start_time": "0:00:19.900000",
        "word": "want"
    },
    {
        "end_time": "0:00:20.600000",
        "speaker_tag": 2,
        "start_time": "0:00:20.100000",
        "word": "as"
    },
    {
        "end_time": "0:00:21.100000",
        "speaker_tag": 2,
        "start_time": "0:00:20.600000",
        "word": "necessary"
    },
    {
        "end_time": "0:00:22.300000",
        "speaker_tag": 2,
        "start_time": "0:00:21.100000",
        "word": "and"
    },
    {
        "end_time": "0:00:22.500000",
        "speaker_tag": 2,
        "start_time": "0:00:22.300000",
        "word": "then"
    },
    {
        "end_time": "0:00:22.500000",
        "speaker_tag": 2,
        "start_time": "0:00:22.500000",
        "word": "I"
    },
    {
        "end_time": "0:00:22.700000",
        "speaker_tag": 2,
        "start_time": "0:00:22.500000",
        "word": "will"
    },
    {
        "end_time": "0:00:22.800000",
        "speaker_tag": 2,
        "start_time": "0:00:22.700000",
        "word": "tell"
    },
    {
        "end_time": "0:00:23",
        "speaker_tag": 2,
        "start_time": "0:00:22.800000",
        "word": "you"
    },
    {
        "end_time": "0:00:23",
        "speaker_tag": 2,
        "start_time": "0:00:23",
        "word": "when"
    },
    {
        "end_time": "0:00:23.100000",
        "speaker_tag": 2,
        "start_time": "0:00:23",
        "word": "to"
    },
    {
        "end_time": "0:00:23.200000",
        "speaker_tag": 2,
        "start_time": "0:00:23.100000",
        "word": "stop"
    },
    {
        "end_time": "0:00:23.800000",
        "speaker_tag": 2,
        "start_time": "0:00:23.200000",
        "word": "okay"
    },
    {
        "end_time": "0:00:25.800000",
        "speaker_tag": 2,
        "start_time": "0:00:25.500000",
        "word": "are"
    },
    {
        "end_time": "0:00:25.900000",
        "speaker_tag": 2,
        "start_time": "0:00:25.800000",
        "word": "you"
    },
    {
        "end_time": "0:00:26.100000",
        "speaker_tag": 2,
        "start_time": "0:00:25.900000",
        "word": "ready"
    },
    {
        "end_time": "0:00:29.400000",
        "speaker_tag": 2,
        "start_time": "0:00:27.900000",
        "word": "trip"
    },
    {
        "end_time": "0:00:29.500000",
        "speaker_tag": 2,
        "start_time": "0:00:29.400000",
        "word": "to"
    },
    {
        "end_time": "0:00:30",
        "speaker_tag": 2,
        "start_time": "0:00:29.500000",
        "word": "Florida"
    },
    {
        "end_time": "0:00:32",
        "speaker_tag": 2,
        "start_time": "0:00:31.700000",
        "word": "I"
    },
    {
        "end_time": "0:00:32.300000",
        "speaker_tag": 2,
        "start_time": "0:00:32",
        "word": "went"
    },
    {
        "end_time": "0:00:32.300000",
        "speaker_tag": 2,
        "start_time": "0:00:32.300000",
        "word": "home"
    },
    {
        "end_time": "0:00:32.600000",
        "speaker_tag": 2,
        "start_time": "0:00:32.300000",
        "word": "to"
    },
    {
        "end_time": "0:00:32.700000",
        "speaker_tag": 2,
        "start_time": "0:00:32.600000",
        "word": "see"
    },
    {
        "end_time": "0:00:32.800000",
        "speaker_tag": 2,
        "start_time": "0:00:32.700000",
        "word": "my"
    },
    {
        "end_time": "0:00:33.100000",
        "speaker_tag": 2,
        "start_time": "0:00:32.800000",
        "word": "children"
    },
    {
        "end_time": "0:00:34.100000",
        "speaker_tag": 2,
        "start_time": "0:00:33.100000",
        "word": "and"
    },
    {
        "end_time": "0:00:35.600000",
        "speaker_tag": 2,
        "start_time": "0:00:35.200000",
        "word": "to"
    },
    {
        "end_time": "0:00:35.900000",
        "speaker_tag": 2,
        "start_time": "0:00:35.600000",
        "word": "see"
    },
    {
        "end_time": "0:00:36.100000",
        "speaker_tag": 2,
        "start_time": "0:00:35.900000",
        "word": "you"
    },
    {
        "end_time": "0:00:36.200000",
        "speaker_tag": 2,
        "start_time": "0:00:36.100000",
        "word": "about"
    },
    {
        "end_time": "0:00:37.200000",
        "speaker_tag": 2,
        "start_time": "0:00:36.200000",
        "word": "my"
    },
    {
        "end_time": "0:00:37.500000",
        "speaker_tag": 2,
        "start_time": "0:00:37.200000",
        "word": "children"
    },
    {
        "end_time": "0:00:38.200000",
        "speaker_tag": 2,
        "start_time": "0:00:37.500000",
        "word": "steady"
    },
    {
        "end_time": "0:00:39.300000",
        "speaker_tag": 2,
        "start_time": "0:00:38.200000",
        "word": "which"
    },
    {
        "end_time": "0:00:39.700000",
        "speaker_tag": 2,
        "start_time": "0:00:39.300000",
        "word": "passed"
    },
    {
        "end_time": "0:00:40",
        "speaker_tag": 2,
        "start_time": "0:00:39.700000",
        "word": "away"
    },
    {
        "end_time": "0:00:40.200000",
        "speaker_tag": 2,
        "start_time": "0:00:40",
        "word": "I"
    },
    {
        "end_time": "0:00:40.400000",
        "speaker_tag": 2,
        "start_time": "0:00:40.200000",
        "word": "had"
    },
    {
        "end_time": "0:00:40.500000",
        "speaker_tag": 2,
        "start_time": "0:00:40.400000",
        "word": "to"
    },
    {
        "end_time": "0:00:40.700000",
        "speaker_tag": 2,
        "start_time": "0:00:40.500000",
        "word": "go"
    },
    {
        "end_time": "0:00:40.900000",
        "speaker_tag": 2,
        "start_time": "0:00:40.700000",
        "word": "back"
    },
    {
        "end_time": "0:00:41.400000",
        "speaker_tag": 2,
        "start_time": "0:00:40.900000",
        "word": "make"
    },
    {
        "end_time": "0:00:41.600000",
        "speaker_tag": 2,
        "start_time": "0:00:41.400000",
        "word": "another"
    },
    {
        "end_time": "0:00:41.900000",
        "speaker_tag": 2,
        "start_time": "0:00:41.600000",
        "word": "trip"
    },
    {
        "end_time": "0:00:43.100000",
        "speaker_tag": 2,
        "start_time": "0:00:41.900000",
        "word": "for"
    },
    {
        "end_time": "0:00:43.300000",
        "speaker_tag": 2,
        "start_time": "0:00:43.100000",
        "word": "his"
    },
    {
        "end_time": "0:00:43.600000",
        "speaker_tag": 2,
        "start_time": "0:00:43.300000",
        "word": "funeral"
    },
    {
        "end_time": "0:00:44.800000",
        "speaker_tag": 2,
        "start_time": "0:00:43.600000",
        "word": "and"
    },
    {
        "end_time": "0:00:45.700000",
        "speaker_tag": 2,
        "start_time": "0:00:44.800000",
        "word": "I"
    },
    {
        "end_time": "0:00:45.900000",
        "speaker_tag": 2,
        "start_time": "0:00:45.700000",
        "word": "got"
    },
    {
        "end_time": "0:00:46",
        "speaker_tag": 2,
        "start_time": "0:00:45.900000",
        "word": "to"
    },
    {
        "end_time": "0:00:46.200000",
        "speaker_tag": 2,
        "start_time": "0:00:46",
        "word": "spend"
    },
    {
        "end_time": "0:00:46.400000",
        "speaker_tag": 2,
        "start_time": "0:00:46.200000",
        "word": "time"
    },
    {
        "end_time": "0:00:46.700000",
        "speaker_tag": 2,
        "start_time": "0:00:46.400000",
        "word": "with"
    },
    {
        "end_time": "0:00:46.800000",
        "speaker_tag": 2,
        "start_time": "0:00:46.700000",
        "word": "my"
    },
    {
        "end_time": "0:00:47.100000",
        "speaker_tag": 2,
        "start_time": "0:00:46.800000",
        "word": "children"
    },
    {
        "end_time": "0:00:47.500000",
        "speaker_tag": 2,
        "start_time": "0:00:47.100000",
        "word": "and"
    },
    {
        "end_time": "0:00:47.700000",
        "speaker_tag": 2,
        "start_time": "0:00:47.500000",
        "word": "grandchildren"
    },
    {
        "end_time": "0:00:49.200000",
        "speaker_tag": 2,
        "start_time": "0:00:47.700000",
        "word": "and"
    },
    {
        "end_time": "0:00:50.400000",
        "speaker_tag": 2,
        "start_time": "0:00:49.200000",
        "word": "enjoyed"
    },
    {
        "end_time": "0:00:50.500000",
        "speaker_tag": 2,
        "start_time": "0:00:50.400000",
        "word": "my"
    },
    {
        "end_time": "0:00:51.100000",
        "speaker_tag": 2,
        "start_time": "0:00:50.500000",
        "word": "family"
    },
    {
        "end_time": "0:00:52.100000",
        "speaker_tag": 2,
        "start_time": "0:00:51.100000",
        "word": "went"
    },
    {
        "end_time": "0:00:52.200000",
        "speaker_tag": 2,
        "start_time": "0:00:52.100000",
        "word": "out"
    },
    {
        "end_time": "0:00:52.300000",
        "speaker_tag": 2,
        "start_time": "0:00:52.200000",
        "word": "to"
    },
    {
        "end_time": "0:00:52.400000",
        "speaker_tag": 2,
        "start_time": "0:00:52.300000",
        "word": "eat"
    },
    {
        "end_time": "0:00:57.400000",
        "speaker_tag": 2,
        "start_time": "0:00:57",
        "word": "they"
    },
    {
        "end_time": "0:00:57.600000",
        "speaker_tag": 2,
        "start_time": "0:00:57.400000",
        "word": "all"
    },
    {
        "end_time": "0:00:57.900000",
        "speaker_tag": 2,
        "start_time": "0:00:57.600000",
        "word": "come"
    },
    {
        "end_time": "0:00:58",
        "speaker_tag": 2,
        "start_time": "0:00:57.900000",
        "word": "to"
    },
    {
        "end_time": "0:00:58",
        "speaker_tag": 2,
        "start_time": "0:00:58",
        "word": "the"
    },
    {
        "end_time": "0:00:58.600000",
        "speaker_tag": 2,
        "start_time": "0:00:58",
        "word": "house"
    },
    {
        "end_time": "0:00:58.700000",
        "speaker_tag": 2,
        "start_time": "0:00:58.600000",
        "word": "and"
    },
    {
        "end_time": "0:00:59.100000",
        "speaker_tag": 2,
        "start_time": "0:00:58.700000",
        "word": "sit"
    },
    {
        "end_time": "0:00:59.200000",
        "speaker_tag": 2,
        "start_time": "0:00:59.100000",
        "word": "around"
    },
    {
        "end_time": "0:00:59.500000",
        "speaker_tag": 2,
        "start_time": "0:00:59.200000",
        "word": "and"
    },
    {
        "end_time": "0:00:59.700000",
        "speaker_tag": 2,
        "start_time": "0:00:59.500000",
        "word": "talk"
    },
    {
        "end_time": "0:01:00.200000",
        "speaker_tag": 2,
        "start_time": "0:00:59.700000",
        "word": "and"
    },
    {
        "end_time": "0:01:01.700000",
        "speaker_tag": 2,
        "start_time": "0:01:00.200000",
        "word": "I"
    },
    {
        "end_time": "0:01:02",
        "speaker_tag": 2,
        "start_time": "0:01:01.700000",
        "word": "help"
    },
    {
        "end_time": "0:01:02.100000",
        "speaker_tag": 2,
        "start_time": "0:01:02",
        "word": "my"
    },
    {
        "end_time": "0:01:02.400000",
        "speaker_tag": 2,
        "start_time": "0:01:02.100000",
        "word": "daughter"
    },
    {
        "end_time": "0:01:03.300000",
        "speaker_tag": 2,
        "start_time": "0:01:02.400000",
        "word": "clean"
    },
    {
        "end_time": "0:01:03.400000",
        "speaker_tag": 2,
        "start_time": "0:01:03.300000",
        "word": "her"
    },
    {
        "end_time": "0:01:03.800000",
        "speaker_tag": 2,
        "start_time": "0:01:03.400000",
        "word": "house"
    },
    {
        "end_time": "0:01:04",
        "speaker_tag": 2,
        "start_time": "0:01:03.800000",
        "word": "while"
    },
    {
        "end_time": "0:01:04.100000",
        "speaker_tag": 2,
        "start_time": "0:01:04",
        "word": "I"
    },
    {
        "end_time": "0:01:04.200000",
        "speaker_tag": 2,
        "start_time": "0:01:04.100000",
        "word": "was"
    },
    {
        "end_time": "0:01:04.300000",
        "speaker_tag": 2,
        "start_time": "0:01:04.200000",
        "word": "there"
    },
    {
        "end_time": "0:01:09.500000",
        "speaker_tag": 2,
        "start_time": "0:01:08.900000",
        "word": "got"
    },
    {
        "end_time": "0:01:09.600000",
        "speaker_tag": 2,
        "start_time": "0:01:09.500000",
        "word": "to"
    },
    {
        "end_time": "0:01:09.800000",
        "speaker_tag": 2,
        "start_time": "0:01:09.600000",
        "word": "visit"
    },
    {
        "end_time": "0:01:10",
        "speaker_tag": 2,
        "start_time": "0:01:09.800000",
        "word": "with"
    },
    {
        "end_time": "0:01:10.200000",
        "speaker_tag": 2,
        "start_time": "0:01:10",
        "word": "some"
    },
    {
        "end_time": "0:01:10.400000",
        "speaker_tag": 2,
        "start_time": "0:01:10.200000",
        "word": "people"
    },
    {
        "end_time": "0:01:10.700000",
        "speaker_tag": 2,
        "start_time": "0:01:10.400000",
        "word": "that"
    },
    {
        "end_time": "0:01:10.900000",
        "speaker_tag": 2,
        "start_time": "0:01:10.700000",
        "word": "I"
    },
    {
        "end_time": "0:01:12.100000",
        "speaker_tag": 2,
        "start_time": "0:01:10.900000",
        "word": "hadn't"
    },
    {
        "end_time": "0:01:12.100000",
        "speaker_tag": 2,
        "start_time": "0:01:12.100000",
        "word": "seen"
    },
    {
        "end_time": "0:01:12.400000",
        "speaker_tag": 2,
        "start_time": "0:01:12.100000",
        "word": "in"
    },
    {
        "end_time": "0:01:12.500000",
        "speaker_tag": 2,
        "start_time": "0:01:12.400000",
        "word": "a"
    },
    {
        "end_time": "0:01:12.600000",
        "speaker_tag": 2,
        "start_time": "0:01:12.500000",
        "word": "long"
    },
    {
        "end_time": "0:01:12.800000",
        "speaker_tag": 2,
        "start_time": "0:01:12.600000",
        "word": "time"
    },
    {
        "end_time": "0:01:16.900000",
        "speaker_tag": 2,
        "start_time": "0:01:16.500000",
        "word": "will"
    },
    {
        "end_time": "0:01:17.100000",
        "speaker_tag": 2,
        "start_time": "0:01:16.900000",
        "word": "make"
    },
    {
        "end_time": "0:01:17.200000",
        "speaker_tag": 2,
        "start_time": "0:01:17.100000",
        "word": "a"
    },
    {
        "end_time": "0:01:17.400000",
        "speaker_tag": 2,
        "start_time": "0:01:17.200000",
        "word": "trip"
    },
    {
        "end_time": "0:01:17.600000",
        "speaker_tag": 2,
        "start_time": "0:01:17.400000",
        "word": "back"
    },
    {
        "end_time": "0:01:20.500000",
        "speaker_tag": 2,
        "start_time": "0:01:19.900000",
        "word": "that"
    },
    {
        "end_time": "0:01:20.700000",
        "speaker_tag": 2,
        "start_time": "0:01:20.500000",
        "word": "was"
    },
    {
        "end_time": "0:01:20.800000",
        "speaker_tag": 2,
        "start_time": "0:01:20.700000",
        "word": "about"
    },
    {
        "end_time": "0:01:21.100000",
        "speaker_tag": 2,
        "start_time": "0:01:20.800000",
        "word": "to"
    },
    {
        "end_time": "0:01:21.200000",
        "speaker_tag": 2,
        "start_time": "0:01:21.100000",
        "word": "the"
    },
    {
        "end_time": "0:01:21.300000",
        "speaker_tag": 2,
        "start_time": "0:01:21.200000",
        "word": "end"
    },
    {
        "end_time": "0:01:21.500000",
        "speaker_tag": 2,
        "start_time": "0:01:21.300000",
        "word": "of"
    },
    {
        "end_time": "0:01:21.700000",
        "speaker_tag": 2,
        "start_time": "0:01:21.500000",
        "word": "that"
    },
    {
        "end_time": "0:01:22",
        "speaker_tag": 2,
        "start_time": "0:01:21.700000",
        "word": "story"
    },
    {
        "end_time": "0:01:27",
        "speaker_tag": 2,
        "start_time": "0:01:26.700000",
        "word": "I"
    },
    {
        "end_time": "0:01:27.500000",
        "speaker_tag": 2,
        "start_time": "0:01:27",
        "word": "just"
    },
    {
        "end_time": "0:01:27.600000",
        "speaker_tag": 2,
        "start_time": "0:01:27.500000",
        "word": "enjoy"
    },
    {
        "end_time": "0:01:28",
        "speaker_tag": 2,
        "start_time": "0:01:27.600000",
        "word": "my"
    },
    {
        "end_time": "0:01:28.200000",
        "speaker_tag": 2,
        "start_time": "0:01:28",
        "word": "family"
    },
    {
        "end_time": "0:01:28.700000",
        "speaker_tag": 2,
        "start_time": "0:01:28.200000",
        "word": "and"
    },
    {
        "end_time": "0:01:29.200000",
        "speaker_tag": 2,
        "start_time": "0:01:28.700000",
        "word": "getting"
    },
    {
        "end_time": "0:01:29.300000",
        "speaker_tag": 2,
        "start_time": "0:01:29.200000",
        "word": "to"
    },
    {
        "end_time": "0:01:29.400000",
        "speaker_tag": 2,
        "start_time": "0:01:29.300000",
        "word": "spend"
    },
    {
        "end_time": "0:01:29.600000",
        "speaker_tag": 2,
        "start_time": "0:01:29.400000",
        "word": "time"
    },
    {
        "end_time": "0:01:30",
        "speaker_tag": 2,
        "start_time": "0:01:29.600000",
        "word": "with"
    },
    {
        "end_time": "0:01:30.200000",
        "speaker_tag": 2,
        "start_time": "0:01:30",
        "word": "me."
    },
    {
        "end_time": "0:01:30.500000",
        "speaker_tag": 2,
        "start_time": "0:01:30.200000",
        "word": "Hart"
    },
    {
        "end_time": "0:01:30.600000",
        "speaker_tag": 2,
        "start_time": "0:01:30.500000",
        "word": "ever"
    },
    {
        "end_time": "0:01:30.800000",
        "speaker_tag": 2,
        "start_time": "0:01:30.600000",
        "word": "get"
    },
    {
        "end_time": "0:01:31",
        "speaker_tag": 2,
        "start_time": "0:01:30.800000",
        "word": "down"
    },
    {
        "end_time": "0:01:31.300000",
        "speaker_tag": 2,
        "start_time": "0:01:31",
        "word": "there"
    },
    {
        "end_time": "0:01:33.400000",
        "speaker_tag": 2,
        "start_time": "0:01:31.300000",
        "word": "thank"
    },
    {
        "end_time": "0:01:33.500000",
        "speaker_tag": 2,
        "start_time": "0:01:33.400000",
        "word": "you"
    },
    {
        "end_time": "0:01:36.400000",
        "speaker_tag": 2,
        "start_time": "0:01:35.800000",
        "word": "alright"
    },
    {
        "end_time": "0:01:37.400000",
        "speaker_tag": 2,
        "start_time": "0:01:36.400000",
        "word": "your"
    },
    {
        "end_time": "0:01:37.900000",
        "speaker_tag": 2,
        "start_time": "0:01:37.400000",
        "word": "second"
    },
    {
        "end_time": "0:01:38.900000",
        "speaker_tag": 2,
        "start_time": "0:01:37.900000",
        "word": "one"
    },
    {
        "end_time": "0:01:39.100000",
        "speaker_tag": 2,
        "start_time": "0:01:38.900000",
        "word": "is"
    },
    {
        "end_time": "0:01:39.200000",
        "speaker_tag": 2,
        "start_time": "0:01:39.100000",
        "word": "not"
    },
    {
        "end_time": "0:01:39.400000",
        "speaker_tag": 2,
        "start_time": "0:01:39.200000",
        "word": "actually"
    },
    {
        "end_time": "0:01:39.600000",
        "speaker_tag": 2,
        "start_time": "0:01:39.400000",
        "word": "a"
    },
    {
        "end_time": "0:01:40",
        "speaker_tag": 2,
        "start_time": "0:01:39.600000",
        "word": "story"
    },
    {
        "end_time": "0:01:40.200000",
        "speaker_tag": 2,
        "start_time": "0:01:40",
        "word": "I"
    },
    {
        "end_time": "0:01:40.300000",
        "speaker_tag": 2,
        "start_time": "0:01:40.200000",
        "word": "just"
    },
    {
        "end_time": "0:01:40.500000",
        "speaker_tag": 2,
        "start_time": "0:01:40.300000",
        "word": "want"
    },
    {
        "end_time": "0:01:40.600000",
        "speaker_tag": 2,
        "start_time": "0:01:40.500000",
        "word": "you"
    },
    {
        "end_time": "0:01:40.700000",
        "speaker_tag": 2,
        "start_time": "0:01:40.600000",
        "word": "to"
    },
    {
        "end_time": "0:01:40.800000",
        "speaker_tag": 2,
        "start_time": "0:01:40.700000",
        "word": "tell"
    },
    {
        "end_time": "0:01:40.900000",
        "speaker_tag": 2,
        "start_time": "0:01:40.800000",
        "word": "me"
    },
    {
        "end_time": "0:01:41.200000",
        "speaker_tag": 2,
        "start_time": "0:01:40.900000",
        "word": "how"
    },
    {
        "end_time": "0:01:41.700000",
        "speaker_tag": 2,
        "start_time": "0:01:41.200000",
        "word": "you"
    },
    {
        "end_time": "0:01:41.900000",
        "speaker_tag": 2,
        "start_time": "0:01:41.700000",
        "word": "to"
    },
    {
        "end_time": "0:01:42",
        "speaker_tag": 2,
        "start_time": "0:01:41.900000",
        "word": "do"
    },
    {
        "end_time": "0:01:42.500000",
        "speaker_tag": 2,
        "start_time": "0:01:42",
        "word": "something"
    },
    {
        "end_time": "0:01:42.700000",
        "speaker_tag": 2,
        "start_time": "0:01:42.500000",
        "word": "okay"
    },
    {
        "end_time": "0:01:43.100000",
        "speaker_tag": 2,
        "start_time": "0:01:42.700000",
        "word": "so"
    },
    {
        "end_time": "0:01:45.700000",
        "speaker_tag": 2,
        "start_time": "0:01:43.100000",
        "word": "right"
    },
    {
        "end_time": "0:01:47.800000",
        "speaker_tag": 2,
        "start_time": "0:01:45.700000",
        "word": "to"
    },
    {
        "end_time": "0:01:48",
        "speaker_tag": 2,
        "start_time": "0:01:47.800000",
        "word": "make"
    },
    {
        "end_time": "0:01:48.100000",
        "speaker_tag": 2,
        "start_time": "0:01:48",
        "word": "the"
    },
    {
        "end_time": "0:01:48.400000",
        "speaker_tag": 2,
        "start_time": "0:01:48.100000",
        "word": "following"
    },
    {
        "end_time": "0:01:48.700000",
        "speaker_tag": 2,
        "start_time": "0:01:48.400000",
        "word": "meal"
    },
    {
        "end_time": "0:01:49.500000",
        "speaker_tag": 2,
        "start_time": "0:01:48.700000",
        "word": "step-by-step"
    },
    {
        "end_time": "0:01:49.900000",
        "speaker_tag": 2,
        "start_time": "0:01:49.500000",
        "word": "okay"
    },
    {
        "end_time": "0:01:50.900000",
        "speaker_tag": 2,
        "start_time": "0:01:49.900000",
        "word": "so"
    },
    {
        "end_time": "0:01:51.200000",
        "speaker_tag": 2,
        "start_time": "0:01:50.900000",
        "word": "first"
    },
    {
        "end_time": "0:01:51.800000",
        "speaker_tag": 2,
        "start_time": "0:01:51.200000",
        "word": "a"
    },
    {
        "end_time": "0:01:52",
        "speaker_tag": 2,
        "start_time": "0:01:51.800000",
        "word": "cup"
    },
    {
        "end_time": "0:01:52.100000",
        "speaker_tag": 2,
        "start_time": "0:01:52",
        "word": "of"
    },
    {
        "end_time": "0:01:52.300000",
        "speaker_tag": 2,
        "start_time": "0:01:52.100000",
        "word": "coffee"
    },
    {
        "end_time": "0:01:53.300000",
        "speaker_tag": 2,
        "start_time": "0:01:52.300000",
        "word": "and"
    },
    {
        "end_time": "0:01:53.500000",
        "speaker_tag": 2,
        "start_time": "0:01:53.300000",
        "word": "then"
    },
    {
        "end_time": "0:01:54",
        "speaker_tag": 2,
        "start_time": "0:01:53.500000",
        "word": "scrambled"
    },
    {
        "end_time": "0:01:54.300000",
        "speaker_tag": 2,
        "start_time": "0:01:54",
        "word": "eggs"
    },
    {
        "end_time": "0:01:55",
        "speaker_tag": 2,
        "start_time": "0:01:54.300000",
        "word": "and"
    },
    {
        "end_time": "0:01:55.300000",
        "speaker_tag": 2,
        "start_time": "0:01:55",
        "word": "then"
    },
    {
        "end_time": "0:01:55.400000",
        "speaker_tag": 2,
        "start_time": "0:01:55.300000",
        "word": "a"
    },
    {
        "end_time": "0:01:55.700000",
        "speaker_tag": 2,
        "start_time": "0:01:55.400000",
        "word": "bowl"
    },
    {
        "end_time": "0:01:55.700000",
        "speaker_tag": 2,
        "start_time": "0:01:55.700000",
        "word": "of"
    },
    {
        "end_time": "0:01:56.100000",
        "speaker_tag": 2,
        "start_time": "0:01:55.700000",
        "word": "fruit"
    },
    {
        "end_time": "0:01:56.300000",
        "speaker_tag": 2,
        "start_time": "0:01:56.100000",
        "word": "okay"
    },
    {
        "end_time": "0:01:56.800000",
        "speaker_tag": 2,
        "start_time": "0:01:56.300000",
        "word": "so"
    },
    {
        "end_time": "0:01:57.200000",
        "speaker_tag": 2,
        "start_time": "0:01:56.800000",
        "word": "pretend"
    },
    {
        "end_time": "0:01:57.300000",
        "speaker_tag": 2,
        "start_time": "0:01:57.200000",
        "word": "like"
    },
    {
        "end_time": "0:01:57.400000",
        "speaker_tag": 2,
        "start_time": "0:01:57.300000",
        "word": "I"
    },
    {
        "end_time": "0:01:57.500000",
        "speaker_tag": 2,
        "start_time": "0:01:57.400000",
        "word": "don't"
    },
    {
        "end_time": "0:01:57.500000",
        "speaker_tag": 2,
        "start_time": "0:01:57.500000",
        "word": "know"
    },
    {
        "end_time": "0:01:57.600000",
        "speaker_tag": 2,
        "start_time": "0:01:57.500000",
        "word": "how"
    },
    {
        "end_time": "0:01:57.700000",
        "speaker_tag": 2,
        "start_time": "0:01:57.600000",
        "word": "to"
    },
    {
        "end_time": "0:01:57.800000",
        "speaker_tag": 2,
        "start_time": "0:01:57.700000",
        "word": "make"
    },
    {
        "end_time": "0:01:58",
        "speaker_tag": 2,
        "start_time": "0:01:57.800000",
        "word": "the"
    },
    {
        "end_time": "0:01:58.200000",
        "speaker_tag": 2,
        "start_time": "0:01:58",
        "word": "mule"
    },
    {
        "end_time": "0:01:58.900000",
        "speaker_tag": 2,
        "start_time": "0:01:58.200000",
        "word": "and"
    },
    {
        "end_time": "0:01:59.200000",
        "speaker_tag": 2,
        "start_time": "0:01:58.900000",
        "word": "provide"
    },
    {
        "end_time": "0:01:59.400000",
        "speaker_tag": 2,
        "start_time": "0:01:59.200000",
        "word": "some"
    },
    {
        "end_time": "0:01:59.700000",
        "speaker_tag": 2,
        "start_time": "0:01:59.400000",
        "word": "details"
    },
    {
        "end_time": "0:01:59.900000",
        "speaker_tag": 2,
        "start_time": "0:01:59.700000",
        "word": "okay"
    },
    {
        "end_time": "0:02:00.800000",
        "speaker_tag": 2,
        "start_time": "0:01:59.900000",
        "word": "and"
    },
    {
        "end_time": "0:02:00.900000",
        "speaker_tag": 2,
        "start_time": "0:02:00.800000",
        "word": "I"
    },
    {
        "end_time": "0:02:01",
        "speaker_tag": 2,
        "start_time": "0:02:00.900000",
        "word": "will"
    },
    {
        "end_time": "0:02:01.100000",
        "speaker_tag": 2,
        "start_time": "0:02:01",
        "word": "tell"
    },
    {
        "end_time": "0:02:01.200000",
        "speaker_tag": 2,
        "start_time": "0:02:01.100000",
        "word": "you"
    },
    {
        "end_time": "0:02:01.400000",
        "speaker_tag": 2,
        "start_time": "0:02:01.200000",
        "word": "when"
    },
    {
        "end_time": "0:02:01.500000",
        "speaker_tag": 2,
        "start_time": "0:02:01.400000",
        "word": "it's"
    },
    {
        "end_time": "0:02:01.500000",
        "speaker_tag": 2,
        "start_time": "0:02:01.500000",
        "word": "not"
    },
    {
        "end_time": "0:02:01.800000",
        "speaker_tag": 2,
        "start_time": "0:02:01.500000",
        "word": "ready"
    },
    {
        "end_time": "0:02:03.100000",
        "speaker_tag": 1,
        "start_time": "0:02:02.600000",
        "word": "good"
    },
    {
        "end_time": "0:02:04.700000",
        "speaker_tag": 2,
        "start_time": "0:02:03.100000",
        "word": "healthy"
    },
    {
        "end_time": "0:02:04.800000",
        "speaker_tag": 2,
        "start_time": "0:02:04.700000",
        "word": "you"
    },
    {
        "end_time": "0:02:05.100000",
        "speaker_tag": 2,
        "start_time": "0:02:04.800000",
        "word": "had"
    },
    {
        "end_time": "0:02:05.200000",
        "speaker_tag": 2,
        "start_time": "0:02:05.100000",
        "word": "to"
    },
    {
        "end_time": "0:02:05.400000",
        "speaker_tag": 2,
        "start_time": "0:02:05.200000",
        "word": "get"
    },
    {
        "end_time": "0:02:05.600000",
        "speaker_tag": 2,
        "start_time": "0:02:05.400000",
        "word": "the"
    },
    {
        "end_time": "0:02:05.800000",
        "speaker_tag": 2,
        "start_time": "0:02:05.600000",
        "word": "water"
    },
    {
        "end_time": "0:02:06",
        "speaker_tag": 2,
        "start_time": "0:02:05.800000",
        "word": "in"
    },
    {
        "end_time": "0:02:06.100000",
        "speaker_tag": 2,
        "start_time": "0:02:06",
        "word": "the"
    },
    {
        "end_time": "0:02:06.500000",
        "speaker_tag": 2,
        "start_time": "0:02:06.100000",
        "word": "pot"
    },
    {
        "end_time": "0:02:06.700000",
        "speaker_tag": 2,
        "start_time": "0:02:06.500000",
        "word": "for"
    },
    {
        "end_time": "0:02:07",
        "speaker_tag": 2,
        "start_time": "0:02:06.700000",
        "word": "it"
    },
    {
        "end_time": "0:02:07.100000",
        "speaker_tag": 2,
        "start_time": "0:02:07",
        "word": "in"
    },
    {
        "end_time": "0:02:07.200000",
        "speaker_tag": 2,
        "start_time": "0:02:07.100000",
        "word": "the"
    },
    {
        "end_time": "0:02:08.200000",
        "speaker_tag": 2,
        "start_time": "0:02:07.200000",
        "word": "back"
    },
    {
        "end_time": "0:02:08.300000",
        "speaker_tag": 2,
        "start_time": "0:02:08.200000",
        "word": "of"
    },
    {
        "end_time": "0:02:08.400000",
        "speaker_tag": 2,
        "start_time": "0:02:08.300000",
        "word": "the"
    },
    {
        "end_time": "0:02:08.800000",
        "speaker_tag": 2,
        "start_time": "0:02:08.400000",
        "word": "coffee"
    },
    {
        "end_time": "0:02:09.200000",
        "speaker_tag": 2,
        "start_time": "0:02:08.800000",
        "word": "pot"
    },
    {
        "end_time": "0:02:09.400000",
        "speaker_tag": 2,
        "start_time": "0:02:09.200000",
        "word": "please"
    },
    {
        "end_time": "0:02:09.600000",
        "speaker_tag": 2,
        "start_time": "0:02:09.400000",
        "word": "your"
    },
    {
        "end_time": "0:02:10",
        "speaker_tag": 2,
        "start_time": "0:02:09.600000",
        "word": "coffee"
    },
    {
        "end_time": "0:02:10.500000",
        "speaker_tag": 2,
        "start_time": "0:02:10",
        "word": "grounds"
    },
    {
        "end_time": "0:02:10.800000",
        "speaker_tag": 2,
        "start_time": "0:02:10.500000",
        "word": "in"
    },
    {
        "end_time": "0:02:11.900000",
        "speaker_tag": 2,
        "start_time": "0:02:10.800000",
        "word": "and"
    },
    {
        "end_time": "0:02:12.100000",
        "speaker_tag": 2,
        "start_time": "0:02:11.900000",
        "word": "then"
    },
    {
        "end_time": "0:02:12.400000",
        "speaker_tag": 2,
        "start_time": "0:02:12.100000",
        "word": "let"
    },
    {
        "end_time": "0:02:12.400000",
        "speaker_tag": 2,
        "start_time": "0:02:12.400000",
        "word": "it"
    },
    {
        "end_time": "0:02:12.700000",
        "speaker_tag": 2,
        "start_time": "0:02:12.400000",
        "word": "percolate"
    },
    {
        "end_time": "0:02:13.100000",
        "speaker_tag": 2,
        "start_time": "0:02:12.700000",
        "word": "through"
    },
    {
        "end_time": "0:02:13.800000",
        "speaker_tag": 2,
        "start_time": "0:02:13.100000",
        "word": "your"
    },
    {
        "end_time": "0:02:14.200000",
        "speaker_tag": 2,
        "start_time": "0:02:13.800000",
        "word": "coffee's"
    },
    {
        "end_time": "0:02:14.300000",
        "speaker_tag": 2,
        "start_time": "0:02:14.200000",
        "word": "ready"
    },
    {
        "end_time": "0:02:14.500000",
        "speaker_tag": 2,
        "start_time": "0:02:14.300000",
        "word": "to"
    },
    {
        "end_time": "0:02:15",
        "speaker_tag": 2,
        "start_time": "0:02:14.500000",
        "word": "have"
    },
    {
        "end_time": "0:02:15.300000",
        "speaker_tag": 2,
        "start_time": "0:02:15",
        "word": "coffee"
    },
    {
        "end_time": "0:02:24.400000",
        "speaker_tag": 2,
        "start_time": "0:02:15.300000",
        "word": "in"
    },
    {
        "end_time": "0:02:27.300000",
        "speaker_tag": 2,
        "start_time": "0:02:24.400000",
        "word": "a"
    },
    {
        "end_time": "0:02:27.700000",
        "speaker_tag": 2,
        "start_time": "0:02:27.300000",
        "word": "bowl"
    },
    {
        "end_time": "0:02:27.800000",
        "speaker_tag": 2,
        "start_time": "0:02:27.700000",
        "word": "of"
    },
    {
        "end_time": "0:02:28.100000",
        "speaker_tag": 2,
        "start_time": "0:02:27.800000",
        "word": "fruit"
    },
    {
        "end_time": "0:02:30",
        "speaker_tag": 2,
        "start_time": "0:02:29.600000",
        "word": "now"
    },
    {
        "end_time": "0:02:30.200000",
        "speaker_tag": 2,
        "start_time": "0:02:30",
        "word": "you"
    },
    {
        "end_time": "0:02:30.300000",
        "speaker_tag": 2,
        "start_time": "0:02:30.200000",
        "word": "are"
    },
    {
        "end_time": "0:02:30.700000",
        "speaker_tag": 2,
        "start_time": "0:02:30.300000",
        "word": "some"
    },
    {
        "end_time": "0:02:31.200000",
        "speaker_tag": 2,
        "start_time": "0:02:30.700000",
        "word": "good"
    },
    {
        "end_time": "0:02:33.700000",
        "speaker_tag": 2,
        "start_time": "0:02:33.100000",
        "word": "get"
    },
    {
        "end_time": "0:02:34.200000",
        "speaker_tag": 2,
        "start_time": "0:02:33.700000",
        "word": "Divine"
    },
    {
        "end_time": "0:02:34.400000",
        "speaker_tag": 2,
        "start_time": "0:02:34.200000",
        "word": "the"
    },
    {
        "end_time": "0:02:35.400000",
        "speaker_tag": 2,
        "start_time": "0:02:34.400000",
        "word": "tops"
    },
    {
        "end_time": "0:02:35.800000",
        "speaker_tag": 2,
        "start_time": "0:02:35.400000",
        "word": "off"
    },
    {
        "end_time": "0:02:36.700000",
        "speaker_tag": 2,
        "start_time": "0:02:35.800000",
        "word": "and"
    },
    {
        "end_time": "0:02:37.100000",
        "speaker_tag": 2,
        "start_time": "0:02:36.700000",
        "word": "put"
    },
    {
        "end_time": "0:02:37.200000",
        "speaker_tag": 2,
        "start_time": "0:02:37.100000",
        "word": "them"
    },
    {
        "end_time": "0:02:37.300000",
        "speaker_tag": 2,
        "start_time": "0:02:37.200000",
        "word": "in"
    },
    {
        "end_time": "0:02:37.400000",
        "speaker_tag": 2,
        "start_time": "0:02:37.300000",
        "word": "a"
    },
    {
        "end_time": "0:02:37.500000",
        "speaker_tag": 2,
        "start_time": "0:02:37.400000",
        "word": "bowl"
    },
    {
        "end_time": "0:02:37.900000",
        "speaker_tag": 2,
        "start_time": "0:02:37.500000",
        "word": "and"
    },
    {
        "end_time": "0:02:38.400000",
        "speaker_tag": 2,
        "start_time": "0:02:37.900000",
        "word": "sprinkle"
    },
    {
        "end_time": "0:02:38.400000",
        "speaker_tag": 2,
        "start_time": "0:02:38.400000",
        "word": "them"
    },
    {
        "end_time": "0:02:38.600000",
        "speaker_tag": 2,
        "start_time": "0:02:38.400000",
        "word": "with"
    },
    {
        "end_time": "0:02:45.500000",
        "speaker_tag": 2,
        "start_time": "0:02:38.600000",
        "word": "anything"
    },
    {
        "end_time": "0:02:45.700000",
        "speaker_tag": 2,
        "start_time": "0:02:45.500000",
        "word": "else"
    },
    {
        "end_time": "0:02:45.800000",
        "speaker_tag": 2,
        "start_time": "0:02:45.700000",
        "word": "you'd"
    },
    {
        "end_time": "0:02:45.800000",
        "speaker_tag": 2,
        "start_time": "0:02:45.800000",
        "word": "like"
    },
    {
        "end_time": "0:02:46",
        "speaker_tag": 2,
        "start_time": "0:02:45.800000",
        "word": "to"
    },
    {
        "end_time": "0:02:46.100000",
        "speaker_tag": 2,
        "start_time": "0:02:46",
        "word": "add"
    },
    {
        "end_time": "0:02:48.900000",
        "speaker_tag": 2,
        "start_time": "0:02:48.400000",
        "word": "good"
    },
    {
        "end_time": "0:02:49.300000",
        "speaker_tag": 2,
        "start_time": "0:02:48.900000",
        "word": "male"
    },
    {
        "end_time": "0:02:52.100000",
        "speaker_tag": 2,
        "start_time": "0:02:49.300000",
        "word": "procedure"
    },
    {
        "end_time": "0:02:52.400000",
        "speaker_tag": 2,
        "start_time": "0:02:52.100000",
        "word": "of"
    },
    {
        "end_time": "0:02:52.600000",
        "speaker_tag": 2,
        "start_time": "0:02:52.400000",
        "word": "how"
    },
    {
        "end_time": "0:02:52.600000",
        "speaker_tag": 2,
        "start_time": "0:02:52.600000",
        "word": "to"
    },
    {
        "end_time": "0:02:52.800000",
        "speaker_tag": 2,
        "start_time": "0:02:52.600000",
        "word": "make"
    },
    {
        "end_time": "0:02:53",
        "speaker_tag": 2,
        "start_time": "0:02:52.800000",
        "word": "them"
    },
    {
        "end_time": "0:02:56.400000",
        "speaker_tag": 2,
        "start_time": "0:02:56",
        "word": "he"
    },
    {
        "end_time": "0:02:56.600000",
        "speaker_tag": 2,
        "start_time": "0:02:56.400000",
        "word": "put"
    },
    {
        "end_time": "0:02:56.700000",
        "speaker_tag": 2,
        "start_time": "0:02:56.600000",
        "word": "it"
    },
    {
        "end_time": "0:02:56.800000",
        "speaker_tag": 2,
        "start_time": "0:02:56.700000",
        "word": "on"
    },
    {
        "end_time": "0:02:56.900000",
        "speaker_tag": 2,
        "start_time": "0:02:56.800000",
        "word": "a"
    },
    {
        "end_time": "0:02:57.300000",
        "speaker_tag": 2,
        "start_time": "0:02:56.900000",
        "word": "plate"
    },
    {
        "end_time": "0:03:05.100000",
        "speaker_tag": 2,
        "start_time": "0:03:04.200000",
        "word": "now"
    },
    {
        "end_time": "0:03:05.300000",
        "speaker_tag": 2,
        "start_time": "0:03:05.100000",
        "word": "we're"
    },
    {
        "end_time": "0:03:05.400000",
        "speaker_tag": 2,
        "start_time": "0:03:05.300000",
        "word": "going"
    },
    {
        "end_time": "0:03:05.800000",
        "speaker_tag": 2,
        "start_time": "0:03:05.400000",
        "word": "to"
    },
    {
        "end_time": "0:03:07.400000",
        "speaker_tag": 2,
        "start_time": "0:03:05.800000",
        "word": "go"
    },
    {
        "end_time": "0:03:07.400000",
        "speaker_tag": 2,
        "start_time": "0:03:07.400000",
        "word": "on"
    },
    {
        "end_time": "0:03:07.600000",
        "speaker_tag": 2,
        "start_time": "0:03:07.400000",
        "word": "the"
    },
    {
        "end_time": "0:03:07.600000",
        "speaker_tag": 2,
        "start_time": "0:03:07.600000",
        "word": "computer"
    },
    {
        "end_time": "0:03:10.800000",
        "speaker_tag": 2,
        "start_time": "0:03:09.400000",
        "word": "and"
    },
    {
        "end_time": "0:03:10.900000",
        "speaker_tag": 2,
        "start_time": "0:03:10.800000",
        "word": "then"
    },
    {
        "end_time": "0:03:11.100000",
        "speaker_tag": 2,
        "start_time": "0:03:10.900000",
        "word": "it'll"
    },
    {
        "end_time": "0:03:11.100000",
        "speaker_tag": 2,
        "start_time": "0:03:11.100000",
        "word": "be"
    },
    {
        "end_time": "0:03:11.200000",
        "speaker_tag": 2,
        "start_time": "0:03:11.100000",
        "word": "the"
    },
    {
        "end_time": "0:03:11.300000",
        "speaker_tag": 2,
        "start_time": "0:03:11.200000",
        "word": "last"
    },
    {
        "end_time": "0:03:11.500000",
        "speaker_tag": 2,
        "start_time": "0:03:11.300000",
        "word": "thing"
    },
    {
        "end_time": "0:03:11.600000",
        "speaker_tag": 2,
        "start_time": "0:03:11.500000",
        "word": "that"
    },
    {
        "end_time": "0:03:11.700000",
        "speaker_tag": 2,
        "start_time": "0:03:11.600000",
        "word": "we"
    },
    {
        "end_time": "0:03:11.800000",
        "speaker_tag": 2,
        "start_time": "0:03:11.700000",
        "word": "do"
    },
    {
        "end_time": "0:03:12",
        "speaker_tag": 2,
        "start_time": "0:03:11.800000",
        "word": "today"
    },
    {
        "end_time": "0:03:13",
        "speaker_tag": 2,
        "start_time": "0:03:12",
        "word": "and"
    },
    {
        "end_time": "0:03:13.200000",
        "speaker_tag": 2,
        "start_time": "0:03:13",
        "word": "look"
    },
    {
        "end_time": "0:03:13.200000",
        "speaker_tag": 2,
        "start_time": "0:03:13.200000",
        "word": "at"
    },
    {
        "end_time": "0:03:13.400000",
        "speaker_tag": 2,
        "start_time": "0:03:13.200000",
        "word": "your"
    },
    {
        "end_time": "0:03:13.800000",
        "speaker_tag": 2,
        "start_time": "0:03:13.400000",
        "word": "raffle"
    },
    {
        "end_time": "0:03:18.300000",
        "speaker_tag": 2,
        "start_time": "0:03:16.500000",
        "word": "so"
    },
    {
        "end_time": "0:03:18.400000",
        "speaker_tag": 2,
        "start_time": "0:03:18.300000",
        "word": "I'm"
    },
    {
        "end_time": "0:03:18.500000",
        "speaker_tag": 2,
        "start_time": "0:03:18.400000",
        "word": "going"
    },
    {
        "end_time": "0:03:18.600000",
        "speaker_tag": 2,
        "start_time": "0:03:18.500000",
        "word": "to"
    },
    {
        "end_time": "0:03:18.800000",
        "speaker_tag": 2,
        "start_time": "0:03:18.600000",
        "word": "bring"
    },
    {
        "end_time": "0:03:19",
        "speaker_tag": 2,
        "start_time": "0:03:18.800000",
        "word": "this"
    },
    {
        "end_time": "0:03:19.100000",
        "speaker_tag": 2,
        "start_time": "0:03:19",
        "word": "computer"
    },
    {
        "end_time": "0:03:19.500000",
        "speaker_tag": 2,
        "start_time": "0:03:19.100000",
        "word": "over"
    },
    {
        "end_time": "0:03:19.600000",
        "speaker_tag": 2,
        "start_time": "0:03:19.500000",
        "word": "to"
    },
    {
        "end_time": "0:03:19.800000",
        "speaker_tag": 2,
        "start_time": "0:03:19.600000",
        "word": "you"
    },
    {
        "end_time": "0:03:19.900000",
        "speaker_tag": 2,
        "start_time": "0:03:19.800000",
        "word": "in"
    },
    {
        "end_time": "0:03:20.100000",
        "speaker_tag": 2,
        "start_time": "0:03:19.900000",
        "word": "just"
    },
    {
        "end_time": "0:03:20.300000",
        "speaker_tag": 2,
        "start_time": "0:03:20.100000",
        "word": "a"
    },
    {
        "end_time": "0:03:20.600000",
        "speaker_tag": 2,
        "start_time": "0:03:20.300000",
        "word": "second"
    },
    {
        "end_time": "0:03:20.700000",
        "speaker_tag": 2,
        "start_time": "0:03:20.600000",
        "word": "when"
    },
    {
        "end_time": "0:03:20.900000",
        "speaker_tag": 2,
        "start_time": "0:03:20.700000",
        "word": "I"
    },
    {
        "end_time": "0:03:21",
        "speaker_tag": 2,
        "start_time": "0:03:20.900000",
        "word": "say"
    }
]