[
    {
        "end_time": "0:00:03.600000",
        "speaker_tag": 2,
        "start_time": "0:00:02.900000",
        "word": "alright"
    },
    {
        "end_time": "0:00:04.700000",
        "speaker_tag": 2,
        "start_time": "0:00:03.600000",
        "word": "so"
    },
    {
        "end_time": "0:00:06.200000",
        "speaker_tag": 2,
        "start_time": "0:00:05.900000",
        "word": "tell"
    },
    {
        "end_time": "0:00:06.400000",
        "speaker_tag": 2,
        "start_time": "0:00:06.200000",
        "word": "me"
    },
    {
        "end_time": "0:00:06.500000",
        "speaker_tag": 2,
        "start_time": "0:00:06.400000",
        "word": "about"
    },
    {
        "end_time": "0:00:06.800000",
        "speaker_tag": 2,
        "start_time": "0:00:06.500000",
        "word": "a"
    },
    {
        "end_time": "0:00:07.100000",
        "speaker_tag": 2,
        "start_time": "0:00:06.800000",
        "word": "chipper"
    },
    {
        "end_time": "0:00:07.200000",
        "speaker_tag": 2,
        "start_time": "0:00:07.100000",
        "word": "cookie"
    },
    {
        "end_time": "0:00:07.600000",
        "speaker_tag": 2,
        "start_time": "0:00:07.200000",
        "word": "sheet"
    },
    {
        "end_time": "0:00:09.500000",
        "speaker_tag": 2,
        "start_time": "0:00:07.600000",
        "word": "tell"
    },
    {
        "end_time": "0:00:09.600000",
        "speaker_tag": 2,
        "start_time": "0:00:09.500000",
        "word": "me"
    },
    {
        "end_time": "0:00:10",
        "speaker_tag": 2,
        "start_time": "0:00:09.600000",
        "word": "about"
    },
    {
        "end_time": "0:00:10.100000",
        "speaker_tag": 2,
        "start_time": "0:00:10",
        "word": "a"
    },
    {
        "end_time": "0:00:10.400000",
        "speaker_tag": 2,
        "start_time": "0:00:10.100000",
        "word": "trip"
    },
    {
        "end_time": "0:00:10.500000",
        "speaker_tag": 2,
        "start_time": "0:00:10.400000",
        "word": "or"
    },
    {
        "end_time": "0:00:10.600000",
        "speaker_tag": 2,
        "start_time": "0:00:10.500000",
        "word": "vacation"
    },
    {
        "end_time": "0:00:11.300000",
        "speaker_tag": 2,
        "start_time": "0:00:10.600000",
        "word": "you've"
    },
    {
        "end_time": "0:00:11.500000",
        "speaker_tag": 2,
        "start_time": "0:00:11.300000",
        "word": "taken"
    },
    {
        "end_time": "0:00:13.200000",
        "speaker_tag": 2,
        "start_time": "0:00:11.500000",
        "word": "you"
    },
    {
        "end_time": "0:00:13.300000",
        "speaker_tag": 2,
        "start_time": "0:00:13.200000",
        "word": "can"
    },
    {
        "end_time": "0:00:13.600000",
        "speaker_tag": 2,
        "start_time": "0:00:13.300000",
        "word": "provide"
    },
    {
        "end_time": "0:00:14.200000",
        "speaker_tag": 2,
        "start_time": "0:00:13.600000",
        "word": "as"
    },
    {
        "end_time": "0:00:14.500000",
        "speaker_tag": 2,
        "start_time": "0:00:14.200000",
        "word": "many"
    },
    {
        "end_time": "0:00:14.700000",
        "speaker_tag": 2,
        "start_time": "0:00:14.500000",
        "word": "details"
    },
    {
        "end_time": "0:00:15.200000",
        "speaker_tag": 2,
        "start_time": "0:00:14.700000",
        "word": "as"
    },
    {
        "end_time": "0:00:16.200000",
        "speaker_tag": 2,
        "start_time": "0:00:15.200000",
        "word": "necessary"
    },
    {
        "end_time": "0:00:16.700000",
        "speaker_tag": 2,
        "start_time": "0:00:16.200000",
        "word": "and"
    },
    {
        "end_time": "0:00:16.800000",
        "speaker_tag": 2,
        "start_time": "0:00:16.700000",
        "word": "do"
    },
    {
        "end_time": "0:00:16.800000",
        "speaker_tag": 2,
        "start_time": "0:00:16.800000",
        "word": "you"
    },
    {
        "end_time": "0:00:17",
        "speaker_tag": 2,
        "start_time": "0:00:16.800000",
        "word": "have"
    },
    {
        "end_time": "0:00:17.300000",
        "speaker_tag": 2,
        "start_time": "0:00:17",
        "word": "5"
    },
    {
        "end_time": "0:00:17.400000",
        "speaker_tag": 2,
        "start_time": "0:00:17.300000",
        "word": "minutes"
    },
    {
        "end_time": "0:00:22.900000",
        "speaker_tag": 1,
        "start_time": "0:00:18.800000",
        "word": "we"
    },
    {
        "end_time": "0:00:23.300000",
        "speaker_tag": 1,
        "start_time": "0:00:22.900000",
        "word": "stayed"
    },
    {
        "end_time": "0:00:23.400000",
        "speaker_tag": 1,
        "start_time": "0:00:23.300000",
        "word": "in"
    },
    {
        "end_time": "0:00:23.600000",
        "speaker_tag": 1,
        "start_time": "0:00:23.400000",
        "word": "New"
    },
    {
        "end_time": "0:00:24",
        "speaker_tag": 1,
        "start_time": "0:00:23.600000",
        "word": "Braunfels"
    },
    {
        "end_time": "0:00:24.300000",
        "speaker_tag": 1,
        "start_time": "0:00:24",
        "word": "in"
    },
    {
        "end_time": "0:00:24.500000",
        "speaker_tag": 1,
        "start_time": "0:00:24.300000",
        "word": "a"
    },
    {
        "end_time": "0:00:25.200000",
        "speaker_tag": 1,
        "start_time": "0:00:24.500000",
        "word": "cabin"
    },
    {
        "end_time": "0:00:25.600000",
        "speaker_tag": 1,
        "start_time": "0:00:25.200000",
        "word": "so"
    },
    {
        "end_time": "0:00:27.500000",
        "speaker_tag": 1,
        "start_time": "0:00:25.600000",
        "word": "they"
    },
    {
        "end_time": "0:00:27.800000",
        "speaker_tag": 1,
        "start_time": "0:00:27.500000",
        "word": "could"
    },
    {
        "end_time": "0:00:27.900000",
        "speaker_tag": 1,
        "start_time": "0:00:27.800000",
        "word": "write"
    },
    {
        "end_time": "0:00:28.200000",
        "speaker_tag": 1,
        "start_time": "0:00:27.900000",
        "word": "take"
    },
    {
        "end_time": "0:00:28.400000",
        "speaker_tag": 1,
        "start_time": "0:00:28.200000",
        "word": "that"
    },
    {
        "end_time": "0:00:32.300000",
        "speaker_tag": 1,
        "start_time": "0:00:28.400000",
        "word": "role"
    },
    {
        "end_time": "0:00:32.400000",
        "speaker_tag": 1,
        "start_time": "0:00:32.300000",
        "word": "that"
    },
    {
        "end_time": "0:00:32.500000",
        "speaker_tag": 1,
        "start_time": "0:00:32.400000",
        "word": "were"
    },
    {
        "end_time": "0:00:32.800000",
        "speaker_tag": 1,
        "start_time": "0:00:32.500000",
        "word": "bigger"
    },
    {
        "end_time": "0:00:32.900000",
        "speaker_tag": 1,
        "start_time": "0:00:32.800000",
        "word": "in"
    },
    {
        "end_time": "0:00:33",
        "speaker_tag": 1,
        "start_time": "0:00:32.900000",
        "word": "the"
    },
    {
        "end_time": "0:00:33.200000",
        "speaker_tag": 1,
        "start_time": "0:00:33",
        "word": "Rye"
    },
    {
        "end_time": "0:00:34.300000",
        "speaker_tag": 1,
        "start_time": "0:00:33.200000",
        "word": "57th"
    },
    {
        "end_time": "0:00:34.900000",
        "speaker_tag": 1,
        "start_time": "0:00:34.300000",
        "word": "and"
    },
    {
        "end_time": "0:00:35.400000",
        "speaker_tag": 1,
        "start_time": "0:00:34.900000",
        "word": "I"
    },
    {
        "end_time": "0:00:36.300000",
        "speaker_tag": 1,
        "start_time": "0:00:35.400000",
        "word": "think"
    },
    {
        "end_time": "0:00:36.500000",
        "speaker_tag": 1,
        "start_time": "0:00:36.300000",
        "word": "we"
    },
    {
        "end_time": "0:00:36.600000",
        "speaker_tag": 1,
        "start_time": "0:00:36.500000",
        "word": "did"
    },
    {
        "end_time": "0:00:36.900000",
        "speaker_tag": 1,
        "start_time": "0:00:36.600000",
        "word": "that"
    },
    {
        "end_time": "0:00:37.400000",
        "speaker_tag": 1,
        "start_time": "0:00:36.900000",
        "word": "once"
    },
    {
        "end_time": "0:00:37.700000",
        "speaker_tag": 1,
        "start_time": "0:00:37.400000",
        "word": "and"
    },
    {
        "end_time": "0:00:38.100000",
        "speaker_tag": 1,
        "start_time": "0:00:37.700000",
        "word": "then"
    },
    {
        "end_time": "0:00:39.300000",
        "speaker_tag": 1,
        "start_time": "0:00:38.100000",
        "word": "there"
    },
    {
        "end_time": "0:00:39.400000",
        "speaker_tag": 1,
        "start_time": "0:00:39.300000",
        "word": "was"
    },
    {
        "end_time": "0:00:39.500000",
        "speaker_tag": 1,
        "start_time": "0:00:39.400000",
        "word": "a"
    },
    {
        "end_time": "0:00:39.700000",
        "speaker_tag": 1,
        "start_time": "0:00:39.500000",
        "word": "boy"
    },
    {
        "end_time": "0:00:40.400000",
        "speaker_tag": 1,
        "start_time": "0:00:39.700000",
        "word": "a"
    },
    {
        "end_time": "0:00:40.700000",
        "speaker_tag": 1,
        "start_time": "0:00:40.400000",
        "word": "girl"
    },
    {
        "end_time": "0:00:41",
        "speaker_tag": 1,
        "start_time": "0:00:40.700000",
        "word": "and"
    },
    {
        "end_time": "0:00:41.200000",
        "speaker_tag": 1,
        "start_time": "0:00:41",
        "word": "some"
    },
    {
        "end_time": "0:00:41.600000",
        "speaker_tag": 1,
        "start_time": "0:00:41.200000",
        "word": "for"
    },
    {
        "end_time": "0:00:41.800000",
        "speaker_tag": 1,
        "start_time": "0:00:41.600000",
        "word": "free"
    },
    {
        "end_time": "0:00:41.900000",
        "speaker_tag": 1,
        "start_time": "0:00:41.800000",
        "word": "and"
    },
    {
        "end_time": "0:00:42.600000",
        "speaker_tag": 1,
        "start_time": "0:00:41.900000",
        "word": "boyfriends"
    },
    {
        "end_time": "0:00:43.300000",
        "speaker_tag": 1,
        "start_time": "0:00:42.600000",
        "word": "and"
    },
    {
        "end_time": "0:00:43.600000",
        "speaker_tag": 1,
        "start_time": "0:00:43.300000",
        "word": "this"
    },
    {
        "end_time": "0:00:43.800000",
        "speaker_tag": 1,
        "start_time": "0:00:43.600000",
        "word": "girl"
    },
    {
        "end_time": "0:00:44.100000",
        "speaker_tag": 1,
        "start_time": "0:00:43.800000",
        "word": "for"
    },
    {
        "end_time": "0:00:44.600000",
        "speaker_tag": 1,
        "start_time": "0:00:44.100000",
        "word": "brightness"
    },
    {
        "end_time": "0:00:44.900000",
        "speaker_tag": 1,
        "start_time": "0:00:44.600000",
        "word": "riding"
    },
    {
        "end_time": "0:00:45.100000",
        "speaker_tag": 1,
        "start_time": "0:00:44.900000",
        "word": "on"
    },
    {
        "end_time": "0:00:45.300000",
        "speaker_tag": 1,
        "start_time": "0:00:45.100000",
        "word": "top"
    },
    {
        "end_time": "0:00:45.500000",
        "speaker_tag": 1,
        "start_time": "0:00:45.300000",
        "word": "right"
    },
    {
        "end_time": "0:00:45.800000",
        "speaker_tag": 1,
        "start_time": "0:00:45.500000",
        "word": "after"
    },
    {
        "end_time": "0:00:46",
        "speaker_tag": 1,
        "start_time": "0:00:45.800000",
        "word": "another"
    },
    {
        "end_time": "0:00:47",
        "speaker_tag": 1,
        "start_time": "0:00:46",
        "word": "and"
    },
    {
        "end_time": "0:00:47.900000",
        "speaker_tag": 1,
        "start_time": "0:00:47",
        "word": "they"
    },
    {
        "end_time": "0:00:48",
        "speaker_tag": 1,
        "start_time": "0:00:47.900000",
        "word": "are"
    },
    {
        "end_time": "0:00:48.400000",
        "speaker_tag": 1,
        "start_time": "0:00:48",
        "word": "and"
    },
    {
        "end_time": "0:00:50.600000",
        "speaker_tag": 1,
        "start_time": "0:00:50.200000",
        "word": "I"
    },
    {
        "end_time": "0:00:50.900000",
        "speaker_tag": 1,
        "start_time": "0:00:50.600000",
        "word": "don't"
    },
    {
        "end_time": "0:00:51.100000",
        "speaker_tag": 1,
        "start_time": "0:00:50.900000",
        "word": "forgot"
    },
    {
        "end_time": "0:00:51.300000",
        "speaker_tag": 1,
        "start_time": "0:00:51.100000",
        "word": "the"
    },
    {
        "end_time": "0:00:51.400000",
        "speaker_tag": 1,
        "start_time": "0:00:51.300000",
        "word": "girls"
    },
    {
        "end_time": "0:00:51.700000",
        "speaker_tag": 1,
        "start_time": "0:00:51.400000",
        "word": "to"
    },
    {
        "end_time": "0:00:51.800000",
        "speaker_tag": 1,
        "start_time": "0:00:51.700000",
        "word": "go"
    },
    {
        "end_time": "0:00:52.100000",
        "speaker_tag": 1,
        "start_time": "0:00:51.800000",
        "word": "down"
    },
    {
        "end_time": "0:00:52.500000",
        "speaker_tag": 1,
        "start_time": "0:00:52.100000",
        "word": "into"
    },
    {
        "end_time": "0:00:52.900000",
        "speaker_tag": 1,
        "start_time": "0:00:52.500000",
        "word": "the"
    },
    {
        "end_time": "0:00:53.300000",
        "speaker_tag": 1,
        "start_time": "0:00:52.900000",
        "word": "am"
    },
    {
        "end_time": "0:00:53.800000",
        "speaker_tag": 1,
        "start_time": "0:00:53.300000",
        "word": "sending"
    },
    {
        "end_time": "0:00:53.900000",
        "speaker_tag": 1,
        "start_time": "0:00:53.800000",
        "word": "on"
    },
    {
        "end_time": "0:00:54",
        "speaker_tag": 1,
        "start_time": "0:00:53.900000",
        "word": "the"
    },
    {
        "end_time": "0:00:54.400000",
        "speaker_tag": 1,
        "start_time": "0:00:54",
        "word": "source"
    },
    {
        "end_time": "0:00:54.600000",
        "speaker_tag": 1,
        "start_time": "0:00:54.400000",
        "word": "deal"
    },
    {
        "end_time": "0:00:55.500000",
        "speaker_tag": 1,
        "start_time": "0:00:54.600000",
        "word": "and"
    },
    {
        "end_time": "0:00:58",
        "speaker_tag": 1,
        "start_time": "0:00:57.600000",
        "word": "the"
    },
    {
        "end_time": "0:00:58.300000",
        "speaker_tag": 1,
        "start_time": "0:00:58",
        "word": "other"
    },
    {
        "end_time": "0:00:58.400000",
        "speaker_tag": 1,
        "start_time": "0:00:58.300000",
        "word": "two"
    },
    {
        "end_time": "0:00:58.800000",
        "speaker_tag": 1,
        "start_time": "0:00:58.400000",
        "word": "didn't"
    },
    {
        "end_time": "0:00:58.900000",
        "speaker_tag": 1,
        "start_time": "0:00:58.800000",
        "word": "go"
    },
    {
        "end_time": "0:00:59.100000",
        "speaker_tag": 1,
        "start_time": "0:00:58.900000",
        "word": "maybe"
    },
    {
        "end_time": "0:00:59.500000",
        "speaker_tag": 1,
        "start_time": "0:00:59.100000",
        "word": "Lisa"
    },
    {
        "end_time": "0:00:59.700000",
        "speaker_tag": 1,
        "start_time": "0:00:59.500000",
        "word": "with"
    },
    {
        "end_time": "0:01:00.100000",
        "speaker_tag": 1,
        "start_time": "0:00:59.700000",
        "word": "first"
    },
    {
        "end_time": "0:01:00.300000",
        "speaker_tag": 1,
        "start_time": "0:01:00.100000",
        "word": "but"
    },
    {
        "end_time": "0:01:00.600000",
        "speaker_tag": 1,
        "start_time": "0:01:00.300000",
        "word": "he"
    },
    {
        "end_time": "0:01:00.800000",
        "speaker_tag": 1,
        "start_time": "0:01:00.600000",
        "word": "went"
    },
    {
        "end_time": "0:01:01.300000",
        "speaker_tag": 1,
        "start_time": "0:01:00.800000",
        "word": "down"
    },
    {
        "end_time": "0:01:01.500000",
        "speaker_tag": 1,
        "start_time": "0:01:01.300000",
        "word": "at"
    },
    {
        "end_time": "0:01:01.700000",
        "speaker_tag": 1,
        "start_time": "0:01:01.500000",
        "word": "first"
    },
    {
        "end_time": "0:01:02",
        "speaker_tag": 1,
        "start_time": "0:01:01.700000",
        "word": "it"
    },
    {
        "end_time": "0:01:02.200000",
        "speaker_tag": 1,
        "start_time": "0:01:02",
        "word": "all"
    },
    {
        "end_time": "0:01:02.300000",
        "speaker_tag": 1,
        "start_time": "0:01:02.200000",
        "word": "the"
    },
    {
        "end_time": "0:01:02.600000",
        "speaker_tag": 1,
        "start_time": "0:01:02.300000",
        "word": "sudden"
    },
    {
        "end_time": "0:01:02.700000",
        "speaker_tag": 1,
        "start_time": "0:01:02.600000",
        "word": "I"
    },
    {
        "end_time": "0:01:02.900000",
        "speaker_tag": 1,
        "start_time": "0:01:02.700000",
        "word": "saw"
    },
    {
        "end_time": "0:01:03.400000",
        "speaker_tag": 1,
        "start_time": "0:01:02.900000",
        "word": "there"
    },
    {
        "end_time": "0:01:03.500000",
        "speaker_tag": 1,
        "start_time": "0:01:03.400000",
        "word": "was"
    },
    {
        "end_time": "0:01:03.600000",
        "speaker_tag": 1,
        "start_time": "0:01:03.500000",
        "word": "a"
    },
    {
        "end_time": "0:01:03.900000",
        "speaker_tag": 1,
        "start_time": "0:01:03.600000",
        "word": "road"
    },
    {
        "end_time": "0:01:04.100000",
        "speaker_tag": 1,
        "start_time": "0:01:03.900000",
        "word": "to"
    },
    {
        "end_time": "0:01:04.200000",
        "speaker_tag": 1,
        "start_time": "0:01:04.100000",
        "word": "get"
    },
    {
        "end_time": "0:01:04.500000",
        "speaker_tag": 1,
        "start_time": "0:01:04.200000",
        "word": "stop"
    },
    {
        "end_time": "0:01:04.700000",
        "speaker_tag": 1,
        "start_time": "0:01:04.500000",
        "word": "yourself"
    },
    {
        "end_time": "0:01:05.600000",
        "speaker_tag": 1,
        "start_time": "0:01:04.700000",
        "word": "she"
    },
    {
        "end_time": "0:01:05.700000",
        "speaker_tag": 1,
        "start_time": "0:01:05.600000",
        "word": "was"
    },
    {
        "end_time": "0:01:06",
        "speaker_tag": 1,
        "start_time": "0:01:05.700000",
        "word": "holding"
    },
    {
        "end_time": "0:01:06.200000",
        "speaker_tag": 1,
        "start_time": "0:01:06",
        "word": "on"
    },
    {
        "end_time": "0:01:06.300000",
        "speaker_tag": 1,
        "start_time": "0:01:06.200000",
        "word": "to"
    },
    {
        "end_time": "0:01:06.700000",
        "speaker_tag": 1,
        "start_time": "0:01:06.300000",
        "word": "one"
    },
    {
        "end_time": "0:01:07.200000",
        "speaker_tag": 1,
        "start_time": "0:01:06.700000",
        "word": "with"
    },
    {
        "end_time": "0:01:07.400000",
        "speaker_tag": 1,
        "start_time": "0:01:07.200000",
        "word": "one"
    },
    {
        "end_time": "0:01:07.700000",
        "speaker_tag": 1,
        "start_time": "0:01:07.400000",
        "word": "arm"
    },
    {
        "end_time": "0:01:08.200000",
        "speaker_tag": 1,
        "start_time": "0:01:07.700000",
        "word": "on"
    },
    {
        "end_time": "0:01:08.400000",
        "speaker_tag": 1,
        "start_time": "0:01:08.200000",
        "word": "that"
    },
    {
        "end_time": "0:01:08.700000",
        "speaker_tag": 1,
        "start_time": "0:01:08.400000",
        "word": "and"
    },
    {
        "end_time": "0:01:08.900000",
        "speaker_tag": 1,
        "start_time": "0:01:08.700000",
        "word": "her"
    },
    {
        "end_time": "0:01:09.100000",
        "speaker_tag": 1,
        "start_time": "0:01:08.900000",
        "word": "foot"
    },
    {
        "end_time": "0:01:09.200000",
        "speaker_tag": 1,
        "start_time": "0:01:09.100000",
        "word": "was"
    },
    {
        "end_time": "0:01:09.600000",
        "speaker_tag": 1,
        "start_time": "0:01:09.200000",
        "word": "up"
    },
    {
        "end_time": "0:01:10.100000",
        "speaker_tag": 1,
        "start_time": "0:01:09.600000",
        "word": "I"
    },
    {
        "end_time": "0:01:10.300000",
        "speaker_tag": 1,
        "start_time": "0:01:10.100000",
        "word": "think"
    },
    {
        "end_time": "0:01:10.600000",
        "speaker_tag": 1,
        "start_time": "0:01:10.300000",
        "word": "of"
    },
    {
        "end_time": "0:01:10.700000",
        "speaker_tag": 1,
        "start_time": "0:01:10.600000",
        "word": "a"
    },
    {
        "end_time": "0:01:11.100000",
        "speaker_tag": 1,
        "start_time": "0:01:10.700000",
        "word": "detective"
    },
    {
        "end_time": "0:01:11.400000",
        "speaker_tag": 1,
        "start_time": "0:01:11.100000",
        "word": "like"
    },
    {
        "end_time": "0:01:11.700000",
        "speaker_tag": 1,
        "start_time": "0:01:11.400000",
        "word": "this"
    },
    {
        "end_time": "0:01:12.300000",
        "speaker_tag": 1,
        "start_time": "0:01:11.700000",
        "word": "and"
    },
    {
        "end_time": "0:01:12.500000",
        "speaker_tag": 1,
        "start_time": "0:01:12.300000",
        "word": "she"
    },
    {
        "end_time": "0:01:12.700000",
        "speaker_tag": 1,
        "start_time": "0:01:12.500000",
        "word": "was"
    },
    {
        "end_time": "0:01:13.300000",
        "speaker_tag": 1,
        "start_time": "0:01:12.700000",
        "word": "turning"
    },
    {
        "end_time": "0:01:13.600000",
        "speaker_tag": 1,
        "start_time": "0:01:13.300000",
        "word": "loose"
    },
    {
        "end_time": "0:01:13.700000",
        "speaker_tag": 1,
        "start_time": "0:01:13.600000",
        "word": "and"
    },
    {
        "end_time": "0:01:15.600000",
        "speaker_tag": 1,
        "start_time": "0:01:13.700000",
        "word": "I"
    },
    {
        "end_time": "0:01:15.900000",
        "speaker_tag": 1,
        "start_time": "0:01:15.600000",
        "word": "hollered"
    },
    {
        "end_time": "0:01:16",
        "speaker_tag": 1,
        "start_time": "0:01:15.900000",
        "word": "at"
    },
    {
        "end_time": "0:01:16.100000",
        "speaker_tag": 1,
        "start_time": "0:01:16",
        "word": "you"
    },
    {
        "end_time": "0:01:22.500000",
        "speaker_tag": 1,
        "start_time": "0:01:16.100000",
        "word": "know"
    },
    {
        "end_time": "0:01:22.600000",
        "speaker_tag": 1,
        "start_time": "0:01:22.500000",
        "word": "is"
    },
    {
        "end_time": "0:01:22.800000",
        "speaker_tag": 1,
        "start_time": "0:01:22.600000",
        "word": "she"
    },
    {
        "end_time": "0:01:22.800000",
        "speaker_tag": 1,
        "start_time": "0:01:22.800000",
        "word": "was"
    },
    {
        "end_time": "0:01:23.200000",
        "speaker_tag": 1,
        "start_time": "0:01:22.800000",
        "word": "scared"
    },
    {
        "end_time": "0:01:23.300000",
        "speaker_tag": 1,
        "start_time": "0:01:23.200000",
        "word": "you"
    },
    {
        "end_time": "0:01:23.700000",
        "speaker_tag": 1,
        "start_time": "0:01:23.300000",
        "word": "Dad"
    },
    {
        "end_time": "0:01:24.200000",
        "speaker_tag": 1,
        "start_time": "0:01:23.700000",
        "word": "now"
    },
    {
        "end_time": "0:01:24.500000",
        "speaker_tag": 1,
        "start_time": "0:01:24.200000",
        "word": "she"
    },
    {
        "end_time": "0:01:24.800000",
        "speaker_tag": 1,
        "start_time": "0:01:24.500000",
        "word": "still"
    },
    {
        "end_time": "0:01:25.100000",
        "speaker_tag": 1,
        "start_time": "0:01:24.800000",
        "word": "doesn't"
    },
    {
        "end_time": "0:01:25.500000",
        "speaker_tag": 1,
        "start_time": "0:01:25.100000",
        "word": "swim"
    },
    {
        "end_time": "0:01:25.700000",
        "speaker_tag": 1,
        "start_time": "0:01:25.500000",
        "word": "in"
    },
    {
        "end_time": "0:01:26.200000",
        "speaker_tag": 1,
        "start_time": "0:01:25.700000",
        "word": "the"
    },
    {
        "end_time": "0:01:35.400000",
        "speaker_tag": 1,
        "start_time": "0:01:26.200000",
        "word": "swimming"
    },
    {
        "end_time": "0:01:35.700000",
        "speaker_tag": 1,
        "start_time": "0:01:35.400000",
        "word": "pool"
    },
    {
        "end_time": "0:01:36",
        "speaker_tag": 1,
        "start_time": "0:01:35.700000",
        "word": "that"
    },
    {
        "end_time": "0:01:37.800000",
        "speaker_tag": 1,
        "start_time": "0:01:36",
        "word": "way"
    },
    {
        "end_time": "0:01:38.300000",
        "speaker_tag": 1,
        "start_time": "0:01:37.800000",
        "word": "but"
    },
    {
        "end_time": "0:01:38.600000",
        "speaker_tag": 1,
        "start_time": "0:01:38.300000",
        "word": "that"
    },
    {
        "end_time": "0:01:38.700000",
        "speaker_tag": 1,
        "start_time": "0:01:38.600000",
        "word": "was"
    },
    {
        "end_time": "0:01:38.900000",
        "speaker_tag": 1,
        "start_time": "0:01:38.700000",
        "word": "kind"
    },
    {
        "end_time": "0:01:39.100000",
        "speaker_tag": 1,
        "start_time": "0:01:38.900000",
        "word": "of"
    },
    {
        "end_time": "0:01:39.500000",
        "speaker_tag": 1,
        "start_time": "0:01:39.100000",
        "word": "scary"
    },
    {
        "end_time": "0:01:41.800000",
        "speaker_tag": 1,
        "start_time": "0:01:41.200000",
        "word": "because"
    },
    {
        "end_time": "0:01:43.200000",
        "speaker_tag": 1,
        "start_time": "0:01:41.800000",
        "word": "into"
    },
    {
        "end_time": "0:01:43.300000",
        "speaker_tag": 1,
        "start_time": "0:01:43.200000",
        "word": "the"
    },
    {
        "end_time": "0:01:43.800000",
        "speaker_tag": 1,
        "start_time": "0:01:43.300000",
        "word": "cabin"
    },
    {
        "end_time": "0:01:44.300000",
        "speaker_tag": 1,
        "start_time": "0:01:43.800000",
        "word": "the"
    },
    {
        "end_time": "0:01:44.600000",
        "speaker_tag": 1,
        "start_time": "0:01:44.300000",
        "word": "first"
    },
    {
        "end_time": "0:01:44.700000",
        "speaker_tag": 1,
        "start_time": "0:01:44.600000",
        "word": "time"
    },
    {
        "end_time": "0:01:44.900000",
        "speaker_tag": 1,
        "start_time": "0:01:44.700000",
        "word": "the"
    },
    {
        "end_time": "0:01:45.300000",
        "speaker_tag": 1,
        "start_time": "0:01:44.900000",
        "word": "cabin"
    },
    {
        "end_time": "0:01:45.400000",
        "speaker_tag": 1,
        "start_time": "0:01:45.300000",
        "word": "that"
    },
    {
        "end_time": "0:01:45.500000",
        "speaker_tag": 1,
        "start_time": "0:01:45.400000",
        "word": "was"
    },
    {
        "end_time": "0:01:45.900000",
        "speaker_tag": 1,
        "start_time": "0:01:45.500000",
        "word": "across"
    },
    {
        "end_time": "0:01:46.100000",
        "speaker_tag": 1,
        "start_time": "0:01:45.900000",
        "word": "the"
    },
    {
        "end_time": "0:01:46.400000",
        "speaker_tag": 1,
        "start_time": "0:01:46.100000",
        "word": "road"
    },
    {
        "end_time": "0:01:46.500000",
        "speaker_tag": 1,
        "start_time": "0:01:46.400000",
        "word": "from"
    },
    {
        "end_time": "0:01:46.600000",
        "speaker_tag": 1,
        "start_time": "0:01:46.500000",
        "word": "the"
    },
    {
        "end_time": "0:01:47.400000",
        "speaker_tag": 1,
        "start_time": "0:01:46.600000",
        "word": "motel"
    },
    {
        "end_time": "0:01:47.700000",
        "speaker_tag": 1,
        "start_time": "0:01:47.400000",
        "word": "life"
    },
    {
        "end_time": "0:01:48.200000",
        "speaker_tag": 1,
        "start_time": "0:01:47.700000",
        "word": "rooms"
    },
    {
        "end_time": "0:01:49",
        "speaker_tag": 1,
        "start_time": "0:01:48.200000",
        "word": "and"
    },
    {
        "end_time": "0:01:49.200000",
        "speaker_tag": 1,
        "start_time": "0:01:49",
        "word": "we"
    },
    {
        "end_time": "0:01:49.600000",
        "speaker_tag": 1,
        "start_time": "0:01:49.200000",
        "word": "walked"
    },
    {
        "end_time": "0:01:49.800000",
        "speaker_tag": 1,
        "start_time": "0:01:49.600000",
        "word": "in"
    },
    {
        "end_time": "0:01:49.900000",
        "speaker_tag": 1,
        "start_time": "0:01:49.800000",
        "word": "and"
    },
    {
        "end_time": "0:01:49.900000",
        "speaker_tag": 1,
        "start_time": "0:01:49.900000",
        "word": "it"
    },
    {
        "end_time": "0:01:50.100000",
        "speaker_tag": 1,
        "start_time": "0:01:49.900000",
        "word": "was"
    },
    {
        "end_time": "0:01:50.100000",
        "speaker_tag": 1,
        "start_time": "0:01:50.100000",
        "word": "a"
    },
    {
        "end_time": "0:01:50.300000",
        "speaker_tag": 1,
        "start_time": "0:01:50.100000",
        "word": "high"
    },
    {
        "end_time": "0:01:50.600000",
        "speaker_tag": 1,
        "start_time": "0:01:50.300000",
        "word": "ceiling"
    },
    {
        "end_time": "0:01:50.900000",
        "speaker_tag": 1,
        "start_time": "0:01:50.600000",
        "word": "there"
    },
    {
        "end_time": "0:01:51",
        "speaker_tag": 1,
        "start_time": "0:01:50.900000",
        "word": "was"
    },
    {
        "end_time": "0:01:51.100000",
        "speaker_tag": 1,
        "start_time": "0:01:51",
        "word": "a"
    },
    {
        "end_time": "0:01:53.500000",
        "speaker_tag": 1,
        "start_time": "0:01:51.100000",
        "word": "need"
    },
    {
        "end_time": "0:01:53.600000",
        "speaker_tag": 1,
        "start_time": "0:01:53.500000",
        "word": "to"
    },
    {
        "end_time": "0:01:53.800000",
        "speaker_tag": 1,
        "start_time": "0:01:53.600000",
        "word": "go"
    },
    {
        "end_time": "0:01:54",
        "speaker_tag": 1,
        "start_time": "0:01:53.800000",
        "word": "out"
    },
    {
        "end_time": "0:01:54.100000",
        "speaker_tag": 1,
        "start_time": "0:01:54",
        "word": "the"
    },
    {
        "end_time": "0:01:54.300000",
        "speaker_tag": 1,
        "start_time": "0:01:54.100000",
        "word": "back"
    },
    {
        "end_time": "0:01:54.600000",
        "speaker_tag": 1,
        "start_time": "0:01:54.300000",
        "word": "door"
    },
    {
        "end_time": "0:01:55",
        "speaker_tag": 1,
        "start_time": "0:01:54.600000",
        "word": "to"
    },
    {
        "end_time": "0:01:55.100000",
        "speaker_tag": 1,
        "start_time": "0:01:55",
        "word": "get"
    },
    {
        "end_time": "0:01:55.200000",
        "speaker_tag": 1,
        "start_time": "0:01:55.100000",
        "word": "to"
    },
    {
        "end_time": "0:01:55.300000",
        "speaker_tag": 1,
        "start_time": "0:01:55.200000",
        "word": "the"
    },
    {
        "end_time": "0:01:55.600000",
        "speaker_tag": 1,
        "start_time": "0:01:55.300000",
        "word": "bathroom"
    },
    {
        "end_time": "0:01:56",
        "speaker_tag": 1,
        "start_time": "0:01:55.600000",
        "word": "in"
    },
    {
        "end_time": "0:01:56",
        "speaker_tag": 1,
        "start_time": "0:01:56",
        "word": "the"
    },
    {
        "end_time": "0:01:56.400000",
        "speaker_tag": 1,
        "start_time": "0:01:56",
        "word": "washing"
    },
    {
        "end_time": "0:01:56.700000",
        "speaker_tag": 1,
        "start_time": "0:01:56.400000",
        "word": "machine"
    },
    {
        "end_time": "0:01:56.800000",
        "speaker_tag": 1,
        "start_time": "0:01:56.700000",
        "word": "was"
    },
    {
        "end_time": "0:01:57.100000",
        "speaker_tag": 1,
        "start_time": "0:01:56.800000",
        "word": "here"
    },
    {
        "end_time": "0:01:57.600000",
        "speaker_tag": 1,
        "start_time": "0:01:57.100000",
        "word": "and"
    },
    {
        "end_time": "0:01:57.700000",
        "speaker_tag": 1,
        "start_time": "0:01:57.600000",
        "word": "they"
    },
    {
        "end_time": "0:01:58",
        "speaker_tag": 1,
        "start_time": "0:01:57.700000",
        "word": "walk"
    },
    {
        "end_time": "0:01:58.100000",
        "speaker_tag": 1,
        "start_time": "0:01:58",
        "word": "by"
    },
    {
        "end_time": "0:01:58.400000",
        "speaker_tag": 1,
        "start_time": "0:01:58.100000",
        "word": "in"
    },
    {
        "end_time": "0:01:58.500000",
        "speaker_tag": 1,
        "start_time": "0:01:58.400000",
        "word": "my"
    },
    {
        "end_time": "0:01:58.900000",
        "speaker_tag": 1,
        "start_time": "0:01:58.500000",
        "word": "oldest"
    },
    {
        "end_time": "0:01:59.200000",
        "speaker_tag": 1,
        "start_time": "0:01:58.900000",
        "word": "daughter's"
    },
    {
        "end_time": "0:02:00",
        "speaker_tag": 1,
        "start_time": "0:01:59.200000",
        "word": "sleeping"
    },
    {
        "end_time": "0:02:00.500000",
        "speaker_tag": 1,
        "start_time": "0:02:00",
        "word": "in"
    },
    {
        "end_time": "0:02:00.700000",
        "speaker_tag": 1,
        "start_time": "0:02:00.500000",
        "word": "this"
    },
    {
        "end_time": "0:02:01.200000",
        "speaker_tag": 1,
        "start_time": "0:02:00.700000",
        "word": "place"
    },
    {
        "end_time": "0:02:01.900000",
        "speaker_tag": 1,
        "start_time": "0:02:01.200000",
        "word": "I'm"
    },
    {
        "end_time": "0:02:02.400000",
        "speaker_tag": 1,
        "start_time": "0:02:01.900000",
        "word": "sleeping"
    },
    {
        "end_time": "0:02:02.600000",
        "speaker_tag": 1,
        "start_time": "0:02:02.400000",
        "word": "in"
    },
    {
        "end_time": "0:02:02.900000",
        "speaker_tag": 1,
        "start_time": "0:02:02.600000",
        "word": "the"
    },
    {
        "end_time": "0:02:03.200000",
        "speaker_tag": 1,
        "start_time": "0:02:02.900000",
        "word": "car"
    },
    {
        "end_time": "0:02:04.700000",
        "speaker_tag": 1,
        "start_time": "0:02:04.300000",
        "word": "so"
    },
    {
        "end_time": "0:02:04.900000",
        "speaker_tag": 1,
        "start_time": "0:02:04.700000",
        "word": "I"
    },
    {
        "end_time": "0:02:05",
        "speaker_tag": 1,
        "start_time": "0:02:04.900000",
        "word": "don't"
    },
    {
        "end_time": "0:02:05.300000",
        "speaker_tag": 1,
        "start_time": "0:02:05",
        "word": "think"
    },
    {
        "end_time": "0:02:06",
        "speaker_tag": 1,
        "start_time": "0:02:05.300000",
        "word": "we"
    },
    {
        "end_time": "0:02:06.200000",
        "speaker_tag": 1,
        "start_time": "0:02:06",
        "word": "said"
    },
    {
        "end_time": "0:02:06.400000",
        "speaker_tag": 1,
        "start_time": "0:02:06.200000",
        "word": "they"
    },
    {
        "end_time": "0:02:06.500000",
        "speaker_tag": 1,
        "start_time": "0:02:06.400000",
        "word": "just"
    },
    {
        "end_time": "0:02:07.100000",
        "speaker_tag": 1,
        "start_time": "0:02:06.500000",
        "word": "wanted"
    },
    {
        "end_time": "0:02:07.400000",
        "speaker_tag": 1,
        "start_time": "0:02:07.100000",
        "word": "to"
    },
    {
        "end_time": "0:02:08.200000",
        "speaker_tag": 1,
        "start_time": "0:02:07.400000",
        "word": "so"
    },
    {
        "end_time": "0:02:08.500000",
        "speaker_tag": 1,
        "start_time": "0:02:08.200000",
        "word": "I"
    },
    {
        "end_time": "0:02:08.800000",
        "speaker_tag": 1,
        "start_time": "0:02:08.500000",
        "word": "said"
    },
    {
        "end_time": "0:02:09.100000",
        "speaker_tag": 1,
        "start_time": "0:02:08.800000",
        "word": "okay"
    },
    {
        "end_time": "0:02:11.400000",
        "speaker_tag": 1,
        "start_time": "0:02:09.100000",
        "word": "let's"
    },
    {
        "end_time": "0:02:11.600000",
        "speaker_tag": 1,
        "start_time": "0:02:11.400000",
        "word": "go"
    },
    {
        "end_time": "0:02:11.800000",
        "speaker_tag": 1,
        "start_time": "0:02:11.600000",
        "word": "get"
    },
    {
        "end_time": "0:02:11.900000",
        "speaker_tag": 1,
        "start_time": "0:02:11.800000",
        "word": "them"
    },
    {
        "end_time": "0:02:14.500000",
        "speaker_tag": 1,
        "start_time": "0:02:11.900000",
        "word": "and"
    },
    {
        "end_time": "0:02:28.700000",
        "speaker_tag": 1,
        "start_time": "0:02:14.500000",
        "word": "there"
    },
    {
        "end_time": "0:02:28.900000",
        "speaker_tag": 1,
        "start_time": "0:02:28.700000",
        "word": "be"
    },
    {
        "end_time": "0:02:29.900000",
        "speaker_tag": 1,
        "start_time": "0:02:28.900000",
        "word": "no"
    },
    {
        "end_time": "0:02:30.300000",
        "speaker_tag": 1,
        "start_time": "0:02:29.900000",
        "word": "and"
    },
    {
        "end_time": "0:02:30.500000",
        "speaker_tag": 1,
        "start_time": "0:02:30.300000",
        "word": "no"
    },
    {
        "end_time": "0:02:30.700000",
        "speaker_tag": 1,
        "start_time": "0:02:30.500000",
        "word": "that's"
    },
    {
        "end_time": "0:02:30.900000",
        "speaker_tag": 1,
        "start_time": "0:02:30.700000",
        "word": "what"
    },
    {
        "end_time": "0:02:31",
        "speaker_tag": 1,
        "start_time": "0:02:30.900000",
        "word": "I"
    },
    {
        "end_time": "0:02:31.200000",
        "speaker_tag": 1,
        "start_time": "0:02:31",
        "word": "said"
    },
    {
        "end_time": "0:02:31.300000",
        "speaker_tag": 1,
        "start_time": "0:02:31.200000",
        "word": "that"
    },
    {
        "end_time": "0:02:34.100000",
        "speaker_tag": 1,
        "start_time": "0:02:31.300000",
        "word": "was"
    },
    {
        "end_time": "0:02:34.300000",
        "speaker_tag": 1,
        "start_time": "0:02:34.100000",
        "word": "a"
    },
    {
        "end_time": "0:02:34.600000",
        "speaker_tag": 1,
        "start_time": "0:02:34.300000",
        "word": "bad"
    },
    {
        "end_time": "0:02:40.600000",
        "speaker_tag": 1,
        "start_time": "0:02:34.600000",
        "word": "round"
    },
    {
        "end_time": "0:02:41.700000",
        "speaker_tag": 1,
        "start_time": "0:02:40.600000",
        "word": "animals"
    },
    {
        "end_time": "0:02:44.800000",
        "speaker_tag": 1,
        "start_time": "0:02:41.700000",
        "word": "animals"
    },
    {
        "end_time": "0:02:52.800000",
        "speaker_tag": 1,
        "start_time": "0:02:44.800000",
        "word": "color"
    },
    {
        "end_time": "0:02:53.300000",
        "speaker_tag": 1,
        "start_time": "0:02:52.800000",
        "word": "TV"
    },
    {
        "end_time": "0:02:53.500000",
        "speaker_tag": 1,
        "start_time": "0:02:53.300000",
        "word": "in"
    },
    {
        "end_time": "0:02:53.600000",
        "speaker_tag": 1,
        "start_time": "0:02:53.500000",
        "word": "our"
    },
    {
        "end_time": "0:02:53.700000",
        "speaker_tag": 1,
        "start_time": "0:02:53.600000",
        "word": "room"
    },
    {
        "end_time": "0:02:55.200000",
        "speaker_tag": 1,
        "start_time": "0:02:53.700000",
        "word": "and"
    },
    {
        "end_time": "0:02:55.400000",
        "speaker_tag": 1,
        "start_time": "0:02:55.200000",
        "word": "if"
    },
    {
        "end_time": "0:02:56.800000",
        "speaker_tag": 1,
        "start_time": "0:02:55.400000",
        "word": "we're"
    },
    {
        "end_time": "0:02:57",
        "speaker_tag": 1,
        "start_time": "0:02:56.800000",
        "word": "going"
    },
    {
        "end_time": "0:02:57.100000",
        "speaker_tag": 1,
        "start_time": "0:02:57",
        "word": "to"
    },
    {
        "end_time": "0:02:57.200000",
        "speaker_tag": 1,
        "start_time": "0:02:57.100000",
        "word": "go"
    },
    {
        "end_time": "0:02:57.400000",
        "speaker_tag": 1,
        "start_time": "0:02:57.200000",
        "word": "to"
    },
    {
        "end_time": "0:02:57.500000",
        "speaker_tag": 1,
        "start_time": "0:02:57.400000",
        "word": "the"
    },
    {
        "end_time": "0:02:57.700000",
        "speaker_tag": 1,
        "start_time": "0:02:57.500000",
        "word": "big"
    },
    {
        "end_time": "0:02:58",
        "speaker_tag": 1,
        "start_time": "0:02:57.700000",
        "word": "house"
    },
    {
        "end_time": "0:02:58.100000",
        "speaker_tag": 1,
        "start_time": "0:02:58",
        "word": "with"
    },
    {
        "end_time": "0:02:58.200000",
        "speaker_tag": 1,
        "start_time": "0:02:58.100000",
        "word": "the"
    },
    {
        "end_time": "0:02:58.800000",
        "speaker_tag": 1,
        "start_time": "0:02:58.200000",
        "word": "big"
    },
    {
        "end_time": "0:02:59.100000",
        "speaker_tag": 1,
        "start_time": "0:02:58.800000",
        "word": "play"
    },
    {
        "end_time": "0:03:00.600000",
        "speaker_tag": 1,
        "start_time": "0:02:59.100000",
        "word": "symbol"
    },
    {
        "end_time": "0:03:03.300000",
        "speaker_tag": 1,
        "start_time": "0:03:02.600000",
        "word": "later"
    },
    {
        "end_time": "0:03:03.600000",
        "speaker_tag": 1,
        "start_time": "0:03:03.300000",
        "word": "I"
    },
    {
        "end_time": "0:03:03.600000",
        "speaker_tag": 1,
        "start_time": "0:03:03.600000",
        "word": "found"
    },
    {
        "end_time": "0:03:03.800000",
        "speaker_tag": 1,
        "start_time": "0:03:03.600000",
        "word": "out"
    },
    {
        "end_time": "0:03:04.100000",
        "speaker_tag": 1,
        "start_time": "0:03:03.800000",
        "word": "this"
    },
    {
        "end_time": "0:03:04.600000",
        "speaker_tag": 1,
        "start_time": "0:03:04.100000",
        "word": "yesterday"
    },
    {
        "end_time": "0:03:06",
        "speaker_tag": 1,
        "start_time": "0:03:04.600000",
        "word": "what"
    },
    {
        "end_time": "0:03:06.100000",
        "speaker_tag": 1,
        "start_time": "0:03:06",
        "word": "is"
    },
    {
        "end_time": "0:03:06.300000",
        "speaker_tag": 1,
        "start_time": "0:03:06.100000",
        "word": "that"
    },
    {
        "end_time": "0:03:06.500000",
        "speaker_tag": 1,
        "start_time": "0:03:06.300000",
        "word": "do"
    },
    {
        "end_time": "0:03:07",
        "speaker_tag": 1,
        "start_time": "0:03:06.500000",
        "word": "acids"
    },
    {
        "end_time": "0:03:07.500000",
        "speaker_tag": 1,
        "start_time": "0:03:07",
        "word": "or"
    },
    {
        "end_time": "0:03:07.900000",
        "speaker_tag": 1,
        "start_time": "0:03:07.500000",
        "word": "someone"
    },
    {
        "end_time": "0:03:08",
        "speaker_tag": 1,
        "start_time": "0:03:07.900000",
        "word": "that"
    },
    {
        "end_time": "0:03:08.200000",
        "speaker_tag": 1,
        "start_time": "0:03:08",
        "word": "gets"
    },
    {
        "end_time": "0:03:08.500000",
        "speaker_tag": 1,
        "start_time": "0:03:08.200000",
        "word": "hurt"
    },
    {
        "end_time": "0:03:08.600000",
        "speaker_tag": 1,
        "start_time": "0:03:08.500000",
        "word": "my"
    },
    {
        "end_time": "0:03:09",
        "speaker_tag": 1,
        "start_time": "0:03:08.600000",
        "word": "girls"
    },
    {
        "end_time": "0:03:09.200000",
        "speaker_tag": 1,
        "start_time": "0:03:09",
        "word": "are"
    },
    {
        "end_time": "0:03:09.600000",
        "speaker_tag": 1,
        "start_time": "0:03:09.200000",
        "word": "quick"
    },
    {
        "end_time": "0:03:09.900000",
        "speaker_tag": 1,
        "start_time": "0:03:09.600000",
        "word": "to"
    },
    {
        "end_time": "0:03:10.400000",
        "speaker_tag": 1,
        "start_time": "0:03:09.900000",
        "word": "hold"
    },
    {
        "end_time": "0:03:10.600000",
        "speaker_tag": 1,
        "start_time": "0:03:10.400000",
        "word": "it"
    },
    {
        "end_time": "0:03:10.900000",
        "speaker_tag": 1,
        "start_time": "0:03:10.600000",
        "word": "and"
    },
    {
        "end_time": "0:03:11.100000",
        "speaker_tag": 1,
        "start_time": "0:03:10.900000",
        "word": "let"
    },
    {
        "end_time": "0:03:11.400000",
        "speaker_tag": 1,
        "start_time": "0:03:11.100000",
        "word": "them"
    },
    {
        "end_time": "0:03:11.500000",
        "speaker_tag": 1,
        "start_time": "0:03:11.400000",
        "word": "do"
    },
    {
        "end_time": "0:03:13.300000",
        "speaker_tag": 1,
        "start_time": "0:03:12.700000",
        "word": "I"
    },
    {
        "end_time": "0:03:13.500000",
        "speaker_tag": 1,
        "start_time": "0:03:13.300000",
        "word": "can"
    },
    {
        "end_time": "0:03:13.600000",
        "speaker_tag": 1,
        "start_time": "0:03:13.500000",
        "word": "hit"
    },
    {
        "end_time": "0:03:13.700000",
        "speaker_tag": 1,
        "start_time": "0:03:13.600000",
        "word": "it"
    },
    {
        "end_time": "0:03:14",
        "speaker_tag": 1,
        "start_time": "0:03:13.700000",
        "word": "hit"
    },
    {
        "end_time": "0:03:14.200000",
        "speaker_tag": 1,
        "start_time": "0:03:14",
        "word": "it"
    },
    {
        "end_time": "0:03:14.400000",
        "speaker_tag": 1,
        "start_time": "0:03:14.200000",
        "word": "for"
    },
    {
        "end_time": "0:03:14.600000",
        "speaker_tag": 1,
        "start_time": "0:03:14.400000",
        "word": "a"
    },
    {
        "end_time": "0:03:14.900000",
        "speaker_tag": 1,
        "start_time": "0:03:14.600000",
        "word": "while"
    },
    {
        "end_time": "0:03:15.500000",
        "speaker_tag": 1,
        "start_time": "0:03:14.900000",
        "word": "without"
    },
    {
        "end_time": "0:03:16.100000",
        "speaker_tag": 1,
        "start_time": "0:03:15.500000",
        "word": "interrupting"
    },
    {
        "end_time": "0:03:16.400000",
        "speaker_tag": 1,
        "start_time": "0:03:16.100000",
        "word": "else"
    },
    {
        "end_time": "0:03:16.900000",
        "speaker_tag": 1,
        "start_time": "0:03:16.400000",
        "word": "games"
    },
    {
        "end_time": "0:03:17.200000",
        "speaker_tag": 1,
        "start_time": "0:03:16.900000",
        "word": "in"
    },
    {
        "end_time": "0:03:17.600000",
        "speaker_tag": 1,
        "start_time": "0:03:17.200000",
        "word": "Forever"
    },
    {
        "end_time": "0:03:26.800000",
        "speaker_tag": 1,
        "start_time": "0:03:23.900000",
        "word": "my"
    },
    {
        "end_time": "0:03:27.100000",
        "speaker_tag": 1,
        "start_time": "0:03:26.800000",
        "word": "husband"
    },
    {
        "end_time": "0:03:27.300000",
        "speaker_tag": 1,
        "start_time": "0:03:27.100000",
        "word": "didn't"
    },
    {
        "end_time": "0:03:27.300000",
        "speaker_tag": 1,
        "start_time": "0:03:27.300000",
        "word": "want"
    },
    {
        "end_time": "0:03:27.500000",
        "speaker_tag": 1,
        "start_time": "0:03:27.300000",
        "word": "to"
    },
    {
        "end_time": "0:03:27.700000",
        "speaker_tag": 1,
        "start_time": "0:03:27.500000",
        "word": "take"
    },
    {
        "end_time": "0:03:27.700000",
        "speaker_tag": 1,
        "start_time": "0:03:27.700000",
        "word": "a"
    },
    {
        "end_time": "0:03:27.800000",
        "speaker_tag": 1,
        "start_time": "0:03:27.700000",
        "word": "vacation"
    },
    {
        "end_time": "0:03:30.700000",
        "speaker_tag": 1,
        "start_time": "0:03:27.800000",
        "word": "somewhere"
    },
    {
        "end_time": "0:03:32.100000",
        "speaker_tag": 2,
        "start_time": "0:03:30.700000",
        "word": "yeah"
    },
    {
        "end_time": "0:03:33.200000",
        "speaker_tag": 2,
        "start_time": "0:03:33.200000",
        "word": "I"
    },
    {
        "end_time": "0:03:33.800000",
        "speaker_tag": 2,
        "start_time": "0:03:33.200000",
        "word": "was"
    },
    {
        "end_time": "0:03:33.900000",
        "speaker_tag": 2,
        "start_time": "0:03:33.800000",
        "word": "going"
    },
    {
        "end_time": "0:03:34",
        "speaker_tag": 2,
        "start_time": "0:03:33.900000",
        "word": "to"
    },
    {
        "end_time": "0:03:34.300000",
        "speaker_tag": 2,
        "start_time": "0:03:34",
        "word": "like"
    },
    {
        "end_time": "0:03:34.400000",
        "speaker_tag": 2,
        "start_time": "0:03:34.300000",
        "word": "take"
    },
    {
        "end_time": "0:03:34.500000",
        "speaker_tag": 2,
        "start_time": "0:03:34.400000",
        "word": "some"
    },
    {
        "end_time": "0:03:34.800000",
        "speaker_tag": 2,
        "start_time": "0:03:34.500000",
        "word": "of"
    },
    {
        "end_time": "0:03:34.900000",
        "speaker_tag": 2,
        "start_time": "0:03:34.800000",
        "word": "them"
    },
    {
        "end_time": "0:03:35",
        "speaker_tag": 1,
        "start_time": "0:03:34.900000",
        "word": "with"
    },
    {
        "end_time": "0:03:35.200000",
        "speaker_tag": 1,
        "start_time": "0:03:35",
        "word": "that"
    },
    {
        "end_time": "0:03:36",
        "speaker_tag": 1,
        "start_time": "0:03:35.200000",
        "word": "like"
    },
    {
        "end_time": "0:03:36.500000",
        "speaker_tag": 1,
        "start_time": "0:03:36",
        "word": "Maria"
    },
    {
        "end_time": "0:03:37",
        "speaker_tag": 1,
        "start_time": "0:03:36.500000",
        "word": "there"
    },
    {
        "end_time": "0:03:38.100000",
        "speaker_tag": 1,
        "start_time": "0:03:37",
        "word": "something"
    },
    {
        "end_time": "0:03:38.200000",
        "speaker_tag": 1,
        "start_time": "0:03:38.100000",
        "word": "you"
    },
    {
        "end_time": "0:03:39.600000",
        "speaker_tag": 1,
        "start_time": "0:03:38.200000",
        "word": "around"
    },
    {
        "end_time": "0:03:46.800000",
        "speaker_tag": 2,
        "start_time": "0:03:39.600000",
        "word": "your"
    },
    {
        "end_time": "0:03:46.800000",
        "speaker_tag": 2,
        "start_time": "0:03:46.800000",
        "word": "mother"
    },
    {
        "end_time": "0:03:47.700000",
        "speaker_tag": 2,
        "start_time": "0:03:46.800000",
        "word": "vacations"
    },
    {
        "end_time": "0:03:47.900000",
        "speaker_tag": 2,
        "start_time": "0:03:47.700000",
        "word": "for"
    },
    {
        "end_time": "0:03:48.100000",
        "speaker_tag": 2,
        "start_time": "0:03:47.900000",
        "word": "sale"
    },
    {
        "end_time": "0:03:52.600000",
        "speaker_tag": 1,
        "start_time": "0:03:48.100000",
        "word": "women's"
    },
    {
        "end_time": "0:03:53",
        "speaker_tag": 1,
        "start_time": "0:03:52.600000",
        "word": "Barbershop"
    },
    {
        "end_time": "0:03:54.100000",
        "speaker_tag": 1,
        "start_time": "0:03:53",
        "word": "Harmony"
    },
    {
        "end_time": "0:03:56.300000",
        "speaker_tag": 1,
        "start_time": "0:03:54.100000",
        "word": "and"
    },
    {
        "end_time": "0:03:56.500000",
        "speaker_tag": 1,
        "start_time": "0:03:56.300000",
        "word": "we"
    },
    {
        "end_time": "0:03:56.900000",
        "speaker_tag": 1,
        "start_time": "0:03:56.500000",
        "word": "sang"
    },
    {
        "end_time": "0:03:57.100000",
        "speaker_tag": 1,
        "start_time": "0:03:56.900000",
        "word": "I"
    },
    {
        "end_time": "0:03:57.300000",
        "speaker_tag": 1,
        "start_time": "0:03:57.100000",
        "word": "want"
    },
    {
        "end_time": "0:03:58",
        "speaker_tag": 1,
        "start_time": "0:03:57.300000",
        "word": "to"
    },
    {
        "end_time": "0:03:58.200000",
        "speaker_tag": 1,
        "start_time": "0:03:58",
        "word": "hear"
    },
    {
        "end_time": "0:03:58.900000",
        "speaker_tag": 1,
        "start_time": "0:03:58.200000",
        "word": "and"
    },
    {
        "end_time": "0:03:59.100000",
        "speaker_tag": 1,
        "start_time": "0:03:58.900000",
        "word": "went"
    },
    {
        "end_time": "0:03:59.200000",
        "speaker_tag": 1,
        "start_time": "0:03:59.100000",
        "word": "to"
    },
    {
        "end_time": "0:03:59.400000",
        "speaker_tag": 1,
        "start_time": "0:03:59.200000",
        "word": "England"
    },
    {
        "end_time": "0:03:59.700000",
        "speaker_tag": 1,
        "start_time": "0:03:59.400000",
        "word": "one"
    },
    {
        "end_time": "0:04:00.100000",
        "speaker_tag": 1,
        "start_time": "0:03:59.700000",
        "word": "time"
    },
    {
        "end_time": "0:04:04.900000",
        "speaker_tag": 1,
        "start_time": "0:04:00.100000",
        "word": "going"
    },
    {
        "end_time": "0:04:05.300000",
        "speaker_tag": 1,
        "start_time": "0:04:04.900000",
        "word": "across"
    },
    {
        "end_time": "0:04:05.400000",
        "speaker_tag": 1,
        "start_time": "0:04:05.300000",
        "word": "the"
    },
    {
        "end_time": "0:04:09.900000",
        "speaker_tag": 1,
        "start_time": "0:04:05.400000",
        "word": "room"
    },
    {
        "end_time": "0:04:15.800000",
        "speaker_tag": 2,
        "start_time": "0:04:09.900000",
        "word": "white"
    },
    {
        "end_time": "0:04:16.600000",
        "speaker_tag": 2,
        "start_time": "0:04:15.800000",
        "word": "white"
    },
    {
        "end_time": "0:04:17.700000",
        "speaker_tag": 1,
        "start_time": "0:04:16.600000",
        "word": "rocks"
    },
    {
        "end_time": "0:04:17.900000",
        "speaker_tag": 1,
        "start_time": "0:04:17.700000",
        "word": "and"
    },
    {
        "end_time": "0:04:18.200000",
        "speaker_tag": 1,
        "start_time": "0:04:17.900000",
        "word": "over"
    },
    {
        "end_time": "0:04:19",
        "speaker_tag": 1,
        "start_time": "0:04:18.200000",
        "word": "and"
    },
    {
        "end_time": "0:04:19.400000",
        "speaker_tag": 1,
        "start_time": "0:04:19",
        "word": "just"
    },
    {
        "end_time": "0:04:20.700000",
        "speaker_tag": 1,
        "start_time": "0:04:20.300000",
        "word": "had"
    },
    {
        "end_time": "0:04:20.800000",
        "speaker_tag": 1,
        "start_time": "0:04:20.700000",
        "word": "a"
    },
    {
        "end_time": "0:04:21",
        "speaker_tag": 1,
        "start_time": "0:04:20.800000",
        "word": "blast"
    },
    {
        "end_time": "0:04:21.600000",
        "speaker_tag": 1,
        "start_time": "0:04:21",
        "word": "you"
    },
    {
        "end_time": "0:04:21.800000",
        "speaker_tag": 1,
        "start_time": "0:04:21.600000",
        "word": "don't"
    },
    {
        "end_time": "0:04:22.200000",
        "speaker_tag": 1,
        "start_time": "0:04:21.800000",
        "word": "saying"
    },
    {
        "end_time": "0:04:22.900000",
        "speaker_tag": 1,
        "start_time": "0:04:22.200000",
        "word": "in"
    },
    {
        "end_time": "0:04:23.100000",
        "speaker_tag": 1,
        "start_time": "0:04:22.900000",
        "word": "this"
    },
    {
        "end_time": "0:04:23.200000",
        "speaker_tag": 1,
        "start_time": "0:04:23.100000",
        "word": "little"
    },
    {
        "end_time": "0:04:23.700000",
        "speaker_tag": 1,
        "start_time": "0:04:23.200000",
        "word": "Pub"
    },
    {
        "end_time": "0:04:27.200000",
        "speaker_tag": 1,
        "start_time": "0:04:25.400000",
        "word": "Barber"
    },
    {
        "end_time": "0:04:27.500000",
        "speaker_tag": 1,
        "start_time": "0:04:27.200000",
        "word": "Shop"
    },
    {
        "end_time": "0:04:27.700000",
        "speaker_tag": 1,
        "start_time": "0:04:27.500000",
        "word": "Fayetteville"
    },
    {
        "end_time": "0:04:29.800000",
        "speaker_tag": 2,
        "start_time": "0:04:29.200000",
        "word": "like"
    },
    {
        "end_time": "0:04:30",
        "speaker_tag": 2,
        "start_time": "0:04:29.800000",
        "word": "the"
    },
    {
        "end_time": "0:04:30.400000",
        "speaker_tag": 2,
        "start_time": "0:04:30",
        "word": "degrees"
    },
    {
        "end_time": "0:04:30.700000",
        "speaker_tag": 1,
        "start_time": "0:04:30.400000",
        "word": "in"
    },
    {
        "end_time": "0:04:32.100000",
        "speaker_tag": 1,
        "start_time": "0:04:30.700000",
        "word": "Singing"
    },
    {
        "end_time": "0:04:32.200000",
        "speaker_tag": 1,
        "start_time": "0:04:32.100000",
        "word": "in"
    },
    {
        "end_time": "0:04:32.500000",
        "speaker_tag": 2,
        "start_time": "0:04:32.200000",
        "word": "the"
    },
    {
        "end_time": "0:04:34",
        "speaker_tag": 2,
        "start_time": "0:04:32.500000",
        "word": "Rain"
    },
    {
        "end_time": "0:04:35.300000",
        "speaker_tag": 1,
        "start_time": "0:04:34",
        "word": "so"
    },
    {
        "end_time": "0:04:35.900000",
        "speaker_tag": 1,
        "start_time": "0:04:35.300000",
        "word": "I"
    },
    {
        "end_time": "0:04:36.100000",
        "speaker_tag": 1,
        "start_time": "0:04:35.900000",
        "word": "just"
    },
    {
        "end_time": "0:04:36.600000",
        "speaker_tag": 1,
        "start_time": "0:04:36.100000",
        "word": "like"
    },
    {
        "end_time": "0:04:41.900000",
        "speaker_tag": 1,
        "start_time": "0:04:36.600000",
        "word": "that"
    },
    {
        "end_time": "0:04:42.100000",
        "speaker_tag": 1,
        "start_time": "0:04:41.900000",
        "word": "we"
    },
    {
        "end_time": "0:04:42.300000",
        "speaker_tag": 1,
        "start_time": "0:04:42.100000",
        "word": "had"
    },
    {
        "end_time": "0:04:42.700000",
        "speaker_tag": 1,
        "start_time": "0:04:42.300000",
        "word": "gotten"
    },
    {
        "end_time": "0:04:43.600000",
        "speaker_tag": 1,
        "start_time": "0:04:42.700000",
        "word": "chest"
    },
    {
        "end_time": "0:04:43.800000",
        "speaker_tag": 1,
        "start_time": "0:04:43.600000",
        "word": "and"
    },
    {
        "end_time": "0:04:43.800000",
        "speaker_tag": 1,
        "start_time": "0:04:43.800000",
        "word": "I"
    },
    {
        "end_time": "0:04:44.100000",
        "speaker_tag": 1,
        "start_time": "0:04:43.800000",
        "word": "miss"
    },
    {
        "end_time": "0:04:44.300000",
        "speaker_tag": 1,
        "start_time": "0:04:44.100000",
        "word": "those"
    },
    {
        "end_time": "0:04:44.600000",
        "speaker_tag": 1,
        "start_time": "0:04:44.300000",
        "word": "what"
    },
    {
        "end_time": "0:04:44.700000",
        "speaker_tag": 1,
        "start_time": "0:04:44.600000",
        "word": "I"
    },
    {
        "end_time": "0:04:45.600000",
        "speaker_tag": 2,
        "start_time": "0:04:44.700000",
        "word": "like"
    },
    {
        "end_time": "0:04:52.200000",
        "speaker_tag": 2,
        "start_time": "0:04:51.400000",
        "word": "yes."
    },
    {
        "end_time": "0:05:05.400000",
        "speaker_tag": 1,
        "start_time": "0:05:00.200000",
        "word": "29"
    },
    {
        "end_time": "0:05:05.600000",
        "speaker_tag": 1,
        "start_time": "0:05:05.400000",
        "word": "cent"
    },
    {
        "end_time": "0:05:06.200000",
        "speaker_tag": 2,
        "start_time": "0:05:05.600000",
        "word": "hamburger"
    },
    {
        "end_time": "0:05:10.400000",
        "speaker_tag": 2,
        "start_time": "0:05:09.900000",
        "word": "thank"
    },
    {
        "end_time": "0:05:10.500000",
        "speaker_tag": 2,
        "start_time": "0:05:10.400000",
        "word": "you"
    },
    {
        "end_time": "0:05:12.900000",
        "speaker_tag": 2,
        "start_time": "0:05:12.500000",
        "word": "yeah"
    },
    {
        "end_time": "0:05:14.200000",
        "speaker_tag": 1,
        "start_time": "0:05:12.900000",
        "word": "you"
    },
    {
        "end_time": "0:05:14.300000",
        "speaker_tag": 1,
        "start_time": "0:05:14.200000",
        "word": "have"
    },
    {
        "end_time": "0:05:14.400000",
        "speaker_tag": 1,
        "start_time": "0:05:14.300000",
        "word": "an"
    },
    {
        "end_time": "0:05:14.700000",
        "speaker_tag": 1,
        "start_time": "0:05:14.400000",
        "word": "equity"
    },
    {
        "end_time": "0:05:15",
        "speaker_tag": 1,
        "start_time": "0:05:14.700000",
        "word": "split"
    },
    {
        "end_time": "0:05:15.500000",
        "speaker_tag": 1,
        "start_time": "0:05:15",
        "word": "will"
    },
    {
        "end_time": "0:05:15.700000",
        "speaker_tag": 1,
        "start_time": "0:05:15.500000",
        "word": "wait"
    },
    {
        "end_time": "0:05:15.900000",
        "speaker_tag": 1,
        "start_time": "0:05:15.700000",
        "word": "three"
    },
    {
        "end_time": "0:05:16",
        "speaker_tag": 1,
        "start_time": "0:05:15.900000",
        "word": "or"
    },
    {
        "end_time": "0:05:16.300000",
        "speaker_tag": 1,
        "start_time": "0:05:16",
        "word": "four"
    },
    {
        "end_time": "0:05:16.600000",
        "speaker_tag": 1,
        "start_time": "0:05:16.300000",
        "word": "ways"
    },
    {
        "end_time": "0:05:16.900000",
        "speaker_tag": 2,
        "start_time": "0:05:16.600000",
        "word": "it"
    },
    {
        "end_time": "0:05:21.400000",
        "speaker_tag": 2,
        "start_time": "0:05:21",
        "word": "you"
    },
    {
        "end_time": "0:05:21.500000",
        "speaker_tag": 2,
        "start_time": "0:05:21.400000",
        "word": "and"
    },
    {
        "end_time": "0:05:21.600000",
        "speaker_tag": 2,
        "start_time": "0:05:21.500000",
        "word": "your"
    },
    {
        "end_time": "0:05:21.900000",
        "speaker_tag": 2,
        "start_time": "0:05:21.600000",
        "word": "spine"
    },
    {
        "end_time": "0:05:22.400000",
        "speaker_tag": 2,
        "start_time": "0:05:21.900000",
        "word": "I"
    },
    {
        "end_time": "0:05:22.500000",
        "speaker_tag": 2,
        "start_time": "0:05:22.400000",
        "word": "was"
    },
    {
        "end_time": "0:05:22.700000",
        "speaker_tag": 2,
        "start_time": "0:05:22.500000",
        "word": "just"
    },
    {
        "end_time": "0:05:22.800000",
        "speaker_tag": 2,
        "start_time": "0:05:22.700000",
        "word": "going"
    },
    {
        "end_time": "0:05:22.900000",
        "speaker_tag": 2,
        "start_time": "0:05:22.800000",
        "word": "to"
    },
    {
        "end_time": "0:05:23.500000",
        "speaker_tag": 1,
        "start_time": "0:05:22.900000",
        "word": "say"
    },
    {
        "end_time": "0:05:24.200000",
        "speaker_tag": 1,
        "start_time": "0:05:23.500000",
        "word": "we"
    },
    {
        "end_time": "0:05:24.400000",
        "speaker_tag": 1,
        "start_time": "0:05:24.200000",
        "word": "had"
    },
    {
        "end_time": "0:05:25.100000",
        "speaker_tag": 2,
        "start_time": "0:05:24.400000",
        "word": "vacations"
    },
    {
        "end_time": "0:05:32.400000",
        "speaker_tag": 2,
        "start_time": "0:05:31.900000",
        "word": "Indeed"
    },
    {
        "end_time": "0:05:32.800000",
        "speaker_tag": 2,
        "start_time": "0:05:32.400000",
        "word": "jobs"
    },
    {
        "end_time": "0:05:48.300000",
        "speaker_tag": 2,
        "start_time": "0:05:44.700000",
        "word": "please"
    },
    {
        "end_time": "0:05:48.600000",
        "speaker_tag": 2,
        "start_time": "0:05:48.300000",
        "word": "explain"
    },
    {
        "end_time": "0:05:49",
        "speaker_tag": 2,
        "start_time": "0:05:48.600000",
        "word": "how"
    },
    {
        "end_time": "0:05:49.100000",
        "speaker_tag": 2,
        "start_time": "0:05:49",
        "word": "you"
    },
    {
        "end_time": "0:05:49.200000",
        "speaker_tag": 2,
        "start_time": "0:05:49.100000",
        "word": "would"
    },
    {
        "end_time": "0:05:49.400000",
        "speaker_tag": 2,
        "start_time": "0:05:49.200000",
        "word": "make"
    },
    {
        "end_time": "0:05:49.700000",
        "speaker_tag": 2,
        "start_time": "0:05:49.400000",
        "word": "the"
    },
    {
        "end_time": "0:05:50",
        "speaker_tag": 2,
        "start_time": "0:05:49.700000",
        "word": "following"
    },
    {
        "end_time": "0:05:51.200000",
        "speaker_tag": 2,
        "start_time": "0:05:50",
        "word": "step-by-step"
    },
    {
        "end_time": "0:05:51.800000",
        "speaker_tag": 2,
        "start_time": "0:05:51.200000",
        "word": "a"
    },
    {
        "end_time": "0:05:52",
        "speaker_tag": 2,
        "start_time": "0:05:51.800000",
        "word": "cup"
    },
    {
        "end_time": "0:05:52.100000",
        "speaker_tag": 2,
        "start_time": "0:05:52",
        "word": "of"
    },
    {
        "end_time": "0:05:52.400000",
        "speaker_tag": 2,
        "start_time": "0:05:52.100000",
        "word": "coffee"
    },
    {
        "end_time": "0:05:53.200000",
        "speaker_tag": 2,
        "start_time": "0:05:52.400000",
        "word": "scrambled"
    },
    {
        "end_time": "0:05:53.600000",
        "speaker_tag": 2,
        "start_time": "0:05:53.200000",
        "word": "eggs"
    },
    {
        "end_time": "0:05:53.800000",
        "speaker_tag": 2,
        "start_time": "0:05:53.600000",
        "word": "and"
    },
    {
        "end_time": "0:05:53.900000",
        "speaker_tag": 2,
        "start_time": "0:05:53.800000",
        "word": "a"
    },
    {
        "end_time": "0:05:54.100000",
        "speaker_tag": 2,
        "start_time": "0:05:53.900000",
        "word": "bowl"
    },
    {
        "end_time": "0:05:54.200000",
        "speaker_tag": 2,
        "start_time": "0:05:54.100000",
        "word": "of"
    },
    {
        "end_time": "0:05:54.500000",
        "speaker_tag": 2,
        "start_time": "0:05:54.200000",
        "word": "fruit"
    },
    {
        "end_time": "0:05:55.600000",
        "speaker_tag": 2,
        "start_time": "0:05:54.500000",
        "word": "pretend"
    },
    {
        "end_time": "0:05:55.700000",
        "speaker_tag": 2,
        "start_time": "0:05:55.600000",
        "word": "I"
    },
    {
        "end_time": "0:05:55.800000",
        "speaker_tag": 2,
        "start_time": "0:05:55.700000",
        "word": "don't"
    },
    {
        "end_time": "0:05:55.900000",
        "speaker_tag": 2,
        "start_time": "0:05:55.800000",
        "word": "know"
    },
    {
        "end_time": "0:05:56",
        "speaker_tag": 2,
        "start_time": "0:05:55.900000",
        "word": "how"
    },
    {
        "end_time": "0:05:56.100000",
        "speaker_tag": 2,
        "start_time": "0:05:56",
        "word": "to"
    },
    {
        "end_time": "0:05:56.300000",
        "speaker_tag": 2,
        "start_time": "0:05:56.100000",
        "word": "make"
    },
    {
        "end_time": "0:05:56.600000",
        "speaker_tag": 2,
        "start_time": "0:05:56.300000",
        "word": "anything"
    },
    {
        "end_time": "0:05:57.400000",
        "speaker_tag": 2,
        "start_time": "0:05:56.600000",
        "word": "and"
    },
    {
        "end_time": "0:05:57.800000",
        "speaker_tag": 2,
        "start_time": "0:05:57.400000",
        "word": "provide"
    },
    {
        "end_time": "0:05:58",
        "speaker_tag": 2,
        "start_time": "0:05:57.800000",
        "word": "these"
    },
    {
        "end_time": "0:05:59.900000",
        "speaker_tag": 2,
        "start_time": "0:05:59.300000",
        "word": "you"
    },
    {
        "end_time": "0:06:00.200000",
        "speaker_tag": 2,
        "start_time": "0:05:59.900000",
        "word": "have"
    },
    {
        "end_time": "0:06:00.500000",
        "speaker_tag": 2,
        "start_time": "0:06:00.200000",
        "word": "a"
    },
    {
        "end_time": "0:06:01.100000",
        "speaker_tag": 2,
        "start_time": "0:06:00.500000",
        "word": "5"
    },
    {
        "end_time": "0:06:01.400000",
        "speaker_tag": 2,
        "start_time": "0:06:01.100000",
        "word": "minutes"
    },
    {
        "end_time": "0:06:01.400000",
        "speaker_tag": 2,
        "start_time": "0:06:01.400000",
        "word": "to"
    },
    {
        "end_time": "0:06:03.500000",
        "speaker_tag": 2,
        "start_time": "0:06:02.900000",
        "word": "okay"
    },
    {
        "end_time": "0:06:04.100000",
        "speaker_tag": 2,
        "start_time": "0:06:03.500000",
        "word": "and"
    },
    {
        "end_time": "0:06:04.200000",
        "speaker_tag": 2,
        "start_time": "0:06:04.100000",
        "word": "what"
    },
    {
        "end_time": "0:06:04.700000",
        "speaker_tag": 2,
        "start_time": "0:06:04.200000",
        "word": "days"
    },
    {
        "end_time": "0:06:05.300000",
        "speaker_tag": 2,
        "start_time": "0:06:04.700000",
        "word": "you"
    },
    {
        "end_time": "0:06:05.400000",
        "speaker_tag": 2,
        "start_time": "0:06:05.300000",
        "word": "don't"
    },
    {
        "end_time": "0:06:05.700000",
        "speaker_tag": 2,
        "start_time": "0:06:05.400000",
        "word": "want"
    },
    {
        "end_time": "0:06:05.700000",
        "speaker_tag": 2,
        "start_time": "0:06:05.700000",
        "word": "to"
    },
    {
        "end_time": "0:06:05.800000",
        "speaker_tag": 2,
        "start_time": "0:06:05.700000",
        "word": "make"
    },
    {
        "end_time": "0:06:06",
        "speaker_tag": 2,
        "start_time": "0:06:05.800000",
        "word": "those"
    },
    {
        "end_time": "0:06:06.200000",
        "speaker_tag": 2,
        "start_time": "0:06:06",
        "word": "for"
    },
    {
        "end_time": "0:06:06.300000",
        "speaker_tag": 2,
        "start_time": "0:06:06.200000",
        "word": "us"
    },
    {
        "end_time": "0:06:06.600000",
        "speaker_tag": 2,
        "start_time": "0:06:06.300000",
        "word": "cuz"
    },
    {
        "end_time": "0:06:06.800000",
        "speaker_tag": 2,
        "start_time": "0:06:06.600000",
        "word": "they'll"
    },
    {
        "end_time": "0:06:06.900000",
        "speaker_tag": 2,
        "start_time": "0:06:06.800000",
        "word": "get"
    },
    {
        "end_time": "0:06:07.400000",
        "speaker_tag": 2,
        "start_time": "0:06:06.900000",
        "word": "cold"
    },
    {
        "end_time": "0:06:08",
        "speaker_tag": 2,
        "start_time": "0:06:07.400000",
        "word": "quicker"
    },
    {
        "end_time": "0:06:08.500000",
        "speaker_tag": 2,
        "start_time": "0:06:08",
        "word": "I"
    },
    {
        "end_time": "0:06:08.800000",
        "speaker_tag": 2,
        "start_time": "0:06:08.500000",
        "word": "just"
    },
    {
        "end_time": "0:06:08.900000",
        "speaker_tag": 2,
        "start_time": "0:06:08.800000",
        "word": "want"
    },
    {
        "end_time": "0:06:09",
        "speaker_tag": 2,
        "start_time": "0:06:08.900000",
        "word": "your"
    },
    {
        "end_time": "0:06:09.300000",
        "speaker_tag": 2,
        "start_time": "0:06:09",
        "word": "coffee"
    },
    {
        "end_time": "0:06:09.600000",
        "speaker_tag": 2,
        "start_time": "0:06:09.300000",
        "word": "first"
    },
    {
        "end_time": "0:06:15.200000",
        "speaker_tag": 1,
        "start_time": "0:06:09.600000",
        "word": "everyone"
    },
    {
        "end_time": "0:06:15.500000",
        "speaker_tag": 2,
        "start_time": "0:06:15.200000",
        "word": "in"
    },
    {
        "end_time": "0:06:18",
        "speaker_tag": 2,
        "start_time": "0:06:15.500000",
        "word": "scrambled"
    },
    {
        "end_time": "0:06:18",
        "speaker_tag": 2,
        "start_time": "0:06:18",
        "word": "eggs"
    },
    {
        "end_time": "0:06:18.400000",
        "speaker_tag": 2,
        "start_time": "0:06:18",
        "word": "and"
    },
    {
        "end_time": "0:06:18.800000",
        "speaker_tag": 2,
        "start_time": "0:06:18.400000",
        "word": "fruit"
    },
    {
        "end_time": "0:06:19.700000",
        "speaker_tag": 2,
        "start_time": "0:06:18.800000",
        "word": "I"
    },
    {
        "end_time": "0:06:19.900000",
        "speaker_tag": 2,
        "start_time": "0:06:19.700000",
        "word": "get"
    },
    {
        "end_time": "0:06:20.100000",
        "speaker_tag": 2,
        "start_time": "0:06:19.900000",
        "word": "some"
    },
    {
        "end_time": "0:06:20.700000",
        "speaker_tag": 2,
        "start_time": "0:06:20.100000",
        "word": "black"
    },
    {
        "end_time": "0:06:21.300000",
        "speaker_tag": 1,
        "start_time": "0:06:20.700000",
        "word": "grapes"
    },
    {
        "end_time": "0:06:21.500000",
        "speaker_tag": 1,
        "start_time": "0:06:21.300000",
        "word": "and"
    },
    {
        "end_time": "0:06:21.700000",
        "speaker_tag": 1,
        "start_time": "0:06:21.500000",
        "word": "strawberries"
    },
    {
        "end_time": "0:06:22.200000",
        "speaker_tag": 1,
        "start_time": "0:06:21.700000",
        "word": "in"
    },
    {
        "end_time": "0:06:23",
        "speaker_tag": 1,
        "start_time": "0:06:22.200000",
        "word": "or"
    },
    {
        "end_time": "0:06:23.200000",
        "speaker_tag": 1,
        "start_time": "0:06:23",
        "word": "maybe"
    },
    {
        "end_time": "0:06:23.400000",
        "speaker_tag": 1,
        "start_time": "0:06:23.200000",
        "word": "a"
    },
    {
        "end_time": "0:06:40.900000",
        "speaker_tag": 1,
        "start_time": "0:06:40.600000",
        "word": "is"
    },
    {
        "end_time": "0:06:41.100000",
        "speaker_tag": 1,
        "start_time": "0:06:40.900000",
        "word": "to"
    },
    {
        "end_time": "0:06:41.200000",
        "speaker_tag": 1,
        "start_time": "0:06:41.100000",
        "word": "make"
    },
    {
        "end_time": "0:06:41.300000",
        "speaker_tag": 1,
        "start_time": "0:06:41.200000",
        "word": "it"
    },
    {
        "end_time": "0:06:41.500000",
        "speaker_tag": 1,
        "start_time": "0:06:41.300000",
        "word": "special"
    },
    {
        "end_time": "0:07:00.700000",
        "speaker_tag": 2,
        "start_time": "0:06:59.500000",
        "word": "events"
    },
    {
        "end_time": "0:07:00.900000",
        "speaker_tag": 2,
        "start_time": "0:07:00.700000",
        "word": "at"
    },
    {
        "end_time": "0:07:04.200000",
        "speaker_tag": 1,
        "start_time": "0:07:02.400000",
        "word": "the"
    },
    {
        "end_time": "0:07:04.600000",
        "speaker_tag": 1,
        "start_time": "0:07:04.200000",
        "word": "coffee"
    },
    {
        "end_time": "0:07:04.900000",
        "speaker_tag": 1,
        "start_time": "0:07:04.600000",
        "word": "didn't"
    },
    {
        "end_time": "0:07:05.100000",
        "speaker_tag": 1,
        "start_time": "0:07:04.900000",
        "word": "drink"
    },
    {
        "end_time": "0:07:05.500000",
        "speaker_tag": 1,
        "start_time": "0:07:05.100000",
        "word": "coffee"
    },
    {
        "end_time": "0:07:17.500000",
        "speaker_tag": 2,
        "start_time": "0:07:16.500000",
        "word": "yeah"
    },
    {
        "end_time": "0:07:21.600000",
        "speaker_tag": 1,
        "start_time": "0:07:20.800000",
        "word": "everybody's"
    },
    {
        "end_time": "0:07:22",
        "speaker_tag": 1,
        "start_time": "0:07:21.600000",
        "word": "feeling"
    },
    {
        "end_time": "0:07:28.600000",
        "speaker_tag": 1,
        "start_time": "0:07:26.400000",
        "word": "never"
    },
    {
        "end_time": "0:07:28.700000",
        "speaker_tag": 1,
        "start_time": "0:07:28.600000",
        "word": "knew"
    },
    {
        "end_time": "0:07:29.800000",
        "speaker_tag": 1,
        "start_time": "0:07:28.700000",
        "word": "I"
    },
    {
        "end_time": "0:07:30",
        "speaker_tag": 1,
        "start_time": "0:07:29.800000",
        "word": "needed"
    },
    {
        "end_time": "0:07:37.400000",
        "speaker_tag": 1,
        "start_time": "0:07:35.900000",
        "word": "I"
    },
    {
        "end_time": "0:07:38.200000",
        "speaker_tag": 1,
        "start_time": "0:07:37.400000",
        "word": "needed"
    },
    {
        "end_time": "0:07:38.400000",
        "speaker_tag": 1,
        "start_time": "0:07:38.200000",
        "word": "for"
    },
    {
        "end_time": "0:07:38.900000",
        "speaker_tag": 1,
        "start_time": "0:07:38.400000",
        "word": "breakfast"
    },
    {
        "end_time": "0:07:39.200000",
        "speaker_tag": 1,
        "start_time": "0:07:38.900000",
        "word": "but"
    },
    {
        "end_time": "0:07:39.300000",
        "speaker_tag": 1,
        "start_time": "0:07:39.200000",
        "word": "I"
    },
    {
        "end_time": "0:07:39.400000",
        "speaker_tag": 1,
        "start_time": "0:07:39.300000",
        "word": "have"
    },
    {
        "end_time": "0:07:39.500000",
        "speaker_tag": 1,
        "start_time": "0:07:39.400000",
        "word": "to"
    },
    {
        "end_time": "0:07:39.600000",
        "speaker_tag": 1,
        "start_time": "0:07:39.500000",
        "word": "go"
    },
    {
        "end_time": "0:07:39.700000",
        "speaker_tag": 1,
        "start_time": "0:07:39.600000",
        "word": "to"
    },
    {
        "end_time": "0:07:39.800000",
        "speaker_tag": 1,
        "start_time": "0:07:39.700000",
        "word": "work"
    },
    {
        "end_time": "0:07:40",
        "speaker_tag": 1,
        "start_time": "0:07:39.800000",
        "word": "early"
    },
    {
        "end_time": "0:07:40.300000",
        "speaker_tag": 1,
        "start_time": "0:07:40",
        "word": "in"
    },
    {
        "end_time": "0:07:42.800000",
        "speaker_tag": 1,
        "start_time": "0:07:40.300000",
        "word": "after"
    },
    {
        "end_time": "0:07:43.100000",
        "speaker_tag": 1,
        "start_time": "0:07:42.800000",
        "word": "next"
    },
    {
        "end_time": "0:07:43.200000",
        "speaker_tag": 1,
        "start_time": "0:07:43.100000",
        "word": "to"
    },
    {
        "end_time": "0:07:43.300000",
        "speaker_tag": 1,
        "start_time": "0:07:43.200000",
        "word": "a"
    },
    {
        "end_time": "0:07:49.500000",
        "speaker_tag": 1,
        "start_time": "0:07:43.300000",
        "word": "pilot"
    },
    {
        "end_time": "0:07:49.700000",
        "speaker_tag": 1,
        "start_time": "0:07:49.500000",
        "word": "there"
    },
    {
        "end_time": "0:07:50.100000",
        "speaker_tag": 1,
        "start_time": "0:07:49.700000",
        "word": "any"
    },
    {
        "end_time": "0:07:52.700000",
        "speaker_tag": 1,
        "start_time": "0:07:50.100000",
        "word": "City"
    },
    {
        "end_time": "0:07:53",
        "speaker_tag": 1,
        "start_time": "0:07:52.700000",
        "word": "on"
    },
    {
        "end_time": "0:07:53.400000",
        "speaker_tag": 1,
        "start_time": "0:07:53",
        "word": "stove"
    },
    {
        "end_time": "0:07:54",
        "speaker_tag": 1,
        "start_time": "0:07:53.400000",
        "word": "top"
    },
    {
        "end_time": "0:08:11.300000",
        "speaker_tag": 2,
        "start_time": "0:08:10.900000",
        "word": "you"
    },
    {
        "end_time": "0:08:11.400000",
        "speaker_tag": 2,
        "start_time": "0:08:11.300000",
        "word": "have"
    },
    {
        "end_time": "0:08:11.800000",
        "speaker_tag": 2,
        "start_time": "0:08:11.400000",
        "word": "nothing"
    },
    {
        "end_time": "0:08:11.900000",
        "speaker_tag": 2,
        "start_time": "0:08:11.800000",
        "word": "else"
    },
    {
        "end_time": "0:08:12.400000",
        "speaker_tag": 2,
        "start_time": "0:08:11.900000",
        "word": "that"
    },
    {
        "end_time": "0:08:12.500000",
        "speaker_tag": 2,
        "start_time": "0:08:12.400000",
        "word": "you"
    },
    {
        "end_time": "0:08:12.700000",
        "speaker_tag": 2,
        "start_time": "0:08:12.500000",
        "word": "wanted"
    },
    {
        "end_time": "0:08:12.800000",
        "speaker_tag": 2,
        "start_time": "0:08:12.700000",
        "word": "to"
    },
    {
        "end_time": "0:08:13",
        "speaker_tag": 2,
        "start_time": "0:08:12.800000",
        "word": "add"
    }
]