[
    {
        "end_time": "0:00:02.900000",
        "speaker_tag": 1,
        "start_time": "0:00:02.200000",
        "word": "next"
    },
    {
        "end_time": "0:00:06.500000",
        "speaker_tag": 1,
        "start_time": "0:00:05.200000",
        "word": "I"
    },
    {
        "end_time": "0:00:06.700000",
        "speaker_tag": 1,
        "start_time": "0:00:06.500000",
        "word": "just"
    },
    {
        "end_time": "0:00:06.900000",
        "speaker_tag": 1,
        "start_time": "0:00:06.700000",
        "word": "want"
    },
    {
        "end_time": "0:00:07",
        "speaker_tag": 1,
        "start_time": "0:00:06.900000",
        "word": "you"
    },
    {
        "end_time": "0:00:07.200000",
        "speaker_tag": 1,
        "start_time": "0:00:07",
        "word": "to"
    },
    {
        "end_time": "0:00:07.400000",
        "speaker_tag": 1,
        "start_time": "0:00:07.200000",
        "word": "tell"
    },
    {
        "end_time": "0:00:07.500000",
        "speaker_tag": 1,
        "start_time": "0:00:07.400000",
        "word": "me"
    },
    {
        "end_time": "0:00:07.800000",
        "speaker_tag": 1,
        "start_time": "0:00:07.500000",
        "word": "about"
    },
    {
        "end_time": "0:00:07.900000",
        "speaker_tag": 1,
        "start_time": "0:00:07.800000",
        "word": "a"
    },
    {
        "end_time": "0:00:08",
        "speaker_tag": 1,
        "start_time": "0:00:07.900000",
        "word": "story"
    },
    {
        "end_time": "0:00:08.400000",
        "speaker_tag": 1,
        "start_time": "0:00:08",
        "word": "of"
    },
    {
        "end_time": "0:00:08.800000",
        "speaker_tag": 1,
        "start_time": "0:00:08.400000",
        "word": "yourself"
    },
    {
        "end_time": "0:00:09.700000",
        "speaker_tag": 1,
        "start_time": "0:00:08.800000",
        "word": "this"
    },
    {
        "end_time": "0:00:09.900000",
        "speaker_tag": 1,
        "start_time": "0:00:09.700000",
        "word": "is"
    },
    {
        "end_time": "0:00:10.200000",
        "speaker_tag": 1,
        "start_time": "0:00:09.900000",
        "word": "just"
    },
    {
        "end_time": "0:00:10.300000",
        "speaker_tag": 1,
        "start_time": "0:00:10.200000",
        "word": "a"
    },
    {
        "end_time": "0:00:10.800000",
        "speaker_tag": 1,
        "start_time": "0:00:10.300000",
        "word": "trip"
    },
    {
        "end_time": "0:00:11.400000",
        "speaker_tag": 1,
        "start_time": "0:00:10.800000",
        "word": "or"
    },
    {
        "end_time": "0:00:12.500000",
        "speaker_tag": 1,
        "start_time": "0:00:11.400000",
        "word": "a"
    },
    {
        "end_time": "0:00:12.600000",
        "speaker_tag": 1,
        "start_time": "0:00:12.500000",
        "word": "vacation"
    },
    {
        "end_time": "0:00:13.100000",
        "speaker_tag": 1,
        "start_time": "0:00:12.600000",
        "word": "that"
    },
    {
        "end_time": "0:00:13.300000",
        "speaker_tag": 1,
        "start_time": "0:00:13.100000",
        "word": "you"
    },
    {
        "end_time": "0:00:13.400000",
        "speaker_tag": 1,
        "start_time": "0:00:13.300000",
        "word": "went"
    },
    {
        "end_time": "0:00:13.500000",
        "speaker_tag": 1,
        "start_time": "0:00:13.400000",
        "word": "on"
    },
    {
        "end_time": "0:00:14.100000",
        "speaker_tag": 1,
        "start_time": "0:00:13.500000",
        "word": "and"
    },
    {
        "end_time": "0:00:14.200000",
        "speaker_tag": 1,
        "start_time": "0:00:14.100000",
        "word": "you"
    },
    {
        "end_time": "0:00:14.400000",
        "speaker_tag": 1,
        "start_time": "0:00:14.200000",
        "word": "can"
    },
    {
        "end_time": "0:00:15.300000",
        "speaker_tag": 1,
        "start_time": "0:00:14.400000",
        "word": "you"
    },
    {
        "end_time": "0:00:15.300000",
        "speaker_tag": 1,
        "start_time": "0:00:15.300000",
        "word": "can"
    },
    {
        "end_time": "0:00:15.500000",
        "speaker_tag": 1,
        "start_time": "0:00:15.300000",
        "word": "just"
    },
    {
        "end_time": "0:00:15.700000",
        "speaker_tag": 1,
        "start_time": "0:00:15.500000",
        "word": "get"
    },
    {
        "end_time": "0:00:15.900000",
        "speaker_tag": 1,
        "start_time": "0:00:15.700000",
        "word": "as"
    },
    {
        "end_time": "0:00:16",
        "speaker_tag": 1,
        "start_time": "0:00:15.900000",
        "word": "many"
    },
    {
        "end_time": "0:00:16.300000",
        "speaker_tag": 1,
        "start_time": "0:00:16",
        "word": "details"
    },
    {
        "end_time": "0:00:16.800000",
        "speaker_tag": 1,
        "start_time": "0:00:16.300000",
        "word": "as"
    },
    {
        "end_time": "0:00:17",
        "speaker_tag": 1,
        "start_time": "0:00:16.800000",
        "word": "you"
    },
    {
        "end_time": "0:00:17.200000",
        "speaker_tag": 1,
        "start_time": "0:00:17",
        "word": "want"
    },
    {
        "end_time": "0:00:17.900000",
        "speaker_tag": 1,
        "start_time": "0:00:17.200000",
        "word": "and"
    },
    {
        "end_time": "0:00:18",
        "speaker_tag": 1,
        "start_time": "0:00:17.900000",
        "word": "you"
    },
    {
        "end_time": "0:00:18.100000",
        "speaker_tag": 1,
        "start_time": "0:00:18",
        "word": "have"
    },
    {
        "end_time": "0:00:18.400000",
        "speaker_tag": 1,
        "start_time": "0:00:18.100000",
        "word": "5"
    },
    {
        "end_time": "0:00:18.400000",
        "speaker_tag": 1,
        "start_time": "0:00:18.400000",
        "word": "minutes"
    },
    {
        "end_time": "0:00:19.100000",
        "speaker_tag": 1,
        "start_time": "0:00:18.400000",
        "word": "okay"
    },
    {
        "end_time": "0:00:23.500000",
        "speaker_tag": 1,
        "start_time": "0:00:19.100000",
        "word": "with"
    },
    {
        "end_time": "0:00:23.900000",
        "speaker_tag": 1,
        "start_time": "0:00:23.500000",
        "word": "whoever"
    },
    {
        "end_time": "0:00:24.300000",
        "speaker_tag": 1,
        "start_time": "0:00:23.900000",
        "word": "Wherever"
    },
    {
        "end_time": "0:00:24.900000",
        "speaker_tag": 1,
        "start_time": "0:00:24.300000",
        "word": "Whenever"
    },
    {
        "end_time": "0:00:30.100000",
        "speaker_tag": 2,
        "start_time": "0:00:24.900000",
        "word": "and"
    },
    {
        "end_time": "0:00:30.300000",
        "speaker_tag": 2,
        "start_time": "0:00:30.100000",
        "word": "my"
    },
    {
        "end_time": "0:00:31.100000",
        "speaker_tag": 2,
        "start_time": "0:00:30.300000",
        "word": "husband"
    },
    {
        "end_time": "0:00:31.200000",
        "speaker_tag": 2,
        "start_time": "0:00:31.100000",
        "word": "to"
    },
    {
        "end_time": "0:00:31.400000",
        "speaker_tag": 2,
        "start_time": "0:00:31.200000",
        "word": "bed"
    },
    {
        "end_time": "0:00:32.600000",
        "speaker_tag": 2,
        "start_time": "0:00:31.400000",
        "word": "graduate"
    },
    {
        "end_time": "0:00:32.700000",
        "speaker_tag": 2,
        "start_time": "0:00:32.600000",
        "word": "the"
    },
    {
        "end_time": "0:00:32.900000",
        "speaker_tag": 2,
        "start_time": "0:00:32.700000",
        "word": "Naval"
    },
    {
        "end_time": "0:00:33.400000",
        "speaker_tag": 2,
        "start_time": "0:00:32.900000",
        "word": "Academy"
    },
    {
        "end_time": "0:00:33.900000",
        "speaker_tag": 2,
        "start_time": "0:00:33.400000",
        "word": "so"
    },
    {
        "end_time": "0:00:34.200000",
        "speaker_tag": 2,
        "start_time": "0:00:33.900000",
        "word": "we"
    },
    {
        "end_time": "0:00:34.400000",
        "speaker_tag": 2,
        "start_time": "0:00:34.200000",
        "word": "both"
    },
    {
        "end_time": "0:00:36.400000",
        "speaker_tag": 2,
        "start_time": "0:00:34.400000",
        "word": "could"
    },
    {
        "end_time": "0:00:36.700000",
        "speaker_tag": 2,
        "start_time": "0:00:36.400000",
        "word": "not"
    },
    {
        "end_time": "0:00:36.900000",
        "speaker_tag": 2,
        "start_time": "0:00:36.700000",
        "word": "be"
    },
    {
        "end_time": "0:00:39.900000",
        "speaker_tag": 2,
        "start_time": "0:00:36.900000",
        "word": "graduation"
    },
    {
        "end_time": "0:00:40.100000",
        "speaker_tag": 2,
        "start_time": "0:00:39.900000",
        "word": "for"
    },
    {
        "end_time": "0:00:40.300000",
        "speaker_tag": 2,
        "start_time": "0:00:40.100000",
        "word": "2"
    },
    {
        "end_time": "0:00:40.900000",
        "speaker_tag": 2,
        "start_time": "0:00:40.300000",
        "word": "years"
    },
    {
        "end_time": "0:00:41.200000",
        "speaker_tag": 2,
        "start_time": "0:00:40.900000",
        "word": "after"
    },
    {
        "end_time": "0:00:41.900000",
        "speaker_tag": 2,
        "start_time": "0:00:41.200000",
        "word": "marriage"
    },
    {
        "end_time": "0:00:50",
        "speaker_tag": 2,
        "start_time": "0:00:49.100000",
        "word": "Naval"
    },
    {
        "end_time": "0:00:50.200000",
        "speaker_tag": 2,
        "start_time": "0:00:50",
        "word": "Academy"
    },
    {
        "end_time": "0:00:52.600000",
        "speaker_tag": 2,
        "start_time": "0:00:50.200000",
        "word": "act"
    },
    {
        "end_time": "0:00:52.700000",
        "speaker_tag": 2,
        "start_time": "0:00:52.600000",
        "word": "of"
    },
    {
        "end_time": "0:00:53",
        "speaker_tag": 2,
        "start_time": "0:00:52.700000",
        "word": "Congress"
    },
    {
        "end_time": "0:00:54.400000",
        "speaker_tag": 2,
        "start_time": "0:00:53",
        "word": "so"
    },
    {
        "end_time": "0:00:55.400000",
        "speaker_tag": 2,
        "start_time": "0:00:54.400000",
        "word": "the"
    },
    {
        "end_time": "0:00:55.700000",
        "speaker_tag": 2,
        "start_time": "0:00:55.400000",
        "word": "war"
    },
    {
        "end_time": "0:00:55.900000",
        "speaker_tag": 2,
        "start_time": "0:00:55.700000",
        "word": "was"
    },
    {
        "end_time": "0:00:56.300000",
        "speaker_tag": 2,
        "start_time": "0:00:55.900000",
        "word": "our"
    },
    {
        "end_time": "0:00:56.600000",
        "speaker_tag": 2,
        "start_time": "0:00:56.300000",
        "word": "World"
    },
    {
        "end_time": "0:00:56.900000",
        "speaker_tag": 2,
        "start_time": "0:00:56.600000",
        "word": "War"
    },
    {
        "end_time": "0:00:57.100000",
        "speaker_tag": 2,
        "start_time": "0:00:56.900000",
        "word": "II"
    },
    {
        "end_time": "0:00:58.500000",
        "speaker_tag": 2,
        "start_time": "0:00:57.100000",
        "word": "and"
    },
    {
        "end_time": "0:00:58.700000",
        "speaker_tag": 2,
        "start_time": "0:00:58.500000",
        "word": "we"
    },
    {
        "end_time": "0:00:58.900000",
        "speaker_tag": 2,
        "start_time": "0:00:58.700000",
        "word": "could"
    },
    {
        "end_time": "0:00:59",
        "speaker_tag": 2,
        "start_time": "0:00:58.900000",
        "word": "not"
    },
    {
        "end_time": "0:00:59.200000",
        "speaker_tag": 2,
        "start_time": "0:00:59",
        "word": "be"
    },
    {
        "end_time": "0:00:59.600000",
        "speaker_tag": 2,
        "start_time": "0:00:59.200000",
        "word": "back"
    },
    {
        "end_time": "0:01:01.200000",
        "speaker_tag": 2,
        "start_time": "0:00:59.600000",
        "word": "so"
    },
    {
        "end_time": "0:01:01.500000",
        "speaker_tag": 2,
        "start_time": "0:01:01.200000",
        "word": "I"
    },
    {
        "end_time": "0:01:01.700000",
        "speaker_tag": 2,
        "start_time": "0:01:01.500000",
        "word": "will"
    },
    {
        "end_time": "0:01:02",
        "speaker_tag": 2,
        "start_time": "0:01:01.700000",
        "word": "stay"
    },
    {
        "end_time": "0:01:02.200000",
        "speaker_tag": 2,
        "start_time": "0:01:02",
        "word": "the"
    },
    {
        "end_time": "0:01:02.400000",
        "speaker_tag": 2,
        "start_time": "0:01:02.200000",
        "word": "night"
    },
    {
        "end_time": "0:01:03",
        "speaker_tag": 2,
        "start_time": "0:01:02.400000",
        "word": "and"
    },
    {
        "end_time": "0:01:03.100000",
        "speaker_tag": 2,
        "start_time": "0:01:03",
        "word": "he"
    },
    {
        "end_time": "0:01:03.200000",
        "speaker_tag": 2,
        "start_time": "0:01:03.100000",
        "word": "was"
    },
    {
        "end_time": "0:01:03.500000",
        "speaker_tag": 2,
        "start_time": "0:01:03.200000",
        "word": "in"
    },
    {
        "end_time": "0:01:03.500000",
        "speaker_tag": 2,
        "start_time": "0:01:03.500000",
        "word": "the"
    },
    {
        "end_time": "0:01:04.200000",
        "speaker_tag": 2,
        "start_time": "0:01:03.500000",
        "word": "Pacific"
    },
    {
        "end_time": "0:01:04.400000",
        "speaker_tag": 2,
        "start_time": "0:01:04.200000",
        "word": "was"
    },
    {
        "end_time": "0:01:04.500000",
        "speaker_tag": 2,
        "start_time": "0:01:04.400000",
        "word": "a"
    },
    {
        "end_time": "0:01:04.700000",
        "speaker_tag": 2,
        "start_time": "0:01:04.500000",
        "word": "pro"
    },
    {
        "end_time": "0:01:05.100000",
        "speaker_tag": 2,
        "start_time": "0:01:04.700000",
        "word": "Harbor"
    },
    {
        "end_time": "0:01:07.700000",
        "speaker_tag": 2,
        "start_time": "0:01:07.200000",
        "word": "when"
    },
    {
        "end_time": "0:01:07.900000",
        "speaker_tag": 2,
        "start_time": "0:01:07.700000",
        "word": "the"
    },
    {
        "end_time": "0:01:08.200000",
        "speaker_tag": 2,
        "start_time": "0:01:07.900000",
        "word": "ship"
    },
    {
        "end_time": "0:01:08.800000",
        "speaker_tag": 2,
        "start_time": "0:01:08.200000",
        "word": "ticket"
    },
    {
        "end_time": "0:01:09.300000",
        "speaker_tag": 2,
        "start_time": "0:01:08.800000",
        "word": "finally"
    },
    {
        "end_time": "0:01:09.500000",
        "speaker_tag": 2,
        "start_time": "0:01:09.300000",
        "word": "got"
    },
    {
        "end_time": "0:01:09.800000",
        "speaker_tag": 2,
        "start_time": "0:01:09.500000",
        "word": "back"
    },
    {
        "end_time": "0:01:10.400000",
        "speaker_tag": 2,
        "start_time": "0:01:09.800000",
        "word": "which"
    },
    {
        "end_time": "0:01:10.800000",
        "speaker_tag": 2,
        "start_time": "0:01:10.400000",
        "word": "was"
    },
    {
        "end_time": "0:01:11.100000",
        "speaker_tag": 2,
        "start_time": "0:01:10.800000",
        "word": "on"
    },
    {
        "end_time": "0:01:11.800000",
        "speaker_tag": 2,
        "start_time": "0:01:11.100000",
        "word": "Mother's"
    },
    {
        "end_time": "0:01:12.100000",
        "speaker_tag": 2,
        "start_time": "0:01:11.800000",
        "word": "Day"
    },
    {
        "end_time": "0:01:12.500000",
        "speaker_tag": 2,
        "start_time": "0:01:12.100000",
        "word": "of"
    },
    {
        "end_time": "0:01:13.600000",
        "speaker_tag": 2,
        "start_time": "0:01:12.500000",
        "word": "42"
    },
    {
        "end_time": "0:01:14.800000",
        "speaker_tag": 2,
        "start_time": "0:01:13.600000",
        "word": "we"
    },
    {
        "end_time": "0:01:15.500000",
        "speaker_tag": 2,
        "start_time": "0:01:14.800000",
        "word": "graduating"
    },
    {
        "end_time": "0:01:15.800000",
        "speaker_tag": 2,
        "start_time": "0:01:15.500000",
        "word": "for"
    },
    {
        "end_time": "0:01:16.100000",
        "speaker_tag": 2,
        "start_time": "0:01:15.800000",
        "word": "8"
    },
    {
        "end_time": "0:01:19.700000",
        "speaker_tag": 2,
        "start_time": "0:01:16.100000",
        "word": "check"
    },
    {
        "end_time": "0:01:19.900000",
        "speaker_tag": 2,
        "start_time": "0:01:19.700000",
        "word": "can"
    },
    {
        "end_time": "0:01:20",
        "speaker_tag": 2,
        "start_time": "0:01:19.900000",
        "word": "you"
    },
    {
        "end_time": "0:01:20.400000",
        "speaker_tag": 2,
        "start_time": "0:01:20",
        "word": "come"
    },
    {
        "end_time": "0:01:20.500000",
        "speaker_tag": 2,
        "start_time": "0:01:20.400000",
        "word": "and"
    },
    {
        "end_time": "0:01:20.700000",
        "speaker_tag": 2,
        "start_time": "0:01:20.500000",
        "word": "get"
    },
    {
        "end_time": "0:01:21.300000",
        "speaker_tag": 2,
        "start_time": "0:01:20.700000",
        "word": "married"
    },
    {
        "end_time": "0:01:21.400000",
        "speaker_tag": 2,
        "start_time": "0:01:21.300000",
        "word": "and"
    },
    {
        "end_time": "0:01:21.600000",
        "speaker_tag": 2,
        "start_time": "0:01:21.400000",
        "word": "I"
    },
    {
        "end_time": "0:01:22",
        "speaker_tag": 2,
        "start_time": "0:01:21.600000",
        "word": "said"
    },
    {
        "end_time": "0:01:22.700000",
        "speaker_tag": 2,
        "start_time": "0:01:22",
        "word": "yes"
    },
    {
        "end_time": "0:01:23.300000",
        "speaker_tag": 2,
        "start_time": "0:01:22.700000",
        "word": "when"
    },
    {
        "end_time": "0:01:23.400000",
        "speaker_tag": 2,
        "start_time": "0:01:23.300000",
        "word": "I"
    },
    {
        "end_time": "0:01:31.400000",
        "speaker_tag": 2,
        "start_time": "0:01:23.400000",
        "word": "want"
    },
    {
        "end_time": "0:01:31.500000",
        "speaker_tag": 2,
        "start_time": "0:01:31.400000",
        "word": "to"
    },
    {
        "end_time": "0:01:32",
        "speaker_tag": 2,
        "start_time": "0:01:31.500000",
        "word": "train"
    },
    {
        "end_time": "0:01:32.400000",
        "speaker_tag": 2,
        "start_time": "0:01:32",
        "word": "I"
    },
    {
        "end_time": "0:01:33.200000",
        "speaker_tag": 2,
        "start_time": "0:01:32.400000",
        "word": "went"
    },
    {
        "end_time": "0:01:33.300000",
        "speaker_tag": 2,
        "start_time": "0:01:33.200000",
        "word": "to"
    },
    {
        "end_time": "0:01:33.500000",
        "speaker_tag": 2,
        "start_time": "0:01:33.300000",
        "word": "San"
    },
    {
        "end_time": "0:01:33.600000",
        "speaker_tag": 2,
        "start_time": "0:01:33.500000",
        "word": "Francisco"
    },
    {
        "end_time": "0:01:34.500000",
        "speaker_tag": 2,
        "start_time": "0:01:33.600000",
        "word": "and"
    },
    {
        "end_time": "0:01:34.800000",
        "speaker_tag": 2,
        "start_time": "0:01:34.500000",
        "word": "did"
    },
    {
        "end_time": "0:01:35.100000",
        "speaker_tag": 2,
        "start_time": "0:01:34.800000",
        "word": "not"
    },
    {
        "end_time": "0:01:35.200000",
        "speaker_tag": 2,
        "start_time": "0:01:35.100000",
        "word": "know"
    },
    {
        "end_time": "0:01:35.500000",
        "speaker_tag": 2,
        "start_time": "0:01:35.200000",
        "word": "if"
    },
    {
        "end_time": "0:01:35.500000",
        "speaker_tag": 2,
        "start_time": "0:01:35.500000",
        "word": "he"
    },
    {
        "end_time": "0:01:35.800000",
        "speaker_tag": 2,
        "start_time": "0:01:35.500000",
        "word": "was"
    },
    {
        "end_time": "0:01:35.900000",
        "speaker_tag": 2,
        "start_time": "0:01:35.800000",
        "word": "going"
    },
    {
        "end_time": "0:01:36",
        "speaker_tag": 2,
        "start_time": "0:01:35.900000",
        "word": "to"
    },
    {
        "end_time": "0:01:36.200000",
        "speaker_tag": 2,
        "start_time": "0:01:36",
        "word": "be"
    },
    {
        "end_time": "0:01:36.500000",
        "speaker_tag": 2,
        "start_time": "0:01:36.200000",
        "word": "there"
    },
    {
        "end_time": "0:01:36.900000",
        "speaker_tag": 2,
        "start_time": "0:01:36.500000",
        "word": "or"
    },
    {
        "end_time": "0:01:37",
        "speaker_tag": 2,
        "start_time": "0:01:36.900000",
        "word": "not"
    },
    {
        "end_time": "0:01:38.800000",
        "speaker_tag": 2,
        "start_time": "0:01:37",
        "word": "but"
    },
    {
        "end_time": "0:01:38.900000",
        "speaker_tag": 2,
        "start_time": "0:01:38.800000",
        "word": "he"
    },
    {
        "end_time": "0:01:39.200000",
        "speaker_tag": 2,
        "start_time": "0:01:38.900000",
        "word": "gave"
    },
    {
        "end_time": "0:01:39.400000",
        "speaker_tag": 2,
        "start_time": "0:01:39.200000",
        "word": "me"
    },
    {
        "end_time": "0:01:39.500000",
        "speaker_tag": 2,
        "start_time": "0:01:39.400000",
        "word": "a"
    },
    {
        "end_time": "0:01:39.700000",
        "speaker_tag": 2,
        "start_time": "0:01:39.500000",
        "word": "name"
    },
    {
        "end_time": "0:01:39.900000",
        "speaker_tag": 2,
        "start_time": "0:01:39.700000",
        "word": "of"
    },
    {
        "end_time": "0:01:40.100000",
        "speaker_tag": 2,
        "start_time": "0:01:39.900000",
        "word": "the"
    },
    {
        "end_time": "0:01:40.400000",
        "speaker_tag": 2,
        "start_time": "0:01:40.100000",
        "word": "lady"
    },
    {
        "end_time": "0:01:40.600000",
        "speaker_tag": 2,
        "start_time": "0:01:40.400000",
        "word": "that"
    },
    {
        "end_time": "0:01:40.900000",
        "speaker_tag": 2,
        "start_time": "0:01:40.600000",
        "word": "I"
    },
    {
        "end_time": "0:01:41",
        "speaker_tag": 2,
        "start_time": "0:01:40.900000",
        "word": "owe"
    },
    {
        "end_time": "0:01:41.400000",
        "speaker_tag": 2,
        "start_time": "0:01:41",
        "word": "if"
    },
    {
        "end_time": "0:01:41.600000",
        "speaker_tag": 2,
        "start_time": "0:01:41.400000",
        "word": "he"
    },
    {
        "end_time": "0:01:42",
        "speaker_tag": 2,
        "start_time": "0:01:41.600000",
        "word": "wasn't"
    },
    {
        "end_time": "0:01:42.200000",
        "speaker_tag": 2,
        "start_time": "0:01:42",
        "word": "there"
    },
    {
        "end_time": "0:01:42.500000",
        "speaker_tag": 2,
        "start_time": "0:01:42.200000",
        "word": "while"
    },
    {
        "end_time": "0:01:42.700000",
        "speaker_tag": 2,
        "start_time": "0:01:42.500000",
        "word": "he"
    },
    {
        "end_time": "0:01:43.100000",
        "speaker_tag": 2,
        "start_time": "0:01:42.700000",
        "word": "was"
    },
    {
        "end_time": "0:01:43.300000",
        "speaker_tag": 2,
        "start_time": "0:01:43.100000",
        "word": "so"
    },
    {
        "end_time": "0:01:44.400000",
        "speaker_tag": 2,
        "start_time": "0:01:43.300000",
        "word": "I"
    },
    {
        "end_time": "0:01:44.900000",
        "speaker_tag": 2,
        "start_time": "0:01:44.400000",
        "word": "stayed"
    },
    {
        "end_time": "0:01:45.100000",
        "speaker_tag": 2,
        "start_time": "0:01:44.900000",
        "word": "all"
    },
    {
        "end_time": "0:01:45.300000",
        "speaker_tag": 2,
        "start_time": "0:01:45.100000",
        "word": "door"
    },
    {
        "end_time": "0:01:45.400000",
        "speaker_tag": 2,
        "start_time": "0:01:45.300000",
        "word": "in"
    },
    {
        "end_time": "0:01:45.500000",
        "speaker_tag": 2,
        "start_time": "0:01:45.400000",
        "word": "the"
    },
    {
        "end_time": "0:01:45.600000",
        "speaker_tag": 2,
        "start_time": "0:01:45.500000",
        "word": "wall"
    },
    {
        "end_time": "0:01:46.200000",
        "speaker_tag": 2,
        "start_time": "0:01:45.600000",
        "word": "on"
    },
    {
        "end_time": "0:01:46.300000",
        "speaker_tag": 2,
        "start_time": "0:01:46.200000",
        "word": "the"
    },
    {
        "end_time": "0:01:47",
        "speaker_tag": 2,
        "start_time": "0:01:46.300000",
        "word": "West"
    },
    {
        "end_time": "0:01:47.200000",
        "speaker_tag": 2,
        "start_time": "0:01:47",
        "word": "Coast"
    },
    {
        "end_time": "0:01:49.200000",
        "speaker_tag": 2,
        "start_time": "0:01:48.700000",
        "word": "well"
    },
    {
        "end_time": "0:01:49.300000",
        "speaker_tag": 2,
        "start_time": "0:01:49.200000",
        "word": "I"
    },
    {
        "end_time": "0:01:49.500000",
        "speaker_tag": 2,
        "start_time": "0:01:49.300000",
        "word": "was"
    },
    {
        "end_time": "0:01:49.900000",
        "speaker_tag": 2,
        "start_time": "0:01:49.500000",
        "word": "there"
    },
    {
        "end_time": "0:01:50.100000",
        "speaker_tag": 2,
        "start_time": "0:01:49.900000",
        "word": "I"
    },
    {
        "end_time": "0:01:50.300000",
        "speaker_tag": 2,
        "start_time": "0:01:50.100000",
        "word": "was"
    },
    {
        "end_time": "0:01:50.700000",
        "speaker_tag": 2,
        "start_time": "0:01:50.300000",
        "word": "very"
    },
    {
        "end_time": "0:01:50.800000",
        "speaker_tag": 2,
        "start_time": "0:01:50.700000",
        "word": "fortunate"
    },
    {
        "end_time": "0:01:51.400000",
        "speaker_tag": 2,
        "start_time": "0:01:50.800000",
        "word": "to"
    },
    {
        "end_time": "0:01:53",
        "speaker_tag": 2,
        "start_time": "0:01:52.500000",
        "word": "they"
    },
    {
        "end_time": "0:01:53.400000",
        "speaker_tag": 2,
        "start_time": "0:01:53",
        "word": "asked"
    },
    {
        "end_time": "0:01:53.500000",
        "speaker_tag": 2,
        "start_time": "0:01:53.400000",
        "word": "to"
    },
    {
        "end_time": "0:01:53.700000",
        "speaker_tag": 2,
        "start_time": "0:01:53.500000",
        "word": "join"
    },
    {
        "end_time": "0:01:53.900000",
        "speaker_tag": 2,
        "start_time": "0:01:53.700000",
        "word": "a"
    },
    {
        "end_time": "0:01:54.300000",
        "speaker_tag": 2,
        "start_time": "0:01:53.900000",
        "word": "new"
    },
    {
        "end_time": "0:01:54.700000",
        "speaker_tag": 2,
        "start_time": "0:01:54.300000",
        "word": "group"
    },
    {
        "end_time": "0:01:54.800000",
        "speaker_tag": 2,
        "start_time": "0:01:54.700000",
        "word": "that"
    },
    {
        "end_time": "0:01:55",
        "speaker_tag": 2,
        "start_time": "0:01:54.800000",
        "word": "was"
    },
    {
        "end_time": "0:01:55.300000",
        "speaker_tag": 2,
        "start_time": "0:01:55",
        "word": "called"
    },
    {
        "end_time": "0:01:55.300000",
        "speaker_tag": 2,
        "start_time": "0:01:55.300000",
        "word": "the"
    },
    {
        "end_time": "0:01:55.700000",
        "speaker_tag": 2,
        "start_time": "0:01:55.300000",
        "word": "naval"
    },
    {
        "end_time": "0:01:56.200000",
        "speaker_tag": 2,
        "start_time": "0:01:55.700000",
        "word": "officers"
    },
    {
        "end_time": "0:01:56.500000",
        "speaker_tag": 2,
        "start_time": "0:01:56.200000",
        "word": "Wives"
    },
    {
        "end_time": "0:01:56.900000",
        "speaker_tag": 2,
        "start_time": "0:01:56.500000",
        "word": "Club"
    },
    {
        "end_time": "0:01:57.700000",
        "speaker_tag": 2,
        "start_time": "0:01:56.900000",
        "word": "at"
    },
    {
        "end_time": "0:01:57.800000",
        "speaker_tag": 2,
        "start_time": "0:01:57.700000",
        "word": "the"
    },
    {
        "end_time": "0:02:05.100000",
        "speaker_tag": 2,
        "start_time": "0:01:57.800000",
        "word": "opportunity"
    },
    {
        "end_time": "0:02:05.200000",
        "speaker_tag": 2,
        "start_time": "0:02:05.100000",
        "word": "to"
    },
    {
        "end_time": "0:02:05.300000",
        "speaker_tag": 2,
        "start_time": "0:02:05.200000",
        "word": "meet"
    },
    {
        "end_time": "0:02:06",
        "speaker_tag": 2,
        "start_time": "0:02:05.300000",
        "word": "this"
    },
    {
        "end_time": "0:02:06.200000",
        "speaker_tag": 2,
        "start_time": "0:02:06",
        "word": "is"
    },
    {
        "end_time": "0:02:06.700000",
        "speaker_tag": 2,
        "start_time": "0:02:06.200000",
        "word": "Roosevelt"
    },
    {
        "end_time": "0:02:08.300000",
        "speaker_tag": 2,
        "start_time": "0:02:06.700000",
        "word": "and"
    },
    {
        "end_time": "0:02:08.700000",
        "speaker_tag": 2,
        "start_time": "0:02:08.300000",
        "word": "several"
    },
    {
        "end_time": "0:02:09",
        "speaker_tag": 2,
        "start_time": "0:02:08.700000",
        "word": "other"
    },
    {
        "end_time": "0:02:09.400000",
        "speaker_tag": 2,
        "start_time": "0:02:09",
        "word": "dignitaries"
    },
    {
        "end_time": "0:02:10.100000",
        "speaker_tag": 2,
        "start_time": "0:02:09.400000",
        "word": "at"
    },
    {
        "end_time": "0:02:12",
        "speaker_tag": 2,
        "start_time": "0:02:10.100000",
        "word": "his"
    },
    {
        "end_time": "0:02:12.300000",
        "speaker_tag": 2,
        "start_time": "0:02:12",
        "word": "wife"
    },
    {
        "end_time": "0:02:12.500000",
        "speaker_tag": 2,
        "start_time": "0:02:12.300000",
        "word": "and"
    },
    {
        "end_time": "0:02:12.600000",
        "speaker_tag": 2,
        "start_time": "0:02:12.500000",
        "word": "son"
    },
    {
        "end_time": "0:02:16.600000",
        "speaker_tag": 2,
        "start_time": "0:02:12.600000",
        "word": "by"
    },
    {
        "end_time": "0:02:16.900000",
        "speaker_tag": 2,
        "start_time": "0:02:16.600000",
        "word": "her"
    },
    {
        "end_time": "0:02:17.400000",
        "speaker_tag": 2,
        "start_time": "0:02:16.900000",
        "word": "I"
    },
    {
        "end_time": "0:02:19.700000",
        "speaker_tag": 2,
        "start_time": "0:02:17.400000",
        "word": "have"
    },
    {
        "end_time": "0:02:19.700000",
        "speaker_tag": 2,
        "start_time": "0:02:19.700000",
        "word": "a"
    },
    {
        "end_time": "0:02:20.200000",
        "speaker_tag": 2,
        "start_time": "0:02:19.700000",
        "word": "sentence"
    },
    {
        "end_time": "0:02:20.500000",
        "speaker_tag": 2,
        "start_time": "0:02:20.200000",
        "word": "to"
    },
    {
        "end_time": "0:02:22.400000",
        "speaker_tag": 2,
        "start_time": "0:02:21.400000",
        "word": "travel"
    },
    {
        "end_time": "0:02:22.500000",
        "speaker_tag": 2,
        "start_time": "0:02:22.400000",
        "word": "up"
    },
    {
        "end_time": "0:02:22.600000",
        "speaker_tag": 2,
        "start_time": "0:02:22.500000",
        "word": "and"
    },
    {
        "end_time": "0:02:22.900000",
        "speaker_tag": 2,
        "start_time": "0:02:22.600000",
        "word": "down"
    },
    {
        "end_time": "0:02:23.100000",
        "speaker_tag": 2,
        "start_time": "0:02:22.900000",
        "word": "the"
    },
    {
        "end_time": "0:02:23.700000",
        "speaker_tag": 2,
        "start_time": "0:02:23.100000",
        "word": "coast"
    },
    {
        "end_time": "0:02:25.700000",
        "speaker_tag": 2,
        "start_time": "0:02:23.700000",
        "word": "car"
    },
    {
        "end_time": "0:02:26.400000",
        "speaker_tag": 2,
        "start_time": "0:02:25.700000",
        "word": "sometimes"
    },
    {
        "end_time": "0:02:26.500000",
        "speaker_tag": 2,
        "start_time": "0:02:26.400000",
        "word": "I"
    },
    {
        "end_time": "0:02:27.200000",
        "speaker_tag": 2,
        "start_time": "0:02:26.500000",
        "word": "drove"
    },
    {
        "end_time": "0:02:29.300000",
        "speaker_tag": 2,
        "start_time": "0:02:27.200000",
        "word": "up"
    },
    {
        "end_time": "0:02:29.400000",
        "speaker_tag": 2,
        "start_time": "0:02:29.300000",
        "word": "to"
    },
    {
        "end_time": "0:02:29.900000",
        "speaker_tag": 2,
        "start_time": "0:02:29.400000",
        "word": "Bremerton"
    },
    {
        "end_time": "0:02:35",
        "speaker_tag": 2,
        "start_time": "0:02:34.600000",
        "word": "so"
    },
    {
        "end_time": "0:02:35.300000",
        "speaker_tag": 2,
        "start_time": "0:02:35",
        "word": "that"
    },
    {
        "end_time": "0:02:35.600000",
        "speaker_tag": 2,
        "start_time": "0:02:35.300000",
        "word": "was"
    },
    {
        "end_time": "0:02:36.700000",
        "speaker_tag": 2,
        "start_time": "0:02:35.600000",
        "word": "another"
    },
    {
        "end_time": "0:02:37.500000",
        "speaker_tag": 2,
        "start_time": "0:02:36.700000",
        "word": "Theodore"
    },
    {
        "end_time": "0:02:38",
        "speaker_tag": 2,
        "start_time": "0:02:37.500000",
        "word": "my"
    },
    {
        "end_time": "0:02:38.500000",
        "speaker_tag": 2,
        "start_time": "0:02:38",
        "word": "husband"
    },
    {
        "end_time": "0:02:39.200000",
        "speaker_tag": 2,
        "start_time": "0:02:38.500000",
        "word": "retired"
    },
    {
        "end_time": "0:02:39.600000",
        "speaker_tag": 2,
        "start_time": "0:02:39.200000",
        "word": "from"
    },
    {
        "end_time": "0:02:39.700000",
        "speaker_tag": 2,
        "start_time": "0:02:39.600000",
        "word": "the"
    },
    {
        "end_time": "0:02:40.300000",
        "speaker_tag": 2,
        "start_time": "0:02:39.700000",
        "word": "service"
    },
    {
        "end_time": "0:02:51.400000",
        "speaker_tag": 2,
        "start_time": "0:02:51",
        "word": "so"
    },
    {
        "end_time": "0:02:52.100000",
        "speaker_tag": 2,
        "start_time": "0:02:51.400000",
        "word": "we"
    },
    {
        "end_time": "0:02:52.300000",
        "speaker_tag": 2,
        "start_time": "0:02:52.100000",
        "word": "came"
    },
    {
        "end_time": "0:02:52.600000",
        "speaker_tag": 2,
        "start_time": "0:02:52.300000",
        "word": "to"
    },
    {
        "end_time": "0:02:53.100000",
        "speaker_tag": 2,
        "start_time": "0:02:52.600000",
        "word": "Texas"
    },
    {
        "end_time": "0:02:53.700000",
        "speaker_tag": 2,
        "start_time": "0:02:53.100000",
        "word": "and"
    },
    {
        "end_time": "0:02:53.900000",
        "speaker_tag": 2,
        "start_time": "0:02:53.700000",
        "word": "my"
    },
    {
        "end_time": "0:02:54.300000",
        "speaker_tag": 2,
        "start_time": "0:02:53.900000",
        "word": "mother"
    },
    {
        "end_time": "0:02:54.400000",
        "speaker_tag": 2,
        "start_time": "0:02:54.300000",
        "word": "and"
    },
    {
        "end_time": "0:02:54.500000",
        "speaker_tag": 2,
        "start_time": "0:02:54.400000",
        "word": "father"
    },
    {
        "end_time": "0:02:55",
        "speaker_tag": 2,
        "start_time": "0:02:54.500000",
        "word": "had"
    },
    {
        "end_time": "0:02:55.400000",
        "speaker_tag": 2,
        "start_time": "0:02:55",
        "word": "moved"
    },
    {
        "end_time": "0:02:55.400000",
        "speaker_tag": 2,
        "start_time": "0:02:55.400000",
        "word": "to"
    },
    {
        "end_time": "0:02:55.700000",
        "speaker_tag": 2,
        "start_time": "0:02:55.400000",
        "word": "Dallas"
    },
    {
        "end_time": "0:02:56.100000",
        "speaker_tag": 2,
        "start_time": "0:02:55.700000",
        "word": "with"
    },
    {
        "end_time": "0:02:56.200000",
        "speaker_tag": 2,
        "start_time": "0:02:56.100000",
        "word": "my"
    },
    {
        "end_time": "0:02:56.700000",
        "speaker_tag": 2,
        "start_time": "0:02:56.200000",
        "word": "father's"
    },
    {
        "end_time": "0:02:57.100000",
        "speaker_tag": 2,
        "start_time": "0:02:56.700000",
        "word": "help"
    },
    {
        "end_time": "0:02:57.200000",
        "speaker_tag": 2,
        "start_time": "0:02:57.100000",
        "word": "but"
    },
    {
        "end_time": "0:02:58.700000",
        "speaker_tag": 2,
        "start_time": "0:02:57.200000",
        "word": "we"
    },
    {
        "end_time": "0:02:58.900000",
        "speaker_tag": 2,
        "start_time": "0:02:58.700000",
        "word": "went"
    },
    {
        "end_time": "0:02:59.200000",
        "speaker_tag": 2,
        "start_time": "0:02:58.900000",
        "word": "back"
    },
    {
        "end_time": "0:02:59.300000",
        "speaker_tag": 2,
        "start_time": "0:02:59.200000",
        "word": "to"
    },
    {
        "end_time": "0:02:59.800000",
        "speaker_tag": 2,
        "start_time": "0:02:59.300000",
        "word": "Maryland"
    },
    {
        "end_time": "0:03:00.100000",
        "speaker_tag": 2,
        "start_time": "0:02:59.800000",
        "word": "New"
    },
    {
        "end_time": "0:03:00.400000",
        "speaker_tag": 2,
        "start_time": "0:03:00.100000",
        "word": "York"
    },
    {
        "end_time": "0:03:03.600000",
        "speaker_tag": 2,
        "start_time": "0:03:02.700000",
        "word": "no."
    },
    {
        "end_time": "0:03:03.900000",
        "speaker_tag": 2,
        "start_time": "0:03:03.600000",
        "word": "I"
    },
    {
        "end_time": "0:03:04.100000",
        "speaker_tag": 2,
        "start_time": "0:03:03.900000",
        "word": "thought"
    },
    {
        "end_time": "0:03:04.300000",
        "speaker_tag": 2,
        "start_time": "0:03:04.100000",
        "word": "it"
    },
    {
        "end_time": "0:03:04.400000",
        "speaker_tag": 2,
        "start_time": "0:03:04.300000",
        "word": "was"
    },
    {
        "end_time": "0:03:05",
        "speaker_tag": 2,
        "start_time": "0:03:04.400000",
        "word": "Winter"
    },
    {
        "end_time": "0:03:05.400000",
        "speaker_tag": 2,
        "start_time": "0:03:05",
        "word": "and"
    },
    {
        "end_time": "0:03:06.400000",
        "speaker_tag": 2,
        "start_time": "0:03:05.400000",
        "word": "the"
    },
    {
        "end_time": "0:03:06.800000",
        "speaker_tag": 2,
        "start_time": "0:03:06.400000",
        "word": "snow"
    },
    {
        "end_time": "0:03:06.900000",
        "speaker_tag": 2,
        "start_time": "0:03:06.800000",
        "word": "is"
    },
    {
        "end_time": "0:03:07.300000",
        "speaker_tag": 2,
        "start_time": "0:03:06.900000",
        "word": "were"
    },
    {
        "end_time": "0:03:08.200000",
        "speaker_tag": 2,
        "start_time": "0:03:07.300000",
        "word": "there"
    },
    {
        "end_time": "0:03:08.600000",
        "speaker_tag": 2,
        "start_time": "0:03:08.200000",
        "word": "or"
    },
    {
        "end_time": "0:03:08.800000",
        "speaker_tag": 2,
        "start_time": "0:03:08.600000",
        "word": "whatever"
    },
    {
        "end_time": "0:03:09.400000",
        "speaker_tag": 2,
        "start_time": "0:03:08.800000",
        "word": "afro"
    },
    {
        "end_time": "0:03:10",
        "speaker_tag": 2,
        "start_time": "0:03:09.400000",
        "word": "shaving"
    },
    {
        "end_time": "0:03:10.600000",
        "speaker_tag": 2,
        "start_time": "0:03:10",
        "word": "so"
    },
    {
        "end_time": "0:03:10.800000",
        "speaker_tag": 2,
        "start_time": "0:03:10.600000",
        "word": "we"
    },
    {
        "end_time": "0:03:11.100000",
        "speaker_tag": 2,
        "start_time": "0:03:10.800000",
        "word": "decided"
    },
    {
        "end_time": "0:03:11.400000",
        "speaker_tag": 2,
        "start_time": "0:03:11.100000",
        "word": "we"
    },
    {
        "end_time": "0:03:11.600000",
        "speaker_tag": 2,
        "start_time": "0:03:11.400000",
        "word": "didn't"
    },
    {
        "end_time": "0:03:11.700000",
        "speaker_tag": 2,
        "start_time": "0:03:11.600000",
        "word": "want"
    },
    {
        "end_time": "0:03:12",
        "speaker_tag": 2,
        "start_time": "0:03:11.700000",
        "word": "that"
    },
    {
        "end_time": "0:03:12.200000",
        "speaker_tag": 2,
        "start_time": "0:03:12",
        "word": "a"
    },
    {
        "end_time": "0:03:12.600000",
        "speaker_tag": 2,
        "start_time": "0:03:12.200000",
        "word": "T-bone"
    },
    {
        "end_time": "0:03:12.800000",
        "speaker_tag": 2,
        "start_time": "0:03:12.600000",
        "word": "like"
    },
    {
        "end_time": "0:03:12.900000",
        "speaker_tag": 2,
        "start_time": "0:03:12.800000",
        "word": "a"
    },
    {
        "end_time": "0:03:13.300000",
        "speaker_tag": 2,
        "start_time": "0:03:12.900000",
        "word": "back"
    },
    {
        "end_time": "0:03:13.700000",
        "speaker_tag": 2,
        "start_time": "0:03:13.300000",
        "word": "to"
    },
    {
        "end_time": "0:03:14.200000",
        "speaker_tag": 2,
        "start_time": "0:03:13.700000",
        "word": "Texas"
    },
    {
        "end_time": "0:03:14.500000",
        "speaker_tag": 2,
        "start_time": "0:03:14.200000",
        "word": "cuz"
    },
    {
        "end_time": "0:03:14.700000",
        "speaker_tag": 2,
        "start_time": "0:03:14.500000",
        "word": "we"
    },
    {
        "end_time": "0:03:15.100000",
        "speaker_tag": 2,
        "start_time": "0:03:14.700000",
        "word": "left"
    },
    {
        "end_time": "0:03:15.200000",
        "speaker_tag": 2,
        "start_time": "0:03:15.100000",
        "word": "it"
    },
    {
        "end_time": "0:03:19.800000",
        "speaker_tag": 2,
        "start_time": "0:03:18.900000",
        "word": "summer"
    },
    {
        "end_time": "0:03:20.300000",
        "speaker_tag": 2,
        "start_time": "0:03:19.800000",
        "word": "sleeveless"
    },
    {
        "end_time": "0:03:22",
        "speaker_tag": 2,
        "start_time": "0:03:20.300000",
        "word": "short"
    },
    {
        "end_time": "0:03:22.500000",
        "speaker_tag": 2,
        "start_time": "0:03:22",
        "word": "sleeve"
    },
    {
        "end_time": "0:03:31.800000",
        "speaker_tag": 2,
        "start_time": "0:03:22.500000",
        "word": "patients"
    },
    {
        "end_time": "0:03:32.100000",
        "speaker_tag": 2,
        "start_time": "0:03:31.800000",
        "word": "we've"
    },
    {
        "end_time": "0:03:32.800000",
        "speaker_tag": 2,
        "start_time": "0:03:32.100000",
        "word": "we've"
    },
    {
        "end_time": "0:03:32.900000",
        "speaker_tag": 2,
        "start_time": "0:03:32.800000",
        "word": "been"
    },
    {
        "end_time": "0:03:33.100000",
        "speaker_tag": 2,
        "start_time": "0:03:32.900000",
        "word": "up"
    },
    {
        "end_time": "0:03:33.200000",
        "speaker_tag": 2,
        "start_time": "0:03:33.100000",
        "word": "to"
    },
    {
        "end_time": "0:03:33.800000",
        "speaker_tag": 2,
        "start_time": "0:03:33.200000",
        "word": "now"
    },
    {
        "end_time": "0:03:34.600000",
        "speaker_tag": 2,
        "start_time": "0:03:33.800000",
        "word": "we've"
    },
    {
        "end_time": "0:03:34.700000",
        "speaker_tag": 2,
        "start_time": "0:03:34.600000",
        "word": "been"
    },
    {
        "end_time": "0:03:34.900000",
        "speaker_tag": 2,
        "start_time": "0:03:34.700000",
        "word": "to"
    },
    {
        "end_time": "0:03:35.200000",
        "speaker_tag": 2,
        "start_time": "0:03:34.900000",
        "word": "Europe"
    },
    {
        "end_time": "0:03:35.600000",
        "speaker_tag": 2,
        "start_time": "0:03:35.200000",
        "word": "many"
    },
    {
        "end_time": "0:03:36.200000",
        "speaker_tag": 2,
        "start_time": "0:03:35.600000",
        "word": "times"
    },
    {
        "end_time": "0:03:42.900000",
        "speaker_tag": 2,
        "start_time": "0:03:36.200000",
        "word": "I"
    },
    {
        "end_time": "0:03:43.400000",
        "speaker_tag": 2,
        "start_time": "0:03:42.900000",
        "word": "might"
    },
    {
        "end_time": "0:03:43.700000",
        "speaker_tag": 2,
        "start_time": "0:03:43.400000",
        "word": "travel"
    },
    {
        "end_time": "0:03:44.400000",
        "speaker_tag": 2,
        "start_time": "0:03:43.700000",
        "word": "extensively"
    },
    {
        "end_time": "0:03:55.400000",
        "speaker_tag": 2,
        "start_time": "0:03:44.400000",
        "word": "I"
    },
    {
        "end_time": "0:03:55.600000",
        "speaker_tag": 2,
        "start_time": "0:03:55.400000",
        "word": "know"
    },
    {
        "end_time": "0:03:55.700000",
        "speaker_tag": 2,
        "start_time": "0:03:55.600000",
        "word": "about"
    },
    {
        "end_time": "0:03:56",
        "speaker_tag": 2,
        "start_time": "0:03:55.700000",
        "word": "the"
    },
    {
        "end_time": "0:03:56.400000",
        "speaker_tag": 2,
        "start_time": "0:03:56",
        "word": "van"
    },
    {
        "end_time": "0:03:56.600000",
        "speaker_tag": 2,
        "start_time": "0:03:56.400000",
        "word": "that"
    },
    {
        "end_time": "0:03:56.700000",
        "speaker_tag": 2,
        "start_time": "0:03:56.600000",
        "word": "I"
    },
    {
        "end_time": "0:03:57.800000",
        "speaker_tag": 2,
        "start_time": "0:03:56.700000",
        "word": "have"
    },
    {
        "end_time": "0:03:58.300000",
        "speaker_tag": 2,
        "start_time": "0:03:57.800000",
        "word": "three"
    },
    {
        "end_time": "0:03:58.400000",
        "speaker_tag": 2,
        "start_time": "0:03:58.300000",
        "word": "children"
    },
    {
        "end_time": "0:03:59.900000",
        "speaker_tag": 2,
        "start_time": "0:03:58.400000",
        "word": "want"
    },
    {
        "end_time": "0:04:00",
        "speaker_tag": 2,
        "start_time": "0:03:59.900000",
        "word": "to"
    },
    {
        "end_time": "0:04:00.200000",
        "speaker_tag": 2,
        "start_time": "0:04:00",
        "word": "go"
    },
    {
        "end_time": "0:04:00.500000",
        "speaker_tag": 2,
        "start_time": "0:04:00.200000",
        "word": "out"
    },
    {
        "end_time": "0:04:01.100000",
        "speaker_tag": 2,
        "start_time": "0:04:00.500000",
        "word": "youngest"
    },
    {
        "end_time": "0:04:01.200000",
        "speaker_tag": 2,
        "start_time": "0:04:01.100000",
        "word": "has"
    },
    {
        "end_time": "0:04:01.300000",
        "speaker_tag": 2,
        "start_time": "0:04:01.200000",
        "word": "a"
    },
    {
        "end_time": "0:04:01.700000",
        "speaker_tag": 2,
        "start_time": "0:04:01.300000",
        "word": "daughter"
    },
    {
        "end_time": "0:04:02.100000",
        "speaker_tag": 2,
        "start_time": "0:04:01.700000",
        "word": "she's"
    },
    {
        "end_time": "0:04:02.200000",
        "speaker_tag": 2,
        "start_time": "0:04:02.100000",
        "word": "a"
    },
    {
        "end_time": "0:04:02.600000",
        "speaker_tag": 2,
        "start_time": "0:04:02.200000",
        "word": "librarian"
    },
    {
        "end_time": "0:04:03.300000",
        "speaker_tag": 2,
        "start_time": "0:04:02.600000",
        "word": "we"
    },
    {
        "end_time": "0:04:03.400000",
        "speaker_tag": 2,
        "start_time": "0:04:03.300000",
        "word": "have"
    },
    {
        "end_time": "0:04:03.600000",
        "speaker_tag": 2,
        "start_time": "0:04:03.400000",
        "word": "a"
    },
    {
        "end_time": "0:04:04.500000",
        "speaker_tag": 2,
        "start_time": "0:04:03.600000",
        "word": "new"
    },
    {
        "end_time": "0:04:04.900000",
        "speaker_tag": 2,
        "start_time": "0:04:04.500000",
        "word": "Sons"
    },
    {
        "end_time": "0:04:05",
        "speaker_tag": 2,
        "start_time": "0:04:04.900000",
        "word": "of"
    },
    {
        "end_time": "0:04:05.100000",
        "speaker_tag": 2,
        "start_time": "0:04:05",
        "word": "the"
    },
    {
        "end_time": "0:04:05.800000",
        "speaker_tag": 2,
        "start_time": "0:04:05.100000",
        "word": "lawyers"
    },
    {
        "end_time": "0:04:07.900000",
        "speaker_tag": 2,
        "start_time": "0:04:05.800000",
        "word": "in"
    },
    {
        "end_time": "0:04:08.500000",
        "speaker_tag": 2,
        "start_time": "0:04:07.900000",
        "word": "the"
    },
    {
        "end_time": "0:04:09.400000",
        "speaker_tag": 2,
        "start_time": "0:04:08.500000",
        "word": "other"
    },
    {
        "end_time": "0:04:09.700000",
        "speaker_tag": 2,
        "start_time": "0:04:09.400000",
        "word": "work"
    },
    {
        "end_time": "0:04:09.900000",
        "speaker_tag": 2,
        "start_time": "0:04:09.700000",
        "word": "for"
    },
    {
        "end_time": "0:04:10",
        "speaker_tag": 2,
        "start_time": "0:04:09.900000",
        "word": "a"
    },
    {
        "end_time": "0:04:10.600000",
        "speaker_tag": 2,
        "start_time": "0:04:10",
        "word": "company"
    },
    {
        "end_time": "0:04:22",
        "speaker_tag": 2,
        "start_time": "0:04:18.900000",
        "word": "so"
    },
    {
        "end_time": "0:04:22.200000",
        "speaker_tag": 2,
        "start_time": "0:04:22",
        "word": "we'd"
    },
    {
        "end_time": "0:04:22.300000",
        "speaker_tag": 2,
        "start_time": "0:04:22.200000",
        "word": "have"
    },
    {
        "end_time": "0:04:22.400000",
        "speaker_tag": 2,
        "start_time": "0:04:22.300000",
        "word": "a"
    },
    {
        "end_time": "0:04:22.600000",
        "speaker_tag": 2,
        "start_time": "0:04:22.400000",
        "word": "wonderful"
    },
    {
        "end_time": "0:04:23.300000",
        "speaker_tag": 2,
        "start_time": "0:04:22.600000",
        "word": "we"
    },
    {
        "end_time": "0:04:23.500000",
        "speaker_tag": 2,
        "start_time": "0:04:23.300000",
        "word": "have"
    },
    {
        "end_time": "0:04:23.500000",
        "speaker_tag": 2,
        "start_time": "0:04:23.500000",
        "word": "a"
    },
    {
        "end_time": "0:04:23.700000",
        "speaker_tag": 2,
        "start_time": "0:04:23.500000",
        "word": "wonderful"
    },
    {
        "end_time": "0:04:24.100000",
        "speaker_tag": 2,
        "start_time": "0:04:23.700000",
        "word": "life"
    },
    {
        "end_time": "0:04:24.200000",
        "speaker_tag": 2,
        "start_time": "0:04:24.100000",
        "word": "he"
    },
    {
        "end_time": "0:04:24.400000",
        "speaker_tag": 2,
        "start_time": "0:04:24.200000",
        "word": "was"
    },
    {
        "end_time": "0:04:24.700000",
        "speaker_tag": 2,
        "start_time": "0:04:24.400000",
        "word": "here"
    },
    {
        "end_time": "0:04:24.900000",
        "speaker_tag": 2,
        "start_time": "0:04:24.700000",
        "word": "with"
    },
    {
        "end_time": "0:04:25.100000",
        "speaker_tag": 2,
        "start_time": "0:04:24.900000",
        "word": "me"
    },
    {
        "end_time": "0:04:25.600000",
        "speaker_tag": 2,
        "start_time": "0:04:25.100000",
        "word": "until"
    },
    {
        "end_time": "0:04:25.900000",
        "speaker_tag": 2,
        "start_time": "0:04:25.600000",
        "word": "just"
    },
    {
        "end_time": "0:04:26.200000",
        "speaker_tag": 2,
        "start_time": "0:04:25.900000",
        "word": "four"
    },
    {
        "end_time": "0:04:26.300000",
        "speaker_tag": 2,
        "start_time": "0:04:26.200000",
        "word": "years"
    },
    {
        "end_time": "0:04:26.900000",
        "speaker_tag": 2,
        "start_time": "0:04:26.300000",
        "word": "ago."
    },
    {
        "end_time": "0:04:30.400000",
        "speaker_tag": 2,
        "start_time": "0:04:30",
        "word": "We"
    },
    {
        "end_time": "0:04:30.600000",
        "speaker_tag": 2,
        "start_time": "0:04:30.400000",
        "word": "had"
    },
    {
        "end_time": "0:04:30.600000",
        "speaker_tag": 2,
        "start_time": "0:04:30.600000",
        "word": "a"
    },
    {
        "end_time": "0:04:30.800000",
        "speaker_tag": 2,
        "start_time": "0:04:30.600000",
        "word": "great"
    },
    {
        "end_time": "0:04:31.300000",
        "speaker_tag": 2,
        "start_time": "0:04:30.800000",
        "word": "life"
    },
    {
        "end_time": "0:04:31.600000",
        "speaker_tag": 2,
        "start_time": "0:04:31.300000",
        "word": "we"
    },
    {
        "end_time": "0:04:31.800000",
        "speaker_tag": 2,
        "start_time": "0:04:31.600000",
        "word": "lived"
    },
    {
        "end_time": "0:04:32",
        "speaker_tag": 2,
        "start_time": "0:04:31.800000",
        "word": "in"
    },
    {
        "end_time": "0:04:32.500000",
        "speaker_tag": 2,
        "start_time": "0:04:32",
        "word": "Dallas"
    },
    {
        "end_time": "0:04:32.600000",
        "speaker_tag": 2,
        "start_time": "0:04:32.500000",
        "word": "for"
    },
    {
        "end_time": "0:04:33.800000",
        "speaker_tag": 2,
        "start_time": "0:04:32.600000",
        "word": "when"
    },
    {
        "end_time": "0:04:33.900000",
        "speaker_tag": 2,
        "start_time": "0:04:33.800000",
        "word": "my"
    },
    {
        "end_time": "0:04:34.300000",
        "speaker_tag": 2,
        "start_time": "0:04:33.900000",
        "word": "last"
    },
    {
        "end_time": "0:04:34.700000",
        "speaker_tag": 2,
        "start_time": "0:04:34.300000",
        "word": "house"
    },
    {
        "end_time": "0:04:35.300000",
        "speaker_tag": 2,
        "start_time": "0:04:34.700000",
        "word": "almost"
    },
    {
        "end_time": "0:04:35.700000",
        "speaker_tag": 2,
        "start_time": "0:04:35.300000",
        "word": "50"
    },
    {
        "end_time": "0:04:35.800000",
        "speaker_tag": 2,
        "start_time": "0:04:35.700000",
        "word": "years"
    },
    {
        "end_time": "0:04:37.600000",
        "speaker_tag": 2,
        "start_time": "0:04:35.800000",
        "word": "and"
    },
    {
        "end_time": "0:04:38.900000",
        "speaker_tag": 2,
        "start_time": "0:04:37.600000",
        "word": "we've"
    },
    {
        "end_time": "0:04:39.100000",
        "speaker_tag": 2,
        "start_time": "0:04:38.900000",
        "word": "been"
    },
    {
        "end_time": "0:04:39.200000",
        "speaker_tag": 2,
        "start_time": "0:04:39.100000",
        "word": "up"
    },
    {
        "end_time": "0:04:39.300000",
        "speaker_tag": 2,
        "start_time": "0:04:39.200000",
        "word": "to"
    },
    {
        "end_time": "0:04:39.800000",
        "speaker_tag": 2,
        "start_time": "0:04:39.300000",
        "word": "Maryland"
    },
    {
        "end_time": "0:04:40.300000",
        "speaker_tag": 2,
        "start_time": "0:04:39.800000",
        "word": "Barn"
    },
    {
        "end_time": "0:04:40.600000",
        "speaker_tag": 2,
        "start_time": "0:04:40.300000",
        "word": "open"
    },
    {
        "end_time": "0:04:40.700000",
        "speaker_tag": 2,
        "start_time": "0:04:40.600000",
        "word": "the"
    },
    {
        "end_time": "0:04:41",
        "speaker_tag": 2,
        "start_time": "0:04:40.700000",
        "word": "first"
    },
    {
        "end_time": "0:04:41.100000",
        "speaker_tag": 2,
        "start_time": "0:04:41",
        "word": "day"
    },
    {
        "end_time": "0:04:41.200000",
        "speaker_tag": 2,
        "start_time": "0:04:41.100000",
        "word": "out"
    },
    {
        "end_time": "0:04:41.700000",
        "speaker_tag": 2,
        "start_time": "0:04:41.200000",
        "word": "office"
    },
    {
        "end_time": "0:04:41.900000",
        "speaker_tag": 2,
        "start_time": "0:04:41.700000",
        "word": "of"
    },
    {
        "end_time": "0:04:42.500000",
        "speaker_tag": 2,
        "start_time": "0:04:41.900000",
        "word": "Texas"
    },
    {
        "end_time": "0:04:43",
        "speaker_tag": 2,
        "start_time": "0:04:42.500000",
        "word": "Instruments"
    },
    {
        "end_time": "0:04:44.100000",
        "speaker_tag": 2,
        "start_time": "0:04:43",
        "word": "in"
    },
    {
        "end_time": "0:04:44.200000",
        "speaker_tag": 2,
        "start_time": "0:04:44.100000",
        "word": "the"
    },
    {
        "end_time": "0:04:44.800000",
        "speaker_tag": 2,
        "start_time": "0:04:44.200000",
        "word": "basement"
    },
    {
        "end_time": "0:04:44.900000",
        "speaker_tag": 2,
        "start_time": "0:04:44.800000",
        "word": "of"
    },
    {
        "end_time": "0:04:45",
        "speaker_tag": 2,
        "start_time": "0:04:44.900000",
        "word": "our"
    },
    {
        "end_time": "0:04:45.500000",
        "speaker_tag": 2,
        "start_time": "0:04:45",
        "word": "house"
    },
    {
        "end_time": "0:04:45.800000",
        "speaker_tag": 1,
        "start_time": "0:04:45.500000",
        "word": "in"
    },
    {
        "end_time": "0:04:54.100000",
        "speaker_tag": 1,
        "start_time": "0:04:45.800000",
        "word": "5"
    },
    {
        "end_time": "0:04:54.200000",
        "speaker_tag": 1,
        "start_time": "0:04:54.100000",
        "word": "years"
    },
    {
        "end_time": "0:04:54.400000",
        "speaker_tag": 1,
        "start_time": "0:04:54.200000",
        "word": "ago"
    },
    {
        "end_time": "0:04:55.200000",
        "speaker_tag": 1,
        "start_time": "0:04:54.400000",
        "word": "5"
    },
    {
        "end_time": "0:04:55.300000",
        "speaker_tag": 1,
        "start_time": "0:04:55.200000",
        "word": "or"
    },
    {
        "end_time": "0:04:55.400000",
        "speaker_tag": 2,
        "start_time": "0:04:55.300000",
        "word": "6"
    },
    {
        "end_time": "0:04:55.500000",
        "speaker_tag": 2,
        "start_time": "0:04:55.400000",
        "word": "years"
    },
    {
        "end_time": "0:04:55.700000",
        "speaker_tag": 2,
        "start_time": "0:04:55.500000",
        "word": "old"
    },
    {
        "end_time": "0:05:07.900000",
        "speaker_tag": 1,
        "start_time": "0:05:06.800000",
        "word": "and"
    },
    {
        "end_time": "0:05:08.200000",
        "speaker_tag": 1,
        "start_time": "0:05:07.900000",
        "word": "let's"
    },
    {
        "end_time": "0:05:08.300000",
        "speaker_tag": 1,
        "start_time": "0:05:08.200000",
        "word": "say"
    },
    {
        "end_time": "0:05:09.600000",
        "speaker_tag": 1,
        "start_time": "0:05:08.300000",
        "word": "so"
    },
    {
        "end_time": "0:05:10.700000",
        "speaker_tag": 2,
        "start_time": "0:05:09.600000",
        "word": "we"
    },
    {
        "end_time": "0:05:11",
        "speaker_tag": 2,
        "start_time": "0:05:10.700000",
        "word": "were"
    },
    {
        "end_time": "0:05:14",
        "speaker_tag": 2,
        "start_time": "0:05:11",
        "word": "there"
    },
    {
        "end_time": "0:05:14.200000",
        "speaker_tag": 2,
        "start_time": "0:05:14",
        "word": "of"
    },
    {
        "end_time": "0:05:14.500000",
        "speaker_tag": 2,
        "start_time": "0:05:14.200000",
        "word": "course"
    },
    {
        "end_time": "0:05:14.600000",
        "speaker_tag": 2,
        "start_time": "0:05:14.500000",
        "word": "we"
    },
    {
        "end_time": "0:05:15.300000",
        "speaker_tag": 2,
        "start_time": "0:05:14.600000",
        "word": "traveled"
    },
    {
        "end_time": "0:05:16.300000",
        "speaker_tag": 2,
        "start_time": "0:05:15.300000",
        "word": "again"
    },
    {
        "end_time": "0:05:17",
        "speaker_tag": 2,
        "start_time": "0:05:16.300000",
        "word": "to"
    },
    {
        "end_time": "0:05:18",
        "speaker_tag": 2,
        "start_time": "0:05:17",
        "word": "lots"
    },
    {
        "end_time": "0:05:18",
        "speaker_tag": 2,
        "start_time": "0:05:18",
        "word": "of"
    },
    {
        "end_time": "0:05:18.200000",
        "speaker_tag": 2,
        "start_time": "0:05:18",
        "word": "places"
    },
    {
        "end_time": "0:05:22.300000",
        "speaker_tag": 1,
        "start_time": "0:05:21.800000",
        "word": "that's"
    },
    {
        "end_time": "0:05:22.700000",
        "speaker_tag": 1,
        "start_time": "0:05:22.300000",
        "word": "perfect"
    },
    {
        "end_time": "0:05:22.800000",
        "speaker_tag": 1,
        "start_time": "0:05:22.700000",
        "word": "that's"
    },
    {
        "end_time": "0:05:23.400000",
        "speaker_tag": 1,
        "start_time": "0:05:22.800000",
        "word": "exactly"
    },
    {
        "end_time": "0:05:23.600000",
        "speaker_tag": 1,
        "start_time": "0:05:23.400000",
        "word": "500"
    },
    {
        "end_time": "0:05:27.100000",
        "speaker_tag": 1,
        "start_time": "0:05:23.600000",
        "word": "exactly"
    },
    {
        "end_time": "0:05:27.400000",
        "speaker_tag": 1,
        "start_time": "0:05:27.100000",
        "word": "5"
    },
    {
        "end_time": "0:05:29.200000",
        "speaker_tag": 1,
        "start_time": "0:05:27.400000",
        "word": "perfect"
    },
    {
        "end_time": "0:05:37.900000",
        "speaker_tag": 1,
        "start_time": "0:05:37.500000",
        "word": "the"
    },
    {
        "end_time": "0:05:38.300000",
        "speaker_tag": 1,
        "start_time": "0:05:37.900000",
        "word": "second"
    },
    {
        "end_time": "0:05:38.400000",
        "speaker_tag": 1,
        "start_time": "0:05:38.300000",
        "word": "one"
    },
    {
        "end_time": "0:05:38.500000",
        "speaker_tag": 1,
        "start_time": "0:05:38.400000",
        "word": "is"
    },
    {
        "end_time": "0:05:38.700000",
        "speaker_tag": 1,
        "start_time": "0:05:38.500000",
        "word": "a"
    },
    {
        "end_time": "0:05:39",
        "speaker_tag": 1,
        "start_time": "0:05:38.700000",
        "word": "little"
    },
    {
        "end_time": "0:05:39.100000",
        "speaker_tag": 1,
        "start_time": "0:05:39",
        "word": "bit"
    },
    {
        "end_time": "0:05:39.300000",
        "speaker_tag": 1,
        "start_time": "0:05:39.100000",
        "word": "different"
    },
    {
        "end_time": "0:05:40.300000",
        "speaker_tag": 1,
        "start_time": "0:05:39.300000",
        "word": "so"
    },
    {
        "end_time": "0:05:40.600000",
        "speaker_tag": 1,
        "start_time": "0:05:40.300000",
        "word": "it's"
    },
    {
        "end_time": "0:05:40.900000",
        "speaker_tag": 1,
        "start_time": "0:05:40.600000",
        "word": "just"
    },
    {
        "end_time": "0:05:41",
        "speaker_tag": 1,
        "start_time": "0:05:40.900000",
        "word": "you"
    },
    {
        "end_time": "0:05:42.600000",
        "speaker_tag": 1,
        "start_time": "0:05:41",
        "word": "explaining"
    },
    {
        "end_time": "0:05:42.900000",
        "speaker_tag": 1,
        "start_time": "0:05:42.600000",
        "word": "to"
    },
    {
        "end_time": "0:05:43",
        "speaker_tag": 1,
        "start_time": "0:05:42.900000",
        "word": "me"
    },
    {
        "end_time": "0:05:43.200000",
        "speaker_tag": 1,
        "start_time": "0:05:43",
        "word": "how"
    },
    {
        "end_time": "0:05:43.500000",
        "speaker_tag": 1,
        "start_time": "0:05:43.200000",
        "word": "to"
    },
    {
        "end_time": "0:05:43.700000",
        "speaker_tag": 1,
        "start_time": "0:05:43.500000",
        "word": "make"
    },
    {
        "end_time": "0:05:43.900000",
        "speaker_tag": 1,
        "start_time": "0:05:43.700000",
        "word": "a"
    },
    {
        "end_time": "0:05:44.200000",
        "speaker_tag": 1,
        "start_time": "0:05:43.900000",
        "word": "meal"
    },
    {
        "end_time": "0:05:44.900000",
        "speaker_tag": 1,
        "start_time": "0:05:44.200000",
        "word": "and"
    },
    {
        "end_time": "0:05:45.100000",
        "speaker_tag": 1,
        "start_time": "0:05:44.900000",
        "word": "this"
    },
    {
        "end_time": "0:05:45.400000",
        "speaker_tag": 1,
        "start_time": "0:05:45.100000",
        "word": "meal"
    },
    {
        "end_time": "0:05:45.600000",
        "speaker_tag": 1,
        "start_time": "0:05:45.400000",
        "word": "is"
    },
    {
        "end_time": "0:05:49.200000",
        "speaker_tag": 1,
        "start_time": "0:05:45.600000",
        "word": "a"
    },
    {
        "end_time": "0:05:49.500000",
        "speaker_tag": 1,
        "start_time": "0:05:49.200000",
        "word": "cup"
    },
    {
        "end_time": "0:05:49.600000",
        "speaker_tag": 1,
        "start_time": "0:05:49.500000",
        "word": "of"
    },
    {
        "end_time": "0:05:49.700000",
        "speaker_tag": 1,
        "start_time": "0:05:49.600000",
        "word": "coffee"
    },
    {
        "end_time": "0:05:51.600000",
        "speaker_tag": 1,
        "start_time": "0:05:49.700000",
        "word": "some"
    },
    {
        "end_time": "0:05:51.900000",
        "speaker_tag": 1,
        "start_time": "0:05:51.600000",
        "word": "scrambled"
    },
    {
        "end_time": "0:05:52.100000",
        "speaker_tag": 1,
        "start_time": "0:05:51.900000",
        "word": "eggs"
    },
    {
        "end_time": "0:05:52.800000",
        "speaker_tag": 1,
        "start_time": "0:05:52.100000",
        "word": "and"
    },
    {
        "end_time": "0:05:53.100000",
        "speaker_tag": 1,
        "start_time": "0:05:52.800000",
        "word": "a"
    },
    {
        "end_time": "0:05:53.300000",
        "speaker_tag": 1,
        "start_time": "0:05:53.100000",
        "word": "bowl"
    },
    {
        "end_time": "0:05:53.400000",
        "speaker_tag": 1,
        "start_time": "0:05:53.300000",
        "word": "of"
    },
    {
        "end_time": "0:05:53.700000",
        "speaker_tag": 1,
        "start_time": "0:05:53.400000",
        "word": "fruit"
    },
    {
        "end_time": "0:05:54.500000",
        "speaker_tag": 1,
        "start_time": "0:05:53.700000",
        "word": "okay"
    },
    {
        "end_time": "0:05:54.900000",
        "speaker_tag": 1,
        "start_time": "0:05:54.500000",
        "word": "so"
    },
    {
        "end_time": "0:05:55",
        "speaker_tag": 1,
        "start_time": "0:05:54.900000",
        "word": "just"
    },
    {
        "end_time": "0:05:55.300000",
        "speaker_tag": 1,
        "start_time": "0:05:55",
        "word": "pretend"
    },
    {
        "end_time": "0:05:55.600000",
        "speaker_tag": 1,
        "start_time": "0:05:55.300000",
        "word": "like"
    },
    {
        "end_time": "0:05:55.700000",
        "speaker_tag": 1,
        "start_time": "0:05:55.600000",
        "word": "I"
    },
    {
        "end_time": "0:05:55.900000",
        "speaker_tag": 1,
        "start_time": "0:05:55.700000",
        "word": "have"
    },
    {
        "end_time": "0:05:56.500000",
        "speaker_tag": 1,
        "start_time": "0:05:55.900000",
        "word": "no"
    },
    {
        "end_time": "0:05:56.800000",
        "speaker_tag": 1,
        "start_time": "0:05:56.500000",
        "word": "idea"
    },
    {
        "end_time": "0:05:56.800000",
        "speaker_tag": 1,
        "start_time": "0:05:56.800000",
        "word": "how"
    },
    {
        "end_time": "0:05:57",
        "speaker_tag": 1,
        "start_time": "0:05:56.800000",
        "word": "to"
    },
    {
        "end_time": "0:05:57.100000",
        "speaker_tag": 1,
        "start_time": "0:05:57",
        "word": "make"
    },
    {
        "end_time": "0:05:57.300000",
        "speaker_tag": 1,
        "start_time": "0:05:57.100000",
        "word": "any"
    },
    {
        "end_time": "0:05:57.300000",
        "speaker_tag": 1,
        "start_time": "0:05:57.300000",
        "word": "of"
    },
    {
        "end_time": "0:05:57.500000",
        "speaker_tag": 1,
        "start_time": "0:05:57.300000",
        "word": "that"
    },
    {
        "end_time": "0:05:57.800000",
        "speaker_tag": 1,
        "start_time": "0:05:57.500000",
        "word": "and"
    },
    {
        "end_time": "0:05:57.800000",
        "speaker_tag": 1,
        "start_time": "0:05:57.800000",
        "word": "then"
    },
    {
        "end_time": "0:05:58.100000",
        "speaker_tag": 1,
        "start_time": "0:05:57.800000",
        "word": "again"
    },
    {
        "end_time": "0:05:58.200000",
        "speaker_tag": 1,
        "start_time": "0:05:58.100000",
        "word": "you"
    },
    {
        "end_time": "0:05:58.300000",
        "speaker_tag": 1,
        "start_time": "0:05:58.200000",
        "word": "have"
    },
    {
        "end_time": "0:05:58.500000",
        "speaker_tag": 1,
        "start_time": "0:05:58.300000",
        "word": "5"
    },
    {
        "end_time": "0:05:58.500000",
        "speaker_tag": 1,
        "start_time": "0:05:58.500000",
        "word": "minutes"
    },
    {
        "end_time": "0:06:01.600000",
        "speaker_tag": 2,
        "start_time": "0:05:58.500000",
        "word": "please"
    },
    {
        "end_time": "0:06:01.900000",
        "speaker_tag": 2,
        "start_time": "0:06:01.600000",
        "word": "keep"
    },
    {
        "end_time": "0:06:02.400000",
        "speaker_tag": 2,
        "start_time": "0:06:01.900000",
        "word": "coughing"
    },
    {
        "end_time": "0:06:03.500000",
        "speaker_tag": 2,
        "start_time": "0:06:02.400000",
        "word": "leftovers"
    },
    {
        "end_time": "0:06:08.600000",
        "speaker_tag": 2,
        "start_time": "0:06:08",
        "word": "Hayden"
    },
    {
        "end_time": "0:06:08.800000",
        "speaker_tag": 2,
        "start_time": "0:06:08.600000",
        "word": "the"
    },
    {
        "end_time": "0:06:09.700000",
        "speaker_tag": 2,
        "start_time": "0:06:08.800000",
        "word": "microwave"
    },
    {
        "end_time": "0:06:11.500000",
        "speaker_tag": 2,
        "start_time": "0:06:09.700000",
        "word": "to"
    },
    {
        "end_time": "0:06:12",
        "speaker_tag": 2,
        "start_time": "0:06:11.500000",
        "word": "scrub"
    },
    {
        "end_time": "0:06:12.100000",
        "speaker_tag": 2,
        "start_time": "0:06:12",
        "word": "to"
    },
    {
        "end_time": "0:06:12.700000",
        "speaker_tag": 2,
        "start_time": "0:06:12.100000",
        "word": "eggs"
    },
    {
        "end_time": "0:06:12.800000",
        "speaker_tag": 2,
        "start_time": "0:06:12.700000",
        "word": "and"
    },
    {
        "end_time": "0:06:13",
        "speaker_tag": 2,
        "start_time": "0:06:12.800000",
        "word": "I"
    },
    {
        "end_time": "0:06:13.600000",
        "speaker_tag": 2,
        "start_time": "0:06:13",
        "word": "scramble"
    },
    {
        "end_time": "0:06:14",
        "speaker_tag": 2,
        "start_time": "0:06:13.600000",
        "word": "those"
    },
    {
        "end_time": "0:06:14.200000",
        "speaker_tag": 2,
        "start_time": "0:06:14",
        "word": "in"
    },
    {
        "end_time": "0:06:14.300000",
        "speaker_tag": 2,
        "start_time": "0:06:14.200000",
        "word": "a"
    },
    {
        "end_time": "0:06:14.700000",
        "speaker_tag": 2,
        "start_time": "0:06:14.300000",
        "word": "bowl"
    },
    {
        "end_time": "0:06:14.900000",
        "speaker_tag": 2,
        "start_time": "0:06:14.700000",
        "word": "with"
    },
    {
        "end_time": "0:06:15",
        "speaker_tag": 2,
        "start_time": "0:06:14.900000",
        "word": "a"
    },
    {
        "end_time": "0:06:15.300000",
        "speaker_tag": 2,
        "start_time": "0:06:15",
        "word": "little"
    },
    {
        "end_time": "0:06:15.500000",
        "speaker_tag": 2,
        "start_time": "0:06:15.300000",
        "word": "water"
    },
    {
        "end_time": "0:06:16.400000",
        "speaker_tag": 2,
        "start_time": "0:06:15.500000",
        "word": "so"
    },
    {
        "end_time": "0:06:16.500000",
        "speaker_tag": 2,
        "start_time": "0:06:16.400000",
        "word": "I"
    },
    {
        "end_time": "0:06:16.600000",
        "speaker_tag": 2,
        "start_time": "0:06:16.500000",
        "word": "don't"
    },
    {
        "end_time": "0:06:17.600000",
        "speaker_tag": 2,
        "start_time": "0:06:16.600000",
        "word": "seasonings"
    },
    {
        "end_time": "0:06:22.200000",
        "speaker_tag": 2,
        "start_time": "0:06:17.600000",
        "word": "LOL"
    },
    {
        "end_time": "0:06:22.500000",
        "speaker_tag": 2,
        "start_time": "0:06:22.200000",
        "word": "think"
    },
    {
        "end_time": "0:06:22.600000",
        "speaker_tag": 2,
        "start_time": "0:06:22.500000",
        "word": "about"
    },
    {
        "end_time": "0:06:23",
        "speaker_tag": 2,
        "start_time": "0:06:22.600000",
        "word": "her"
    },
    {
        "end_time": "0:06:23.200000",
        "speaker_tag": 2,
        "start_time": "0:06:23",
        "word": "up"
    },
    {
        "end_time": "0:06:23.800000",
        "speaker_tag": 2,
        "start_time": "0:06:23.200000",
        "word": "and"
    },
    {
        "end_time": "0:06:23.900000",
        "speaker_tag": 2,
        "start_time": "0:06:23.800000",
        "word": "then"
    },
    {
        "end_time": "0:06:25.800000",
        "speaker_tag": 2,
        "start_time": "0:06:25.100000",
        "word": "scrambled"
    },
    {
        "end_time": "0:06:26",
        "speaker_tag": 2,
        "start_time": "0:06:25.800000",
        "word": "eggs"
    },
    {
        "end_time": "0:06:26.400000",
        "speaker_tag": 2,
        "start_time": "0:06:26",
        "word": "and"
    },
    {
        "end_time": "0:06:26.600000",
        "speaker_tag": 2,
        "start_time": "0:06:26.400000",
        "word": "I"
    },
    {
        "end_time": "0:06:26.800000",
        "speaker_tag": 2,
        "start_time": "0:06:26.600000",
        "word": "don't"
    },
    {
        "end_time": "0:06:27.100000",
        "speaker_tag": 2,
        "start_time": "0:06:26.800000",
        "word": "like"
    },
    {
        "end_time": "0:06:27.200000",
        "speaker_tag": 2,
        "start_time": "0:06:27.100000",
        "word": "them"
    },
    {
        "end_time": "0:06:27.400000",
        "speaker_tag": 2,
        "start_time": "0:06:27.200000",
        "word": "real"
    },
    {
        "end_time": "0:06:27.800000",
        "speaker_tag": 2,
        "start_time": "0:06:27.400000",
        "word": "hard"
    },
    {
        "end_time": "0:06:28.100000",
        "speaker_tag": 2,
        "start_time": "0:06:27.800000",
        "word": "like"
    },
    {
        "end_time": "0:06:28.200000",
        "speaker_tag": 2,
        "start_time": "0:06:28.100000",
        "word": "a"
    },
    {
        "end_time": "0:06:28.500000",
        "speaker_tag": 2,
        "start_time": "0:06:28.200000",
        "word": "muggle"
    },
    {
        "end_time": "0:06:28.800000",
        "speaker_tag": 2,
        "start_time": "0:06:28.500000",
        "word": "that's"
    },
    {
        "end_time": "0:06:29.100000",
        "speaker_tag": 2,
        "start_time": "0:06:28.800000",
        "word": "all"
    },
    {
        "end_time": "0:06:29.300000",
        "speaker_tag": 2,
        "start_time": "0:06:29.100000",
        "word": "that"
    },
    {
        "end_time": "0:06:29.400000",
        "speaker_tag": 2,
        "start_time": "0:06:29.300000",
        "word": "I"
    },
    {
        "end_time": "0:06:29.500000",
        "speaker_tag": 2,
        "start_time": "0:06:29.400000",
        "word": "have"
    },
    {
        "end_time": "0:06:29.600000",
        "speaker_tag": 2,
        "start_time": "0:06:29.500000",
        "word": "to"
    },
    {
        "end_time": "0:06:29.700000",
        "speaker_tag": 2,
        "start_time": "0:06:29.600000",
        "word": "have"
    },
    {
        "end_time": "0:06:30",
        "speaker_tag": 2,
        "start_time": "0:06:29.700000",
        "word": "pizza"
    },
    {
        "end_time": "0:06:31",
        "speaker_tag": 2,
        "start_time": "0:06:30",
        "word": "toast"
    },
    {
        "end_time": "0:06:31.100000",
        "speaker_tag": 2,
        "start_time": "0:06:31",
        "word": "in"
    },
    {
        "end_time": "0:06:31.200000",
        "speaker_tag": 2,
        "start_time": "0:06:31.100000",
        "word": "the"
    },
    {
        "end_time": "0:06:31.300000",
        "speaker_tag": 2,
        "start_time": "0:06:31.200000",
        "word": "toaster"
    },
    {
        "end_time": "0:06:32.100000",
        "speaker_tag": 2,
        "start_time": "0:06:31.300000",
        "word": "oven"
    },
    {
        "end_time": "0:06:34.400000",
        "speaker_tag": 1,
        "start_time": "0:06:32.100000",
        "word": "and"
    },
    {
        "end_time": "0:06:34.700000",
        "speaker_tag": 2,
        "start_time": "0:06:34.400000",
        "word": "bring"
    },
    {
        "end_time": "0:06:35",
        "speaker_tag": 2,
        "start_time": "0:06:34.700000",
        "word": "out"
    },
    {
        "end_time": "0:06:41.500000",
        "speaker_tag": 2,
        "start_time": "0:06:38.600000",
        "word": "always"
    },
    {
        "end_time": "0:06:41.700000",
        "speaker_tag": 2,
        "start_time": "0:06:41.500000",
        "word": "have"
    },
    {
        "end_time": "0:06:42",
        "speaker_tag": 2,
        "start_time": "0:06:41.700000",
        "word": "orange"
    },
    {
        "end_time": "0:06:42.300000",
        "speaker_tag": 2,
        "start_time": "0:06:42",
        "word": "juice"
    },
    {
        "end_time": "0:06:42.600000",
        "speaker_tag": 2,
        "start_time": "0:06:42.300000",
        "word": "or"
    },
    {
        "end_time": "0:06:43",
        "speaker_tag": 2,
        "start_time": "0:06:42.600000",
        "word": "dark"
    },
    {
        "end_time": "0:06:43.500000",
        "speaker_tag": 2,
        "start_time": "0:06:43",
        "word": "cherry"
    },
    {
        "end_time": "0:06:44",
        "speaker_tag": 2,
        "start_time": "0:06:43.500000",
        "word": "juice"
    },
    {
        "end_time": "0:06:45.800000",
        "speaker_tag": 2,
        "start_time": "0:06:44",
        "word": "which"
    },
    {
        "end_time": "0:06:46",
        "speaker_tag": 2,
        "start_time": "0:06:45.800000",
        "word": "I"
    },
    {
        "end_time": "0:06:46.300000",
        "speaker_tag": 2,
        "start_time": "0:06:46",
        "word": "take"
    },
    {
        "end_time": "0:06:48.200000",
        "speaker_tag": 2,
        "start_time": "0:06:46.300000",
        "word": "Miralax"
    },
    {
        "end_time": "0:06:48.800000",
        "speaker_tag": 2,
        "start_time": "0:06:48.200000",
        "word": "which"
    },
    {
        "end_time": "0:06:49",
        "speaker_tag": 2,
        "start_time": "0:06:48.800000",
        "word": "is"
    },
    {
        "end_time": "0:06:49.400000",
        "speaker_tag": 2,
        "start_time": "0:06:49",
        "word": "something"
    },
    {
        "end_time": "0:06:49.500000",
        "speaker_tag": 2,
        "start_time": "0:06:49.400000",
        "word": "that"
    },
    {
        "end_time": "0:06:49.800000",
        "speaker_tag": 2,
        "start_time": "0:06:49.500000",
        "word": "most"
    },
    {
        "end_time": "0:06:50.400000",
        "speaker_tag": 2,
        "start_time": "0:06:49.800000",
        "word": "seniors"
    },
    {
        "end_time": "0:06:51.600000",
        "speaker_tag": 2,
        "start_time": "0:06:50.400000",
        "word": "used"
    },
    {
        "end_time": "0:06:51.800000",
        "speaker_tag": 2,
        "start_time": "0:06:51.600000",
        "word": "for"
    },
    {
        "end_time": "0:06:53.100000",
        "speaker_tag": 2,
        "start_time": "0:06:51.800000",
        "word": "good"
    },
    {
        "end_time": "0:06:53.400000",
        "speaker_tag": 2,
        "start_time": "0:06:53.100000",
        "word": "suggestion"
    },
    {
        "end_time": "0:06:55.200000",
        "speaker_tag": 2,
        "start_time": "0:06:53.400000",
        "word": "and"
    },
    {
        "end_time": "0:06:55.300000",
        "speaker_tag": 2,
        "start_time": "0:06:55.200000",
        "word": "I"
    },
    {
        "end_time": "0:06:55.900000",
        "speaker_tag": 2,
        "start_time": "0:06:55.300000",
        "word": "always"
    },
    {
        "end_time": "0:06:56.300000",
        "speaker_tag": 2,
        "start_time": "0:06:55.900000",
        "word": "have"
    },
    {
        "end_time": "0:06:56.500000",
        "speaker_tag": 2,
        "start_time": "0:06:56.300000",
        "word": "that"
    },
    {
        "end_time": "0:06:57.200000",
        "speaker_tag": 2,
        "start_time": "0:06:56.500000",
        "word": "and"
    },
    {
        "end_time": "0:06:57.300000",
        "speaker_tag": 2,
        "start_time": "0:06:57.200000",
        "word": "I"
    },
    {
        "end_time": "0:06:57.400000",
        "speaker_tag": 2,
        "start_time": "0:06:57.300000",
        "word": "have"
    },
    {
        "end_time": "0:06:57.600000",
        "speaker_tag": 2,
        "start_time": "0:06:57.400000",
        "word": "a"
    },
    {
        "end_time": "0:06:57.800000",
        "speaker_tag": 2,
        "start_time": "0:06:57.600000",
        "word": "glass"
    },
    {
        "end_time": "0:06:58",
        "speaker_tag": 2,
        "start_time": "0:06:57.800000",
        "word": "of"
    },
    {
        "end_time": "0:06:58.200000",
        "speaker_tag": 2,
        "start_time": "0:06:58",
        "word": "water"
    },
    {
        "end_time": "0:07:05.400000",
        "speaker_tag": 1,
        "start_time": "0:07:03.800000",
        "word": "that"
    },
    {
        "end_time": "0:07:05.500000",
        "speaker_tag": 1,
        "start_time": "0:07:05.400000",
        "word": "is"
    },
    {
        "end_time": "0:07:05.700000",
        "speaker_tag": 1,
        "start_time": "0:07:05.500000",
        "word": "it"
    },
    {
        "end_time": "0:07:05.900000",
        "speaker_tag": 1,
        "start_time": "0:07:05.700000",
        "word": "for"
    },
    {
        "end_time": "0:07:06.100000",
        "speaker_tag": 1,
        "start_time": "0:07:05.900000",
        "word": "a"
    },
    {
        "end_time": "0:07:07.200000",
        "speaker_tag": 1,
        "start_time": "0:07:06.100000",
        "word": "story"
    },
    {
        "end_time": "0:07:07.200000",
        "speaker_tag": 1,
        "start_time": "0:07:07.200000",
        "word": "time"
    },
    {
        "end_time": "0:07:08.400000",
        "speaker_tag": 1,
        "start_time": "0:07:07.200000",
        "word": "whatever"
    },
    {
        "end_time": "0:07:08.600000",
        "speaker_tag": 1,
        "start_time": "0:07:08.400000",
        "word": "you"
    },
    {
        "end_time": "0:07:08.800000",
        "speaker_tag": 1,
        "start_time": "0:07:08.600000",
        "word": "want"
    },
    {
        "end_time": "0:07:08.800000",
        "speaker_tag": 1,
        "start_time": "0:07:08.800000",
        "word": "to"
    },
    {
        "end_time": "0:07:09",
        "speaker_tag": 1,
        "start_time": "0:07:08.800000",
        "word": "call"
    },
    {
        "end_time": "0:07:09.300000",
        "speaker_tag": 1,
        "start_time": "0:07:09",
        "word": "it"
    },
    {
        "end_time": "0:07:13.200000",
        "speaker_tag": 1,
        "start_time": "0:07:12.900000",
        "word": "so"
    },
    {
        "end_time": "0:07:13.500000",
        "speaker_tag": 1,
        "start_time": "0:07:13.200000",
        "word": "now"
    },
    {
        "end_time": "0:07:13.200000",
        "speaker_tag": 1,
        "start_time": "0:07:12.900000",
        "word": "so"
    },
    {
        "end_time": "0:07:13.500000",
        "speaker_tag": 1,
        "start_time": "0:07:13.200000",
        "word": "now"
    }
]